y_true,y_pred,proba_0,proba_1
0,0,0.9930508102657474,0.006949189734252622
1,1,0.023363686733981703,0.9766363132660183
0,0,0.9868245903221232,0.013175409677876742
1,1,0.1745758352763479,0.8254241647236521
0,0,0.8783644363281029,0.12163556367189715
1,1,0.1279644376376986,0.8720355623623014
1,1,0.13726010885354312,0.8627398911464569
1,1,0.01839223653874067,0.9816077634612593
0,0,0.9893181878929965,0.010681812107003454
1,1,0.04143806607484635,0.9585619339251537
1,1,0.22248519715070436,0.7775148028492956
1,1,0.014159450747921243,0.9858405492520788
1,1,0.01848526142681839,0.9815147385731816
0,0,0.993903614672062,0.006096385327938035
0,0,0.989933928687243,0.010066071312757004
0,0,0.7459932333616309,0.2540067666383691
1,1,0.11473271827079379,0.8852672817292062
0,0,0.9819103286336965,0.01808967136630342
1,1,0.08978956533904592,0.9102104346609541
1,1,0.006169615379766458,0.9938303846202335
1,1,0.1359867861250459,0.8640132138749541
1,1,0.01569229452450671,0.9843077054754933
1,1,0.2030428446036472,0.7969571553963528
0,0,0.9892132996604154,0.010786700339584671
0,0,0.8051463539134839,0.1948536460865161
0,0,0.9027655216548462,0.09723447834515371
0,0,0.9887600819901928,0.011239918009807176
1,1,0.09164863334359052,0.9083513666564095
1,1,0.21436887306832608,0.7856311269316739
0,0,0.9857805125911577,0.014219487408842216
0,0,0.7958332937037537,0.20416670629624634
0,0,0.9919842568582075,0.008015743141792575
1,1,0.10326473451731233,0.8967352654826877
0,0,0.7214730929033532,0.27852690709664685
1,1,0.1352013505818861,0.8647986494181139
0,0,0.7563717388305489,0.24362826116945116
0,0,0.7529422727778279,0.24705772722217215
0,0,0.9928703684508047,0.007129631549195311
0,0,0.7635279308898928,0.23647206911010726
1,1,0.018280409612522197,0.9817195903874778
0,0,0.8453602967965755,0.15463970320342446
0,0,0.8059144269933075,0.19408557300669252
1,1,0.09173755425155439,0.9082624457484456
1,1,0.1132382437922016,0.8867617562077984
0,0,0.7740845773002873,0.2259154226997127
1,1,0.17710516404724985,0.8228948359527501
1,1,0.044971644484858464,0.9550283555151415
1,1,0.015159655980510056,0.9848403440194899
1,1,0.06332154825608471,0.9366784517439153
0,0,0.7584776230677137,0.24152237693228631
1,1,0.18583593528975073,0.8141640647102493
0,0,0.9937020548055027,0.0062979451944973714
0,0,0.9818666188947472,0.018133381105252772
1,1,0.037406508129574134,0.9625934918704259
0,0,0.9831859180367427,0.016814081963257264
0,0,0.7742340006995019,0.22576599930049815
1,1,0.14726252165869702,0.852737478341303
1,1,0.0369700965184947,0.9630299034815053
0,0,0.7990326610983682,0.2009673389016318
1,0,0.7556127390214513,0.2443872609785487
0,0,0.8363894270680479,0.16361057293195214
0,0,0.8554847577636822,0.1445152422363178
1,1,0.12513094826532234,0.8748690517346777
0,0,0.8483738609365994,0.15162613906340064
0,0,0.9499327132868635,0.0500672867131365
0,0,0.8822894822390066,0.1177105177609934
1,0,0.7645506866937729,0.23544931330622712
0,0,0.7990646435742033,0.20093535642579669
0,0,0.7517467788700332,0.24825322112996684
1,0,0.776191716239631,0.22380828376036901
0,1,0.13916134984370487,0.8608386501562951
1,1,0.14781798858828088,0.8521820114117191
0,0,0.7625965742796357,0.23740342572036433
1,0,0.7630560573991634,0.23694394260083668
0,0,0.8680503971099414,0.13194960289005866
1,1,0.13385056915121196,0.866149430848788
1,1,0.037062373524688885,0.9629376264753111
0,0,0.8835165660103091,0.11648343398969081
1,1,0.05654893251907933,0.9434510674809207
0,0,0.8551312459104132,0.14486875408958672
0,0,0.831295971638353,0.16870402836164702
1,1,0.18283503843713744,0.8171649615628626
1,1,0.1652060540281538,0.8347939459718462
0,0,0.7458608059667021,0.2541391940332979
1,1,0.012976642213533562,0.9870233577864664
1,1,0.21378831795652775,0.7862116820434722
1,1,0.11117139506690854,0.8888286049330915
1,0,0.7748544401363223,0.2251455598636777
0,0,0.903716039437843,0.09628396056215703
1,1,0.14183177615198683,0.8581682238480132
1,0,0.7766063843705819,0.22339361562941804
0,0,0.7497977722479929,0.2502022277520071
1,1,0.16035214579810486,0.8396478542018951
0,0,0.8985279399091426,0.10147206009085735
1,1,0.20483767924879492,0.7951623207512051
1,0,0.8785652789884827,0.12143472101151727
0,0,0.9907389206674916,0.009261079332508458
0,0,0.7185635904460188,0.28143640955398125
1,1,0.1190060197267453,0.8809939802732547
0,0,0.8519309255760498,0.14806907442395023
1,1,0.01588050797377316,0.9841194920262268
0,1,0.10459634460495837,0.8954036553950416
0,0,0.7393393948065993,0.26066060519340073
0,0,0.8622855982119774,0.1377144017880226
1,1,0.19297432025859973,0.8070256797414003
0,0,0.8763350371691279,0.12366496283087214
1,1,0.03981213622818458,0.9601878637718154
1,1,0.1705084787018002,0.8294915212981998
1,0,0.7581068732073274,0.24189312679267258
1,1,0.01980458655662609,0.9801954134433739
1,1,0.02702327735549881,0.9729767226445012
1,0,0.7385615653535982,0.2614384346464018
1,1,0.1586492627888172,0.8413507372111828
0,0,0.8400837801732987,0.15991621982670137
1,1,0.15411304566346595,0.845886954336534
1,1,0.16297292171736133,0.8370270782826387
0,0,0.763808337893106,0.23619166210689407
1,0,0.7840469182544363,0.2159530817455637
0,0,0.8576150297815418,0.14238497021845822
1,1,0.09710515189410951,0.9028948481058905
1,0,0.7782046347096648,0.22179536529033517
1,1,0.015746220295064006,0.984253779704936
1,0,0.872413524817268,0.12758647518273197
1,1,0.025099430606034367,0.9749005693939656
1,0,0.7472976872767068,0.2527023127232932
0,0,0.7395307911651757,0.2604692088348243
0,0,0.7580657651505334,0.2419342348494667
0,0,0.8638581487133155,0.1361418512866846
0,0,0.736850287447945,0.26314971255205494
0,0,0.9942314767593425,0.005768523240657453
0,0,0.7647673024628804,0.2352326975371196
0,0,0.9170856836508323,0.08291431634916764
0,0,0.7454693670954509,0.2545306329045491
0,0,0.9057929471244099,0.09420705287559002
1,1,0.15501746166496744,0.8449825383350326
1,1,0.03131334214528436,0.9686866578547156
0,0,0.7847315061390737,0.21526849386092628
1,1,0.15408535663655853,0.8459146433634415
1,1,0.1279665539702728,0.8720334460297272
1,1,0.015050585014146023,0.984949414985854
0,0,0.910650599235574,0.08934940076442603
0,0,0.7626144847462117,0.23738551525378826
1,1,0.1343046190842424,0.8656953809157576
0,0,0.693542521872651,0.3064574781273491
0,1,0.16079836382521429,0.8392016361747857
1,0,0.7550677086865805,0.24493229131341956
0,0,0.8385793523509679,0.16142064764903208
1,1,0.07318542749509982,0.9268145725049002
0,0,0.8632473177780379,0.1367526822219621
0,0,0.990922869859502,0.009077130140498053
0,0,0.7652079926335986,0.2347920073664014
1,0,0.7516366126778475,0.24836338732215252
0,0,0.828486619495245,0.17151338050475498
1,1,0.01788090065896264,0.9821190993410374
1,1,0.1448495513939526,0.8551504486060474
0,0,0.9928523231631182,0.007147676836881809
1,0,0.7300056061675805,0.2699943938324195
0,1,0.15288416562460316,0.8471158343753968
1,1,0.022020887346558382,0.9779791126534416
1,0,0.7940451661084081,0.20595483389159186
1,1,0.13470084651749137,0.8652991534825086
1,1,0.16742305598357587,0.8325769440164241
1,0,0.7590550329099439,0.24094496709005603
0,1,0.20106567785509855,0.7989343221449015
0,0,0.7532143501223382,0.24678564987766186
1,1,0.004980972038410636,0.9950190279615894
0,1,0.1581139995298234,0.8418860004701766
0,0,0.8556636115134755,0.14433638848652458
1,1,0.01786523760110037,0.9821347623988996
1,1,0.017714190828089782,0.9822858091719102
1,1,0.12870119794974821,0.8712988020502518
1,1,0.16616133392728583,0.8338386660727142
0,0,0.8716542843470395,0.12834571565296046
0,0,0.846530887872267,0.15346911212773293
0,0,0.8307245706371871,0.16927542936281287
1,0,0.8360790914283449,0.16392090857165514
0,0,0.7857208689533663,0.21427913104663368
1,1,0.09646420563573088,0.9035357943642691
1,1,0.23447671202844922,0.7655232879715508
0,0,0.7602478211859778,0.23975217881402228
0,0,0.7787967069378001,0.22120329306219982
1,1,0.021415851849149736,0.9785841481508503
0,0,0.8304354213607863,0.16956457863921373
0,1,0.18062266952605888,0.8193773304739411
0,0,0.7735788111251362,0.22642118887486387
0,0,0.7589001957434468,0.24109980425655317
1,1,0.08982332378778879,0.9101766762122112
1,1,0.019736976900328607,0.9802630230996714
1,1,0.17078960008523436,0.8292103999147656
0,0,0.8324900546780093,0.1675099453219907
1,1,0.1602716013941169,0.8397283986058831
1,1,0.13976382276766242,0.8602361772323376
1,1,0.13229935209925991,0.8677006479007401
0,0,0.9928778336428503,0.007122166357149736
0,0,0.7606035629097533,0.23939643709024674
0,0,0.8329520046123122,0.1670479953876878
0,0,0.753214102744796,0.2467858972552039
0,0,0.7459010909281052,0.2540989090718948
0,1,0.12527994554627386,0.8747200544537261
0,0,0.9906488192921912,0.009351180707808833
0,0,0.9186516192088084,0.08134838079119158
1,0,0.8107863586098822,0.18921364139011773
1,1,0.010802685076855778,0.9891973149231442
1,1,0.14031923144921143,0.8596807685507886
0,0,0.8576063568942379,0.1423936431057621
1,1,0.19778910544842299,0.802210894551577
1,1,0.45633927589584156,0.5436607241041584
1,0,0.8148212752390754,0.1851787247609246
1,1,0.01388129777388769,0.9861187022261123
0,0,0.8456610299894014,0.15433897001059865
0,0,0.9270948496504168,0.07290515034958317
1,0,0.7595747663041654,0.2404252336958346
1,1,0.14919293873548478,0.8508070612645152
1,1,0.16371705510059076,0.8362829448994092
1,1,0.17014195648281627,0.8298580435171837
1,1,0.47414810253088635,0.5258518974691136
0,0,0.8562219938621538,0.1437780061378462
1,1,0.15039771305654237,0.8496022869434576
1,1,0.008229175936954936,0.9917708240630451
0,0,0.9923144186912459,0.007685581308754065
0,0,0.8378936169947198,0.1621063830052803
1,1,0.1370779512166792,0.8629220487833208
1,1,0.027015426811570764,0.9729845731884292
1,1,0.1601766315853329,0.8398233684146671
0,0,0.9114225760337382,0.08857742396626182
1,1,0.021903973819517697,0.9780960261804823
1,1,0.13784200019030157,0.8621579998096984
0,0,0.8552661332123166,0.14473386678768338
1,1,0.03191474847653586,0.9680852515234641
0,0,0.9093794825153521,0.09062051748464797
1,1,0.15530766495206616,0.8446923350479338
1,1,0.12669971303237193,0.8733002869676281
1,1,0.2353252406986026,0.7646747593013974
1,1,0.0665197110695317,0.9334802889304683
0,0,0.8129762359450117,0.18702376405498838
0,1,0.1538700211662395,0.8461299788337605
1,1,0.14321537725945266,0.8567846227405473
0,0,0.7712667758028371,0.22873322419716294
0,0,0.8372252920788745,0.16277470792112542
1,0,0.6225857232640994,0.3774142767359005
1,1,0.18868741627759722,0.8113125837224028
0,0,0.8434236529035959,0.15657634709640414
0,0,0.8541930466480011,0.14580695335199886
1,1,0.03362700861469481,0.9663729913853052
1,1,0.10880570096644182,0.8911942990335582
0,0,0.9914148813773032,0.008585118622696876
0,0,0.7714239946907219,0.22857600530927816
0,0,0.7568545812407508,0.2431454187592492
0,0,0.898118502602961,0.10188149739703899
1,1,0.013780496293714917,0.9862195037062851
0,0,0.7659758560640084,0.2340241439359916
1,0,0.7682619327861522,0.23173806721384785
0,0,0.7672393358796296,0.23276066412037047
1,0,0.7011686050118698,0.29883139498813016
0,0,0.8521112642687998,0.14788873573120023
0,1,0.15766415126327837,0.8423358487367216
0,1,0.21503578941183443,0.7849642105881656
0,0,0.9917720220734568,0.008227977926543143
0,0,0.8756641727844154,0.1243358272155845
0,0,0.8406891919946066,0.1593108080053934
1,1,0.11921850726587413,0.8807814927341259
0,1,0.1638400142072225,0.8361599857927775
0,0,0.9858888532594051,0.014111146740594844
0,0,0.9565846401565657,0.0434153598434343
1,1,0.44994712416849436,0.5500528758315056
0,1,0.13776009611672424,0.8622399038832758
0,0,0.756638837426603,0.24336116257339702
1,1,0.07884760686068815,0.9211523931393119
0,0,0.756051933608177,0.24394806639182293
0,0,0.8753561809465742,0.1246438190534258
1,1,0.021392053460596583,0.9786079465394034
0,0,0.7445285282551664,0.2554714717448337
0,0,0.9270185154212006,0.07298148457879941
0,0,0.72891357504536,0.27108642495463997
1,1,0.18720683285666606,0.8127931671433339
0,1,0.13684825306717352,0.8631517469328265
1,1,0.20728145748173576,0.7927185425182642
1,1,0.14321217144027476,0.8567878285597252
0,0,0.771385232169179,0.22861476783082096
0,0,0.9058287648362807,0.09417123516371924
0,0,0.7958180002740639,0.2041819997259361
1,1,0.17930201903985765,0.8206979809601423
1,1,0.02304427128806108,0.9769557287119389
1,1,0.12063844578673255,0.8793615542132674
0,0,0.7759687186575369,0.22403128134246308
1,1,0.0068936620075040755,0.9931063379924959
1,0,0.8341533360902476,0.1658466639097524
1,0,0.7424368748397087,0.25756312516029134
1,0,0.7380590173058041,0.2619409826941959
1,1,0.16922312520202965,0.8307768747979704
1,1,0.015640235833270344,0.9843597641667297
0,0,0.9892721602897839,0.010727839710216024
1,1,0.017546241735472923,0.9824537582645271
0,0,0.8472550617568897,0.15274493824311036
1,1,0.1524768972255781,0.8475231027744219
1,1,0.14977804357645386,0.8502219564235461
1,1,0.19643190281326417,0.8035680971867358
1,1,0.1331105213802929,0.8668894786197071
1,0,0.7603052548893436,0.2396947451106563
0,0,0.7490971337442663,0.25090286625573366
1,0,0.877854342358106,0.12214565764189399
1,0,0.7402898636085888,0.25971013639141116
0,0,0.882190894920216,0.1178091050797841
1,1,0.1377129469252223,0.8622870530747777
0,0,0.7432904097521942,0.2567095902478058
0,0,0.7660251981592058,0.23397480184079422
0,0,0.7800564189145833,0.21994358108541665
1,1,0.08915015121779069,0.9108498487822093
1,1,0.006543940875813559,0.9934560591241864
0,0,0.7643530630635321,0.23564693693646785
0,0,0.780079573647836,0.219920426352164
0,0,0.7874534005402778,0.21254659945972224
1,1,0.20734550181382227,0.7926544981861777
1,1,0.12052458981933856,0.8794754101806614
0,0,0.7465583450314164,0.25344165496858356
0,0,0.9079479663561622,0.09205203364383782
0,0,0.747505597649587,0.252494402350413
0,0,0.9901547873703592,0.009845212629640747
1,1,0.02315600869290524,0.9768439913070948
0,0,0.7636089655541314,0.23639103444586868
0,0,0.9895689655962395,0.010431034403760465
1,1,0.013862045505808496,0.9861379544941915
0,0,0.8447853431056349,0.15521465689436514
0,0,0.7631292258069503,0.23687077419304967
1,1,0.16312884882907208,0.8368711511709279
0,0,0.9831932471762515,0.016806752823748564
1,1,0.102626333863026,0.897373666136974
1,0,0.7865359396193712,0.21346406038062876
1,1,0.15854480402748983,0.8414551959725102
1,1,0.011631081520585673,0.9883689184794143
1,0,0.753652233241207,0.246347766758793
1,1,0.15962529975582207,0.8403747002441779
1,0,0.7426833979543299,0.2573166020456701
1,1,0.19619187658793702,0.803808123412063
0,0,0.9329146390839351,0.06708536091606486
1,1,0.16277331934260553,0.8372266806573945
1,0,0.7634540778384968,0.23654592216150314
1,0,0.7558870655481545,0.24411293445184545
1,1,0.014293896503978942,0.9857061034960211
1,0,0.7567511053506557,0.24324889464934424
1,1,0.016728941026036837,0.9832710589739632
0,1,0.17180568398275697,0.828194316017243
0,0,0.7527841775098889,0.24721582249011112
0,0,0.9012503730297707,0.09874962697022928
0,0,0.8610930064711599,0.13890699352884
0,0,0.9917002405469453,0.008299759453054672
0,0,0.7520218338064975,0.24797816619350252
0,0,0.9921888552224871,0.0078111447775128994
0,0,0.7507032266678825,0.24929677333211755
0,0,0.9847988430451882,0.015201156954811782
0,0,0.9863962823900462,0.013603717609953781
1,1,0.19230613969813815,0.8076938603018619
1,1,0.16772353431884568,0.8322764656811543
1,1,0.18930446348631236,0.8106955365136876
0,0,0.749290674324636,0.25070932567536397
1,1,0.1986248606166,0.8013751393834
1,1,0.157570747936992,0.842429252063008
1,1,0.16988529939518748,0.8301147006048125
1,1,0.12249297277342552,0.8775070272265745
0,0,0.7606962490960048,0.2393037509039953
1,0,0.7638032108550588,0.2361967891449412
0,0,0.7644509561624515,0.23554904383754852
1,0,0.7660004984383633,0.23399950156163668
1,1,0.016789418594829186,0.9832105814051708
0,0,0.9925181721802427,0.007481827819757274
1,1,0.13490866048657557,0.8650913395134244
1,1,0.08217624134515733,0.9178237586548427
0,0,0.994157830840949,0.005842169159051042
1,0,0.8290473114689609,0.170952688531039
0,0,0.9021225382718414,0.09787746172815857
1,1,0.06280313841224316,0.9371968615877568
0,0,0.7696471367611224,0.23035286323887758
0,0,0.9885399196244814,0.011460080375518551
1,1,0.21280649423309184,0.7871935057669082
0,0,0.8609268278447105,0.13907317215528947
0,0,0.7614673767403741,0.23853262325962593
0,1,0.06263200111654532,0.9373679988834547
0,0,0.9895456318275014,0.01045436817249858
1,1,0.14192451846154752,0.8580754815384525
1,1,0.00927891450556284,0.9907210854944372
1,1,0.006534470293982797,0.9934655297060172
0,0,0.9142453090275974,0.08575469097240265
1,1,0.029449658766494746,0.9705503412335053
0,0,0.8921301031610617,0.10786989683893837
1,1,0.19252296918391631,0.8074770308160837
0,0,0.7326004674613307,0.2673995325386693
1,0,0.7972963552704425,0.2027036447295575
0,0,0.9901981135301281,0.009801886469871896
0,1,0.07568677277265357,0.9243132272273464
0,0,0.7612694565542031,0.23873054344579692
0,0,0.8515173537365064,0.14848264626349367
0,0,0.7890546388948567,0.21094536110514325
0,0,0.9919762008176802,0.008023799182319788
1,1,0.015238285916534644,0.9847617140834654
0,0,0.7374034737052817,0.26259652629471836
0,0,0.7723436873204865,0.22765631267951342
1,1,0.014799034191478544,0.9852009658085215
0,0,0.9571037899764587,0.04289621002354129
0,0,0.7824115676966281,0.21758843230337185
1,1,0.12556947156679,0.87443052843321
0,0,0.7723918216824113,0.2276081783175887
0,1,0.21321224643036119,0.7867877535696388
0,0,0.8597786416351928,0.14022135836480723
1,1,0.016668753915113133,0.9833312460848869
1,1,0.17056099017962012,0.8294390098203799
1,1,0.10763671993630686,0.8923632800636931
0,1,0.18822516079102747,0.8117748392089725
0,0,0.827045249248527,0.172954750751473
1,1,0.19518477578974025,0.8048152242102597
1,1,0.19031992875269532,0.8096800712473047
0,0,0.844929604691858,0.15507039530814207
1,1,0.2174137672639994,0.7825862327360006
0,0,0.7734328284193545,0.22656717158064554
0,0,0.7896018481653582,0.21039815183464186
1,1,0.12359989002237048,0.8764001099776295
1,1,0.005393118478110415,0.9946068815218896
0,0,0.7021174362226392,0.29788256377736083
1,1,0.14973617301022102,0.850263826989779
1,1,0.2234881896375771,0.7765118103624229
0,0,0.7412050386411559,0.2587949613588441
1,1,0.1451753106915935,0.8548246893084065
1,1,0.11285646026308405,0.887143539736916
0,0,0.8443017861313468,0.15569821386865323
1,1,0.16950326036414953,0.8304967396358505
1,1,0.1642803471990757,0.8357196528009243
0,0,0.7422066291485663,0.2577933708514338
1,1,0.11514545249973396,0.884854547500266
0,0,0.7699505357463942,0.23004946425360587
0,1,0.1602113409564141,0.8397886590435859
0,0,0.7573819997750351,0.242618000224965
1,1,0.1731939512251075,0.8268060487748925
1,1,0.12056917954202162,0.8794308204579784
0,0,0.7147538949341545,0.2852461050658455
0,0,0.9921964028241538,0.007803597175846227
0,0,0.7634792702649188,0.2365207297350812
1,1,0.18593560872601733,0.8140643912739827
0,0,0.7348902772473866,0.2651097227526134
0,0,0.7934320344808539,0.20656796551914616
0,0,0.9915162849927794,0.008483715007220605
0,0,0.7321239319572584,0.26787606804274156
1,1,0.2079628860937861,0.7920371139062139
0,0,0.7447332747327717,0.2552667252672283
1,1,0.19459932575016636,0.8054006742498336
0,0,0.7721576437237339,0.2278423562762661
0,0,0.8045545050476094,0.19544549495239064
1,1,0.1317087802509398,0.8682912197490602
1,1,0.1652217026696614,0.8347782973303386
1,0,0.8317326176534914,0.16826738234650868
1,1,0.009645751007538172,0.9903542489924618
1,1,0.15569296688948853,0.8443070331105115
1,1,0.1848390379754703,0.8151609620245297
0,0,0.8770818962860887,0.12291810371391126
0,0,0.9884685250106398,0.011531474989360196
1,1,0.15308264298272,0.84691735701728
1,1,0.13484991786279266,0.8651500821372073
0,0,0.9929732812380162,0.0070267187619838375
1,1,0.08924716724063808,0.9107528327593619
1,0,0.7339806280706852,0.2660193719293148
1,0,0.7841883280211257,0.21581167197887424
1,1,0.02539287287921077,0.9746071271207892
1,0,0.75298802456108,0.24701197543892
1,1,0.11632247484401337,0.8836775251559866
0,0,0.9934665438447635,0.006533456155236482
1,1,0.010865850484370387,0.9891341495156296
1,1,0.15692609123601808,0.8430739087639819
0,0,0.8264774411950736,0.1735225588049264
0,0,0.7649708702914266,0.23502912970857343
0,0,0.8527058369475411,0.14729416305245896
1,1,0.11807587491307647,0.8819241250869235
0,0,0.8557132067522474,0.14428679324775265
0,0,0.794627679112025,0.20537232088797497
0,0,0.7286404964990417,0.2713595035009583
1,0,0.7343516033584643,0.26564839664153567
1,1,0.10858981424489811,0.8914101857551019
0,0,0.7427780852963388,0.2572219147036611
1,1,0.02370835520387471,0.9762916447961253
1,0,0.7549110858636396,0.2450889141363604
0,1,0.13385297194001677,0.8661470280599832
1,1,0.18103239920757241,0.8189676007924276
1,1,0.14064782869464987,0.8593521713053501
1,1,0.1908871085790811,0.8091128914209189
0,0,0.9232693886776075,0.0767306113223924
1,0,0.8366550516643358,0.16334494833566418
1,0,0.7669253833036881,0.23307461669631188
1,0,0.7541529446036594,0.24584705539634055
0,0,0.8569855176119389,0.1430144823880611
1,1,0.21467123616699046,0.7853287638330095
1,1,0.007399810364523085,0.9926001896354769
0,0,0.9922884631995211,0.007711536800478909
1,0,0.8312737608034082,0.16872623919659183
0,0,0.8581215006791216,0.14187849932087843
1,1,0.10326283490349164,0.8967371650965084
1,1,0.013841845831616406,0.9861581541683836
0,0,0.9883519988477324,0.011648001152267579
0,0,0.9896099278854751,0.010390072114524924
1,1,0.14463681531355033,0.8553631846864497
1,1,0.013910455774000852,0.9860895442259991
0,0,0.7402954333093681,0.25970456669063197
0,0,0.8357164815650633,0.16428351843493677
0,0,0.9812267419695792,0.0187732580304208
1,1,0.09238160897727998,0.90761839102272
0,0,0.7856867402398144,0.2143132597601856
0,0,0.7667946161789119,0.23320538382108813
0,0,0.832369452374238,0.16763054762576196
1,1,0.13040821799814528,0.8695917820018547
0,0,0.7465150181444867,0.25348498185551327
1,1,0.15011184479556494,0.8498881552044351
0,0,0.8796393466679763,0.1203606533320237
1,1,0.21571099717457176,0.7842890028254282
0,0,0.8481469196324376,0.15185308036756234
0,0,0.9046486459700332,0.09535135402996674
0,0,0.7835676774188,0.21643232258120004
0,0,0.7683808078348533,0.2316191921651467
1,1,0.11383959668727206,0.8861604033127279
0,0,0.930594936716773,0.06940506328322707
0,0,0.8814652707108195,0.11853472928918057
1,1,0.13014112631098673,0.8698588736890133
0,0,0.9055155245368585,0.09448447546314152
1,1,0.21597288743644882,0.7840271125635512
0,0,0.7584256489076802,0.2415743510923198
0,0,0.7829635260335291,0.21703647396647083
1,1,0.125713608890211,0.874286391109789
1,1,0.14904709715920883,0.8509529028407912
0,0,0.8269571215508263,0.17304287844917365
0,0,0.8703491287200231,0.12965087127997688
0,1,0.15772899388358907,0.8422710061164109
1,1,0.0069896146357797395,0.9930103853642203
1,1,0.014434420391456926,0.9855655796085431
0,0,0.8307980116611418,0.16920198833885822
0,0,0.9933380792545413,0.006661920745458665
1,1,0.21250318016175385,0.7874968198382462
1,1,0.02292163817987436,0.9770783618201256
1,1,0.25288577335498386,0.7471142266450161
0,0,0.7668589328845699,0.23314106711543012
0,1,0.1527240067319401,0.8472759932680599
0,0,0.8420124916108644,0.15798750838913558
1,1,0.005280848358326873,0.9947191516416731
0,0,0.8046009917063563,0.19539900829364368
0,0,0.7990310109649379,0.20096898903506208
1,1,0.18327293063852335,0.8167270693614767
0,0,0.9867434604271691,0.013256539572830864
0,0,0.723422432688897,0.27657756731110295
1,1,0.014811836354506891,0.9851881636454931
0,0,0.9913136658951411,0.008686334104858846
0,1,0.17618795236426876,0.8238120476357312
1,1,0.16875483277969172,0.8312451672203083
1,1,0.23985619633112054,0.7601438036688795
1,1,0.16289758253667264,0.8371024174633274
0,0,0.9918318569912259,0.008168143008774158
0,0,0.8431760444041996,0.15682395559580037
0,0,0.7434375117471419,0.25656248825285816
0,1,0.13013178775375667,0.8698682122462433
0,0,0.7713516994214925,0.22864830057850752
1,1,0.13436818864859512,0.8656318113514049
1,0,0.7385774760830928,0.26142252391690723
1,1,0.12497153402526628,0.8750284659747337
0,0,0.9906877505718951,0.00931224942810498
0,0,0.8066348275724077,0.1933651724275923
1,1,0.1984121643135257,0.8015878356864743
1,1,0.1127180422546401,0.8872819577453599
0,0,0.8434135312483091,0.1565864687516909
0,0,0.7662643409668612,0.23373565903313878
1,1,0.06997444435102962,0.9300255556489704
0,0,0.8089226151724938,0.1910773848275062
0,0,0.746749291358374,0.2532507086416261
1,1,0.006523928514349908,0.9934760714856501
1,0,0.8000108544487482,0.19998914555125177
1,1,0.10209279506477609,0.8979072049352239
0,0,0.8597274131564061,0.1402725868435939
0,1,0.13253094261823894,0.867469057381761
1,0,0.8520190698007934,0.14798093019920652
0,0,0.9131730767087822,0.08682692329121773
1,1,0.022457725911149362,0.9775422740888506
0,1,0.1993112995345142,0.8006887004654858
1,1,0.18443778359078267,0.8155622164092173
0,0,0.742570901156568,0.25742909884343196
1,0,0.7824596491415893,0.21754035085841075
0,0,0.9896151491031239,0.010384850896876121
1,1,0.005581487502822946,0.994418512497177
0,0,0.7417750749892036,0.25822492501079636
0,0,0.8373165086110101,0.16268349138898985
1,1,0.21389918672381392,0.7861008132761861
1,1,0.014898683149103142,0.9851013168508969
1,1,0.045567302163908696,0.9544326978360913
1,1,0.00947174634790815,0.9905282536520919
1,0,0.8473587057576889,0.15264129424231107
1,1,0.01628985837482122,0.9837101416251788
0,0,0.7477056763403949,0.2522943236596052
1,1,0.11847357888507748,0.8815264211149225
1,1,0.14689723517263154,0.8531027648273685
1,1,0.1281950770970628,0.8718049229029372
0,0,0.8585037382427889,0.1414962617572111
1,1,0.14048810107664922,0.8595118989233508
1,1,0.21580326579536058,0.7841967342046394
0,0,0.7616239553710951,0.23837604462890497
0,0,0.7612349334132505,0.23876506658674948
0,0,0.7508338251127922,0.24916617488720785
1,1,0.09614003018406603,0.903859969815934
0,0,0.8436938045546916,0.1563061954453084
0,0,0.8052246192262276,0.19477538077377243
0,0,0.8034991250080911,0.1965008749919089
0,0,0.7711029272107599,0.22889707278924012
1,1,0.12101527966697401,0.878984720333026
1,1,0.14631778593328315,0.8536822140667168
1,0,0.7842510288057116,0.21574897119428837
0,0,0.9341230352852293,0.06587696471477066
1,1,0.18200488580232554,0.8179951141976745
0,0,0.7689046554818822,0.23109534451811778
0,0,0.9846974168799091,0.015302583120090866
0,0,0.9897691672571098,0.010230832742890147
0,0,0.5774362527780021,0.4225637472219978
1,1,0.14784088301375498,0.852159116986245
1,1,0.025916624554290335,0.9740833754457097
1,1,0.022956360180309887,0.9770436398196901
1,1,0.1939735010998801,0.8060264989001199
0,0,0.9911674325899386,0.008832567410061406
1,1,0.19926170296282897,0.800738297037171
0,0,0.8832547141134899,0.11674528588651015
1,1,0.016554736654894597,0.9834452633451054
0,0,0.907964633646269,0.09203536635373105
0,0,0.9870686638027544,0.012931336197245654
1,1,0.16301251576208675,0.8369874842379132
1,0,0.750628992987595,0.249371007012405
1,1,0.17114740677354534,0.8288525932264547
1,1,0.12358786905040742,0.8764121309495926
0,0,0.7737299264581646,0.22627007354183537
0,0,0.8861442981915011,0.11385570180849888
0,0,0.7652646882534324,0.2347353117465676
1,0,0.7686691296952446,0.23133087030475535
0,0,0.8690730836426915,0.1309269163573085
1,1,0.19403469728326128,0.8059653027167387
0,0,0.7665518340684895,0.2334481659315105
0,0,0.921954351680496,0.07804564831950403
0,0,0.9865244859747581,0.013475514025241895
1,0,0.7631723217210034,0.2368276782789966
0,0,0.991063414281512,0.008936585718487959
1,1,0.19268482917012664,0.8073151708298734
1,1,0.17829628714167334,0.8217037128583267
1,1,0.01748782698335305,0.982512173016647
1,1,0.21210205319610276,0.7878979468038972
0,0,0.7649846896296882,0.23501531037031176
0,1,0.15573107676927134,0.8442689232307287
1,0,0.7743209795243284,0.22567902047567157
1,1,0.11564420776413042,0.8843557922358696
1,1,0.1303138708308459,0.8696861291691541
1,1,0.013913523636062908,0.9860864763639371
0,0,0.9931344753218647,0.0068655246781353365
1,1,0.1469734413022551,0.8530265586977449
1,1,0.01571624243512104,0.984283757564879
1,1,0.2584264507793359,0.7415735492206641
0,0,0.8112909993041849,0.18870900069581512
1,1,0.024198051306134838,0.9758019486938652
0,0,0.7765166013131465,0.22348339868685355
1,1,0.016904666251600586,0.9830953337483994
0,0,0.7612689775758107,0.23873102242418928
1,1,0.01969960756860656,0.9803003924313934
0,0,0.7272722134893502,0.2727277865106498
0,1,0.17487729228222826,0.8251227077177717
1,1,0.0851712267685597,0.9148287732314403
1,1,0.2293755062676689,0.7706244937323311
0,0,0.7478328707104207,0.2521671292895793
0,0,0.7519178376639898,0.24808216233601024
1,1,0.02429786129851963,0.9757021387014804
0,0,0.7932503669659159,0.20674963303408406
1,1,0.025252445006955337,0.9747475549930447
1,1,0.12805565133579966,0.8719443486642003
1,1,0.011814713950976441,0.9881852860490236
1,1,0.013580363606528034,0.986419636393472
1,1,0.1830306238522612,0.8169693761477388
1,0,0.7617843795046737,0.23821562049532627
0,1,0.18086089652532145,0.8191391034746786
1,1,0.1341618820450159,0.8658381179549841
1,1,0.010125563516116154,0.9898744364838838
1,1,0.01699664240721155,0.9830033575927885
0,0,0.8386112037189282,0.1613887962810719
0,0,0.7625927757345861,0.2374072242654139
1,1,0.22493001127419465,0.7750699887258053
1,1,0.0214404693764344,0.9785595306235656
1,1,0.13556163281940026,0.8644383671805997
1,1,0.00811052119438238,0.9918894788056176
0,0,0.993562682896891,0.006437317103108989
0,0,0.9913275277970778,0.008672472202922266
1,0,0.7607136164543162,0.23928638354568382
1,1,0.13534360551854074,0.8646563944814593
1,1,0.108787599699257,0.891212400300743
0,0,0.9923508753056599,0.007649124694340076
0,0,0.8931082860813335,0.10689171391866645
0,0,0.8600135316985154,0.13998646830148462
1,1,0.17087567155247885,0.8291243284475212
0,0,0.992984389833409,0.007015610166591012
1,1,0.1423172481306575,0.8576827518693425
0,1,0.155815543862458,0.844184456137542
1,1,0.020072190871161633,0.9799278091288384
0,0,0.8587298640667443,0.14127013593325569
0,1,0.1957911344455554,0.8042088655544446
0,0,0.9919248526540029,0.00807514734599711
1,1,0.06779401081437098,0.932205989185629
1,1,0.1435472986653391,0.8564527013346609
1,1,0.13403712782418165,0.8659628721758184
1,1,0.12156685528402589,0.8784331447159741
1,1,0.1549019815793905,0.8450980184206095
1,1,0.09861230942544952,0.9013876905745505
1,1,0.16770800295423804,0.832291997045762
0,0,0.7491459889213464,0.25085401107865357
0,0,0.7589223507849164,0.2410776492150836
1,1,0.22068675357853162,0.7793132464214684
0,0,0.9309916695051677,0.06900833049483233
1,1,0.012400374625591848,0.9875996253744082
1,1,0.01407581751648368,0.9859241824835163
0,0,0.7696623651506105,0.2303376348493895
1,1,0.10786666819915791,0.8921333318008421
0,0,0.8392359180934442,0.16076408190655578
1,1,0.12750116719460125,0.8724988328053987
1,1,0.012702694542478632,0.9872973054575214
1,1,0.14685548101335755,0.8531445189866425
1,0,0.7582635671870632,0.24173643281293675
0,0,0.9811394727362168,0.01886052726378321
0,0,0.8922402612781186,0.10775973872188137
0,0,0.843546105023221,0.156453894976779
1,0,0.7760249979091906,0.22397500209080945
1,1,0.0980578816055021,0.9019421183944979
0,0,0.7887038687509594,0.2112961312490406
0,0,0.9525272375735934,0.04747276242640669
1,1,0.11890718656150379,0.8810928134384962
1,1,0.1250936898476378,0.8749063101523622
1,1,0.14743863772052668,0.8525613622794733
1,0,0.8397113323328955,0.16028866766710453
0,0,0.7711201815216495,0.22887981847835046
0,0,0.9316937524882954,0.06830624751170458
0,0,0.7968561441789025,0.20314385582109754
1,1,0.09617610918653496,0.903823890813465
0,0,0.7761627577848399,0.2238372422151601
0,1,0.08672397325142589,0.9132760267485741
1,0,0.7842970178354456,0.21570298216455447
0,0,0.7321616404154312,0.2678383595845688
0,0,0.8576628530862309,0.14233714691376909
1,1,0.14166661603916209,0.8583333839608379
0,0,0.752262793396097,0.247737206603903
1,0,0.7610058541319624,0.23899414586803752
1,1,0.15428594869881518,0.8457140513011848
1,1,0.02528370771227184,0.9747162922877282
0,0,0.9911973319514675,0.008802668048532433
1,1,0.14075913357089997,0.8592408664291
1,1,0.02241487401203368,0.9775851259879663
0,0,0.7734976500295196,0.2265023499704804
1,1,0.1707919673118241,0.8292080326881759
0,0,0.9128622648457313,0.08713773515426868
1,0,0.8487390864922366,0.15126091350776333
0,0,0.8771034088412146,0.12289659115878536
0,0,0.7819178406284845,0.21808215937151554
1,0,0.833035450200811,0.1669645497991889
0,1,0.5263602370679802,0.4736397629320198
0,0,0.9558589157267406,0.044141084273259336
1,1,0.01623970183238599,0.983760298167614
0,0,0.9910526488160917,0.008947351183908317
1,1,0.5409383264812911,0.45906167351870886
1,0,0.7670276762428524,0.23297232375714763
1,1,0.017586217054439857,0.9824137829455601
0,0,0.7590983839390187,0.24090161606098126
0,0,0.8627778216112288,0.13722217838877113
1,1,0.14335474389325953,0.8566452561067405
0,0,0.7271017886330017,0.2728982113669983
0,0,0.8983880532081717,0.10161194679182832
0,0,0.8940839886100288,0.10591601138997123
1,0,0.849644635395331,0.15035536460466903
0,1,0.11383215232576416,0.8861678476742358
0,1,0.11914295754403736,0.8808570424559626
1,1,0.2033909043997919,0.7966090956002081
1,1,0.1193039117887541,0.8806960882112459
0,0,0.7618243789298332,0.23817562107016674
1,1,0.10634478781959111,0.8936552121804089
0,0,0.9898412174642739,0.010158782535726144
0,0,0.750600233224265,0.249399766775735
1,1,0.06950546326049767,0.9304945367395023
1,1,0.11148607235406949,0.8885139276459305
1,1,0.1530291934720175,0.8469708065279825
0,0,0.9140694218800411,0.0859305781199589
1,1,0.07275521902939286,0.9272447809706071
1,1,0.015889029600660076,0.9841109703993399
1,1,0.01518835607954283,0.9848116439204572
0,0,0.9871111537641531,0.012888846235846812
1,0,0.7491286841264687,0.2508713158735313
0,0,0.9258950398368031,0.07410496016319688
0,0,0.9850398568273774,0.014960143172622615
0,0,0.8510552357656542,0.14894476423434583
1,1,0.02280814037450729,0.9771918596254927
1,1,0.005464950173598937,0.9945350498264011
0,0,0.7797560498944679,0.22024395010553208
0,0,0.8763428255971685,0.1236571744028315
1,1,0.01772241598632618,0.9822775840136738
0,0,0.7680231901662525,0.23197680983374744
0,0,0.9913357281407255,0.008664271859274505
1,1,0.1366040066347597,0.8633959933652403
0,0,0.7759488940087901,0.22405110599120995
1,1,0.007977356494214383,0.9920226435057856
0,1,0.22940536237803777,0.7705946376219622
1,1,0.19217533993950142,0.8078246600604986
0,0,0.914194984875139,0.08580501512486106
0,0,0.8813268899772345,0.1186731100227655
1,1,0.14350536225897803,0.856494637741022
1,0,0.8886678184953362,0.11133218150466387
1,1,0.149677385558598,0.850322614441402
0,1,0.16684403236624945,0.8331559676337505
1,1,0.15584815142952968,0.8441518485704703
0,0,0.7514809118906144,0.24851908810938558
0,0,0.9213912932873921,0.07860870671260793
0,0,0.7689274504067222,0.2310725495932778
1,1,0.020481463966296243,0.9795185360337038
1,1,0.17053051959046073,0.8294694804095393
1,1,0.07140205638778563,0.9285979436122144
1,0,0.7056130435594166,0.29438695644058344
0,0,0.9840926248725688,0.015907375127431185
0,0,0.8748856065774788,0.12511439342252112
0,0,0.8770613544863838,0.12293864551361623
0,0,0.7566097595151677,0.2433902404848322
0,0,0.8574055025947125,0.14259449740528746
1,0,0.7468076991212449,0.25319230087875505
0,0,0.9439418148524543,0.056058185147545736
1,0,0.7608371637538627,0.23916283624613727
0,0,0.8091428768521655,0.19085712314783457
0,0,0.7146931935672868,0.2853068064327132
1,1,0.13734341495028357,0.8626565850497164
0,0,0.7625673451687522,0.23743265483124773
1,1,0.04078978201693839,0.9592102179830616
1,1,0.2657697720082838,0.7342302279917162
1,0,0.8475146464267941,0.1524853535732059
1,0,0.888014580632623,0.11198541936737702
1,1,0.07366260694257643,0.9263373930574236
1,1,0.12558921554965807,0.8744107844503419
0,1,0.2308788578568609,0.7691211421431391
0,0,0.8046475098004316,0.19535249019956835
0,0,0.9926039879534292,0.007396012046570863
1,0,0.7725132799952217,0.2274867200047783
0,0,0.8436047012582866,0.15639529874171343
0,0,0.7548232493887979,0.24517675061120212
1,1,0.02224226260583617,0.9777577373941638
0,0,0.7943295923680103,0.20567040763198968
0,0,0.8661191063921523,0.13388089360784777
0,0,0.9872654179658749,0.012734582034125088
0,0,0.8281387255544208,0.17186127444557914
1,1,0.1749715703482051,0.8250284296517949
0,0,0.8435813596769561,0.1564186403230438
1,1,0.2264749252519025,0.7735250747480975
1,1,0.02506338059022517,0.9749366194097748
1,1,0.013368650985789432,0.9866313490142106
1,1,0.23435134604257268,0.7656486539574273
1,1,0.008661814913524357,0.9913381850864756
0,0,0.7693484626046746,0.2306515373953254
1,1,0.014042771120189146,0.9859572288798109
1,1,0.16319389524411965,0.8368061047558804
0,0,0.9911465474434795,0.008853452556520506
0,0,0.99042242309853,0.009577576901469976
0,0,0.8006649432225725,0.19933505677742752
1,1,0.1823514446516601,0.8176485553483399
1,0,0.8103485809223485,0.1896514190776515
0,0,0.76172334950314,0.23827665049685995
1,0,0.8022469229689944,0.19775307703100564
1,1,0.08147724520570054,0.9185227547942995
0,1,0.16250996231214576,0.8374900376878542
1,0,0.7870832742164507,0.21291672578354923
1,0,0.8608890834996965,0.1391109165003035
1,1,0.15681398089005494,0.8431860191099451
0,0,0.84140168924607,0.15859831075393005
0,1,0.12158946833914708,0.8784105316608529
1,1,0.1807901747222671,0.8192098252777329
1,1,0.13081665342981685,0.8691833465701831
0,0,0.9930286470128413,0.00697135298715864
1,1,0.1357954770230705,0.8642045229769295
0,0,0.9930113298676363,0.006988670132363687
0,0,0.8402293440411419,0.15977065595885814
0,0,0.8541588928197326,0.1458411071802674
0,0,0.8240784604021654,0.17592153959783463
0,0,0.9460378724052028,0.053962127594797266
0,0,0.7753676211065677,0.2246323788934324
1,1,0.1479941367872949,0.8520058632127051
0,0,0.985190330815252,0.014809669184748022
1,1,0.12363202902600812,0.8763679709739919
1,0,0.7497655440447176,0.2502344559552824
1,1,0.1747879583243509,0.8252120416756491
1,1,0.011242974578719367,0.9887570254212806
0,0,0.8196960299697218,0.18030397003027826
0,0,0.7537400070719378,0.2462599929280622
1,1,0.15374827815545145,0.8462517218445486
0,0,0.7488567668357642,0.25114323316423587
0,1,0.17794371929897213,0.8220562807010279
1,1,0.20358540554245175,0.7964145944575483
1,1,0.030171769082329103,0.9698282309176709
1,1,0.016710360498086163,0.9832896395019138
0,1,0.18829940873967121,0.8117005912603288
0,0,0.7631848903592562,0.23681510964074387
0,0,0.9933344441341297,0.006665555865870217
1,1,0.12276369721759806,0.8772363027824019
1,1,0.012327962904767897,0.9876720370952321
1,1,0.20728154351034334,0.7927184564896567
0,1,0.2524245916759943,0.7475754083240057
1,1,0.11651436177535035,0.8834856382246496
0,0,0.7928016274866624,0.20719837251333764
0,1,0.14845725970105095,0.851542740298949
1,1,0.03042326819106833,0.9695767318089317
0,0,0.7633223058242937,0.23667769417570625
1,1,0.012849270987696948,0.987150729012303
1,1,0.026085378082423172,0.9739146219175768
0,0,0.7173954688937456,0.2826045311062544
1,1,0.13269050534273752,0.8673094946572625
0,0,0.9784377463224484,0.021562253677551654
0,1,0.1548635865216842,0.8451364134783158
0,0,0.924432350945336,0.07556764905466394
1,1,0.19209205471987678,0.8079079452801232
0,0,0.811803010612888,0.1881969893871121
1,1,0.15079039197065713,0.8492096080293429
1,1,0.10077387163589346,0.8992261283641065
0,0,0.7617460584562312,0.23825394154376872
0,0,0.8015555557454347,0.19844444425456534
1,1,0.12006593153194578,0.8799340684680542
0,1,0.1171146883519174,0.8828853116480826
0,0,0.7906521744927335,0.20934782550726644
0,0,0.991307156064942,0.008692843935058005
1,1,0.18921813940812493,0.8107818605918751
0,0,0.7607264625409624,0.2392735374590375
1,1,0.09516541357399788,0.9048345864260021
0,0,0.7780200563799323,0.2219799436200677
1,0,0.841215026635097,0.15878497336490308
1,1,0.036615901330401934,0.9633840986695981
1,1,0.13111700994918585,0.8688829900508142
0,1,0.1873544585257355,0.8126455414742645
1,1,0.16591813563255864,0.8340818643674414
0,0,0.8739505804133783,0.12604941958662172
0,0,0.7754192611311217,0.22458073886887833
0,0,0.745349606045479,0.254650393954521
0,0,0.7879864518517903,0.21201354814820975
0,0,0.8553132510349821,0.14468674896501793
1,1,0.015827822998643826,0.9841721770013562
1,0,0.7534472695013015,0.24655273049869847
0,0,0.7976062959449992,0.20239370405500073
1,1,0.005340051485411279,0.9946599485145887
0,0,0.9851130036659337,0.014886996334066276
0,0,0.9920039519631682,0.007996048036831821
1,0,0.7909286079203993,0.2090713920796007
0,1,0.12387040662056192,0.8761295933794381
0,0,0.7851667179727212,0.2148332820272788
1,1,0.1616253605836937,0.8383746394163063
1,1,0.1673531667102377,0.8326468332897623
0,0,0.7743413211774219,0.22565867882257812
0,0,0.98805407422731,0.01194592577269008
1,1,0.15577709044924537,0.8442229095507546
0,0,0.7687868886572968,0.23121311134270314
0,0,0.9800780944729331,0.019921905527066883
1,1,0.09389151106131255,0.9061084889386875
1,1,0.12952293491023648,0.8704770650897635
1,1,0.1526924250869114,0.8473075749130886
1,1,0.016971991972259626,0.9830280080277404
0,0,0.769375808674677,0.23062419132532294
0,0,0.822346872082905,0.17765312791709492
0,0,0.7452560446833009,0.25474395531669913
0,0,0.7795691385819925,0.22043086141800747
0,0,0.8346495876889448,0.16535041231105513
0,0,0.893120138784229,0.10687986121577096
1,0,0.8853078022088995,0.1146921977911005
1,1,0.22814199127889923,0.7718580087211008
0,0,0.7540914556693479,0.24590854433065207
1,1,0.18352696202633445,0.8164730379736655
1,1,0.11523675599259042,0.8847632440074096
1,1,0.17089241599624982,0.8291075840037502
1,1,0.1346976230794128,0.8653023769205872
0,1,0.14581767672796253,0.8541823232720375
0,0,0.8746257691648811,0.12537423083511887
1,1,0.013060471635282678,0.9869395283647173
0,0,0.8242114711667479,0.17578852883325208
0,0,0.9914519065308438,0.008548093469156155
1,0,0.7872938817869521,0.2127061182130478
0,0,0.9931268281721043,0.006873171827895672
1,1,0.20110792943772793,0.7988920705622721
0,0,0.7514527034175535,0.24854729658244643
0,1,0.10701729651575331,0.8929827034842467
0,0,0.7843647453361406,0.2156352546638593
0,0,0.9824207667630533,0.0175792332369466
1,1,0.15314771055055565,0.8468522894494444
1,1,0.12671105117436765,0.8732889488256323
1,0,0.791378347879546,0.208621652120454
1,0,0.7474713302522997,0.2525286697477003
0,0,0.727056256526464,0.27294374347353606
0,0,0.8105092205310026,0.1894907794689974
0,0,0.8964377244914361,0.10356227550856395
0,1,0.1294905549179528,0.8705094450820472
0,0,0.7538938089588787,0.2461061910411213
0,1,0.15613036317662765,0.8438696368233723
1,1,0.10828183002341374,0.8917181699765863
0,0,0.7833839419746634,0.21661605802533657
1,1,0.14777925323506003,0.85222074676494
1,1,0.16713256914643315,0.8328674308535668
1,1,0.027587695575855387,0.9724123044241446
1,1,0.022560804214863617,0.9774391957851364
1,1,0.029422431401195603,0.9705775685988044
1,1,0.15547057308619838,0.8445294269138016
0,0,0.7471698399561127,0.25283016004388725
0,1,0.16941989872733398,0.830580101272666
0,0,0.8771484819397332,0.12285151806026683
0,0,0.9897418789625295,0.010258121037470529
0,0,0.890784703585153,0.10921529641484695
0,0,0.8648539876918403,0.1351460123081597
1,0,0.7528257262670378,0.24717427373296216
0,1,0.18304332747433505,0.816956672525665
1,1,0.02540796183561278,0.9745920381643872
0,0,0.86412847024509,0.13587152975491004
0,0,0.9020576054454635,0.0979423945545365
0,0,0.7650429525945222,0.2349570474054778
0,0,0.9907240506649316,0.009275949335068319
0,0,0.779186541417942,0.22081345858205798
0,0,0.82215540399006,0.1778445960099399
1,1,0.17889401411461825,0.8211059858853818
0,0,0.7452644183708965,0.2547355816291034
0,0,0.8848378464492556,0.11516215355074445
1,0,0.7391879074361953,0.2608120925638046
0,0,0.7713808103192697,0.22861918968073025
1,1,0.18651999681766296,0.813480003182337
1,1,0.026817434941553087,0.9731825650584469
0,0,0.812541987152712,0.18745801284728805
1,1,0.005350081337914481,0.9946499186620855
1,1,0.15353344733548535,0.8464665526645146
0,0,0.7532519242699491,0.24674807573005084
1,0,0.7811337663601778,0.21886623363982216
1,0,0.7438922700056025,0.25610772999439746
0,0,0.8384152673227385,0.1615847326772615
1,1,0.16722673242702346,0.8327732675729765
0,0,0.7699285930700044,0.23007140692999567
1,0,0.7804944360758657,0.2195055639241344
1,0,0.8692294947838098,0.13077050521619016
1,1,0.17424729495597313,0.8257527050440269
1,1,0.16464529134335582,0.8353547086566442
0,0,0.7775518857026944,0.22244811429730557
0,0,0.8453634331450545,0.15463656685494556
0,0,0.719360431775916,0.280639568224084
0,0,0.8080311346965882,0.19196886530341184
1,1,0.020054954764071042,0.979945045235929
0,0,0.745004765389454,0.25499523461054596
0,0,0.7251467709360017,0.27485322906399834
0,1,0.18917139761874924,0.8108286023812508
1,0,0.7799489726359113,0.22005102736408869
1,1,0.11095237301255378,0.8890476269874462
1,0,0.7677194661462313,0.2322805338537687
0,0,0.9929237032966544,0.0070762967033456015
1,1,0.16146359676719602,0.838536403232804
1,1,0.02026098799398257,0.9797390120060174
1,1,0.11308401892717812,0.8869159810728219
0,0,0.9925576784431993,0.007442321556800672
0,0,0.9355399545050066,0.06446004549499343
0,0,0.7785159371532161,0.22148406284678393
0,1,0.17153708104812393,0.8284629189518761
1,1,0.16448350811923507,0.8355164918807649
1,1,0.26635713923296844,0.7336428607670316
1,1,0.1589301176881902,0.8410698823118098
1,1,0.006200449482588244,0.9937995505174118
0,1,0.11100120186344131,0.8889987981365587
0,1,0.14008061476553169,0.8599193852344683
0,1,0.1602454168650982,0.8397545831349018
1,1,0.15426518543530332,0.8457348145646967
1,1,0.20465191441404795,0.795348085585952
1,1,0.14558136128600774,0.8544186387139923
0,0,0.7723703973668451,0.2276296026331549
0,0,0.8458655317090039,0.15413446829099606
1,1,0.1760496969985682,0.8239503030014318
0,0,0.8221757947642603,0.17782420523573975
0,0,0.836996420769121,0.16300357923087908
0,0,0.9110488870524324,0.08895111294756763
1,1,0.005487566744282524,0.9945124332557175
1,1,0.09244378086406557,0.9075562191359344
1,1,0.17250139609783466,0.8274986039021653
1,1,0.03382475415770414,0.9661752458422959
1,1,0.02303239714334293,0.9769676028566571
0,1,0.5484203005403318,0.45157969945966825
0,0,0.7436971988606794,0.2563028011393206
1,1,0.12321974247391376,0.8767802575260862
0,0,0.9900450011616054,0.009954998838394614
0,1,0.012716202145599875,0.9872837978544001
1,1,0.1443295080812167,0.8556704919187833
1,1,0.15023905764691536,0.8497609423530846
0,0,0.9920013794672422,0.007998620532757785
0,0,0.9008490633716734,0.0991509366283266
1,1,0.13986662185205545,0.8601333781479445
0,0,0.7541534776746923,0.24584652232530763
0,1,0.1778537201546102,0.8221462798453898
1,1,0.1790345836378091,0.8209654163621909
0,0,0.7672447415018451,0.23275525849815487
1,1,0.20447087720372759,0.7955291227962724
1,0,0.5923598109895439,0.40764018901045607
1,1,0.12991168969378264,0.8700883103062174
0,0,0.9931878553694089,0.006812144630591074
1,0,0.7597624476049426,0.24023755239505742
1,1,0.19503942878165115,0.8049605712183489
1,1,0.22159826225228285,0.7784017377477171
1,1,0.12731331022928172,0.8726866897707183
1,1,0.24471949786311964,0.7552805021368804
1,1,0.007453432036443219,0.9925465679635568
1,0,0.751777621735169,0.24822237826483098
1,1,0.16932582245554462,0.8306741775444554
0,0,0.7330509950215655,0.26694900497843455
0,0,0.9104430939361913,0.08955690606380876
1,1,0.16583676336427455,0.8341632366357254
0,0,0.7413656410369309,0.2586343589630691
1,1,0.21301454468819614,0.7869854553118039
0,0,0.8661711625757651,0.13382883742423485
0,0,0.7653955341901275,0.23460446580987251
1,1,0.1356409801944536,0.8643590198055464
1,1,0.17404150382918548,0.8259584961708145
0,0,0.8498187729143352,0.1501812270856649
0,0,0.8360011177597484,0.16399888224025164
1,1,0.01978212836425519,0.9802178716357448
1,0,0.7948647728252048,0.20513522717479513
1,0,0.765164057718713,0.23483594228128704
1,0,0.8760863064651222,0.12391369353487777
1,1,0.11986990234702788,0.8801300976529721
0,0,0.7908074049199242,0.20919259508007582
1,0,0.7919209090275107,0.2080790909724893
0,0,0.7445032989353394,0.2554967010646606
1,1,0.0128048251657642,0.9871951748342358
0,0,0.7324144970161394,0.26758550298386063
0,0,0.9916729717867809,0.008327028213219042
0,0,0.7422224703836996,0.2577775296163004
0,0,0.8120934111388363,0.1879065888611637
1,1,0.008971766307349305,0.9910282336926507
1,1,0.014035313463707233,0.9859646865362928
0,0,0.830687359381041,0.16931264061895898
1,1,0.005395758772868797,0.9946042412271312
0,0,0.7621561706824144,0.2378438293175856
0,0,0.7313473964578465,0.26865260354215353
0,1,0.09741645262803422,0.9025835473719658
1,1,0.1416906734587463,0.8583093265412537
0,0,0.9337412782060477,0.06625872179395233
1,1,0.17916737342720568,0.8208326265727943
1,1,0.22325566059644375,0.7767443394035562
1,1,0.00718123118563696,0.992818768814363
1,0,0.7559794100335906,0.24402058996640943
1,0,0.8267226951520454,0.1732773048479545
0,1,0.22527875096941163,0.7747212490305884
1,1,0.14056689971142378,0.8594331002885762
1,1,0.13971781700348018,0.8602821829965198
1,1,0.1287036145201318,0.8712963854798682
1,0,0.7590857247439207,0.24091427525607936
1,0,0.7757371536476446,0.22426284635235538
1,1,0.08404115181818461,0.9159588481818154
1,1,0.19482523905612714,0.8051747609438729
1,1,0.019225716626140366,0.9807742833738596
0,0,0.8498179725847077,0.15018202741529235
0,0,0.8519963743439649,0.1480036256560351
1,1,0.17085711433713324,0.8291428856628668
0,0,0.7853951518159491,0.21460484818405087
1,1,0.20596283778964153,0.7940371622103585
0,0,0.9913556865851804,0.008644313414819657
1,0,0.8717484781430865,0.12825152185691344
1,1,0.13655998912327394,0.8634400108767261
1,1,0.013459112957378228,0.9865408870426218
1,1,0.015591745484338948,0.984408254515661
0,0,0.9911631874230277,0.008836812576972296
1,1,0.14575331378731915,0.8542466862126809
0,0,0.7619572149748337,0.23804278502516632
1,1,0.1422482012578169,0.8577517987421831
1,1,0.1405320447433669,0.8594679552566331
0,0,0.778249176168634,0.22175082383136605
0,0,0.7828995920819108,0.21710040791808913
1,1,0.014839698473334328,0.9851603015266657
1,0,0.7076593895250395,0.2923406104749605
0,0,0.7610957632413075,0.23890423675869255
1,1,0.14706818579940695,0.852931814200593
0,0,0.9037360135331466,0.0962639864668534
0,0,0.7872026620830936,0.21279733791690633
0,0,0.9904947894274346,0.009505210572565391
1,1,0.20402655179790785,0.7959734482020921
0,0,0.787027324415301,0.21297267558469898
1,0,0.793271475109099,0.20672852489090096
1,0,0.72443292688032,0.27556707311968004
0,1,0.1212053342560363,0.8787946657439637
0,0,0.7554648747659569,0.2445351252340431
0,1,0.1864874825360413,0.8135125174639587
1,1,0.16726300692585316,0.8327369930741468
0,0,0.9011971215442005,0.09880287845579953
1,1,0.09511606657225946,0.9048839334277405
1,1,0.01725879901934202,0.982741200980658
1,0,0.7462348362608381,0.2537651637391619
1,1,0.11659625323045597,0.883403746769544
0,0,0.9922085416261014,0.007791458373898649
1,1,0.15092221876693257,0.8490777812330674
0,0,0.8402870882696,0.1597129117304
0,0,0.8605396294472779,0.1394603705527221
1,1,0.19203959308447383,0.8079604069155262
1,0,0.7413327535471905,0.2586672464528095
0,0,0.8996995511295379,0.10030044887046204
1,1,0.12088764528527329,0.8791123547147267
0,0,0.8376635097296341,0.16233649027036584
0,0,0.8635322868318513,0.1364677131681486
0,1,0.1704643126035098,0.8295356873964902
0,1,0.12738479524055413,0.8726152047594459
0,0,0.5791746222473007,0.4208253777526993
0,0,0.7372548247909465,0.26274517520905344
0,0,0.8282431770841114,0.17175682291588862
0,0,0.7657024437046287,0.23429755629537136
0,0,0.7049207083222482,0.2950792916777518
0,0,0.9911353858588757,0.008864614141124235
0,0,0.9885699532246972,0.011430046775302793
0,0,0.7331159604543951,0.2668840395456049
1,1,0.006007880994177928,0.9939921190058221
0,0,0.8565148916409908,0.14348510835900913
0,0,0.8363546196955756,0.1636453803044245
0,0,0.7661433987573079,0.23385660124269214
1,1,0.020833314010036186,0.9791666859899638
1,1,0.007079114472440251,0.9929208855275597
0,0,0.7610642798881104,0.23893572011188952
0,0,0.8551683440220024,0.14483165597799758
1,1,0.014313303091100793,0.9856866969088992
0,0,0.9847424769220813,0.015257523077918679
1,1,0.20998296169677177,0.7900170383032282
1,1,0.2259094463382202,0.7740905536617798
1,1,0.014785574797384071,0.9852144252026159
1,1,0.11464929439231253,0.8853507056076875
1,1,0.018645593253725057,0.9813544067462749
1,0,0.7097155902823623,0.2902844097176377
1,1,0.10357990085632085,0.8964200991436791
1,0,0.7605288671714401,0.23947113282855986
0,1,0.1363652752332809,0.8636347247667191
0,1,0.12463455769965048,0.8753654423003495
1,1,0.12981463511332325,0.8701853648866767
0,0,0.7831794692859189,0.2168205307140812
1,0,0.7497825661851325,0.25021743381486744
1,0,0.7857461472912307,0.2142538527087693
0,0,0.8848636452225263,0.11513635477747373
0,0,0.8831857767382534,0.1168142232617466
0,0,0.8385281403142475,0.1614718596857525
0,1,0.19950447798075388,0.8004955220192461
1,1,0.14491824697148847,0.8550817530285115
1,1,0.1400563426220306,0.8599436573779694
1,1,0.1780760152485148,0.8219239847514852
0,0,0.8218067438269634,0.17819325617303658
1,1,0.10125181795352067,0.8987481820464793
1,1,0.014742635040192242,0.9852573649598078
1,1,0.04065211069677699,0.959347889303223
1,1,0.012596887839090187,0.9874031121609098
0,0,0.7760823605973499,0.22391763940265003
1,1,0.007825546867227362,0.9921744531327726
0,0,0.9351621556771221,0.06483784432287786
0,0,0.8570788741071212,0.14292112589287875
0,0,0.739399834769004,0.26060016523099605
1,1,0.13918114389714198,0.860818856102858
1,1,0.15817804498282118,0.8418219550171788
1,0,0.9035718798934482,0.09642812010655175
0,0,0.8125112141825597,0.18748878581744027
0,0,0.8566095376359979,0.1433904623640021
0,0,0.8447891932760802,0.15521080672391982
1,1,0.025295233005137474,0.9747047669948625
0,0,0.9904615606551656,0.009538439344834433
0,1,0.22756487934145575,0.7724351206585442
0,1,0.1206588861011163,0.8793411138988837
1,1,0.1378074665034732,0.8621925334965268
1,1,0.17946156896217413,0.8205384310378259
1,0,0.7715243876236468,0.2284756123763532
1,1,0.15061599592335717,0.8493840040766428
0,0,0.7722527564675927,0.22774724353240727
0,0,0.7031433922678187,0.29685660773218125
0,1,0.17252669939360843,0.8274733006063916
1,1,0.12846157491906118,0.8715384250809388
0,0,0.9838381084902783,0.01616189150972169
1,1,0.02027417605594839,0.9797258239440516
1,0,0.8422087212693958,0.15779127873060414
1,1,0.11467622594897897,0.885323774051021
0,0,0.894943013960916,0.10505698603908399
0,0,0.8641711922363222,0.13582880776367784
0,0,0.9297488072692451,0.07025119273075489
0,0,0.9916354740733799,0.008364525926620072
0,0,0.759848733149715,0.240151266850285
0,0,0.756369525997341,0.243630474002659
0,0,0.8701505314569988,0.12984946854300122
1,1,0.00730958955680705,0.992690410443193
0,0,0.8484009115185129,0.15159908848148712
0,0,0.8595980455357352,0.14040195446426482
0,0,0.78276087728249,0.21723912271751
1,0,0.7331717775485065,0.2668282224514935
0,0,0.8966124075078458,0.10338759249215426
1,1,0.15238650803101528,0.8476134919689847
1,1,0.07835151802315465,0.9216484819768453
1,1,0.18701681712571594,0.8129831828742841
0,0,0.8068254953357302,0.19317450466426977
1,0,0.8434531300143797,0.1565468699856203
1,1,0.162441889387267,0.837558110612733
0,0,0.7760296399912434,0.22397036000875659
1,1,0.17770433580524458,0.8222956641947554
0,0,0.8340854830021358,0.16591451699786425
0,0,0.9838319912633372,0.016168008736662753
1,1,0.2517874110028726,0.7482125889971274
0,0,0.7743641808637113,0.2256358191362887
1,1,0.15138435827332808,0.8486156417266719
1,1,0.008675265282405031,0.991324734717595
0,0,0.7870207998740814,0.21297920012591864
1,1,0.023213252711251853,0.9767867472887481
0,0,0.7553102216232199,0.2446897783767801
0,0,0.9936880485450009,0.006311951454999101
1,1,0.12132081376315007,0.8786791862368499
0,0,0.9867627515531459,0.013237248446854167
0,0,0.9348803850964041,0.06511961490359582
1,1,0.21491329655987534,0.7850867034401247
0,1,0.1618841149708692,0.8381158850291308
0,0,0.9035977786093795,0.09640222139062045
1,1,0.039724470490008046,0.960275529509992
0,0,0.8579029329578564,0.14209706704214367
1,0,0.756791239293295,0.24320876070670502
0,0,0.7871005234621284,0.2128994765378716
0,0,0.85170080550786,0.14829919449214005
1,1,0.015196178614474753,0.9848038213855252
0,0,0.7985286101948081,0.2014713898051919
1,1,0.022914041460495804,0.9770859585395042
0,0,0.7891980260478066,0.2108019739521934
1,1,0.025520775257549033,0.974479224742451
0,0,0.753407249670095,0.246592750329905
0,0,0.7639126184025399,0.23608738159746012
0,0,0.7984689335380514,0.20153106646194863
1,0,0.8090712297645676,0.1909287702354324
0,0,0.7792581856882165,0.22074181431178355
1,1,0.018860737362710545,0.9811392626372895
0,0,0.7535400343511041,0.24645996564889594
0,0,0.9923600924798222,0.007639907520177851
1,0,0.823619950386477,0.17638004961352308
0,0,0.9062329105647848,0.09376708943521521
0,0,0.7567597248048503,0.24324027519514968
0,0,0.8335855285780459,0.16641447142195412
1,1,0.24155301141920738,0.7584469885807926
1,1,0.1394801499560021,0.8605198500439979
1,1,0.17928196867185797,0.820718031328142
0,0,0.873601679978155,0.1263983200218451
0,0,0.817092781520784,0.18290721847921595
1,1,0.006787326888143763,0.9932126731118562
1,1,0.009296525364481667,0.9907034746355183
0,0,0.9943654349477301,0.005634565052269858
1,1,0.13267947773464406,0.8673205222653559
0,1,0.22387456246505189,0.7761254375349481
0,1,0.11374182761123197,0.886258172388768
0,0,0.7733307056412768,0.22666929435872318
1,1,0.018267246491921685,0.9817327535080783
1,1,0.013060580931114951,0.986939419068885
0,0,0.7385787216179346,0.2614212783820654
0,0,0.7467087690449201,0.25329123095507994
0,0,0.9122165864363891,0.08778341356361082
1,1,0.013082449821770092,0.9869175501782299
1,1,0.12099577469302425,0.8790042253069758
1,1,0.3383587287786566,0.6616412712213434
1,1,0.09710574339702571,0.9028942566029743
1,1,0.011118048649602308,0.9888819513503977
1,1,0.1438661838494143,0.8561338161505857
1,1,0.13743486655344928,0.8625651334465507
0,1,0.1506588051625678,0.8493411948374322
1,1,0.14063838136307283,0.8593616186369272
0,0,0.8084800091713603,0.1915199908286397
0,0,0.8747696178745441,0.12523038212545584
0,0,0.936767392608979,0.06323260739102093
1,1,0.09079500685278763,0.9092049931472124
0,0,0.7288502419284578,0.2711497580715422
0,0,0.8758383715466167,0.12416162845338324
1,1,0.09491189776375564,0.9050881022362444
1,1,0.24221960860282366,0.7577803913971763
1,0,0.833357322306101,0.16664267769389893
0,0,0.9913584855781922,0.008641514421807881
0,0,0.9912199310268306,0.00878006897316942
1,1,0.023207485267058736,0.9767925147329413
0,0,0.7625686765935635,0.23743132340643644
0,0,0.8465725420392987,0.15342745796070137
1,1,0.15896603548636445,0.8410339645136355
0,1,0.20851032894151622,0.7914896710584838
0,0,0.9933495214644044,0.0066504785355956065
1,1,0.015418126736800097,0.9845818732631999
0,0,0.9829240493650622,0.017075950634937786
0,0,0.7352693755969221,0.26473062440307793
0,1,0.16678710974506916,0.8332128902549308
0,0,0.8473007629538745,0.15269923704612554
1,1,0.05809398851230241,0.9419060114876976
1,1,0.0549658325079001,0.9450341674920999
0,0,0.8226072237494196,0.17739277625058034
1,1,0.17270987973553387,0.8272901202644661
0,0,0.9911181290657135,0.00888187093428655
0,0,0.7649744850600273,0.2350255149399727
1,1,0.1270385388510572,0.8729614611489428
0,0,0.8582264777863694,0.14177352221363063
1,0,0.7471705930972409,0.2528294069027591
1,1,0.022044843046419627,0.9779551569535804
0,0,0.862250592822022,0.137749407177978
0,0,0.7695210558884281,0.23047894411157185
0,0,0.897963281749246,0.102036718250754
1,1,0.016273539125997827,0.9837264608740022
0,0,0.7672051189912905,0.23279488100870951
1,1,0.06757634510897814,0.9324236548910219
0,0,0.843157394482325,0.15684260551767498
1,1,0.038130616403921014,0.961869383596079
1,0,0.7779278266910363,0.2220721733089637
1,1,0.16901986474255193,0.8309801352574481
0,0,0.7934352825534335,0.20656471744656643
1,1,0.02290021189064806,0.9770997881093519
0,0,0.6812350123453603,0.3187649876546397
1,1,0.10669416680033939,0.8933058331996606
1,1,0.014498456443514551,0.9855015435564854
0,0,0.7483810364443234,0.2516189635556766
0,0,0.7651793114825466,0.23482068851745344
1,1,0.010048076820109886,0.9899519231798901
1,1,0.16307912919968515,0.8369208708003149
0,0,0.7926383265443224,0.20736167345567752
0,0,0.8141172692398736,0.1858827307601264
0,0,0.8490712587342305,0.1509287412657695
0,0,0.8025164408151846,0.19748355918481544
0,1,0.1302272542112658,0.8697727457887342
1,0,0.7582750911532232,0.24172490884677683
1,1,0.1443844665905416,0.8556155334094584
1,1,0.009392100695602368,0.9906078993043976
1,1,0.021625623737711708,0.9783743762622883
1,1,0.16121869046950466,0.8387813095304953
1,1,0.018743304537256256,0.9812566954627437
0,0,0.765003020911462,0.23499697908853806
1,1,0.016839372167780087,0.9831606278322199
0,1,0.2240919086468094,0.7759080913531906
1,1,0.020535017511588816,0.9794649824884112
1,1,0.1277858717100423,0.8722141282899577
0,1,0.059802655360143286,0.9401973446398567
0,0,0.7586620469502228,0.24133795304977718
0,0,0.8445460536217722,0.15545394637822785
0,0,0.942560859693187,0.05743914030681293
0,0,0.8075329674374525,0.1924670325625475
1,1,0.016262200449054465,0.9837377995509455
1,1,0.16168706918127873,0.8383129308187213
1,1,0.1410181708229442,0.8589818291770558
1,1,0.16635602986685283,0.8336439701331472
1,0,0.7564440804151639,0.24355591958483613
1,1,0.018140765008164528,0.9818592349918355
1,1,0.013854012549184613,0.9861459874508154
0,0,0.7391595020416882,0.26084049795831177
1,1,0.10012179460234716,0.8998782053976528
0,0,0.8660472244591007,0.13395277554089935
1,1,0.13490847184005395,0.865091528159946
1,1,0.08352259512266746,0.9164774048773325
1,0,0.7321737432378731,0.2678262567621269
0,0,0.7528046845033067,0.24719531549669324
0,0,0.7619174200434939,0.23808257995650606
0,0,0.8649735707124773,0.1350264292875228
1,1,0.07468476084414954,0.9253152391558505
0,0,0.7514884847454552,0.24851151525454482
1,1,0.15127175686400973,0.8487282431359903
1,0,0.7773178221232354,0.22268217787676456
0,0,0.8812799821494544,0.1187200178505456
1,1,0.13849134952163356,0.8615086504783664
0,0,0.992214697037271,0.007785302962728903
1,1,0.12577168031697084,0.8742283196830292
0,0,0.7652406933208503,0.2347593066791497
0,0,0.7607823532916291,0.2392176467083709
1,1,0.16722511365516912,0.8327748863448309
1,1,0.006207830149507987,0.993792169850492
0,0,0.7824108151073417,0.21758918489265838
0,0,0.9853752022825497,0.01462479771745034
1,1,0.008047558276193745,0.9919524417238063
0,0,0.8600984167163109,0.13990158328368907
0,0,0.7725003382845758,0.22749966171542427
1,1,0.17862797515055018,0.8213720248494498
0,0,0.852919711226426,0.1470802887735741
0,0,0.798106524266405,0.20189347573359495
0,0,0.9146442273458333,0.08535577265416666
0,0,0.7497748468461308,0.2502251531538692
0,0,0.7608505175454041,0.23914948245459589
0,0,0.8878134452719325,0.11218655472806748
0,0,0.7842970435399926,0.2157029564600074
0,0,0.8024753081630045,0.1975246918369955
1,1,0.008284358024855498,0.9917156419751445
1,0,0.7461694296353072,0.25383057036469286
1,0,0.7668689599933941,0.23313104000660587
0,0,0.8617282423774795,0.1382717576225205
0,0,0.8238506407459691,0.17614935925403089
1,0,0.7743642525823967,0.2256357474176033
0,0,0.8923313068169088,0.10766869318309127
1,1,0.19776189374038977,0.8022381062596102
0,0,0.9879361672838906,0.012063832716109453
1,0,0.8149612316173234,0.1850387683826766
1,0,0.7016354790088588,0.29836452099114114
1,1,0.015286731029810596,0.9847132689701894
0,0,0.9379000996418013,0.062099900358198706
0,0,0.8539397795135424,0.14606022048645761
0,0,0.9924086123316392,0.007591387668360736
1,1,0.015521777419106098,0.9844782225808939
1,1,0.1289127535339234,0.8710872464660766
1,1,0.026469031008457766,0.9735309689915422
0,0,0.8326052230491872,0.1673947769508128
1,1,0.007959454945881017,0.992040545054119
0,0,0.8572024705377395,0.14279752946226057
0,0,0.8726978258246164,0.12730217417538356
0,0,0.8312576081271518,0.16874239187284826
0,0,0.9254177681325475,0.0745822318674525
1,0,0.8213562973713948,0.1786437026286052
0,0,0.7478877599915947,0.2521122400084052
1,1,0.19145876597995226,0.8085412340200477
0,1,0.09347969958618163,0.9065203004138184
1,0,0.8911481825607794,0.10885181743922051
0,0,0.709647775604095,0.290352224395905
1,1,0.21102260967034514,0.7889773903296549
0,0,0.8549722788037696,0.14502772119623042
1,1,0.4739105993722037,0.5260894006277963
0,1,0.18278323977423816,0.8172167602257618
0,0,0.8219970163061127,0.17800298369388734
0,0,0.9064421649675937,0.09355783503240629
1,1,0.11706053844338637,0.8829394615566136
0,1,0.22421713673673516,0.7757828632632648
0,0,0.8815045213938573,0.1184954786061427
1,1,0.01644068473540239,0.9835593152645976
1,1,0.13339269106677287,0.8666073089332271
1,1,0.016382061726332164,0.9836179382736678
0,0,0.771730132326773,0.22826986767322696
0,0,0.7581230661888503,0.24187693381114966
0,0,0.908562441004169,0.09143755899583098
0,0,0.750243640520716,0.24975635947928404
0,0,0.7719426627750583,0.22805733722494168
1,1,0.15496662364721703,0.845033376352783
0,0,0.8275529467723273,0.17244705322767273
0,0,0.7536671868902365,0.24633281310976346
1,1,0.1460843283242711,0.8539156716757289
0,0,0.8220468309927605,0.17795316900723945
1,1,0.09155651826571165,0.9084434817342883
0,0,0.9899039823571855,0.010096017642814509
0,0,0.7269898589959065,0.27301014100409354
1,0,0.7970375218278978,0.2029624781721022
0,0,0.9908691476618399,0.009130852338160115
1,1,0.011662347810222906,0.9883376521897771
0,0,0.7412408803112365,0.25875911968876353
0,0,0.882302264558124,0.117697735441876
1,1,0.1723738074873693,0.8276261925126307
1,1,0.17336577001823839,0.8266342299817616
1,1,0.0149728327905575,0.9850271672094425
1,1,0.18521280011280983,0.8147871998871902
0,0,0.9894957744190103,0.010504225580989736
1,0,0.6954522299398576,0.3045477700601425
0,0,0.8357550711878131,0.16424492881218686
1,1,0.08500169048752848,0.9149983095124715
0,0,0.9169969898936909,0.08300301010630909
1,1,0.15358884950749618,0.8464111504925038
1,1,0.06357603933570899,0.936423960664291
1,1,0.014893876414797336,0.9851061235852027
1,1,0.1656635375237221,0.8343364624762779
0,0,0.8373441013831874,0.16265589861681262
0,0,0.7637479629673273,0.23625203703267275
0,0,0.76555771383208,0.23444228616791993
1,1,0.015715767917762413,0.9842842320822376
1,0,0.7701746053714604,0.22982539462853954
1,1,0.15787013821980567,0.8421298617801943
0,1,0.1571145653982402,0.8428854346017598
1,0,0.7909408102643205,0.20905918973567955
0,0,0.7893987366103721,0.21060126338962795
1,0,0.7657897209086633,0.23421027909133674
0,1,0.08616352324244092,0.9138364767575591
1,1,0.1651098090870442,0.8348901909129558
1,1,0.17320359780381167,0.8267964021961883
1,1,0.01024181610202457,0.9897581838979754
1,1,0.13953198063388927,0.8604680193661107
0,1,0.10979486912810699,0.890205130871893
0,0,0.8618117874288632,0.13818821257113675
1,1,0.13219551730985935,0.8678044826901407
1,1,0.025531271947912715,0.9744687280520873
0,0,0.8424523734203985,0.1575476265796015
0,1,0.09836301268560232,0.9016369873143977
1,1,0.1348449573828171,0.8651550426171829
1,1,0.10822616470897706,0.8917738352910229
1,1,0.08590643331400027,0.9140935666859997
1,1,0.11472325089768531,0.8852767491023147
1,1,0.18332076509676642,0.8166792349032336
0,0,0.7442726777452098,0.25572732225479017
1,0,0.7620597842921764,0.2379402157078237
0,0,0.751800221915823,0.248199778084177
0,1,0.2011487412217513,0.7988512587782487
1,1,0.12499612745277,0.87500387254723
0,0,0.809479373501191,0.19052062649880896
0,0,0.7870578825412371,0.21294211745876293
0,0,0.8171996290031803,0.18280037099681964
1,0,0.779707202824913,0.22029279717508699
1,1,0.17855065681766846,0.8214493431823315
1,1,0.01769081603753997,0.98230918396246
1,1,0.18145496666122285,0.8185450333387772
1,1,0.16474885895691915,0.8352511410430808
1,1,0.13294402107921766,0.8670559789207823
0,0,0.8227565027803814,0.1772434972196186
1,0,0.7861525465738571,0.21384745342614286
1,0,0.8556220414002218,0.1443779585997782
1,1,0.0813860114101076,0.9186139885898924
0,0,0.7672885623290457,0.23271143767095423
0,0,0.8286370550760849,0.17136294492391507
0,0,0.7825095387395604,0.21749046126043964
1,1,0.14186610337861127,0.8581338966213887
0,0,0.8521473350458068,0.14785266495419327
1,1,0.17225445951687468,0.8277455404831253
1,0,0.7304110934634611,0.26958890653653883
1,0,0.75145109032522,0.24854890967478005
0,0,0.9860556960304507,0.0139443039695493
1,1,0.014643798185330792,0.9853562018146692
0,0,0.7778277281109912,0.22217227188900882
1,1,0.01967385765878016,0.9803261423412198
0,0,0.7787081683620094,0.22129183163799063
1,1,0.007688341048270431,0.9923116589517296
1,1,0.16246256895312783,0.8375374310468722
1,1,0.12841211786741136,0.8715878821325886
1,0,0.8167126763134066,0.18328732368659342
1,0,0.7831747641533642,0.2168252358466358
0,0,0.9114911364377222,0.08850886356227779
1,0,0.8312899355702468,0.16871006442975325
1,1,0.15551279265806328,0.8444872073419367
0,0,0.9619600618738219,0.03803993812617811
0,0,0.7386516370354101,0.2613483629645898
1,1,0.031164248588808396,0.9688357514111916
0,0,0.9829728334591827,0.01702716654081728
0,1,0.2123068728585903,0.7876931271414097
1,1,0.1643240338646964,0.8356759661353036
1,1,0.012716136682045187,0.9872838633179548
0,0,0.9448192577418021,0.05518074225819788
1,1,0.007434740128236861,0.9925652598717631
1,0,0.8232844823494745,0.17671551765052546
0,0,0.7878516281769588,0.21214837182304122
0,0,0.7517351442270663,0.24826485577293372
1,1,0.1238260640190213,0.8761739359809787
1,0,0.7660483785203995,0.23395162147960044
1,1,0.12443037962424619,0.8755696203757538
1,0,0.841801637788548,0.15819836221145206
0,0,0.8804016877118265,0.11959831228817352
1,1,0.1295888032720569,0.8704111967279431
0,0,0.980143814100779,0.01985618589922104
1,1,0.013610879359767902,0.9863891206402321
0,0,0.8433561689534241,0.15664383104657584
0,0,0.7553900803522575,0.24460991964774248
0,0,0.9281823275890785,0.07181767241092156
1,1,0.20255780846248717,0.7974421915375128
1,1,0.19733909192171029,0.8026609080782897
1,1,0.010020627807554083,0.9899793721924459
1,1,0.14049520747183397,0.859504792528166
0,0,0.9882378779450749,0.011762122054925134
0,0,0.7497510477487745,0.25024895225122545
0,0,0.7449370292689724,0.25506297073102757
0,0,0.7385893519763873,0.26141064802361275
0,0,0.7630097816256773,0.23699021837432266
0,0,0.7666802462788934,0.2333197537211066
0,0,0.9902265632601566,0.00977343673984345
0,0,0.9896702167408515,0.01032978325914847
0,0,0.7735056309576804,0.22649436904231962
1,1,0.12601745365581252,0.8739825463441875
1,1,0.013142675488207134,0.9868573245117929
0,0,0.7832499611775874,0.2167500388224126
0,0,0.7467561619692207,0.25324383803077927
1,1,0.02164881061984969,0.9783511893801503
1,1,0.11887226574720167,0.8811277342527983
1,1,0.20528383084720936,0.7947161691527906
0,0,0.8418890418646179,0.15811095813538217
0,0,0.7833594562772758,0.21664054372272426
0,0,0.8827662554007487,0.11723374459925129
0,0,0.8560807519251235,0.14391924807487652
1,0,0.7498185759238853,0.2501814240761147
1,1,0.01437048366258864,0.9856295163374114
1,1,0.016432390605965574,0.9835676093940344
0,0,0.7643235589599952,0.23567644104000482
0,0,0.8391533876435426,0.1608466123564573
0,0,0.7394298843966657,0.2605701156033343
0,0,0.7920170471955064,0.2079829528044937
0,0,0.8316756094522317,0.1683243905477683
1,1,0.08477972779508602,0.915220272204914
0,1,0.16130145546556285,0.8386985445344372
0,0,0.9927189930403018,0.007281006959698268
1,1,0.010973468919720397,0.9890265310802796
0,0,0.8334751388643313,0.16652486113566872
0,0,0.8021480484340774,0.19785195156592264
1,0,0.8481183863252242,0.15188161367477576
0,0,0.8409757520065033,0.15902424799349668
0,0,0.7589314463638973,0.24106855363610272
0,0,0.826447567855398,0.17355243214460206
0,0,0.8068660574275179,0.193133942572482
1,1,0.14992383196885306,0.8500761680311469
1,1,0.18147581714226646,0.8185241828577335
1,1,0.1948619938600632,0.8051380061399368
1,1,0.10865718727284235,0.8913428127271577
0,1,0.11296164834324363,0.8870383516567564
0,0,0.8591675757353163,0.14083242426468373
0,0,0.8645520374000357,0.13544796259996428
1,1,0.14069888294078492,0.8593011170592151
1,1,0.13488018573147642,0.8651198142685236
1,1,0.013102411491744514,0.9868975885082555
0,0,0.8285215628156453,0.1714784371843548
1,1,0.011900901489996674,0.9880990985100033
0,0,0.9922365459298657,0.007763454070134291
0,0,0.6937122601682384,0.3062877398317616
1,1,0.018526647172848243,0.9814733528271518
1,1,0.15669261879580842,0.8433073812041916
0,0,0.8698801757395764,0.13011982426042354
0,0,0.8612895554221323,0.13871044457786774
0,0,0.7455723127123475,0.25442768728765247
1,1,0.2574149915793825,0.7425850084206175
0,0,0.8936392801785705,0.10636071982142943
1,1,0.026405602228495084,0.9735943977715049
0,1,0.43939556419110093,0.5606044358088991
1,1,0.14051109860325584,0.8594889013967442
0,0,0.8544231172943817,0.1455768827056183
0,0,0.8183944257127711,0.18160557428722893
0,0,0.8497345381305503,0.15026546186944964
0,0,0.7709978683605169,0.22900213163948313
1,0,0.7669582455711864,0.2330417544288136
1,1,0.17908045825449037,0.8209195417455096
0,0,0.8013978126702427,0.19860218732975732
1,1,0.018150932944125175,0.9818490670558748
1,1,0.1375697953120666,0.8624302046879334
0,0,0.8542911282179341,0.14570887178206596
1,1,0.107196306243862,0.892803693756138
1,0,0.8252659212033758,0.17473407879662417
1,1,0.20432552959138128,0.7956744704086187
1,1,0.02127387051162355,0.9787261294883765
1,1,0.1449246588169446,0.8550753411830554
1,1,0.2215996896084943,0.7784003103915057
0,0,0.9105332035826612,0.08946679641733883
1,0,0.8333969642181347,0.16660303578186528
0,0,0.7469763625408015,0.25302363745919854
1,1,0.08185109243596478,0.9181489075640352
1,1,0.017064874855508116,0.9829351251444919
1,1,0.13235589288487892,0.8676441071151211
1,1,0.007998378630243774,0.9920016213697562
1,0,0.7300574762160988,0.26994252378390116
1,1,0.023859309186564315,0.9761406908134357
0,0,0.7237575857387412,0.27624241426125884
0,0,0.814781665515466,0.18521833448453393
0,0,0.7457949462336497,0.2542050537663502
0,0,0.7394787065389856,0.2605212934610143
1,1,0.13854492293129084,0.8614550770687092
0,0,0.9866713814103084,0.013328618589691602
1,1,0.011359651236645063,0.9886403487633549
0,0,0.7554697294196563,0.24453027058034368
0,0,0.8481777005203859,0.15182229947961412
0,0,0.9896557392553702,0.01034426074462982
0,0,0.7681976928913302,0.2318023071086698
0,1,0.028149526550977244,0.9718504734490228
1,1,0.12782500115852313,0.8721749988414769
1,0,0.7713565486150351,0.22864345138496495
0,0,0.7611808805769936,0.23881911942300635
1,1,0.023084257294900157,0.9769157427050998
1,1,0.21711457929526268,0.7828854207047373
1,1,0.154323918770362,0.845676081229638
1,1,0.14047259137036539,0.8595274086296346
0,0,0.7839593284833022,0.2160406715166978
1,1,0.014949122599731246,0.9850508774002688
0,1,0.17716761054568475,0.8228323894543152
0,0,0.7522456273417615,0.24775437265823852
0,0,0.7676876818075526,0.23231231819244738
0,0,0.8787924111018284,0.12120758889817157
1,1,0.12441490073929484,0.8755850992607052
1,1,0.02410595966586082,0.9758940403341392
1,1,0.02305547244151196,0.976944527558488
1,0,0.7684301563872008,0.23156984361279917
0,0,0.749026235315571,0.25097376468442906
0,0,0.7851723368227103,0.2148276631772897
1,0,0.8565801302064597,0.14341986979354027
0,0,0.8633735777500054,0.13662642224999455
1,1,0.0195714411845338,0.9804285588154662
0,0,0.766261359036198,0.2337386409638021
0,0,0.7155649798054716,0.2844350201945284
1,1,0.12925769602507853,0.8707423039749215
0,0,0.8621924655467961,0.13780753445320398
1,1,0.12754175309894156,0.8724582469010584
0,0,0.992290000575457,0.00770999942454296
0,0,0.9011013427386757,0.09889865726132428
0,0,0.7575899040340305,0.2424100959659695
0,0,0.8136461877035404,0.18635381229645961
0,0,0.7520870283052234,0.24791297169477655
1,1,0.01983376670881898,0.980166233291181
1,1,0.24574536859030205,0.754254631409698
0,0,0.8022428230629001,0.1977571769370999
0,0,0.9013231465000792,0.09867685349992085
0,0,0.7720098971500228,0.22799010284997726
1,1,0.16447435795237708,0.8355256420476229
1,1,0.019679347771534683,0.9803206522284653
1,1,0.01080978620055395,0.989190213799446
1,1,0.4846346608181924,0.5153653391818076
0,0,0.8376271089343269,0.16237289106567307
0,0,0.8817320109987122,0.11826798900128775
0,0,0.8883256243879942,0.11167437561200577
0,0,0.784581649579447,0.21541835042055305
0,1,0.16675071239694095,0.833249287603059
1,1,0.0845496808262699,0.9154503191737301
1,1,0.1415535031323214,0.8584464968676786
1,1,0.11649493090576957,0.8835050690942304
0,0,0.7547984873307148,0.2452015126692853
1,1,0.07732094081886676,0.9226790591811332
0,0,0.8098581766414339,0.19014182335856608
0,0,0.7655450978897851,0.23445490211021486
1,0,0.8293577700635228,0.1706422299364772
1,1,0.1748303454354756,0.8251696545645244
1,1,0.020181845578083668,0.9798181544219163
0,0,0.8401039154250873,0.15989608457491267
0,0,0.9920102801582545,0.007989719841745442
0,0,0.887751226979939,0.11224877302006094
0,0,0.9906970645572607,0.009302935442739274
1,1,0.10367033228226452,0.8963296677177355
1,1,0.09028986524713367,0.9097101347528663
0,1,0.18098231472148596,0.819017685278514
0,0,0.8693169419612373,0.13068305803876265
1,1,0.00822203388139009,0.9917779661186099
0,0,0.9160583138459499,0.08394168615405011
1,0,0.8824114188832508,0.11758858111674916
0,0,0.810565412557643,0.18943458744235694
0,0,0.7671279083474662,0.2328720916525338
1,1,0.009720195771402818,0.9902798042285972
1,1,0.10465401364271099,0.895345986357289
0,0,0.7917229965623378,0.20827700343766214
0,0,0.7557931834937505,0.24420681650624954
1,1,0.01637186238681987,0.9836281376131801
1,1,0.01797425731594171,0.9820257426840583
1,1,0.026172308254198473,0.9738276917458015
0,0,0.992460229015416,0.007539770984584068
1,1,0.1772444646235053,0.8227555353764947
1,1,0.11125676966646547,0.8887432303335345
1,1,0.09740259052105771,0.9025974094789423
1,1,0.1631734748576943,0.8368265251423057
1,1,0.1232493799557467,0.8767506200442533
0,0,0.7897263517761819,0.21027364822381814
1,1,0.11014156745136594,0.8898584325486341
1,0,0.7616830997912637,0.23831690020873628
0,0,0.9944981570133878,0.0055018429866121555
1,1,0.20983908942164953,0.7901609105783505
0,0,0.8459909557118681,0.15400904428813192
0,0,0.9350039304326389,0.06499606956736119
1,1,0.0846240522816164,0.9153759477183836
0,0,0.8075685568153838,0.19243144318461625
0,1,0.17334629273506763,0.8266537072649324
0,0,0.7549613636838319,0.24503863631616804
0,0,0.9896502714051566,0.010349728594843394
0,0,0.7615628921189768,0.23843710788102324
1,1,0.018596448487483208,0.9814035515125168
1,1,0.016807742378217472,0.9831922576217825
1,1,0.16734935201883516,0.8326506479811648
0,0,0.9896761406308475,0.010323859369152456
0,0,0.9923544003643219,0.007645599635678118
1,1,0.15164876226374113,0.8483512377362589
0,0,0.9934608576084882,0.0065391423915117505
1,1,0.21639859689616658,0.7836014031038334
0,0,0.7963277018662247,0.20367229813377527
0,0,0.7481628772574291,0.2518371227425709
1,1,0.12335335454220298,0.876646645457797
1,0,0.7683550681051761,0.231644931894824
1,1,0.17698938467159353,0.8230106153284065
0,0,0.7520130722126794,0.24798692778732054
1,1,0.1784690883965201,0.8215309116034799
1,1,0.13520235293690896,0.864797647063091
1,1,0.006255958676106399,0.9937440413238936
0,0,0.7387530784007996,0.26124692159920043
0,0,0.8892782519392392,0.11072174806076081
0,0,0.8867999549158451,0.11320004508415495
0,0,0.8412053616863697,0.15879463831363025
1,1,0.09127320062338917,0.9087267993766108
0,1,0.11806469028690803,0.881935309713092
0,0,0.796888354661385,0.20311164533861498
0,0,0.7696495739606188,0.2303504260393811
1,1,0.11934548629417552,0.8806545137058245
1,1,0.1641152299198867,0.8358847700801133
0,0,0.832065121611324,0.167934878388676
0,0,0.9857868689306741,0.014213131069325877
1,1,0.18421416149401526,0.8157858385059847
1,1,0.026126653505079145,0.9738733464949209
1,1,0.01080503627823981,0.9891949637217602
0,0,0.8501097510794029,0.14989024892059707
0,0,0.7357282501665159,0.2642717498334841
0,0,0.9909850847147528,0.009014915285247282
1,1,0.43981677291036747,0.5601832270896325
0,0,0.874915355978488,0.125084644021512
0,0,0.7905742733123184,0.2094257266876815
1,1,0.022804441491532046,0.977195558508468
1,1,0.020063967828269358,0.9799360321717306
1,1,0.186805636629353,0.813194363370647
0,0,0.9082761513632889,0.09172384863671111
0,0,0.7550675684657034,0.24493243153429653
1,1,0.16297505701867665,0.8370249429813233
1,1,0.15934782563435834,0.8406521743656417
0,0,0.7854243372183953,0.21457566278160464
1,0,0.7434896149407133,0.25651038505928675
1,1,0.2221543378218852,0.7778456621781148
0,0,0.7697748038057275,0.23022519619427248
0,0,0.7673346808041317,0.2326653191958683
1,1,0.1591792529022622,0.8408207470977378
0,0,0.9886864761734337,0.011313523826566302
1,1,0.007123222100486881,0.9928767778995131
0,1,0.22651187450430987,0.7734881254956901
1,1,0.11123912864834817,0.8887608713516518
1,1,0.16087090847077856,0.8391290915292214
0,0,0.8225959900284203,0.17740400997157965
1,1,0.01609357937933964,0.9839064206206604
0,0,0.8684739420993772,0.1315260579006228
0,0,0.9910205289813423,0.008979471018657707
0,0,0.7976946413224502,0.20230535867754978
1,1,0.11695392940148541,0.8830460705985146
0,0,0.8329051707747779,0.1670948292252221
0,0,0.7775781756224851,0.22242182437751487
1,1,0.007966902301418832,0.9920330976985812
1,0,0.7887791391657143,0.21122086083428568
0,0,0.8328218446617541,0.16717815533824582
0,0,0.708318795735208,0.29168120426479205
1,1,0.13467108712734865,0.8653289128726513
1,1,0.14298965873270542,0.8570103412672946
1,0,0.9237669835450742,0.07623301645492576
1,0,0.7757668442540759,0.2242331557459241
0,1,0.0936220434927354,0.9063779565072646
0,0,0.7711896863896293,0.22881031361037074
1,1,0.126163247303549,0.873836752696451
1,1,0.02373039939175481,0.9762696006082452
1,1,0.026159999265914946,0.973840000734085
0,1,0.166959281614245,0.833040718385755
0,0,0.8004498072563654,0.19955019274363464
0,0,0.7735486671165851,0.22645133288341487
0,0,0.7545071970717699,0.24549280292823003
1,1,0.008652640968928371,0.9913473590310716
1,0,0.7427050060769685,0.25729499392303146
0,1,0.16957435018695688,0.8304256498130431
0,0,0.9350643456763184,0.0649356543236817
0,0,0.9886445309312348,0.011355469068765193
0,0,0.9914935062355309,0.008506493764469053
0,1,0.20980160955435267,0.7901983904456473
0,0,0.7299226741225925,0.2700773258774075
0,0,0.7282320616978546,0.27176793830214546
0,0,0.7703773201511117,0.22962267984888826
0,0,0.9924535598606763,0.007546440139323682
1,1,0.023457928512831017,0.976542071487169
0,0,0.7677897936990852,0.23221020630091482
0,0,0.8484286464692747,0.15157135353072523
1,1,0.020556025638967634,0.9794439743610324
1,1,0.10869603706568065,0.8913039629343193
0,0,0.8836250217786517,0.11637497822134839
1,1,0.13334710172223152,0.8666528982777685
1,1,0.08607148706093326,0.9139285129390667
0,0,0.6846996480297525,0.3153003519702475
0,0,0.9826372997205683,0.017362700279431625
0,0,0.7578104034079107,0.24218959659208922
1,1,0.026884637654627674,0.9731153623453723
0,0,0.7814171408206696,0.2185828591793304
0,1,0.15902221201100397,0.840977787988996
1,1,0.023188725923276587,0.9768112740767234
0,0,0.9790438439137311,0.020956156086268905
1,1,0.019698559025874585,0.9803014409741254
1,1,0.03752070366709204,0.962479296332908
0,0,0.8559851008559548,0.14401489914404517
1,0,0.7852353753408364,0.21476462465916357
1,1,0.02329123221568541,0.9767087677843146
0,0,0.782486398890687,0.21751360110931292
1,1,0.1464401900474389,0.8535598099525611
0,0,0.9890107652377975,0.010989234762202454
0,0,0.7354937079091117,0.2645062920908883
0,0,0.8112427062470383,0.1887572937529617
1,1,0.1724925906767475,0.8275074093232525
0,0,0.7902722845865837,0.20972771541341625
0,0,0.7612433222134114,0.23875667778658857
1,1,0.12989596370715162,0.8701040362928484
0,0,0.8865308134659957,0.11346918653400431
1,0,0.8894031039801722,0.11059689601982775
0,0,0.9018272175573088,0.09817278244269127
0,1,0.11616673784516662,0.8838332621548334
1,1,0.02437661195106111,0.9756233880489389
1,1,0.007194859505287199,0.9928051404947128
1,1,0.013041105938137565,0.9869588940618624
0,0,0.704266307773209,0.29573369222679097
0,0,0.9056281395683325,0.0943718604316675
1,1,0.16069592156772328,0.8393040784322767
0,0,0.835843587070471,0.16415641292952904
1,1,0.12121477377964862,0.8787852262203514
1,1,0.1014993966044695,0.8985006033955305
0,0,0.7306502973398483,0.2693497026601516
0,0,0.8668625978339033,0.1331374021660967
0,0,0.8504642515289229,0.1495357484710771
1,1,0.01819582647696727,0.9818041735230327
1,1,0.22978317696725503,0.770216823032745
1,1,0.006422363136612708,0.9935776368633873
0,0,0.8401611341533843,0.15983886584661572
0,0,0.7256160370170868,0.2743839629829133
0,0,0.7773830588643962,0.22261694113560385
1,1,0.22810585041172882,0.7718941495882712
0,0,0.8415472560300928,0.15845274396990713
0,0,0.8202188296261372,0.17978117037386282
1,0,0.7831348931668851,0.21686510683311483
0,0,0.8711611076657333,0.12883889233426665
0,1,0.5420875344003371,0.457912465599663
0,0,0.8115066676470444,0.18849333235295565
1,1,0.014318170512037987,0.985681829487962
0,1,0.12970854852147795,0.870291451478522
0,1,0.12852243892771154,0.8714775610722885
1,0,0.7783204103622166,0.22167958963778345
1,1,0.20140503816280197,0.798594961837198
0,0,0.8563367468363665,0.14366325316363346
1,0,0.8021726781181727,0.19782732188182725
0,0,0.990229829623447,0.00977017037655305
1,1,0.1882247670505528,0.8117752329494472
0,0,0.9853646113263627,0.014635388673637334
0,0,0.9330253662446484,0.06697463375535159
1,1,0.15758015248767754,0.8424198475123225
1,1,0.1341942621469101,0.8658057378530899
0,0,0.9925616551102757,0.007438344889724301
1,1,0.15471461840256462,0.8452853815974354
0,0,0.7633084719587493,0.2366915280412507
1,0,0.7043595300198782,0.2956404699801219
1,0,0.7888477803265441,0.2111522196734559
0,0,0.7625877646589067,0.23741223534109332
1,1,0.19668344985350605,0.803316550146494
1,1,0.0375866782187132,0.9624133217812868
1,1,0.023570959601278196,0.9764290403987218
1,1,0.018726655817469462,0.9812733441825305
1,1,0.18168338873022638,0.8183166112697736
1,1,0.12859157822094247,0.8714084217790575
0,0,0.7898686951496484,0.21013130485035156
1,1,0.15107907259876008,0.8489209274012399
1,1,0.14210046494956974,0.8578995350504303
0,0,0.7596770289529751,0.24032297104702488
1,1,0.023996927932391943,0.9760030720676081
1,0,0.849831163954151,0.15016883604584896
1,1,0.015063333557303937,0.9849366664426961
1,1,0.07332712644623574,0.9266728735537643
1,1,0.5119106050389134,0.4880893949610866
1,1,0.20780262517003179,0.7921973748299682
0,0,0.8433465754491183,0.15665342455088166
1,0,0.8155445841144642,0.18445541588553588
0,0,0.9943877573533864,0.00561224264661367
0,0,0.8600446346614892,0.1399553653385108
1,1,0.018654623088863342,0.9813453769111367
0,0,0.8933328523754349,0.10666714762456508
1,1,0.1423301252218805,0.8576698747781195
1,0,0.7684010621701866,0.23159893782981344
0,0,0.6911942795759813,0.3088057204240186
0,0,0.9915727671044203,0.008427232895579652
0,0,0.7779871211727725,0.22201287882722756
0,1,0.12532975561397708,0.8746702443860229
1,1,0.21786949792719967,0.7821305020728003
1,1,0.14003549373110014,0.8599645062688999
0,0,0.9556463982980107,0.044353601701989286
1,1,0.100168298082015,0.899831701917985
1,0,0.7275928075969249,0.27240719240307504
1,0,0.7570644331554865,0.24293556684451342
0,0,0.9784788096363256,0.02152119036367438
1,1,0.1188716385116223,0.8811283614883777
0,0,0.854380831291262,0.14561916870873803
1,0,0.7711282349747948,0.22887176502520526
1,1,0.01587415399098069,0.9841258460090193
0,0,0.7557327160389322,0.24426728396106775
0,1,0.15948917739185786,0.8405108226081421
1,1,0.07461453554719422,0.9253854644528058
0,0,0.7441135626722293,0.2558864373277707
1,1,0.16273152907471988,0.8372684709252801
1,1,0.02019777881252116,0.9798022211874788
0,1,0.10538334143701289,0.8946166585629871
0,0,0.7085707351246875,0.2914292648753125
0,0,0.9897236637733435,0.010276336226656486
1,1,0.17969673371144346,0.8203032662885565
0,0,0.7925879764054018,0.20741202359459815
0,0,0.9923558833090453,0.007644116690954672
0,0,0.9916869092356024,0.008313090764397537
0,0,0.7683305873553744,0.23166941264462562
0,0,0.9905771735361705,0.009422826463829541
0,0,0.7612295209142395,0.23877047908576057
0,0,0.9907651058239325,0.009234894176067491
1,1,0.14963502326711942,0.8503649767328806
0,0,0.9853903840512073,0.014609615948792757
0,0,0.7881569775224772,0.21184302247752282
0,0,0.7707605813942628,0.22923941860573718
0,0,0.9155064167506871,0.08449358324931291
1,1,0.10876434949356784,0.8912356505064322
1,0,0.7920215637485453,0.20797843625145468
0,0,0.7492458324658993,0.2507541675341007
0,0,0.8714321152498221,0.1285678847501779
1,1,0.11456861689447317,0.8854313831055268
1,0,0.7593913940004868,0.24060860599951323
1,0,0.7258404552514243,0.27415954474857573
1,0,0.7514573828534696,0.24854261714653034
0,0,0.9876785996174493,0.012321400382550642
0,0,0.9832798081516286,0.016720191848371334
0,0,0.9239293603907839,0.07607063960921613
1,1,0.23222727411418043,0.7677727258858196
1,1,0.11932964796161027,0.8806703520383897
1,1,0.023759608916728348,0.9762403910832717
0,1,0.5234105767848063,0.4765894232151937
1,1,0.022180351118866848,0.9778196488811332
1,1,0.020385646204451602,0.9796143537955484
0,0,0.7891465135968208,0.21085348640317927
0,0,0.6849355228965268,0.31506447710347313
0,0,0.7772566801641917,0.22274331983580828
0,0,0.8716859158168162,0.1283140841831838
0,0,0.7996642390636919,0.20033576093630817
0,0,0.7537093680515619,0.2462906319484382
0,0,0.7377198973601025,0.2622801026398976
0,0,0.9891897819509888,0.010810218049011215
1,1,0.08047968709585696,0.919520312904143
0,0,0.9358518682098522,0.06414813179014779
0,1,0.21058972377911223,0.7894102762208878
1,1,0.08445256218434427,0.9155474378156557
1,1,0.5326226593127381,0.46737734068726183
0,0,0.8496928710151299,0.15030712898487003
1,1,0.10782061874788218,0.8921793812521178
1,1,0.09309932795951603,0.906900672040484
0,0,0.658090234582097,0.34190976541790297
0,1,0.5030925491386956,0.4969074508613044
0,0,0.8337505349159546,0.16624946508404534
1,0,0.7424287727869954,0.25757122721300457
0,1,0.14268362858484396,0.857316371415156
0,0,0.7687321636615365,0.23126783633846346
0,0,0.7493266314767297,0.25067336852327027
0,0,0.7430962559944808,0.2569037440055192
1,1,0.11057019464396589,0.8894298053560341
0,1,0.08786314792236072,0.9121368520776393
0,0,0.8769502346117816,0.1230497653882184
0,0,0.8638661071854886,0.13613389281451138
1,0,0.8470456951658738,0.15295430483412617
1,0,0.835545089149516,0.16445491085048408
0,0,0.7603624716952899,0.23963752830471002
0,0,0.7652489918663595,0.2347510081336405
0,0,0.8172973150670109,0.18270268493298916
1,1,0.1401107681974808,0.8598892318025192
1,1,0.13039239741503306,0.8696076025849669
1,0,0.7471412896964205,0.2528587103035796
1,1,0.11819297565944786,0.8818070243405521
0,0,0.8515884668887231,0.1484115331112769
1,1,0.014135316921308982,0.985864683078691
1,1,0.1852004249441962,0.8147995750558038
0,0,0.8670359346647756,0.13296406533522442
0,0,0.764069088572856,0.2359309114271439
0,0,0.9498473590197433,0.050152640980256694
1,1,0.0063459773431571165,0.9936540226568429
1,0,0.7488940764900964,0.2511059235099036
0,0,0.780504785198928,0.21949521480107198
1,1,0.11108856807624568,0.8889114319237543
0,0,0.9837633512012517,0.01623664879874828
0,0,0.9943766702418332,0.0056233297581668226
0,0,0.8550495595716028,0.14495044042839725
1,1,0.23093488845224364,0.7690651115477564
0,0,0.7122248831471836,0.28777511685281637
0,0,0.8791392483827265,0.12086075161727355
1,1,0.014536008178731907,0.9854639918212681
0,0,0.762655782597569,0.23734421740243092
1,1,0.12013712299621693,0.8798628770037831
0,0,0.9865924233092789,0.013407576690721169
1,1,0.19099880640723277,0.8090011935927672
1,1,0.12300442008076229,0.8769955799192377
0,0,0.8763774382186861,0.12362256178131388
0,0,0.8085108044266944,0.19148919557330557
0,0,0.988991105103444,0.011008894896555939
1,1,0.016463149671922306,0.9835368503280777
1,1,0.14720024144905064,0.8527997585509494
1,1,0.007473412718888683,0.9925265872811113
0,0,0.7668557347617784,0.2331442652382216
1,1,0.017086808084942562,0.9829131919150574
0,0,0.7661119840628813,0.23388801593711872
1,0,0.7737233561690394,0.2262766438309606
0,0,0.8744751343075916,0.12552486569240837
0,0,0.7608813818897642,0.23911861811023577
0,0,0.8934107769096061,0.10658922309039387
1,1,0.1581300314095614,0.8418699685904386
1,1,0.2225997660973813,0.7774002339026187
1,1,0.2001501478766301,0.7998498521233699
1,1,0.012109651969225643,0.9878903480307744
0,0,0.9922876220796432,0.0077123779203568
0,0,0.9528647007380512,0.047135299261948795
0,0,0.9929285988648021,0.007071401135197852
0,0,0.8674415935993732,0.13255840640062677
0,0,0.8723557629221693,0.1276442370778307
0,0,0.9882438093843323,0.011756190615667655
0,0,0.833997173358522,0.16600282664147803
1,1,0.16988954600640305,0.830110453993597
0,0,0.8210672493697313,0.1789327506302687
0,1,0.09322991571849992,0.9067700842815001
0,0,0.7453521278721114,0.2546478721278886
1,1,0.01608853278218958,0.9839114672178104
1,0,0.8393111302175085,0.16068886978249156
1,1,0.1888030509744114,0.8111969490255886
0,0,0.8308516226691518,0.1691483773308482
1,1,0.2148869952435899,0.7851130047564101
1,1,0.1354154096355683,0.8645845903644317
0,0,0.8481237910768593,0.15187620892314074
1,1,0.1603765111362263,0.8396234888637737
0,0,0.7473884881447306,0.2526115118552695
1,1,0.17487129774518495,0.825128702254815
0,0,0.7762500845180977,0.2237499154819022
0,0,0.8421800056370446,0.15781999436295535
0,0,0.8524985413477335,0.14750145865226652
0,0,0.7441837130535655,0.25581628694643455
0,0,0.8733175082717203,0.12668249172827975
1,1,0.019150232710249848,0.9808497672897502
1,1,0.12641593723910194,0.8735840627608981
0,1,0.10890334115315559,0.8910966588468444
1,1,0.12963748683696918,0.8703625131630308
0,0,0.8488190282918753,0.15118097170812478
0,0,0.937116100040374,0.06288389995962597
1,1,0.04251475795075932,0.9574852420492407
0,0,0.7517372172395788,0.24826278276042124
1,0,0.804215949193698,0.19578405080630204
0,0,0.7707509538595361,0.2292490461404639
0,0,0.990276850738002,0.009723149261998059
1,0,0.8130590134504921,0.1869409865495079
0,0,0.9822368571677562,0.0177631428322438
0,0,0.7564682448063461,0.2435317551936539
0,0,0.7239949556780976,0.2760050443219025
0,0,0.768824678484601,0.23117532151539896
0,0,0.9895221864881109,0.01047781351188913
0,0,0.9841806276080546,0.015819372391945443
1,0,0.847717946516814,0.15228205348318602
0,0,0.7945747856387327,0.20542521436126723
1,1,0.008922007746895888,0.9910779922531041
0,0,0.928060394363077,0.07193960563692299
1,1,0.2175996749427459,0.7824003250572541
1,1,0.0137820442834663,0.9862179557165337
0,0,0.7672586396186549,0.23274136038134502
0,0,0.8474005831970548,0.15259941680294514
0,0,0.9060715855320657,0.09392841446793429
0,0,0.8328063504274081,0.16719364957259186
1,0,0.8800285750170898,0.1199714249829102
0,0,0.8194636040699196,0.18053639593008045
1,1,0.18816302109359373,0.8118369789064063
1,1,0.11947989996421327,0.8805201000357867
1,1,0.1924033149530049,0.8075966850469951
0,0,0.758978795766138,0.241021204233862
1,1,0.1751907746475423,0.8248092253524577
1,1,0.13568875814848347,0.8643112418515165
0,0,0.7577224956019306,0.24227750439806936
0,0,0.7948425678104238,0.20515743218957613
0,0,0.7977874883254612,0.20221251167453877
0,0,0.7319622903038845,0.26803770969611546
1,0,0.8528205136505225,0.14717948634947747
0,0,0.7806579046079682,0.2193420953920318
0,0,0.761791164336356,0.23820883566364404
0,0,0.8994444268040968,0.10055557319590326
1,0,0.7913465113145255,0.20865348868547456
1,0,0.7613527416927949,0.23864725830720512
0,0,0.7763995139490258,0.22360048605097416
1,1,0.10001023215637306,0.8999897678436269
0,0,0.7670985102329088,0.2329014897670912
0,0,0.8939617719425432,0.10603822805745677
0,0,0.7493874531387531,0.2506125468612469
0,0,0.990570496288458,0.009429503711542091
1,1,0.14521040859055134,0.8547895914094487
1,1,0.00514560737625025,0.9948543926237498
0,0,0.7374218527465709,0.2625781472534291
0,0,0.7363589859058427,0.2636410140941573
1,1,0.005095245951773242,0.9949047540482268
1,1,0.0318087776021615,0.9681912223978385
0,0,0.7728811586175057,0.22711884138249433
1,1,0.013961250617677945,0.986038749382322
0,0,0.9323177701373715,0.06768222986262856
1,0,0.767452586235392,0.23254741376460797
0,0,0.8766740217777304,0.12332597822226962
0,1,0.16366630495144063,0.8363336950485594
1,1,0.18099680896536285,0.8190031910346371
0,0,0.7668651395595729,0.2331348604404271
1,0,0.8748756622933377,0.1251243377066623
1,1,0.16959112944457067,0.8304088705554293
0,1,0.07811302478631443,0.9218869752136856
1,1,0.14539785517224124,0.8546021448277588
0,0,0.867146636491091,0.13285336350890897
0,0,0.7678623951520274,0.23213760484797266
0,0,0.991113480617602,0.00888651938239808
0,0,0.9127783103868782,0.08722168961312185
1,1,0.16520250120511393,0.8347974987948861
1,1,0.2543023389790343,0.7456976610209657
0,0,0.8565333697143391,0.14346663028566084
1,1,0.18100900663963537,0.8189909933603646
0,1,0.1126523975773498,0.8873476024226502
1,1,0.1835867413521004,0.8164132586478996
1,1,0.0258376099254789,0.9741623900745211
0,0,0.9786122719925693,0.021387728007430763
1,1,0.03503123207155656,0.9649687679284434
1,1,0.20195420489081473,0.7980457951091853
1,1,0.2044848842914727,0.7955151157085273
0,0,0.7512164829612638,0.2487835170387363
1,0,0.7734594799098392,0.22654052009016076
0,0,0.9070698358713339,0.09293016412866609
0,0,0.7606959336238897,0.2393040663761104
1,1,0.02081656013929256,0.9791834398607074
1,1,0.24643634505905532,0.7535636549409447
1,1,0.12465636097699218,0.8753436390230078
1,1,0.12167911535329967,0.8783208846467003
0,1,0.1385821171602004,0.8614178828397996
1,1,0.2108111315275033,0.7891888684724967
1,1,0.14043753630788824,0.8595624636921118
0,0,0.8646660202295019,0.13533397977049813
0,0,0.8651721271795312,0.13482787282046876
0,0,0.7751373572575184,0.22486264274248158
0,0,0.8206721242679718,0.1793278757320283
0,1,0.4751647767898757,0.5248352232101243
1,0,0.755054269139601,0.24494573086039897
1,1,0.012625358960890454,0.9873746410391095
1,1,0.0057169238877969875,0.994283076112203
0,0,0.8268893841663665,0.17311061583363357
1,1,0.14250908795037354,0.8574909120496265
1,0,0.815157912856495,0.18484208714350497
1,1,0.18587576869762357,0.8141242313023764
1,1,0.08637722599214104,0.913622774007859
1,1,0.2065650972032843,0.7934349027967157
0,0,0.7498040519310254,0.25019594806897466
1,1,0.018630850847434877,0.9813691491525651
0,0,0.9910431529166093,0.008956847083390678
0,0,0.8954829846085745,0.10451701539142552
0,0,0.7767801291902585,0.22321987080974148
0,0,0.9849281095348008,0.015071890465199233
1,1,0.2789171942452021,0.7210828057547979
1,1,0.15118118528744673,0.8488188147125533
1,1,0.20941159333012482,0.7905884066698752
1,1,0.1347055509784124,0.8652944490215876
1,1,0.1446379150525251,0.8553620849474749
0,0,0.9275129803517823,0.07248701964821769
0,1,0.44628589613561476,0.5537141038643852
0,0,0.7767183279852098,0.22328167201479018
1,1,0.006019789860305158,0.9939802101396948
0,0,0.9930035139577043,0.006996486042295733
1,1,0.16405939820563087,0.8359406017943691
1,1,0.1379618770402149,0.8620381229597851
0,0,0.9897820402291503,0.010217959770849666
1,1,0.016463149573666014,0.983536850426334
1,0,0.8426786711793778,0.15732132882062222
1,1,0.18791271477632754,0.8120872852236725
0,0,0.9266943205032049,0.07330567949679516
1,0,0.7764590558529159,0.22354094414708414
0,0,0.7694408709425119,0.23055912905748807
1,1,0.1660953165801181,0.8339046834198819
0,0,0.9909621019769163,0.009037898023083798
0,0,0.687241968416934,0.31275803158306603
0,0,0.7718715175046944,0.2281284824953056
0,1,0.48820677754616093,0.5117932224538391
1,1,0.11784228665047691,0.8821577133495231
1,1,0.0182223346885243,0.9817776653114757
1,1,0.17277096251769608,0.8272290374823039
0,1,0.1466044645170138,0.8533955354829862
0,0,0.7502340489690588,0.2497659510309412
0,0,0.9877520891983184,0.012247910801681687
1,1,0.14867576168128405,0.851324238318716
0,1,0.19025547708323343,0.8097445229167666
1,1,0.1251138766127171,0.8748861233872829
1,1,0.19947718703782935,0.8005228129621706
1,1,0.023058805402032756,0.9769411945979672
1,1,0.18890307457997035,0.8110969254200296
1,1,0.20484463016776255,0.7951553698322374
0,0,0.7777392391697395,0.22226076083026045
0,0,0.8985907898066898,0.1014092101933102
0,0,0.8374955492524429,0.16250445074755718
1,0,0.8569666775368273,0.14303332246317266
1,1,0.21623340545910186,0.7837665945408981
0,0,0.8350658151746578,0.16493418482534217
0,0,0.7598335372721002,0.2401664627278998
0,0,0.9914011657066242,0.00859883429337577
1,1,0.015479198064164534,0.9845208019358355
1,1,0.16714973994691207,0.8328502600530879
1,1,0.17387133336898486,0.8261286666310151
1,1,0.1128304780743129,0.8871695219256871
0,0,0.989997620449644,0.010002379550355945
0,0,0.7826849582433382,0.21731504175666178
1,1,0.1334859211952465,0.8665140788047535
1,1,0.1970915967480814,0.8029084032519186
1,1,0.023371766714458952,0.976628233285541
1,0,0.8143302327274212,0.18566976727257878
1,1,0.13727489270490956,0.8627251072950904
1,1,0.007692945184200273,0.9923070548157997
1,1,0.13189078679746657,0.8681092132025334
1,1,0.1493211664676124,0.8506788335323876
1,0,0.7464380636885848,0.25356193631141527
1,1,0.09707761292496209,0.9029223870750379
1,1,0.14543837944013316,0.8545616205598668
0,0,0.9942441788222398,0.005755821177760225
1,1,0.4704605379476753,0.5295394620523247
0,0,0.7573359220706224,0.24266407792937764
0,0,0.8181171200817864,0.1818828799182136
0,0,0.9933402221258364,0.006659777874163653
1,1,0.10373215638242439,0.8962678436175756
1,1,0.02489876166100169,0.9751012383389983
0,0,0.7406930890651211,0.25930691093487895
0,0,0.7571507120385348,0.24284928796146524
0,0,0.8331931758329072,0.16680682416709286
0,0,0.8349948358158081,0.16500516418419187
1,1,0.02398130975218471,0.9760186902478153
0,1,0.11228360441008955,0.8877163955899104
1,0,0.7417576218980007,0.2582423781019993
1,1,0.10324786964848587,0.8967521303515141
0,0,0.9914909630153181,0.008509036984681823
0,1,0.1966841375507109,0.8033158624492891
1,1,0.01959045472983023,0.9804095452701698
1,1,0.02866274307404193,0.9713372569259581
0,0,0.9936034604744592,0.006396539525540721
0,1,0.13617135473192266,0.8638286452680773
1,1,0.12417020156006209,0.8758297984399379
1,1,0.07775872268789075,0.9222412773121093
0,0,0.8334919452949892,0.16650805470501084
1,1,0.21285588081045403,0.787144119189546
0,0,0.9083969043275546,0.0916030956724454
1,0,0.7675786065721415,0.23242139342785845
1,1,0.15311408016094452,0.8468859198390555
1,0,0.756984732196025,0.24301526780397495
0,1,0.18267985209067472,0.8173201479093253
1,1,0.17860950477792903,0.821390495222071
1,1,0.08390834031341798,0.916091659686582
0,0,0.8708624789154307,0.12913752108456936
0,0,0.7309282455909503,0.2690717544090498
1,1,0.19186436745770374,0.8081356325422963
0,0,0.8341042354576825,0.1658957645423175
1,1,0.1729408202197381,0.8270591797802619
1,1,0.09034942380735789,0.9096505761926421
0,0,0.7079368107755069,0.2920631892244931
1,1,0.013249373499847339,0.9867506265001527
0,0,0.7519763890119456,0.2480236109880544
0,0,0.7603039067886749,0.23969609321132515
1,1,0.19536492808592698,0.804635071914073
1,1,0.16783407336136336,0.8321659266386366
1,1,0.10793711212347312,0.8920628878765269
0,0,0.9210886622139681,0.07891133778603192
1,1,0.11685767764734956,0.8831423223526504
0,0,0.7692124200932821,0.23078757990671797
1,1,0.17373106276360462,0.8262689372363954
0,0,0.7681584550368794,0.23184154496312054
1,1,0.14455242211682606,0.8554475778831739
1,1,0.004980087481112672,0.9950199125188873
0,0,0.7733023335488705,0.22669766645112951
1,0,0.7595538661445552,0.24044613385544478
1,1,0.015994744700386976,0.984005255299613
0,0,0.8782754780797684,0.1217245219202316
0,0,0.7563802545287172,0.24361974547128284
0,0,0.7901111183364232,0.20988888166357675
0,0,0.9270727463501385,0.07292725364986148
1,1,0.11643885226353323,0.8835611477364668
0,0,0.8695047105642091,0.13049528943579095
0,1,0.47806273582865544,0.5219372641713446
1,1,0.013983738153179326,0.9860162618468207
1,1,0.013434817460024173,0.9865651825399758
1,1,0.09713084281628614,0.9028691571837139
0,0,0.762938729975215,0.23706127002478505
0,0,0.77668199255027,0.22331800744972996
0,1,0.11276877573251787,0.8872312242674821
1,1,0.10008844122895144,0.8999115587710486
0,0,0.7778341570814042,0.22216584291859573
0,0,0.7656155355249411,0.23438446447505892
1,1,0.008408319319135327,0.9915916806808647
0,1,0.19138579233877706,0.8086142076612229
1,1,0.14451343491635182,0.8554865650836482
1,1,0.1286036548646502,0.8713963451353498
1,1,0.47958776348322707,0.5204122365167729
0,0,0.7251815916590768,0.2748184083409232
1,1,0.022917439895749125,0.9770825601042509
0,0,0.9225041546084585,0.07749584539154157
1,1,0.17261304720819182,0.8273869527918082
1,1,0.01314009934468563,0.9868599006553144
1,1,0.016492778606056357,0.9835072213939436
1,1,0.15339191376096373,0.8466080862390363
0,0,0.798486351841082,0.20151364815891804
0,0,0.8637239422585107,0.13627605774148935
1,1,0.11469957802980402,0.885300421970196
0,0,0.9915379023808023,0.008462097619197712
0,0,0.9470242849699058,0.052975715030094225
1,1,0.1447614201204387,0.8552385798795613
1,1,0.1634300766816973,0.8365699233183027
0,0,0.989490756367565,0.01050924363243499
1,1,0.03133059829817175,0.9686694017018282
1,1,0.22081828320214514,0.7791817167978549
0,0,0.8751401196372464,0.12485988036275363
0,0,0.9896473142140296,0.010352685785970423
0,1,0.1944424641677669,0.8055575358322331
1,1,0.19124794423104952,0.8087520557689505
0,0,0.90089292453468,0.09910707546532006
1,1,0.017270895304028366,0.9827291046959716
0,0,0.9408355228056622,0.059164477194337775
1,1,0.1815539806905071,0.8184460193094929
0,0,0.853086791278324,0.14691320872167601
1,1,0.07526893787523448,0.9247310621247655
0,0,0.8933966769727368,0.10660332302726319
0,1,0.07600590756220493,0.9239940924377951
0,0,0.8116825176368466,0.18831748236315338
0,1,0.12250539986823883,0.8774946001317612
1,0,0.7682601180539319,0.23173988194606807
1,0,0.7319350883578067,0.26806491164219326
1,1,0.13763125065845294,0.8623687493415471
1,1,0.09722867246043843,0.9027713275395616
0,0,0.7438873042570999,0.2561126957429001
1,0,0.7822305829869445,0.21776941701305558
0,0,0.8359440308378442,0.16405596916215578
0,0,0.9935280848942735,0.006471915105726552
0,0,0.8417622202964227,0.1582377797035773
1,0,0.7960174449808428,0.20398255501915719
1,1,0.012167783244886321,0.9878322167551137
1,1,0.1353796876686143,0.8646203123313857
1,1,0.2152610423786352,0.7847389576213648
0,0,0.7203393003347469,0.27966069966525314
0,0,0.9884131372949453,0.011586862705054766
0,0,0.9235950966631219,0.07640490333687813
0,0,0.766826707290553,0.23317329270944695
1,1,0.02844753315447468,0.9715524668455253
0,0,0.7222459823105398,0.27775401768946023
1,1,0.1240819356642554,0.8759180643357446
0,0,0.9273493356256691,0.07265066437433088
0,0,0.7781053994033008,0.22189460059669922
1,0,0.7624001488793474,0.23759985112065263
1,1,0.12132852459585497,0.878671475404145
0,0,0.7773609105812189,0.22263908941878108
0,0,0.7503091297182529,0.24969087028174708
1,1,0.12531043167656974,0.8746895683234303
1,1,0.13723781157204862,0.8627621884279514
0,0,0.7748435881303108,0.2251564118696891
0,0,0.7601859414497258,0.23981405855027413
0,0,0.7626106047657694,0.23738939523423067
1,1,0.1457275811078108,0.8542724188921892
0,0,0.8657170217344425,0.1342829782655574
1,1,0.10475703055623653,0.8952429694437635
1,1,0.06179820517404211,0.9382017948259579
0,0,0.7513934960335147,0.24860650396648537
1,1,0.007219363259379552,0.9927806367406204
1,1,0.2046110819110305,0.7953889180889695
1,1,0.1854029728315979,0.8145970271684021
1,0,0.7697878769113069,0.23021212308869313
1,1,0.12604595506452876,0.8739540449354712
1,1,0.14964064990565062,0.8503593500943494
0,0,0.8937808378103079,0.10621916218969209
1,1,0.14185435332366136,0.8581456466763386
1,1,0.08662332486018098,0.913376675139819
0,0,0.852431337394379,0.1475686626056209
1,0,0.9090507202685744,0.09094927973142568
0,0,0.7695557368167372,0.2304442631832629
1,0,0.7581808704473953,0.24181912955260468
0,0,0.8560651948656072,0.14393480513439286
0,0,0.9911504857060212,0.008849514293978898
0,0,0.9832980729113588,0.01670192708864111
1,1,0.1628748645916389,0.8371251354083611
1,1,0.1109384998900006,0.8890615001099994
0,0,0.8504074591638684,0.14959254083613166
1,1,0.08411536916933804,0.915884630830662
1,1,0.17257759246562454,0.8274224075343755
0,0,0.9892403172368487,0.010759682763151313
0,0,0.8172278288801151,0.18277217111988492
1,1,0.019890370154895032,0.980109629845105
1,0,0.7543419280373669,0.24565807196263312
0,0,0.886086083749956,0.11391391625004398
1,1,0.023822711170238486,0.9761772888297615
1,1,0.17685449073781878,0.8231455092621812
1,1,0.10557657621538297,0.894423423784617
1,1,0.008533644159151255,0.9914663558408487
0,1,0.14823657246045807,0.8517634275395419
0,0,0.9923201671180076,0.007679832881992415
0,0,0.9852253863202766,0.014774613679723452
1,0,0.80744789123509,0.19255210876491008
0,0,0.8907417699600141,0.10925823003998592
0,0,0.788764120598541,0.21123587940145905
0,0,0.9094380109991409,0.0905619890008591
0,0,0.7928090641059383,0.20719093589406168
0,0,0.7937933257715141,0.20620667422848593
0,0,0.7132721739942801,0.2867278260057199
0,1,0.19885337317849705,0.801146626821503
1,1,0.21311372305004894,0.7868862769499511
0,0,0.7808470264809987,0.21915297351900134
1,1,0.17389752391991886,0.8261024760800811
0,0,0.8052453873683831,0.19475461263161692
0,1,0.13331184946651375,0.8666881505334862
1,1,0.15368767783471993,0.8463123221652801
0,0,0.8491183590876149,0.15088164091238512
0,0,0.777358999810144,0.22264100018985605
0,0,0.9904044930111704,0.009595506988829624
1,1,0.014224352185422284,0.9857756478145777
1,1,0.02248327527664362,0.9775167247233564
1,1,0.027327478066986877,0.9726725219330131
0,0,0.7524260628413632,0.24757393715863688
0,0,0.7466704506258642,0.25332954937413577
1,1,0.14046666050073997,0.85953333949926
1,0,0.7783403229113516,0.22165967708864845
0,0,0.9113313474347456,0.0886686525652544
0,0,0.6551973914278926,0.3448026085721075
0,0,0.9834752760143817,0.016524723985618384
1,1,0.025305725185466255,0.9746942748145337
1,1,0.09260181079274499,0.907398189207255
0,0,0.7465585587089638,0.25344144129103613
1,1,0.027271467190532417,0.9727285328094676
1,1,0.0695754957837893,0.9304245042162107
0,0,0.7266607601330143,0.2733392398669857
0,0,0.9843918354283975,0.015608164571602478
0,0,0.743520708598471,0.25647929140152903
1,1,0.08448521715758528,0.9155147828424147
0,0,0.768026716020793,0.23197328397920702
0,0,0.7838219410836932,0.21617805891630684
1,1,0.1475918501525526,0.8524081498474474
1,1,0.1316626591994342,0.8683373408005658
0,0,0.8585126117028309,0.1414873882971691
1,1,0.024667897373394032,0.975332102626606
1,1,0.11526672326611143,0.8847332767338886
0,0,0.894164954096251,0.105835045903749
1,1,0.21910123110920765,0.7808987688907923
0,0,0.7800028132274532,0.2199971867725468
0,0,0.7581963921057677,0.24180360789423233
1,1,0.01359750110168867,0.9864024988983113
1,1,0.12830829322719717,0.8716917067728028
1,1,0.12170455046849937,0.8782954495315006
0,0,0.991146154136379,0.008853845863621012
0,0,0.9837749684211327,0.01622503157886739
1,1,0.03701095594931458,0.9629890440506854
1,1,0.17232326747914384,0.8276767325208562
1,1,0.1808753948602616,0.8191246051397384
0,0,0.7660647078949394,0.2339352921050606
0,0,0.8377447983440657,0.16225520165593432
1,1,0.018792627621649016,0.981207372378351
1,1,0.02030992370876683,0.9796900762912332
0,1,0.12848900737577906,0.8715109926242209
0,0,0.847235721703226,0.152764278296774
1,1,0.1300769021378273,0.8699230978621727
0,0,0.765311221249962,0.23468877875003796
1,0,0.7412322123857149,0.25876778761428504
0,0,0.8196923874765765,0.1803076125234235
0,0,0.6864242777462852,0.3135757222537148
1,1,0.023710782088365967,0.976289217911634
0,0,0.7354113417611827,0.2645886582388172
0,0,0.8435201900350114,0.15647980996498853
1,1,0.13903768314585652,0.8609623168541435
1,0,0.7737989749647144,0.22620102503528564
0,0,0.7625867540857536,0.23741324591424642
1,1,0.2115911360595073,0.7884088639404927
1,1,0.14522797350388295,0.854772026496117
0,0,0.9222779197138375,0.07772208028616243
0,0,0.8619063078971863,0.13809369210281372
0,0,0.9856196842303232,0.014380315769676777
1,0,0.7478784908354853,0.2521215091645147
0,1,0.09326726392445261,0.9067327360755474
1,1,0.12566875401533018,0.8743312459846698
0,0,0.7700188163947355,0.2299811836052645
0,0,0.894473796986752,0.10552620301324801
0,0,0.8795592256927397,0.12044077430726029
1,1,0.15922961583550255,0.8407703841644975
1,1,0.08018606057144673,0.9198139394285533
0,0,0.8616240073771629,0.13837599262283704
0,1,0.16448362223468838,0.8355163777653116
0,0,0.9866643690725818,0.013335630927418213
1,1,0.14521295309520943,0.8547870469047906
0,0,0.9173689551099845,0.08263104489001545
1,1,0.013416781336227923,0.9865832186637721
0,0,0.9911135181194699,0.008886481880530116
0,0,0.7661075186047903,0.23389248139520966
1,1,0.017837321024967823,0.9821626789750322
0,0,0.7527002919383723,0.24729970806162774
1,1,0.1766646280378834,0.8233353719621166
0,0,0.858431513438762,0.14156848656123797
1,1,0.10796301437919775,0.8920369856208022
1,1,0.18318916169296873,0.8168108383070313
0,1,0.09557522593558188,0.9044247740644181
0,0,0.7550332838648623,0.24496671613513765
0,0,0.8594100737789941,0.14058992622100583
0,0,0.7763204302549468,0.22367956974505324
0,0,0.8509093411450482,0.14909065885495174
0,0,0.8647454667764853,0.13525453322351466
0,1,0.15098994932981835,0.8490100506701816
1,1,0.1896919754531866,0.8103080245468134
1,1,0.0820093288519893,0.9179906711480107
1,1,0.010804539966110638,0.9891954600338894
1,1,0.05506399918417171,0.9449360008158283
0,0,0.7522939671668827,0.24770603283311732
1,1,0.4870500634425302,0.5129499365574698
0,0,0.862996340586584,0.13700365941341594
0,0,0.7663557789280409,0.23364422107195915
0,0,0.8377754858263973,0.16222451417360276
1,1,0.01721948860611644,0.9827805113938836
0,0,0.8987518241087555,0.10124817589124452
0,0,0.8445726201498556,0.15542737985014438
0,1,0.10692083580815792,0.8930791641918421
1,0,0.776809541472677,0.22319045852732297
0,0,0.9555415497670375,0.04445845023296248
0,0,0.8631677292356716,0.13683227076432833
1,1,0.16426898264909617,0.8357310173509038
0,0,0.8744435902165751,0.12555640978342486
1,1,0.17969565793047904,0.820304342069521
0,0,0.7753675352292975,0.22463246477070253
1,1,0.007635031266174819,0.9923649687338252
0,1,0.1396053245316239,0.8603946754683761
0,0,0.8162766917960318,0.1837233082039682
0,0,0.9895455373279701,0.010454462672029865
0,0,0.7535196967442704,0.2464803032557296
0,0,0.9323827983151989,0.0676172016848011
1,1,0.0990725202508792,0.9009274797491208
1,1,0.14445933076986128,0.8555406692301387
0,0,0.9081611562300573,0.09183884376994267
1,1,0.021924729024427325,0.9780752709755727
1,1,0.15402299901887995,0.84597700098112
0,0,0.9922339867225464,0.007766013277453676
0,0,0.7561538277054952,0.24384617229450475
0,0,0.8871260204200668,0.11287397957993323
0,0,0.8302354105784892,0.16976458942151088
1,1,0.0710576942319977,0.9289423057680023
1,0,0.7679909788309967,0.23200902116900335
0,0,0.9315840132247699,0.06841598677523003
0,0,0.7837287485103318,0.21627125148966822
1,0,0.7482427583322095,0.2517572416677904
0,0,0.7857802501875573,0.21421974981244268
0,1,0.15228357635527912,0.8477164236447209
1,1,0.02548715108471311,0.9745128489152869
1,1,0.14588099672732568,0.8541190032726743
0,0,0.9885822353851873,0.01141776461481274
1,1,0.026123537132219377,0.9738764628677806
1,0,0.8077672358555001,0.1922327641444999
1,1,0.09739667849660161,0.9026033215033984
1,0,0.7802901359763066,0.21970986402369344
1,1,0.007287508279432475,0.9927124917205675
1,1,0.22584512403536583,0.7741548759646342
1,1,0.030707553388312103,0.9692924466116879
0,0,0.7674371131706124,0.2325628868293877
0,0,0.7470280530853555,0.2529719469146446
0,0,0.7260615603498479,0.2739384396501521
0,1,0.31410891313615286,0.6858910868638471
1,1,0.2217582009314536,0.7782417990685464
1,0,0.7533538469878439,0.2466461530121561
0,0,0.748702187425395,0.251297812574605
0,0,0.7771973202646405,0.2228026797353595
1,1,0.10613754848620593,0.8938624515137941
1,1,0.11503323461589798,0.884966765384102
0,0,0.7520921178711736,0.2479078821288264
1,0,0.7615419751366836,0.2384580248633163
0,0,0.8009311306295717,0.1990688693704283
1,0,0.7615900384740533,0.23840996152594668
0,1,0.1922712692670503,0.8077287307329497
0,0,0.9861772014403773,0.013822798559622634
1,1,0.1012356480024732,0.8987643519975268
0,0,0.7557010691392506,0.2442989308607494
1,1,0.20544955835153744,0.7945504416484626
1,1,0.1702748847411999,0.8297251152588001
1,1,0.16669283935518242,0.8333071606448176
0,1,0.08472042313299155,0.9152795768670084
0,0,0.7646439080733193,0.23535609192668075
1,1,0.1291947457961795,0.8708052542038205
1,1,0.07655626567702156,0.9234437343229784
0,1,0.20215134417472758,0.7978486558252724
0,0,0.9857264544795928,0.014273545520407193
0,0,0.792210072419586,0.20778992758041406
0,0,0.7868428891601266,0.21315711083987343
0,0,0.9885648910210642,0.011435108978935798
1,1,0.13352505620275257,0.8664749437972474
0,1,0.08643495876364349,0.9135650412363565
1,1,0.1955119310179424,0.8044880689820576
1,1,0.14272905000532798,0.857270949994672
1,1,0.010554218183205899,0.9894457818167941
0,0,0.8461894277020792,0.15381057229792078
1,1,0.14671434743662126,0.8532856525633787
0,0,0.7655776944044461,0.23442230559555394
1,1,0.15541656666360715,0.8445834333363929
0,0,0.8186721567776641,0.1813278432223359
0,0,0.945119370279955,0.054880629720045024
1,1,0.1531120610015525,0.8468879389984475
1,1,0.19718000581585138,0.8028199941841486
0,0,0.7908822674514372,0.20911773254856278
1,1,0.008085995279113578,0.9919140047208864
1,1,0.14901098931202506,0.850989010687975
0,0,0.894313068575001,0.10568693142499894
1,1,0.476699488232596,0.523300511767404
0,0,0.8940960697539692,0.10590393024603084
0,0,0.8492209538607404,0.15077904613925966
1,1,0.1999500068145902,0.8000499931854098
1,1,0.10056143339030732,0.8994385666096927
0,0,0.9912425040816019,0.008757495918398178
0,0,0.9935489861919748,0.0064510138080251835
0,1,0.156354433467491,0.843645566532509
1,0,0.7562297453973372,0.24377025460266272
0,0,0.7864066635728181,0.21359333642718195
1,1,0.17178309339129028,0.8282169066087097
1,0,0.7986073412896146,0.20139265871038534
0,1,0.18820675960900524,0.8117932403909948
1,1,0.025978481563190048,0.97402151843681
0,0,0.7738490162125491,0.22615098378745085
0,0,0.8640887677583744,0.13591123224162555
0,0,0.7913930649121224,0.2086069350878776
0,0,0.7882452789197527,0.2117547210802473
0,0,0.776947970775097,0.22305202922490294
0,0,0.7384143609484466,0.2615856390515534
1,1,0.11246782007000966,0.8875321799299903
1,1,0.12014792177183997,0.87985207822816
0,1,0.14666245195501737,0.8533375480449826
0,0,0.9907487799392483,0.009251220060751691
0,0,0.8260047188020515,0.17399528119794852
1,1,0.18105181890340305,0.818948181096597
1,1,0.14891041180922404,0.851089588190776
1,1,0.022767968637360636,0.9772320313626394
0,0,0.8304129957852955,0.16958700421470446
0,0,0.7530739741209876,0.24692602587901236
1,1,0.008515964730758774,0.9914840352692412
1,0,0.849743587459992,0.15025641254000796
0,0,0.7466636599034259,0.25333634009657413
1,1,0.013027959034324077,0.9869720409656759
1,1,0.060754145148048555,0.9392458548519514
1,1,0.1268961329993007,0.8731038670006993
1,0,0.7657669428862947,0.23423305711370535
1,1,0.012828634893647828,0.9871713651063522
0,0,0.9061397163138377,0.09386028368616232
0,0,0.7931472860556478,0.20685271394435223
1,1,0.05722290492734239,0.9427770950726576
0,0,0.8546817222748053,0.14531827772519473
0,0,0.7788324419453037,0.2211675580546963
1,0,0.8065778554895389,0.19342214451046108
1,1,0.16059735324190638,0.8394026467580936
0,0,0.7634448333704158,0.23655516662958415
0,0,0.8521918905332363,0.14780810946676368
0,0,0.983046332061963,0.01695366793803703
1,1,0.19443407894188713,0.8055659210581129
0,0,0.9910446799568288,0.008955320043171244
0,0,0.9877981873225486,0.012201812677451351
0,0,0.8578101039704932,0.1421898960295068
0,0,0.7710867027280985,0.22891329727190146
1,1,0.18822185723852858,0.8117781427614714
0,0,0.7354051770612665,0.2645948229387335
0,0,0.7964469687131537,0.2035530312868463
0,0,0.8607704793122283,0.13922952068777172
0,0,0.7793952288574361,0.2206047711425639
0,0,0.8107848659217347,0.18921513407826535
1,1,0.03648022246542759,0.9635197775345724
0,0,0.7529621097612809,0.24703789023871908
0,0,0.8746936476741676,0.1253063523258324
0,0,0.9888341374849475,0.011165862515052511
0,0,0.9913534580028043,0.008646541997195702
1,1,0.34724375827559595,0.652756241724404
0,0,0.8677101301947413,0.13228986980525867
1,1,0.23484865205650418,0.7651513479434958
1,0,0.7635501141416128,0.2364498858583872
0,0,0.849858463566872,0.15014153643312805
0,0,0.779296538697329,0.220703461302671
1,1,0.1549916996180838,0.8450083003819162
0,0,0.9819702703200708,0.018029729679929173
0,0,0.8478014354277997,0.15219856457220027
1,1,0.23768442689988767,0.7623155731001123
0,0,0.9874345137650984,0.012565486234901604
1,1,0.022060140484223445,0.9779398595157766
1,1,0.11946695719655653,0.8805330428034435
1,0,0.7664559868623029,0.23354401313769707
1,1,0.16299948618741011,0.8370005138125899
0,0,0.7668777657262771,0.23312223427372292
1,1,0.11003967284370086,0.8899603271562991
0,0,0.7923052797497994,0.20769472025020064
0,0,0.6987555126774836,0.3012444873225164
0,0,0.8489848757078886,0.15101512429211142
1,1,0.10276539260957052,0.8972346073904295
1,1,0.006655384000057607,0.9933446159999424
0,0,0.9524677291358399,0.0475322708641601
0,0,0.7507971223269164,0.24920287767308358
1,1,0.008112962072727048,0.991887037927273
0,0,0.8668487686931527,0.13315123130684725
1,1,0.1431411651292911,0.8568588348707089
1,1,0.10206943285027048,0.8979305671497295
1,1,0.018517683584690525,0.9814823164153095
0,0,0.762740154066932,0.237259845933068
0,0,0.847142427664753,0.15285757233524697
1,1,0.013156774490298173,0.9868432255097018
0,0,0.7620943575933568,0.23790564240664322
1,1,0.012938795938603809,0.9870612040613962
1,1,0.1613997852052531,0.8386002147947469
1,0,0.8214234034317992,0.17857659656820082
0,0,0.9128549752976438,0.08714502470235615
0,0,0.9829933926945478,0.01700660730545223
1,0,0.8290574922113195,0.17094250778868045
0,0,0.8504819765037017,0.1495180234962983
0,0,0.909329597306658,0.09067040269334206
0,0,0.741163439853074,0.258836560146926
1,0,0.8088370552869277,0.19116294471307224
1,1,0.17922050707472414,0.8207794929252759
1,0,0.7765000701277229,0.22349992987227701
0,0,0.9159057715975644,0.08409422840243565
1,1,0.023058933124390668,0.9769410668756093
1,1,0.16037341597460664,0.8396265840253934
0,0,0.9923827084075693,0.007617291592430773
1,1,0.01946651323818016,0.9805334867618198
1,0,0.8335361981528104,0.1664638018471895
1,1,0.18143849818114166,0.8185615018188583
1,1,0.13018200669530378,0.8698179933046962
1,1,0.13052420953451227,0.8694757904654877
0,0,0.9929781501281992,0.007021849871800715
0,0,0.8483833923842188,0.15161660761578122
0,0,0.765493875999633,0.23450612400036702
0,0,0.9841659112913115,0.015834088708688514
1,1,0.16438254664718055,0.8356174533528195
1,0,0.7629590558122766,0.23704094418772334
0,0,0.992568540682706,0.007431459317294008
1,1,0.17046702868579244,0.8295329713142076
1,1,0.01478033210228158,0.9852196678977184
1,1,0.0067157302772646865,0.9932842697227353
1,0,0.8538750262952013,0.1461249737047987
1,1,0.02628957690451561,0.9737104230954844
0,0,0.7845915578736393,0.21540844212636062
1,1,0.14044491703389517,0.8595550829661048
0,0,0.9892149428430373,0.010785057156962704
0,0,0.8561966367400901,0.14380336325990997
1,0,0.827046341023226,0.1729536589767739
1,1,0.15200965150962198,0.847990348490378
1,1,0.20288801685028557,0.7971119831497144
0,1,0.128007388231148,0.871992611768852
1,1,0.017213484003524626,0.9827865159964754
0,0,0.9907270408254597,0.009272959174540294
0,1,0.1471256585531402,0.8528743414468598
1,1,0.20196294954372696,0.798037050456273
0,0,0.773905364380229,0.22609463561977095
0,0,0.8259032606517089,0.17409673934829112
0,0,0.7313173469103229,0.2686826530896771
0,0,0.7567647435836079,0.24323525641639213
0,0,0.9917931126007924,0.008206887399207554
1,1,0.030954111741059775,0.9690458882589402
0,0,0.992969470283324,0.007030529716675909
1,1,0.014084123442389407,0.9859158765576106
1,1,0.09041679598511854,0.9095832040148815
0,0,0.7228009260116162,0.2771990739883839
0,0,0.9885115933349373,0.011488406665062628
1,1,0.015382726391402701,0.9846172736085973
1,1,0.19088106594127974,0.8091189340587203
1,1,0.10578646449117945,0.8942135355088205
1,0,0.8505295292116757,0.14947047078832432
1,1,0.08327787279420107,0.9167221272057989
1,1,0.03386321547814308,0.9661367845218569
1,1,0.11147603150010144,0.8885239684998986
0,0,0.7183351703766745,0.28166482962332545
0,0,0.8431014751128248,0.15689852488717512
1,1,0.14932345720585738,0.8506765427941426
0,0,0.9913758609420941,0.008624139057905952
1,1,0.018535829208571553,0.9814641707914284
0,0,0.7416815256106433,0.25831847438935673
1,0,0.8847901632982991,0.11520983670170096
0,1,0.1645833469666106,0.8354166530333894
1,0,0.951499440802535,0.04850055919746496
0,1,0.17117952761681643,0.8288204723831836
0,0,0.7913478680408212,0.20865213195917873
1,1,0.1388861551770143,0.8611138448229857
1,1,0.016870282397202785,0.9831297176027972
0,1,0.3526983827850193,0.6473016172149807
1,0,0.8520884540622694,0.1479115459377306
1,0,0.7707341958802304,0.22926580411976963
1,1,0.11628419677557877,0.8837158032244212
0,0,0.8719421814862824,0.12805781851371756
1,1,0.020103947204378136,0.9798960527956219
1,1,0.13316136543707113,0.8668386345629289
0,0,0.9484064854117479,0.05159351458825215
0,0,0.9169357340927077,0.0830642659072923
0,0,0.8335580968394135,0.1664419031605865
1,1,0.18451962010314193,0.8154803798968581
1,1,0.012710217558287606,0.9872897824417124
1,1,0.015190031985231167,0.9848099680147688
1,1,0.10479904362246073,0.8952009563775393
1,1,0.0867191919319884,0.9132808080680116
0,0,0.8321695853389655,0.16783041466103457
1,0,0.7924981425006461,0.20750185749935396
1,1,0.18161685989366172,0.8183831401063383
0,0,0.7481527004247968,0.25184729957520324
0,0,0.9938719818784838,0.006128018121516143
0,1,0.11213929261378175,0.8878607073862183
0,0,0.8614506351806377,0.13854936481936225
0,0,0.8321529650771884,0.1678470349228116
1,1,0.015100337618006887,0.9848996623819931
0,0,0.7622640551649772,0.2377359448350228
1,1,0.1870459098191969,0.8129540901808031
1,1,0.034113163174182004,0.965886836825818
0,0,0.8791436280301138,0.12085637196988618
1,1,0.015909010745229324,0.9840909892547707
0,0,0.7713945102871224,0.2286054897128776
0,0,0.9920595861692387,0.007940413830761292
0,0,0.7501339004069711,0.2498660995930289
1,1,0.021904499191601423,0.9780955008083986
1,0,0.7606292989583955,0.2393707010416045
0,0,0.8392663245540447,0.16073367544595532
0,1,0.1697194199375779,0.8302805800624221
0,0,0.7511501294379809,0.24884987056201915
0,0,0.7176530070337764,0.28234699296622356
1,1,0.018785577180887914,0.9812144228191121
0,0,0.7569877400785499,0.2430122599214502
0,0,0.7739403882281781,0.22605961177182185
1,1,0.14120486000454724,0.8587951399954528
1,1,0.09201219758377022,0.9079878024162298
1,1,0.02012447471939849,0.9798755252806015
0,0,0.9922569947955128,0.007743005204487245
0,0,0.9919496272002231,0.008050372799776913
1,1,0.012892342019871106,0.9871076579801289
1,0,0.8656357365069872,0.13436426349301275
1,0,0.8320891418502969,0.16791085814970308
0,0,0.8552616569982634,0.14473834300173655
0,0,0.781958841696998,0.21804115830300203
1,1,0.18345352946971638,0.8165464705302836
1,1,0.01601935203276772,0.9839806479672323
1,0,0.7592844465237938,0.2407155534762062
0,0,0.9208386970537057,0.07916130294629428
0,1,0.11887376338079836,0.8811262366192016
1,0,0.8062924892659862,0.19370751073401377
0,0,0.989881038177464,0.01011896182253601
0,0,0.8332963275333818,0.16670367246661816
1,1,0.009914006417665377,0.9900859935823346
0,0,0.9863531444451162,0.013646855554883734
0,0,0.7537937264400403,0.2462062735599597
1,1,0.21719763191049346,0.7828023680895065
0,0,0.9848661080311022,0.015133891968897776
0,1,0.16041717951290513,0.8395828204870949
0,0,0.748387952067364,0.251612047932636
1,1,0.022852173464040004,0.97714782653596
1,1,0.12037706361585276,0.8796229363841472
0,0,0.7789654483613987,0.2210345516386013
1,1,0.14251857415217484,0.8574814258478252
0,0,0.9942833193687631,0.005716680631236842
0,1,0.18148690404486945,0.8185130959551306
0,0,0.8396579375492075,0.16034206245079255
0,0,0.7618973001508447,0.23810269984915527
1,1,0.10641883816147835,0.8935811618385217
1,1,0.13735093379968333,0.8626490662003167
0,1,0.16541574885507293,0.8345842511449271
0,0,0.8212726199248351,0.1787273800751649
0,0,0.8188200979277362,0.18117990207226378
0,0,0.8871166210588204,0.11288337894117961
0,0,0.7535544549091407,0.24644554509085922
1,1,0.22032653690149295,0.779673463098507
1,1,0.02792363720712754,0.9720763627928725
0,0,0.8945571196361214,0.10544288036387857
0,0,0.7702327642158351,0.22976723578416489
0,0,0.7170063003975925,0.2829936996024075
1,1,0.1843485363967221,0.8156514636032779
0,1,0.2006613797959611,0.7993386202040389
0,1,0.16991506274757795,0.830084937252422
0,0,0.9924335521282697,0.007566447871730329
0,1,0.1524966604101844,0.8475033395898156
0,0,0.9830733996877439,0.016926600312256134
0,0,0.988708829901697,0.011291170098303011
0,0,0.9933660715623799,0.006633928437620113
1,1,0.021164189711424086,0.9788358102885759
0,1,0.1933588267574703,0.8066411732425297
0,0,0.7435886764105163,0.2564113235894837
0,1,0.16620874145120046,0.8337912585487995
1,1,0.1446152036149312,0.8553847963850688
0,0,0.7368619948328547,0.2631380051671452
0,0,0.833051569503414,0.1669484304965861
0,1,0.16881938759079795,0.831180612409202
0,0,0.8825754214679534,0.1174245785320466
0,0,0.758394226481152,0.24160577351884802
1,1,0.13452900240417243,0.8654709975958276
1,1,0.1609536787027419,0.8390463212972581
1,1,0.021417020230903416,0.9785829797690966
0,0,0.9863539607144556,0.01364603928554446
0,0,0.7259442670965159,0.27405573290348406
1,1,0.08421983994654036,0.9157801600534596
0,0,0.7910352963283496,0.20896470367165038
0,1,0.13283599590385864,0.8671640040961414
1,1,0.1344622265010622,0.8655377734989378
1,1,0.08398366042953098,0.916016339570469
0,0,0.7336522662249545,0.26634773377504556
1,1,0.02971118146072893,0.9702888185392711
0,0,0.8959048767207447,0.1040951232792553
0,0,0.7606761165182363,0.2393238834817637
1,1,0.011279266707126534,0.9887207332928735
0,0,0.9781109114553376,0.021889088544662462
1,1,0.13028172237437985,0.8697182776256202
1,1,0.017767980866776112,0.9822320191332239
0,0,0.9931042490283639,0.0068957509716360745
1,1,0.14539392991191458,0.8546060700880854
1,1,0.12561227220032112,0.8743877277996789
0,0,0.9882229545296802,0.01177704547031977
1,1,0.11749552921052342,0.8825044707894766
1,1,0.13950730111803,0.86049269888197
1,1,0.14332065448948328,0.8566793455105167
1,1,0.10941271914096595,0.890587280859034
0,0,0.7674951025675343,0.23250489743246572
1,1,0.14849119238209207,0.8515088076179079
1,1,0.030779145228351124,0.9692208547716489
1,0,0.7765838064568213,0.22341619354317868
0,0,0.7413791056494345,0.25862089435056546
1,1,0.006937952766450262,0.9930620472335497
0,0,0.8150094660976539,0.18499053390234607
1,1,0.15115861184521295,0.848841388154787
0,0,0.7932273445614348,0.20677265543856516
1,1,0.03528820177922021,0.9647117982207798
0,0,0.9909205080640471,0.009079491935952897
0,0,0.7749863847497451,0.22501361525025487
1,1,0.09470553558214012,0.9052944644178599
1,1,0.11666825814471604,0.883331741855284
1,1,0.15167121456826982,0.8483287854317302
1,1,0.005798575229735592,0.9942014247702644
1,1,0.006922906467612067,0.9930770935323879
0,1,0.17218422682507073,0.8278157731749293
1,1,0.15128105739200826,0.8487189426079917
1,1,0.027639500283127005,0.972360499716873
0,0,0.7714790785455892,0.22852092145441086
1,1,0.08150422445839511,0.9184957755416049
1,1,0.13023615911246433,0.8697638408875357
0,0,0.721200011934293,0.278799988065707
1,1,0.01486521854511158,0.9851347814548884
0,0,0.9797037530073505,0.020296246992649484
0,1,0.1969449598542311,0.8030550401457689
0,1,0.3682219150613044,0.6317780849386956
0,0,0.8539819309630933,0.14601806903690673
0,0,0.857063527547352,0.14293647245264798
0,0,0.9895280388272343,0.010471961172765776
0,0,0.933353316162029,0.066646683837971
0,0,0.9881767322293175,0.011823267770682553
1,1,0.15036476824730927,0.8496352317526907
1,1,0.15706848154617448,0.8429315184538255
0,0,0.9306550914162935,0.06934490858370648
1,1,0.17713394941275507,0.8228660505872449
1,0,0.7671544759836613,0.23284552401633876
1,1,0.007100310350215966,0.992899689649784
1,1,0.1688879975915777,0.8311120024084223
1,0,0.8018918793189862,0.19810812068101377
1,1,0.004799406992174959,0.995200593007825
0,0,0.7568054194601241,0.24319458053987583
1,1,0.10075990511875799,0.899240094881242
0,0,0.9843611759536773,0.01563882404632265
1,1,0.16352309933568954,0.8364769006643105
1,0,0.727885395267881,0.27211460473211896
1,1,0.01558813051446628,0.9844118694855337
0,0,0.846574730615538,0.15342526938446202
0,0,0.9906468929057798,0.009353107094220216
1,1,0.10868302754745407,0.8913169724525459
0,0,0.8674096247442135,0.13259037525578657
1,1,0.15895691359010788,0.8410430864098921
0,0,0.843404568835925,0.15659543116407507
0,0,0.8467284791919283,0.1532715208080717
1,0,0.7951465293870816,0.2048534706129183
1,1,0.09876703856757518,0.9012329614324248
0,0,0.9179708284891905,0.0820291715108095
0,1,0.1506127293866787,0.8493872706133213
0,0,0.7418782697897015,0.25812173021029855
0,0,0.8019263354939175,0.19807366450608258
0,0,0.8583734031989374,0.1416265968010626
0,0,0.9093462116852306,0.09065378831476942
1,0,0.7570269141000365,0.24297308589996341
1,1,0.14152832718049413,0.8584716728195059
1,1,0.17153272296421873,0.8284672770357813
0,1,0.16379712978973904,0.836202870210261
1,0,0.7502207606159298,0.24977923938407018
1,0,0.8031337328515886,0.19686626714841138
0,0,0.8326413505437218,0.16735864945627818
0,0,0.8230011151829242,0.17699888481707585
0,0,0.8092018878777958,0.1907981121222042
0,0,0.8568656311686558,0.14313436883134417
0,0,0.7935940694990185,0.20640593050098158
1,1,0.13169343905405317,0.8683065609459468
1,1,0.24979853782459704,0.750201462175403
1,1,0.1369807367735174,0.8630192632264826
0,0,0.8483697970776299,0.15163020292237006
0,0,0.7805986937452254,0.21940130625477458
0,0,0.7809636875055891,0.2190363124944109
0,0,0.8523102332946395,0.14768976670536044
1,0,0.7659450064504679,0.2340549935495321
1,1,0.20510784174607088,0.7948921582539291
0,0,0.9932692057336999,0.006730794266300077
0,0,0.9793621147511123,0.02063788524888765
0,0,0.8558326720063398,0.1441673279936601
0,0,0.760798138052749,0.23920186194725102
1,1,0.21820593272560207,0.7817940672743979
0,0,0.8355145583142026,0.1644854416857974
0,0,0.8639182031894379,0.13608179681056204
0,0,0.8770389170995386,0.12296108290046137
1,1,0.13777249689761906,0.8622275031023809
1,1,0.009855556787192743,0.9901444432128073
0,0,0.9933469069305125,0.006653093069487437
0,0,0.854504467620367,0.14549553237963295
1,1,0.1844757513117925,0.8155242486882075
0,0,0.99229872325086,0.007701276749139976
0,1,0.16614082317607404,0.833859176823926
1,1,0.017599125684491623,0.9824008743155084
0,0,0.8615258748393427,0.1384741251606573
0,0,0.9896364660329138,0.0103635339670862
0,0,0.9912329646196654,0.008767035380334586
0,1,0.09551328428592176,0.9044867157140782
1,1,0.019737703141831653,0.9802622968581683
0,0,0.9056232725138506,0.0943767274861494
1,1,0.024526922477495217,0.9754730775225048
0,0,0.9297317696612245,0.07026823033877545
0,0,0.7627765006298011,0.23722349937019888
0,0,0.7640182600944257,0.23598173990557425
1,1,0.1875725093296604,0.8124274906703396
0,0,0.7325727628588206,0.2674272371411795
0,0,0.7961511060640079,0.20384889393599212
0,0,0.7490942624115473,0.25090573758845264
1,1,0.11002692955893978,0.8899730704410602
0,0,0.7655354493463048,0.2344645506536952
0,0,0.7243434331748763,0.27565656682512374
0,0,0.8395722648347164,0.16042773516528364
0,0,0.9937475587610664,0.006252441238933697
1,0,0.775907844186057,0.22409215581394307
0,0,0.9880857160985187,0.011914283901481271
1,1,0.01770939223571355,0.9822906077642864
0,1,0.5422579896019935,0.4577420103980065
1,1,0.1683775199973081,0.8316224800026919
0,0,0.7680199737928185,0.2319800262071815
1,1,0.20788563671022042,0.7921143632897796
1,1,0.0270520425968237,0.9729479574031763
1,1,0.014342196009808128,0.9856578039901919
1,1,0.16829860073998093,0.8317013992600191
0,0,0.9883440348053637,0.011655965194636275
1,1,0.3149170121098699,0.6850829878901301
1,1,0.14478878388618488,0.8552112161138151
0,0,0.7974285411065589,0.20257145889344103
1,1,0.08372948991225415,0.9162705100877458
0,0,0.9904365202878698,0.009563479712130271
1,1,0.15990885049646242,0.8400911495035376
1,1,0.1420197642078449,0.8579802357921551
0,0,0.734900713634281,0.265099286365719
1,1,0.16455750383096268,0.8354424961690373
0,0,0.7500300100665567,0.24996998993344338
0,0,0.8455953881899261,0.15440461181007395
0,0,0.8080912361563644,0.1919087638436356
0,0,0.7544282593389304,0.24557174066106963
0,0,0.8888782657199444,0.11112173428005556
0,0,0.8885366581091999,0.11146334189080007
1,1,0.2286312058622998,0.7713687941377002
1,1,0.20969075122812608,0.7903092487718739
1,1,0.023006477853242724,0.9769935221467573
0,0,0.8290044618692382,0.17099553813076188
0,0,0.7250499991723957,0.27495000082760435
1,1,0.009189521901302733,0.9908104780986973
0,0,0.8784136689946154,0.12158633100538457
0,0,0.8822998630937477,0.11770013690625224
1,1,0.013719519782200873,0.9862804802177991
0,0,0.810724413442391,0.18927558655760898
1,0,0.7074998314379892,0.2925001685620107
1,1,0.0905886875255949,0.9094113124744051
0,0,0.8487304614453085,0.15126953855469147
1,1,0.015245066208772529,0.9847549337912275
1,1,0.11740272250458683,0.8825972774954132
1,1,0.14076082850625304,0.859239171493747
0,1,0.12150359584667403,0.878496404153326
0,0,0.7638537569763193,0.23614624302368076
0,0,0.714106109661397,0.28589389033860296
0,0,0.7100623832954831,0.28993761670451695
1,1,0.20572278523705412,0.7942772147629459
0,0,0.8090056662272571,0.19099433377274286
1,1,0.13589283486593595,0.864107165134064
1,1,0.19133910793964604,0.808660892060354
1,1,0.01063979418430272,0.9893602058156973
0,0,0.7501150276586687,0.24988497234133134
0,0,0.9892192264762897,0.010780773523710306
0,0,0.873896843387716,0.12610315661228402
1,1,0.14717488433316306,0.8528251156668369
1,1,0.0901331684616552,0.9098668315383448
0,0,0.9910392403010854,0.008960759698914581
0,0,0.76232059734258,0.23767940265742007
0,0,0.7711655592843347,0.22883444071566522
1,1,0.15274105083641942,0.8472589491635806
1,1,0.11968373691622236,0.8803162630837776
0,0,0.681991118757167,0.31800888124283305
0,0,0.7472939520972453,0.2527060479027548
0,0,0.8571855509975372,0.14281444900246276
1,1,0.013933913404927889,0.9860660865950721
0,0,0.7498796672556076,0.2501203327443924
1,0,0.7975556497823204,0.20244435021767954
0,0,0.9934471670413684,0.006552832958631593
0,0,0.9917952224702828,0.008204777529717197
0,0,0.8332381964945567,0.16676180350544334
1,1,0.020215120346329774,0.9797848796536702
0,0,0.9174525818396252,0.08254741816037481
1,1,0.15345477101997473,0.8465452289800253
0,0,0.9875720099671684,0.01242799003283159
0,0,0.8071447746464506,0.1928552253535494
0,0,0.7729811631856074,0.22701883681439258
0,0,0.7395448804143154,0.2604551195856845
1,1,0.15700013180823247,0.8429998681917675
1,1,0.14164972221416106,0.8583502777858389
1,0,0.8427194658044779,0.1572805341955221
0,0,0.772815078902402,0.227184921097598
0,0,0.714597161937808,0.285402838062192
0,0,0.9749677836072148,0.025032216392785207
0,0,0.9377310476822276,0.062268952317772436
1,1,0.12410835530746123,0.8758916446925388
1,1,0.008200354442922664,0.9917996455570773
1,1,0.13724216322452387,0.8627578367754761
0,1,0.1355634481478759,0.8644365518521241
0,0,0.983639118678011,0.01636088132198902
1,1,0.11483632910457431,0.8851636708954257
1,0,0.9079172822410523,0.09208271775894769
1,1,0.12489759810065182,0.8751024018993482
1,0,0.7653782125955872,0.2346217874044127
1,0,0.7671590238839264,0.2328409761160736
0,0,0.7452385987785806,0.2547614012214194
1,1,0.12041556869464765,0.8795844313053524
0,0,0.9944094361779341,0.0055905638220658865
0,0,0.9873812236460231,0.012618776353976898
0,0,0.8566413916699906,0.1433586083300094
0,0,0.9857345098182964,0.014265490181703621
1,1,0.18460399769245195,0.815396002307548
0,0,0.851645917209549,0.14835408279045098
0,0,0.7530114611552733,0.24698853884472668
1,1,0.15756228864763577,0.8424377113523642
0,0,0.7090090546832681,0.29099094531673186
1,1,0.019516144616067987,0.980483855383932
0,0,0.9907094703313851,0.00929052966861487
1,1,0.14943494364366694,0.8505650563563331
1,1,0.014230913343027396,0.9857690866569726
0,1,0.4116602546175697,0.5883397453824303
0,0,0.9930400183037781,0.006959981696221893
1,1,0.018002682076368348,0.9819973179236317
1,0,0.7737545538533158,0.2262454461466842
1,1,0.012614061063468962,0.987385938936531
0,0,0.8187379203259821,0.18126207967401783
0,0,0.7628287867437719,0.23717121325622814
1,1,0.3240710208031502,0.6759289791968498
1,1,0.18905482143998653,0.8109451785600135
0,0,0.8530767655340377,0.1469232344659624
1,0,0.7580486294543891,0.24195137054561086
0,0,0.7812312110785469,0.2187687889214531
0,1,0.5202029522650992,0.47979704773490084
1,0,0.7564238064798042,0.24357619352019577
0,1,0.14584079462678168,0.8541592053732183
1,1,0.007001650266389103,0.9929983497336109
0,0,0.8166503816971791,0.18334961830282093
0,1,0.16698654084169395,0.833013459158306
0,0,0.9112175191604984,0.08878248083950155
1,1,0.013200056289206397,0.9867999437107936
0,0,0.7600173084008138,0.23998269159918617
0,0,0.793609087389128,0.20639091261087195
0,0,0.7665381328429793,0.23346186715702066
1,1,0.19987810134185113,0.8001218986581489
1,1,0.008025073994220477,0.9919749260057795
1,1,0.14619113263927774,0.8538088673607223
1,1,0.007026026189188461,0.9929739738108115
1,1,0.16002816731287373,0.8399718326871263
0,1,0.43505085664058896,0.564949143359411
0,0,0.8457393949187741,0.1542606050812258
1,1,0.01628264905221699,0.983717350947783
1,1,0.014279039346089872,0.9857209606539101
0,0,0.7511355552057255,0.24886444479427455
1,1,0.025538837106045542,0.9744611628939545
1,1,0.17422957009121076,0.8257704299087892
0,0,0.9925018888285686,0.00749811117143136
0,1,0.1513654640640596,0.8486345359359404
1,0,0.835460970337709,0.16453902966229092
0,0,0.8329106974354401,0.16708930256455984
0,0,0.7511716398371617,0.24882836016283832
1,1,0.014944131263494032,0.985055868736506
1,1,0.1541919199411934,0.8458080800588066
0,0,0.7561132821409908,0.24388671785900923
1,1,0.1526335448344951,0.8473664551655049
1,1,0.015776790746116598,0.9842232092538834
1,0,0.78663994718502,0.21336005281498002
0,0,0.7655841653180238,0.2344158346819762
0,1,0.13614977090651492,0.8638502290934851
1,0,0.7690106156106016,0.2309893843893984
0,0,0.8389566541565522,0.1610433458434478
1,1,0.10919287485066931,0.8908071251493307
1,1,0.17501208962645698,0.824987910373543
1,1,0.10633650155287477,0.8936634984471252
1,1,0.344444889173106,0.655555110826894
1,1,0.029557647052155023,0.970442352947845
0,0,0.7925564585856886,0.20744354141431137
1,1,0.1529674939536977,0.8470325060463023
0,0,0.7598933216795245,0.24010667832047555
0,0,0.985509212328955,0.01449078767104497
1,0,0.8559296441819245,0.14407035581807548
1,1,0.21045039750361516,0.7895496024963848
0,0,0.7736339213297987,0.22636607867020134
1,1,0.4361630075917059,0.5638369924082941
1,1,0.011673866640742103,0.9883261333592579
1,1,0.13214094549797128,0.8678590545020287
0,1,0.15615468090205242,0.8438453190979476
0,0,0.8694365803942519,0.13056341960574808
0,0,0.9327580184475823,0.06724198155241765
1,1,0.41691042259738176,0.5830895774026182
0,0,0.7600845498070504,0.2399154501929496
0,1,0.19845475651983024,0.8015452434801698
1,1,0.12405149386187297,0.875948506138127
1,1,0.014399645309231657,0.9856003546907683
0,0,0.9936465688285163,0.0063534311714836846
0,0,0.7868639883042258,0.21313601169577426
0,0,0.9935609562890636,0.006439043710936394
0,1,0.14221054031749014,0.8577894596825099
0,0,0.8793427164614188,0.12065728353858123
0,0,0.8012833237124521,0.1987166762875479
1,1,0.015758766187000894,0.9842412338129991
1,1,0.20642985004799952,0.7935701499520005
0,0,0.74412640032223,0.25587359967777
0,0,0.9810080841836354,0.01899191581636462
0,0,0.9916792875802328,0.008320712419767135
0,1,0.10800809175603954,0.8919919082439605
0,0,0.7502338371896493,0.24976616281035072
1,1,0.021380333378307026,0.978619666621693
0,0,0.991652630540951,0.008347369459049039
0,0,0.7638297405106532,0.23617025948934678
0,0,0.7669300935976459,0.23306990640235412
0,0,0.8695464414991744,0.1304535585008256
0,0,0.9876942846679904,0.012305715332009583
0,0,0.8910725544436681,0.10892744555633191
1,0,0.8482300866431088,0.15176991335689116
1,0,0.7498197483648963,0.2501802516351037
1,1,0.027919608558037212,0.9720803914419628
1,1,0.1554746428425129,0.8445253571574871
0,0,0.8609525864855447,0.1390474135144553
1,1,0.14095493102252654,0.8590450689774735
1,0,0.7622083721952132,0.23779162780478683
1,1,0.1973850042941282,0.8026149957058718
1,0,0.79274744911309,0.20725255088690997
0,0,0.7793205195101969,0.22067948048980307
1,1,0.13022224366301893,0.8697777563369811
0,0,0.74998513936878,0.25001486063122
1,1,0.11318912751332444,0.8868108724866756
0,0,0.9919154355731575,0.008084564426842425
1,0,0.7632704324060406,0.2367295675939593
0,0,0.7254482969781701,0.2745517030218298
0,0,0.7560370140397066,0.24396298596029345
1,1,0.1983305873335368,0.8016694126664632
1,1,0.01933434456891603,0.980665655431084
0,0,0.8656584867661545,0.1343415132338454
0,0,0.9844031411972363,0.015596858802763722
1,0,0.7386653624760093,0.2613346375239907
0,1,0.1269746741906571,0.8730253258093429
0,0,0.9885950351074282,0.011404964892571834
0,0,0.9850268043975161,0.014973195602483884
1,1,0.1139959585398247,0.8860040414601753
1,1,0.013585719817080233,0.9864142801829198
0,0,0.8504131671661269,0.14958683283387308
1,1,0.17178898540794452,0.8282110145920555
0,0,0.9905390666080004,0.009460933391999658
1,1,0.23654013951956643,0.7634598604804336
0,0,0.8460987113532411,0.15390128864675892
0,0,0.8580700334169667,0.14192996658303325
1,1,0.17269118674649397,0.827308813253506
0,0,0.9860537720228703,0.013946227977129706
1,1,0.19135317452345724,0.8086468254765428
1,0,0.7510808794727286,0.24891912052727133
0,1,0.1377963965308584,0.8622036034691416
1,1,0.012227234987485458,0.9877727650125145
0,0,0.9948007339148717,0.005199266085128327
1,1,0.11745332862595148,0.8825466713740485
0,1,0.17055394655550127,0.8294460534444987
1,1,0.14575194200702368,0.8542480579929763
0,0,0.8086202523429069,0.19137974765709306
0,1,0.10418169160517632,0.8958183083948237
1,1,0.2065823423865285,0.7934176576134715
0,0,0.9782521217098052,0.021747878290194783
0,0,0.9529853583532577,0.047014641646742274
0,0,0.7633779491998851,0.23662205080011484
0,0,0.7534542146205835,0.24654578537941652
1,1,0.023205068734416523,0.9767949312655835
0,1,0.10927856770732547,0.8907214322926745
1,0,0.7780537175560374,0.22194628244396264
1,1,0.005505826463156449,0.9944941735368436
0,0,0.992159199957782,0.007840800042217965
0,0,0.8540990696389472,0.14590093036105273
1,1,0.03299935674146226,0.9670006432585377
0,0,0.7581992246717941,0.24180077532820582
1,1,0.08928935245057612,0.9107106475494239
0,0,0.991900204977819,0.008099795022180927
0,0,0.7596628164379028,0.24033718356209718
0,0,0.9941421894782878,0.005857810521712242
0,0,0.9892368581348318,0.010763141865168205
0,0,0.745596712455221,0.254403287544779
1,0,0.7967012278865336,0.20329877211346636
0,0,0.9303736987895683,0.06962630121043172
0,0,0.9889831869421748,0.011016813057825158
0,0,0.9874451276086672,0.012554872391332808
0,0,0.9918123800201427,0.008187619979857294
0,0,0.8656073502184874,0.13439264978151258
0,0,0.8255766328000371,0.17442336719996293
1,1,0.12422292662283041,0.8757770733771696
0,0,0.8930022600912074,0.10699773990879258
0,0,0.8692007252835661,0.13079927471643388
1,1,0.1456704983433883,0.8543295016566117
0,0,0.7613628033491432,0.23863719665085684
0,0,0.7957501546866509,0.20424984531334908
0,0,0.8346778715443035,0.16532212845569644
1,1,0.128535701226406,0.871464298773594
0,0,0.7498763244224222,0.2501236755775777
0,0,0.9925094626806509,0.007490537319349149
1,0,0.7407294701397305,0.2592705298602696
1,1,0.12816836370535722,0.8718316362946428
1,1,0.08447559080168021,0.9155244091983198
1,1,0.00666242479616963,0.9933375752038304
0,1,0.13333721005298993,0.8666627899470101
0,0,0.9027691090839871,0.09723089091601295
1,1,0.04452115438033277,0.9554788456196672
1,0,0.7707837683846386,0.22921623161536142
0,0,0.8578587790657536,0.14214122093424644
0,0,0.9928920780352147,0.0071079219647852444
1,1,0.14577117113991322,0.8542288288600868
1,1,0.13718931045755078,0.8628106895424492
1,1,0.02217135476942733,0.9778286452305727
0,0,0.8129913207361464,0.1870086792638536
0,0,0.9222152556150504,0.0777847443849496
0,0,0.9060156435274035,0.09398435647259652
1,0,0.758064653425901,0.24193534657409893
0,0,0.745597239973121,0.25440276002687895
0,0,0.9053484558480165,0.09465154415198353
0,0,0.8651630099020624,0.1348369900979376
0,0,0.8332425276238189,0.1667574723761811
0,0,0.7666221876546516,0.23337781234534835
1,1,0.10748870690952184,0.8925112930904782
0,0,0.991935472565119,0.008064527434880953
0,0,0.8622069617075423,0.13779303829245773
1,1,0.12377920332777104,0.876220796672229
0,0,0.846973445406435,0.15302655459356498
0,0,0.9877689205670839,0.012231079432916167
0,0,0.7579818639152901,0.24201813608470987
0,0,0.8890537356847109,0.11094626431528906
0,0,0.7880707979226488,0.21192920207735122
1,0,0.7697308152707517,0.23026918472924832
0,0,0.768181067155187,0.23181893284481303
1,1,0.1958346896239429,0.8041653103760571
1,1,0.024933976093759802,0.9750660239062402
1,1,0.023707642662873063,0.9762923573371269
1,1,0.1997016160956162,0.8002983839043838
1,0,0.7751602221503577,0.22483977784964226
1,1,0.18156131696889566,0.8184386830311043
0,1,0.4524490131510631,0.5475509868489369
0,0,0.9921762712403555,0.00782372875964455
1,1,0.13432672534632917,0.8656732746536708
1,1,0.016400048222442565,0.9835999517775574
1,1,0.016402188277864327,0.9835978117221357
1,1,0.022120711221931044,0.977879288778069
1,1,0.020121029428483928,0.9798789705715161
1,1,0.08337614785100123,0.9166238521489988
0,0,0.8769089214618471,0.12309107853815297
1,1,0.1884039329534014,0.8115960670465986
1,1,0.15172068820599327,0.8482793117940067
1,1,0.015384913476954587,0.9846150865230454
0,0,0.9925732934265209,0.007426706573479138
1,1,0.03785655442275859,0.9621434455772414
0,0,0.9874275967845052,0.012572403215494746
0,0,0.8474352175992927,0.1525647824007072
0,0,0.7961984163132579,0.2038015836867421
0,0,0.9936169221804191,0.006383077819580886
0,0,0.9896845633211715,0.010315436678828477
1,0,0.8370334108727813,0.16296658912721876
0,0,0.9922251996457483,0.007774800354251729
0,1,0.11048197879788224,0.8895180212021178
0,0,0.7943628929307796,0.2056371070692205
0,0,0.903255541903217,0.09674445809678302
0,0,0.8428516251821223,0.15714837481787763
1,1,0.15513477471378878,0.8448652252862112
1,1,0.025863383212576863,0.9741366167874231
0,0,0.9877705650321355,0.01222943496786453
1,0,0.8910032020831054,0.10899679791689468
1,0,0.780514886547045,0.21948511345295493
1,1,0.029059125312555723,0.9709408746874443
0,0,0.7329585227706681,0.26704147722933186
1,1,0.017617248012929854,0.9823827519870701
0,1,0.14454041245097227,0.8554595875490277
1,1,0.11648162091718228,0.8835183790828177
1,1,0.0059592389700421355,0.9940407610299579
0,0,0.8266187711317723,0.17338122886822774
0,0,0.8635334275888312,0.1364665724111688
1,0,0.7588894220997052,0.24111057790029475
0,0,0.8803971706994432,0.11960282930055673
0,0,0.7941958100684156,0.20580418993158445
0,0,0.8911011696229134,0.10889883037708659
1,1,0.18023105105833748,0.8197689489416625
0,0,0.7516198976577938,0.2483801023422062
0,0,0.8656762400920017,0.13432375990799825
0,0,0.9919640946963337,0.008035905303666288
1,1,0.15584762889495307,0.8441523711050469
0,0,0.9023399579969865,0.09766004200301352
0,0,0.9887316879374226,0.01126831206257743
1,0,0.8747881277267356,0.12521187227326436
1,1,0.09291317047361092,0.9070868295263891
0,0,0.9910932259636772,0.008906774036322765
0,0,0.7057790295439128,0.29422097045608714
0,0,0.7113471115531258,0.2886528884468742
1,1,0.010194179960071215,0.9898058200399288
0,0,0.8828190006674879,0.1171809993325121
0,0,0.7775325568935588,0.22246744310644118
1,1,0.15032482556778748,0.8496751744322125
1,1,0.010752081844176753,0.9892479181558232
0,0,0.7574483128436673,0.24255168715633268
1,1,0.20330571020804944,0.7966942897919506
0,0,0.8437678514410583,0.1562321485589418
1,1,0.12071285768178541,0.8792871423182146
1,1,0.15381320700418044,0.8461867929958196
0,0,0.818804938980482,0.181195061019518
1,1,0.07797497708707402,0.922025022912926
1,0,0.8697757180033892,0.13022428199661085
1,1,0.13933679794316212,0.8606632020568379
1,1,0.17131735877937604,0.828682641220624
1,1,0.019438171310121044,0.980561828689879
1,1,0.14230428504269177,0.8576957149573082
0,0,0.9837290851238278,0.016270914876172164
0,1,0.07799329503555952,0.9220067049644405
1,1,0.02594964847817971,0.9740503515218203
0,0,0.8784250017637838,0.12157499823621618
1,1,0.030903975121638894,0.9690960248783611
1,1,0.024608612952666697,0.9753913870473333
0,0,0.7689401213522662,0.23105987864773375
0,0,0.9937651081342923,0.0062348918657077375
0,0,0.8162082842459885,0.18379171575401157
1,0,0.7344716475684996,0.26552835243150047
1,1,0.1196634771319911,0.8803365228680089
1,1,0.015899665634517945,0.984100334365482
1,1,0.11187558015198451,0.8881244198480155
1,1,0.2078859038367905,0.7921140961632095
1,1,0.13723784577501463,0.8627621542249854
0,0,0.8650451274315227,0.13495487256847727
0,0,0.9906128487387534,0.009387151261246588
1,1,0.19680067601504192,0.8031993239849581
0,0,0.7788189942477816,0.22118100575221844
1,1,0.17383154100540077,0.8261684589945992
0,0,0.9019363050274469,0.0980636949725531
1,1,0.14442001543212835,0.8555799845678717
0,0,0.7598772143217181,0.240122785678282
0,0,0.9041862336247747,0.09581376637522528
0,1,0.19688341781909058,0.8031165821809094
0,0,0.8451217725338901,0.15487822746610994
0,0,0.8425095745670014,0.1574904254329986
0,0,0.7660339064264174,0.2339660935735826
1,1,0.13202909582821643,0.8679709041717836
1,0,0.7677380413423207,0.23226195865767923
1,1,0.1444560414222369,0.8555439585777631
0,0,0.8481498669734409,0.15185013302655917
1,1,0.15953328105011189,0.8404667189498881
0,0,0.8218297051834647,0.17817029481653532
1,1,0.2181384728666934,0.7818615271333066
0,0,0.9909811872754979,0.009018812724502168
1,1,0.10854213460292783,0.8914578653970722
1,1,0.14631130437183582,0.8536886956281642
0,1,0.1976225217577533,0.8023774782422467
0,0,0.9888781789312724,0.011121821068727649
0,0,0.9069773023405079,0.09302269765949206
1,1,0.14366645496776453,0.8563335450322355
1,1,0.12689270410182563,0.8731072958981744
0,0,0.7316310012546915,0.2683689987453085
0,0,0.7890112919721392,0.21098870802786088
1,0,0.7578583050173224,0.2421416949826775
0,0,0.9945435533481174,0.005456446651882617
0,0,0.7714367805709214,0.22856321942907867
0,0,0.8518830093499016,0.1481169906500984
0,1,0.09049261414514564,0.9095073858548544
1,1,0.024963923660365928,0.9750360763396341
0,0,0.7812863736958581,0.21871362630414196
0,0,0.8833930080302201,0.1166069919697798
0,0,0.9914153570591999,0.008584642940800082
0,0,0.8840302913227541,0.11596970867724588
1,1,0.18361583056025843,0.8163841694397416
1,1,0.007113327430187444,0.9928866725698126
1,1,0.011151146702384929,0.9888488532976151
1,0,0.7551014947674042,0.24489850523259582
0,1,0.42198236000905254,0.5780176399909475
1,1,0.15070788470229157,0.8492921152977084
1,1,0.01804580671343725,0.9819541932865627
0,0,0.987406293091467,0.01259370690853299
0,0,0.7804442977206706,0.21955570227932938
0,0,0.8945917164832676,0.10540828351673238
1,1,0.15781626413884642,0.8421837358611536
0,0,0.7471780890113678,0.25282191098863216
1,1,0.012811971514538723,0.9871880284854613
1,1,0.17083413679977333,0.8291658632002267
1,0,0.7326549336699649,0.2673450663300351
0,0,0.9904578406415872,0.009542159358412867
0,0,0.8992038516700288,0.10079614832997118
1,1,0.1796564459579787,0.8203435540420213
0,0,0.7458771701371942,0.2541228298628058
0,1,0.08246174860144262,0.9175382513985574
1,1,0.14476481522425488,0.8552351847757451
0,0,0.8323688053293873,0.16763119467061272
0,0,0.7676947398137095,0.23230526018629047
1,1,0.018154158081342242,0.9818458419186578
0,0,0.9843693338131976,0.015630666186802412
1,1,0.010553542328479715,0.9894464576715203
1,1,0.15581016473456422,0.8441898352654358
1,1,0.016504065326995998,0.983495934673004
0,0,0.7691585028083696,0.23084149719163036
0,0,0.9106246667344482,0.08937533326555178
1,1,0.15308765261474344,0.8469123473852566
0,0,0.8567642361855131,0.1432357638144869
1,1,0.00478044332453198,0.995219556675468
1,1,0.1859434789175447,0.8140565210824553
0,0,0.9230142535386494,0.07698574646135063
0,0,0.9408304281305566,0.05916957186944336
0,0,0.7867502441026584,0.21324975589734166
1,1,0.1653750321237003,0.8346249678762997
0,0,0.757789220185523,0.24221077981447706
0,0,0.7485268856788376,0.25147311432116237
0,0,0.988741890806007,0.011258109193992923
1,1,0.1508993175372796,0.8491006824627204
0,0,0.765294584870874,0.234705415129126
1,1,0.16073681918656302,0.839263180813437
1,1,0.1817395641495516,0.8182604358504484
0,0,0.988753385398351,0.01124661460164902
1,0,0.7727583383764626,0.2272416616235374
1,0,0.7694663572770477,0.23053364272295235
0,0,0.7583343354941787,0.24166566450582133
0,0,0.8304378561324142,0.1695621438675859
1,1,0.01538434275383982,0.9846156572461602
0,1,0.5195293090221442,0.48047069097785583
1,1,0.009236919810991728,0.9907630801890083
1,0,0.7307038830404233,0.2692961169595766
0,0,0.9229314336960063,0.0770685663039937
0,0,0.9122665507098989,0.08773344929010111
1,1,0.01736430866473626,0.9826356913352637
1,0,0.7882075558441162,0.21179244415588383
0,0,0.7588684602927227,0.24113153970727724
0,0,0.9946369450553799,0.0053630549446201225
1,1,0.12639553313092589,0.8736044668690741
0,0,0.9104593689838677,0.08954063101613229
0,0,0.8383476470090835,0.1616523529909165
1,1,0.01640476256534429,0.9835952374346557
0,0,0.8442180835116933,0.15578191648830675
0,0,0.8339954839224603,0.16600451607753977
1,1,0.005521705742304928,0.9944782942576951
1,1,0.12756252573833615,0.8724374742616638
0,0,0.9197085890944109,0.08029141090558913
1,1,0.016769842005453173,0.9832301579945468
1,1,0.1780037555370212,0.8219962444629788
1,1,0.028636301837648315,0.9713636981623517
0,1,0.18762786378038943,0.8123721362196106
0,0,0.8470686622350254,0.1529313377649746
1,1,0.15892940084368812,0.8410705991563119
0,0,0.9930819904973299,0.006918009502670063
1,1,0.11151653144073359,0.8884834685592664
1,1,0.15683145618243788,0.8431685438175621
0,0,0.8642097557693057,0.13579024423069433
1,0,0.7699777057050567,0.23002229429494325
1,0,0.8724974390689337,0.12750256093106632
1,1,0.15578953852746147,0.8442104614725385
1,1,0.09175258726006663,0.9082474127399334
0,0,0.8691329142199946,0.13086708578000533
1,1,0.07086596359567043,0.9291340364043296
0,0,0.9036378917086656,0.09636210829133446
1,1,0.11832289207659552,0.8816771079234045
0,0,0.9922767682369372,0.007723231763062724
1,1,0.10894880337573887,0.8910511966242611
0,0,0.8943907205383683,0.10560927946163168
0,0,0.9886362058070017,0.011363794192998301
0,0,0.8790074861382289,0.12099251386177116
1,1,0.12524049123982184,0.8747595087601782
0,0,0.8463176807410622,0.15368231925893783
0,0,0.9289738694980001,0.07102613050199992
1,1,0.15264815076775173,0.8473518492322483
0,0,0.8446645412090602,0.15533545879093977
0,0,0.9909437055086175,0.009056294491382455
1,0,0.7582950317663065,0.24170496823369347
1,1,0.13535989912030388,0.8646401008796961
1,0,0.776029532969807,0.22397046703019302
0,1,0.14562465446492912,0.8543753455350709
1,1,0.1754471376109319,0.8245528623890681
0,0,0.676982848319605,0.32301715168039496
1,1,0.017232258852398208,0.9827677411476018
0,0,0.9801697559654445,0.01983024403455541
1,1,0.01305244765775393,0.9869475523422461
0,0,0.8553000361586571,0.14469996384134287
0,0,0.8059726591482368,0.19402734085176324
1,1,0.07693960036335024,0.9230603996366498
1,1,0.2039028865314768,0.7960971134685232
0,0,0.9913662482490986,0.008633751750901442
0,0,0.9880052237860776,0.011994776213922418
0,0,0.7612776312523981,0.23872236874760192
1,1,0.1505921074779094,0.8494078925220906
0,0,0.8646136500998197,0.13538634990018028
0,0,0.9905731863165751,0.009426813683424871
1,1,0.12609065167922018,0.8739093483207798
1,1,0.11803689834544306,0.8819631016545569
1,1,0.20447198960948243,0.7955280103905176
0,0,0.7724744585686147,0.2275255414313852
1,0,0.8094101789002919,0.1905898210997081
1,1,0.17870243802879326,0.8212975619712067
0,0,0.7635208934997901,0.23647910650020987
0,0,0.9905597456847961,0.00944025431520394
1,1,0.022780906360257203,0.9772190936397428
1,1,0.006683367201093415,0.9933166327989066
0,0,0.8537334812022899,0.1462665187977101
1,1,0.02303702571908539,0.9769629742809146
0,0,0.9413841120153,0.05861588798469999
1,0,0.7136100475014007,0.2863899524985993
1,1,0.02932741415332829,0.9706725858466717
0,0,0.8863766461097686,0.11362335389023141
1,0,0.8678837460403026,0.13211625395969745
1,0,0.8433997866936752,0.15660021330632481
1,1,0.117234858662844,0.882765141337156
1,1,0.01855449601346626,0.9814455039865337
0,0,0.7698446287727003,0.23015537122729965
1,1,0.04564606121404813,0.9543539387859519
0,0,0.7156387871094059,0.28436121289059413
1,0,0.7886011561456465,0.21139884385435348
0,0,0.7489382969066722,0.25106170309332776
1,0,0.8471986724056488,0.15280132759435122
1,1,0.19321398407171952,0.8067860159282805
1,1,0.07291717281786969,0.9270828271821303
1,1,0.12531544751401735,0.8746845524859826
0,0,0.8458098000287684,0.15419019997123168
0,0,0.751452606900495,0.24854739309950497
0,0,0.9918651300874264,0.008134869912573658
0,0,0.9898328648365148,0.010167135163485224
0,0,0.9934085610873277,0.0065914389126723325
0,0,0.8323747010886915,0.16762529891130848
0,0,0.7696390568889269,0.23036094311107314
0,0,0.8296380848344104,0.17036191516558966
1,1,0.08478002795719375,0.9152199720428063
0,0,0.9294613986804048,0.07053860131959523
1,1,0.21317325154393396,0.786826748456066
0,0,0.7504202969294638,0.2495797030705362
1,1,0.01808430695861374,0.9819156930413863
0,0,0.7665216065877525,0.23347839341224746
0,0,0.9189088088246793,0.08109119117532071
0,0,0.7365166837961655,0.2634833162038345
0,0,0.8327752646779514,0.16722473532204862
1,1,0.011331431805328696,0.9886685681946713
0,0,0.859084755289513,0.14091524471048703
0,0,0.711743385426139,0.288256614573861
0,0,0.8592592904104698,0.1407407095895302
1,1,0.1281100166163447,0.8718899833836553
0,0,0.9930310402762468,0.006968959723753272
0,0,0.7674833437550246,0.23251665624497542
0,0,0.8727954424584833,0.12720455754151672
0,1,0.1745690036135985,0.8254309963864015
1,1,0.02028956652688696,0.979710433473113
0,0,0.872238883666293,0.12776111633370704
1,1,0.08397883715450538,0.9160211628454946
1,1,0.12363077741156347,0.8763692225884365
0,0,0.903165153320163,0.09683484667983705
0,0,0.9933035637109856,0.006696436289014373
1,1,0.14802147951950873,0.8519785204804913
1,0,0.7780057759204855,0.22199422407951458
0,0,0.7645994085019951,0.2354005914980049
1,0,0.7946128784814067,0.20538712151859329
1,1,0.01581186400646495,0.984188135993535
0,0,0.804410026812265,0.19558997318773497
0,0,0.7652276629396635,0.23477233706033646
0,0,0.902429140352067,0.09757085964793297
1,1,0.01266028402217978,0.9873397159778202
0,0,0.6308924727272435,0.36910752727275653
0,0,0.7617910466770517,0.2382089533229483
1,1,0.00584529096375197,0.994154709036248
1,1,0.07219778884151429,0.9278022111584857
0,0,0.8010552368329679,0.19894476316703213
1,1,0.15066528183444616,0.8493347181655538
1,1,0.012202350014861807,0.9877976499851382
0,0,0.9917287148147396,0.008271285185260475
0,0,0.8946723069719835,0.10532769302801653
0,0,0.8836032359122515,0.11639676408774847
0,0,0.8454321215226647,0.15456787847733536
0,0,0.7723699606634278,0.22763003933657217
1,1,0.18269619371738566,0.8173038062826143
1,0,0.8318846342374729,0.16811536576252703
1,1,0.012795555421360572,0.9872044445786394
0,1,0.1697504535967218,0.8302495464032782
0,1,0.24122354976605365,0.7587764502339464
0,0,0.8460843775593692,0.15391562244063087
0,1,0.15448955172159928,0.8455104482784007
0,0,0.9332797675368426,0.06672023246315739
0,0,0.7989969487353238,0.20100305126467624
1,0,0.7461317237721471,0.2538682762278529
0,0,0.981688993688007,0.01831100631199301
1,1,0.015595806373484455,0.9844041936265155
0,0,0.7741408565772046,0.22585914342279545
1,1,0.14410925724297152,0.8558907427570285
0,0,0.9885681356795508,0.011431864320449207
0,0,0.9612954650175088,0.03870453498249119
0,0,0.771845263997596,0.22815473600240396
1,1,0.013628873199822311,0.9863711268001777
0,0,0.734159045293261,0.26584095470673896
0,1,0.18997457139895135,0.8100254286010486
0,0,0.7707571508941589,0.2292428491058412
1,1,0.1325779177176143,0.8674220822823857
0,0,0.8943316694082252,0.10566833059177481
0,0,0.827936684762271,0.17206331523772903
0,0,0.9923259217566354,0.007674078243364597
0,0,0.8518241994416499,0.14817580055835008
0,0,0.7612018055034735,0.23879819449652648
0,0,0.9933924636770385,0.006607536322961565
1,1,0.14205013666356248,0.8579498633364375
1,1,0.19264964539255824,0.8073503546074418
1,1,0.16926999272545118,0.8307300072745488
0,0,0.7577775702963058,0.24222242970369423
1,0,0.770481566669692,0.22951843333030797
1,1,0.024316905336127848,0.9756830946638722
1,1,0.17789998253458061,0.8221000174654194
1,1,0.025733436032098878,0.9742665639679011
1,1,0.016279426815217435,0.9837205731847826
1,0,0.8245004882555321,0.17549951174446785
0,0,0.9940911781431537,0.00590882185684627
0,0,0.9921957286754299,0.007804271324570113
1,1,0.031450480575961226,0.9685495194240388
1,1,0.16096628605482244,0.8390337139451776
0,0,0.8605672855395347,0.13943271446046537
0,0,0.9912155830617525,0.008784416938247549
0,1,0.00715310663805846,0.9928468933619415
1,0,0.8819765726886915,0.11802342731130853
1,1,0.18496462833989313,0.8150353716601069
0,0,0.8469547042569666,0.15304529574303335
1,1,0.034429034846998,0.965570965153002
1,1,0.014029473589456165,0.9859705264105438
1,1,0.009251936819400508,0.9907480631805995
0,0,0.982919543381355,0.01708045661864495
0,0,0.8211063023118694,0.17889369768813063
0,0,0.7616792188403627,0.23832078115963723
0,0,0.756962099537767,0.243037900462233
1,1,0.18292313798166715,0.8170768620183329
0,0,0.7499502549422729,0.25004974505772715
0,0,0.9894408187530732,0.010559181246926742
1,1,0.005071464529702974,0.994928535470297
0,0,0.9833883802985596,0.016611619701440396
0,0,0.7910994884017459,0.208900511598254
1,1,0.13026442253613535,0.8697355774638647
1,1,0.018294818834486692,0.9817051811655133
0,0,0.9925615265177622,0.007438473482237824
0,0,0.7240152973806492,0.2759847026193508
1,1,0.018748441699729446,0.9812515583002706
0,0,0.8600132032575885,0.1399867967424116
0,0,0.7773210779957629,0.22267892200423706
1,0,0.8030120033396398,0.19698799666036015
1,1,0.012394168589206833,0.9876058314107932
1,0,0.7911153929997167,0.20888460700028333
1,1,0.042822113361710934,0.9571778866382891
1,1,0.017825254827199877,0.9821747451728001
0,0,0.9058593119236091,0.09414068807639092
0,0,0.6399484198641052,0.3600515801358948
1,0,0.788777632120599,0.21122236787940102
0,0,0.9811863029683572,0.0188136970316428
0,0,0.9877132766519541,0.012286723348045942
0,0,0.9918030843120916,0.008196915687908325
1,1,0.15664428095048621,0.8433557190495138
1,1,0.08521644128983163,0.9147835587101684
1,1,0.023570965688100465,0.9764290343118995
0,0,0.9908236966620472,0.00917630333795285
1,1,0.0761611136833088,0.9238388863166912
0,0,0.8689469416354089,0.13105305836459116
1,1,0.009321261097966271,0.9906787389020337
1,1,0.14556188104268142,0.8544381189573186
1,1,0.005390636036626262,0.9946093639633737
1,1,0.1613850226908854,0.8386149773091146
1,1,0.1662349336141754,0.8337650663858246
0,0,0.8435704180092571,0.1564295819907429
0,0,0.9922509082093347,0.007749091790665286
1,0,0.9074402246006926,0.09255977539930733
0,0,0.6200482800207945,0.37995171997920546
1,1,0.017305163486754704,0.9826948365132453
0,0,0.7340117592290616,0.2659882407709384
0,0,0.7438858796734855,0.25611412032651454
0,0,0.7469858250857296,0.25301417491427036
0,0,0.9234050786829364,0.07659492131706361
1,1,0.07200034588155546,0.9279996541184445
0,0,0.7653614569669779,0.23463854303302212
0,0,0.9081797451526861,0.0918202548473139
1,1,0.02095361785634564,0.9790463821436544
1,1,0.17744829246587968,0.8225517075341203
1,1,0.11583402901989703,0.884165970980103
0,0,0.9083841091285291,0.09161589087147097
1,1,0.020361917213749026,0.979638082786251
0,0,0.7699790251333449,0.23002097486665501
1,0,0.7395088468363666,0.26049115316363336
1,1,0.1553317401760379,0.8446682598239621
1,1,0.21667377199314353,0.7833262280068565
1,0,0.7701354500962078,0.2298645499037922
0,0,0.9893440245194705,0.010655975480529564
1,1,0.16059217683644922,0.8394078231635508
0,0,0.8718795713045536,0.12812042869544635
0,0,0.9896411908482663,0.01035880915173369
0,0,0.7671497392677733,0.23285026073222673
0,0,0.9410238910986854,0.058976108901314495
1,1,0.09302841407541773,0.9069715859245823
0,0,0.8366358615458503,0.16336413845414965
0,0,0.7770781466792994,0.22292185332070058
1,1,0.0736396306746796,0.9263603693253204
0,0,0.8418466348605167,0.15815336513948325
0,0,0.8454277652565023,0.1545722347434977
0,1,0.14306211093488974,0.8569378890651103
1,1,0.024237847207527197,0.9757621527924728
1,1,0.15609307671384398,0.843906923286156
0,0,0.9809629930408328,0.019037006959167258
1,1,0.19899375875728575,0.8010062412427142
1,1,0.02062862724581127,0.9793713727541887
0,0,0.7776950405148014,0.2223049594851986
1,1,0.17345695608684886,0.8265430439131511
1,1,0.015756181839645778,0.9842438181603542
0,0,0.9896787305209886,0.0103212694790113
0,0,0.9053565255665849,0.09464347443341511
0,0,0.7729026284475405,0.22709737155245946
0,0,0.6276575451379252,0.3723424548620749
1,1,0.013179814491896868,0.9868201855081031
0,0,0.867900312177146,0.13209968782285403
0,0,0.7794135011058276,0.2205864988941724
1,1,0.1376983826554412,0.8623016173445588
0,0,0.9149518622875434,0.08504813771245655
0,0,0.7631439995061682,0.2368560004938318
1,0,0.7551359542997679,0.24486404570023212
1,1,0.02262361822040093,0.9773763817795991
1,0,0.8311429293918284,0.16885707060817162
1,1,0.14689696533009822,0.8531030346699018
0,0,0.8650799699849299,0.13492003001507014
0,0,0.7679417920767311,0.23205820792326895
0,0,0.9914571640252682,0.00854283597473185
0,0,0.8592767406923029,0.14072325930769716
1,1,0.1257147000297505,0.8742852999702495
0,0,0.7630359618483983,0.2369640381516017
1,0,0.8535845984614633,0.14641540153853672
0,0,0.7584266324483123,0.24157336755168768
1,1,0.02514119736721454,0.9748588026327855
0,0,0.771878193600865,0.22812180639913499
0,0,0.7150537371003238,0.28494626289967623
1,0,0.6958962639269972,0.30410373607300284
1,1,0.006594619815268765,0.9934053801847312
0,0,0.7848212161407857,0.2151787838592143
0,0,0.8841416853757219,0.11585831462427813
0,0,0.7284469170007857,0.2715530829992144
0,0,0.8715691715117136,0.12843082848828632
1,0,0.7582907279413658,0.2417092720586342
0,0,0.785184872473589,0.214815127526411
0,0,0.8014945963604293,0.19850540363957073
0,0,0.9029582688461468,0.09704173115385314
0,0,0.8734365072111627,0.12656349278883722
0,0,0.7643896609115188,0.2356103390884811
0,0,0.7945858403178603,0.2054141596821397
1,1,0.16009399379161793,0.8399060062083821
1,1,0.09717897742620929,0.9028210225737907
1,1,0.17149826861904027,0.8285017313809597
0,0,0.8527613681549455,0.14723863184505445
1,1,0.14643797692133498,0.853562023078665
1,0,0.7738999883136426,0.22610001168635746
0,0,0.9885479485701228,0.011452051429877206
1,1,0.1393583923579501,0.8606416076420499
0,0,0.9155853037057105,0.08441469629428955
1,1,0.1459356104350713,0.8540643895649287
0,0,0.7573498367372338,0.2426501632627662
0,0,0.7416452937694884,0.25835470623051154
0,0,0.7820804861761983,0.2179195138238017
0,0,0.9934622412225997,0.006537758777400237
1,1,0.1337472782855228,0.8662527217144772
1,1,0.15564111835294514,0.8443588816470549
1,1,0.13069950735795455,0.8693004926420455
0,0,0.783924317700849,0.21607568229915103
0,0,0.9179643771474888,0.08203562285251118
1,1,0.1790320706003028,0.8209679293996972
1,1,0.17342092058350134,0.8265790794164987
0,0,0.8432360000170196,0.15676399998298035
0,0,0.9382220083826232,0.061777991617376814
0,1,0.2595265693361126,0.7404734306638874
0,0,0.9837750442891599,0.016224955710840174
1,1,0.019316479946105858,0.9806835200538941
1,1,0.21740476915380558,0.7825952308461944
1,1,0.16194994298998522,0.8380500570100148
0,0,0.8589673777921375,0.1410326222078625
0,0,0.7491111840019802,0.2508888159980199
0,0,0.8873944345963358,0.11260556540366412
1,1,0.025671683080317864,0.9743283169196821
1,1,0.10033775971273573,0.8996622402872643
1,1,0.13259123090175806,0.8674087690982419
0,0,0.7440696996515136,0.2559303003484864
1,1,0.0046077349973217,0.9953922650026783
1,1,0.09016666671841156,0.9098333332815884
0,0,0.8000704254832195,0.19992957451678053
0,0,0.8071860299251782,0.1928139700748218
0,0,0.9395867110647547,0.06041328893524534
1,0,0.8985482951772845,0.10145170482271547
0,0,0.7562599522161515,0.24374004778384845
0,0,0.9300909236177659,0.06990907638223415
0,1,0.18825679807964446,0.8117432019203555
0,0,0.7662336727202677,0.23376632727973234
1,1,0.02156470986566783,0.9784352901343322
1,1,0.015389760237601857,0.9846102397623981
0,1,0.18153371746851565,0.8184662825314843
1,1,0.12882893454606603,0.871171065453934
0,0,0.8977650545116679,0.10223494548833212
0,0,0.8674694799218957,0.1325305200781043
1,0,0.7332060195549733,0.26679398044502667
0,0,0.7749716187037868,0.22502838129621316
0,0,0.8977698638913163,0.10223013610868364
0,0,0.74217304794527,0.25782695205473
1,1,0.18305363072105008,0.8169463692789499
0,0,0.5565790510590809,0.4434209489409191
1,1,0.09622027084176332,0.9037797291582367
0,0,0.8312054233548625,0.1687945766451375
0,0,0.9306560399870745,0.06934396001292549
1,1,0.18130528446153715,0.8186947155384628
0,0,0.9332325985773701,0.06676740142262994
1,1,0.011377209433456104,0.9886227905665439
0,1,0.2137454963636114,0.7862545036363886
1,1,0.10702804030150781,0.8929719596984922
1,1,0.024108174168142815,0.9758918258318572
1,1,0.16564268945617677,0.8343573105438232
0,0,0.7722340545824574,0.22776594541754255
0,0,0.987384962781364,0.012615037218635994
1,1,0.019150678355714268,0.9808493216442857
1,1,0.015420521305447576,0.9845794786945524
1,1,0.12197436191422051,0.8780256380857795
1,1,0.01800713348211158,0.9819928665178884
1,1,0.019989783439677944,0.9800102165603221
0,0,0.7710356901169675,0.22896430988303249
1,0,0.752579062174279,0.24742093782572105
0,0,0.7420476308391499,0.25795236916085007
1,1,0.14718544290606195,0.852814557093938
0,0,0.8404811016563148,0.15951889834368516
0,0,0.9929195660545121,0.007080433945487806
0,0,0.7741638084827747,0.22583619151722534
1,1,0.12544649958734633,0.8745535004126537
1,1,0.03411834473239428,0.9658816552676057
1,0,0.7570514241152734,0.24294857588472665
1,1,0.005983480556771226,0.9940165194432288
0,0,0.9127301103004565,0.08726988969954352
0,0,0.7585401979985332,0.2414598020014668
0,1,0.21809352525557568,0.7819064747444243
1,0,0.7643173504211352,0.23568264957886473
0,0,0.8816744412985824,0.11832555870141762
1,1,0.2238473533889891,0.7761526466110109
1,0,0.7295173682547275,0.27048263174527254
1,1,0.1961278161539406,0.8038721838460594
1,1,0.011631029602877208,0.9883689703971228
1,1,0.01143538635407737,0.9885646136459226
0,0,0.7971150744147897,0.20288492558521035
0,0,0.7137994228582365,0.28620057714176345
1,1,0.02384803598512053,0.9761519640148795
0,0,0.9863004227187298,0.013699577281270294
1,1,0.11774591304655369,0.8822540869534463
1,1,0.12735898654600752,0.8726410134539925
1,1,0.14686129557322047,0.8531387044267795
1,1,0.01751077895698472,0.9824892210430153
0,0,0.7483787400283148,0.2516212599716852
1,1,0.01668598770774865,0.9833140122922513
0,0,0.784420207156731,0.21557979284326903
0,0,0.7623581786870453,0.2376418213129547
0,0,0.818977061755253,0.18102293824474702
1,0,0.7877906791368706,0.21220932086312938
1,1,0.10611710849097711,0.8938828915090229
0,0,0.8757653062676929,0.12423469373230714
1,1,0.014198568723901017,0.985801431276099
0,0,0.7829225646147965,0.21707743538520355
1,1,0.13489389706957877,0.8651061029304212
0,0,0.9881901431967929,0.011809856803207145
0,0,0.7554182974357506,0.24458170256424944
1,1,0.02818877048072932,0.9718112295192707
0,0,0.7700724526226163,0.22992754737738377
0,0,0.7653165095736711,0.2346834904263289
0,1,0.19581489741009583,0.8041851025899042
1,1,0.005276451177137598,0.9947235488228624
0,0,0.7395813530760771,0.26041864692392297
1,1,0.2093966968547808,0.7906033031452192
1,1,0.12960553979277967,0.8703944602072203
1,1,0.15732215545644623,0.8426778445435538
0,0,0.8167661040230708,0.18323389597692916
0,0,0.8752466778274492,0.1247533221725507
0,0,0.8699864364262822,0.13001356357371788
0,1,0.1063491833926794,0.8936508166073206
1,1,0.01133778886082315,0.9886622111391768
1,1,0.08227318396448824,0.9177268160355118
1,1,0.1320168334513363,0.8679831665486637
0,0,0.8445078047520311,0.15549219524796887
1,0,0.748056962635818,0.25194303736418194
0,1,0.13774811941768916,0.8622518805823108
0,0,0.7551126357077633,0.24488736429223662
1,0,0.8081405413448266,0.19185945865517343
0,0,0.7820341584812037,0.2179658415187963
1,1,0.020681899930046876,0.9793181000699531
0,0,0.9193277927057715,0.08067220729422848
1,1,0.14377778384956263,0.8562222161504374
1,0,0.7608424623001411,0.2391575376998589
0,0,0.8868632161367864,0.11313678386321356
0,1,0.12119042201384167,0.8788095779861583
1,1,0.01639479686073897,0.983605203139261
0,0,0.7801971562504966,0.21980284374950348
1,1,0.004473837481764109,0.9955261625182359
1,1,0.1475841001756688,0.8524158998243312
1,1,0.00616304443693283,0.9938369555630672
1,1,0.15598331239009144,0.8440166876099086
1,0,0.757661145766615,0.242338854233385
0,0,0.7818690271271576,0.21813097287284242
1,1,0.0710947003077319,0.9289052996922681
1,1,0.12005613773647905,0.879943862263521
1,1,0.14786694979236126,0.8521330502076387
0,1,0.14905245766747965,0.8509475423325203
0,0,0.8774440356443839,0.1225559643556161
0,0,0.7619538423063708,0.23804615769362927
0,0,0.8075191802660198,0.19248081973398026
0,0,0.7751470407253493,0.22485295927465068
1,1,0.18490216397441628,0.8150978360255837
1,1,0.13546846438415083,0.8645315356158492
1,1,0.14343352441002988,0.8565664755899701
0,0,0.9849168345137821,0.015083165486217864
1,1,0.15802799900770348,0.8419720009922965
1,1,0.13322352668360615,0.8667764733163938
0,0,0.7720616615303166,0.2279383384696834
0,0,0.8147056472933785,0.1852943527066215
1,1,0.20146033157570153,0.7985396684242985
1,1,0.11399309212379882,0.8860069078762012
0,0,0.8438802055551808,0.1561197944448191
0,0,0.9919096653655746,0.008090334634425397
1,0,0.8508422198533718,0.14915778014662823
1,1,0.014517613285118136,0.9854823867148819
0,0,0.9920402065405903,0.007959793459409694
1,1,0.018231391116879436,0.9817686088831206
1,1,0.11497892874617022,0.8850210712538298
1,1,0.1944198919920499,0.8055801080079501
1,1,0.11148374878071154,0.8885162512192885
0,0,0.9871540015213828,0.012845998478617266
1,1,0.015414217043230871,0.9845857829567691
1,1,0.07149086935025628,0.9285091306497437
0,0,0.7486489434167851,0.2513510565832149
0,0,0.8363600085442372,0.16363999145576283
1,1,0.19708231159255918,0.8029176884074408
0,0,0.8597505650727918,0.14024943492720823
1,1,0.18981317633707573,0.8101868236629243
0,0,0.7341037873847018,0.2658962126152981
1,0,0.8702213555974726,0.12977864440252743
1,1,0.1927564797935386,0.8072435202064614
0,0,0.8436922112351006,0.1563077887648994
0,0,0.7955206579061167,0.20447934209388327
0,0,0.9873763884182452,0.012623611581754865
0,1,0.17048825346217322,0.8295117465378268
1,1,0.1780292135033793,0.8219707864966207
0,0,0.9111639896896943,0.08883601031030576
1,1,0.20498512221606602,0.795014877783934
0,0,0.7222497133669337,0.2777502866330663
0,0,0.9298235205763927,0.07017647942360722
1,1,0.018209288049918726,0.9817907119500813
0,0,0.9185237533510131,0.08147624664898692
0,0,0.8147022977671355,0.1852977022328645
0,0,0.8441727129835631,0.15582728701643692
0,0,0.7640832195148926,0.2359167804851074
1,1,0.11950583733146514,0.8804941626685349
0,1,0.26825765639258126,0.7317423436074187
1,1,0.05310135954158912,0.9468986404584109
1,1,0.13987817899923827,0.8601218210007617
1,0,0.7454213837320872,0.2545786162679128
0,0,0.7790529988490884,0.22094700115091154
0,0,0.7671665365358546,0.23283346346414532
0,1,0.19294997476645626,0.8070500252335437
1,0,0.7585288485622185,0.24147115143778156
0,0,0.7794341318082888,0.22056586819171123
0,0,0.8562617044484174,0.14373829555158257
0,0,0.914953601382799,0.085046398617201
0,0,0.8404431530299231,0.15955684697007685
1,1,0.015583887146449316,0.9844161128535507
1,1,0.015226507596149408,0.9847734924038506
0,1,0.18891484680003467,0.8110851531999653
0,0,0.6466790204314576,0.3533209795685423
1,1,0.1314640393840818,0.8685359606159182
1,1,0.23036775574884816,0.7696322442511518
0,0,0.758748280219889,0.24125171978011095
1,1,0.1454306056952589,0.8545693943047411
1,1,0.20706305194219354,0.7929369480578065
0,0,0.8620728404192315,0.13792715958076848
1,1,0.19606777809880815,0.8039322219011918
1,0,0.777657468178095,0.22234253182190503
0,0,0.852366568559259,0.14763343144074098
0,0,0.8461822605933738,0.15381773940662619
1,1,0.19996021878510928,0.8000397812148907
1,1,0.03444379541674447,0.9655562045832555
0,0,0.7580703188632851,0.2419296811367148
0,1,0.11920176826827977,0.8807982317317202
1,1,0.09975580628038438,0.9002441937196156
0,0,0.8728738852099088,0.1271261147900912
1,1,0.023821551669282237,0.9761784483307178
1,1,0.03095715031073576,0.9690428496892642
0,0,0.991334203385599,0.008665796614401002
0,0,0.755666343703735,0.24433365629626505
1,0,0.7053452442534751,0.2946547557465249
0,1,0.20437524265834894,0.7956247573416511
1,1,0.01715406813561482,0.9828459318643852
0,0,0.8703077911540317,0.12969220884596835
0,0,0.8292711442186155,0.17072885578138453
1,1,0.020665247872554082,0.9793347521274459
0,0,0.8359719501411663,0.1640280498588337
1,1,0.21431724695053833,0.7856827530494617
1,1,0.16751471603194446,0.8324852839680555
0,0,0.8571814646480881,0.14281853535191194
0,0,0.8002817890418542,0.19971821095814576
1,1,0.07092835655178098,0.929071643448219
1,1,0.0898424746350942,0.9101575253649058
1,0,0.7499390749108471,0.2500609250891529
0,0,0.9936732633047708,0.006326736695229169
1,1,0.012342850383623705,0.9876571496163763
0,0,0.8674794975500447,0.13252050244995525
0,0,0.763971300438478,0.236028699561522
1,1,0.14684790396949488,0.8531520960305051
1,1,0.017418620947289076,0.9825813790527109
1,1,0.014911538176557881,0.9850884618234421
0,0,0.7420739396458471,0.25792606035415294
0,1,0.12288362379506046,0.8771163762049395
0,0,0.7365554454795231,0.2634445545204768
0,1,0.1366962496455102,0.8633037503544898
1,1,0.1951461463754277,0.8048538536245723
1,1,0.034131097710917935,0.9658689022890821
0,0,0.77694635475638,0.22305364524362006
1,1,0.16524547438363235,0.8347545256163676
0,0,0.8033011653418923,0.19669883465810767
1,1,0.00972688343316308,0.9902731165668369
0,0,0.9902898228547078,0.009710177145292188
1,1,0.012749716850061654,0.9872502831499383
1,1,0.02088181299122227,0.9791181870087777
1,0,0.8828462992453497,0.11715370075465027
1,1,0.13077424237207302,0.869225757627927
0,1,0.1323151268422431,0.8676848731577569
1,1,0.22525340297719687,0.7747465970228031
1,0,0.7930173562377688,0.20698264376223122
0,1,0.1143759069357736,0.8856240930642264
1,1,0.18116440606424056,0.8188355939357594
1,1,0.18043262634525814,0.8195673736547419
1,1,0.14088696283204127,0.8591130371679587
0,0,0.8370657924543623,0.16293420754563775
1,0,0.783696390341729,0.216303609658271
0,0,0.8645828159276732,0.13541718407232683
0,0,0.9416440557214826,0.05835594427851745
0,0,0.8299281382209363,0.1700718617790638
1,1,0.12617248209752574,0.8738275179024743
0,0,0.7815306978631117,0.21846930213688834
0,0,0.835129701421046,0.16487029857895397
1,1,0.15925178371369597,0.840748216286304
0,0,0.993121903760158,0.00687809623984199
1,0,0.9256778147728685,0.07432218522713156
0,0,0.8964434319348631,0.10355656806513693
0,0,0.816624136670763,0.1833758633292371
1,1,0.1287543686123902,0.8712456313876098
1,1,0.15622813388611712,0.8437718661138829
1,1,0.022061145675785432,0.9779388543242146
0,0,0.860952438016843,0.13904756198315707
0,0,0.7843488230000909,0.21565117699990907
0,1,0.21114081355518866,0.7888591864448113
1,1,0.013024241774336698,0.9869757582256633
1,1,0.016534562714304868,0.9834654372856951
0,0,0.9884842621344962,0.011515737865503748
1,0,0.8294828973136329,0.17051710268636713
1,0,0.7875282380130493,0.21247176198695067
1,1,0.12242606871073192,0.8775739312892681
1,1,0.22101577619026158,0.7789842238097384
0,0,0.992075079058058,0.00792492094194192
0,0,0.7260732237569296,0.2739267762430703
0,0,0.7788894554311474,0.22111054456885262
0,0,0.8338894766437384,0.16611052335626167
1,0,0.8723637202944513,0.1276362797055487
1,1,0.01947561608261572,0.9805243839173843
1,1,0.12295872209030656,0.8770412779096934
0,0,0.7613779994410268,0.2386220005589732
0,0,0.8334139596150045,0.1665860403849955
0,0,0.861009059605879,0.13899094039412097
0,1,0.0986310889125186,0.9013689110874814
0,0,0.8097758867984688,0.19022411320153118
1,1,0.13195890349701567,0.8680410965029843
1,1,0.11090206850995532,0.8890979314900447
0,0,0.8804483249691464,0.11955167503085364
1,1,0.15819080300186483,0.8418091969981352
1,0,0.7877044051482441,0.21229559485175586
0,0,0.8570539873226594,0.1429460126773406
0,0,0.8000238474917991,0.1999761525082009
1,1,0.203974133579496,0.796025866420504
0,0,0.7626728833134341,0.23732711668656595
0,0,0.7970189643540511,0.202981035645949
1,1,0.008673055320862377,0.9913269446791376
1,1,0.18060275840732432,0.8193972415926757
1,1,0.11629519435420055,0.8837048056457995
0,0,0.7590821019362921,0.24091789806370784
1,1,0.1304466651212982,0.8695533348787018
1,1,0.09421524010641769,0.9057847598935823
0,0,0.8408267089899631,0.15917329101003683
1,1,0.11103348818273384,0.8889665118172662
0,0,0.7619946638232176,0.23800533617678246
1,1,0.01391367746275618,0.9860863225372438
1,0,0.8936009628915254,0.1063990371084746
1,1,0.1472039861361144,0.8527960138638856
1,1,0.5054977625341808,0.4945022374658192
1,1,0.23352633258336886,0.7664736674166311
1,0,0.7375396156857789,0.26246038431422114
0,0,0.8377480142521617,0.16225198574783828
0,0,0.9911537747868765,0.00884622521312346
1,0,0.7487015696221164,0.25129843037788363
0,0,0.7807944440310899,0.2192055559689101
1,1,0.07718618853933001,0.92281381146067
0,1,0.16041780255266136,0.8395821974473386
1,1,0.14463395461201778,0.8553660453879822
1,1,0.013518737410835535,0.9864812625891645
1,1,0.13831162080767578,0.8616883791923242
0,0,0.7659935796856555,0.23400642031434446
0,0,0.762708006925125,0.23729199307487503
1,0,0.7800686586931725,0.21993134130682748
1,1,0.009599193239428927,0.9904008067605711
0,0,0.9863606895612754,0.01363931043872461
0,0,0.8588108700673289,0.14118912993267102
0,0,0.9914799627107675,0.008520037289232464
0,0,0.8789341562352013,0.12106584376479866
0,0,0.8908272395426401,0.10917276045735994
1,0,0.769618142764231,0.23038185723576896
1,1,0.020857551855069878,0.9791424481449301
1,1,0.17421388890536982,0.8257861110946302
0,0,0.847920913145735,0.15207908685426494
1,1,0.1413785764860077,0.8586214235139923
0,0,0.9495444363042727,0.050455563695727325
1,1,0.19067899571711822,0.8093210042828818
1,1,0.11594231735177984,0.8840576826482202
1,1,0.17609268574138337,0.8239073142586166
0,0,0.810741084495181,0.18925891550481894
1,0,0.857772282668222,0.14222771733177794
1,1,0.08343429318360895,0.916565706816391
1,0,0.7192584792327168,0.2807415207672832
0,0,0.8366840897538599,0.16331591024614014
0,0,0.7581133436735831,0.24188665632641693
0,0,0.9075847048908073,0.09241529510919266
0,0,0.8794153925107526,0.12058460748924742
1,1,0.5285376542654514,0.47146234573454865
0,0,0.8857601509405777,0.1142398490594223
0,0,0.7618777255429829,0.23812227445701709
0,0,0.7055477659514419,0.29445223404855814
1,1,0.1395081034710801,0.8604918965289199
1,1,0.11602277514333292,0.8839772248566671
0,0,0.7402232502186357,0.25977674978136434
1,1,0.14185648483698132,0.8581435151630187
0,0,0.7398881905304464,0.26011180946955365
1,1,0.1956190089492328,0.8043809910507672
1,1,0.028706386346899926,0.9712936136531001
1,0,0.8014387366101584,0.1985612633898416
1,1,0.19175168201118964,0.8082483179888104
0,0,0.9817678543235833,0.01823214567641675
0,0,0.9923695590363718,0.007630440963628163
0,0,0.9871022420814067,0.012897757918593213
1,1,0.02027606526741954,0.9797239347325805
1,1,0.16041076931376963,0.8395892306862304
0,0,0.7567062075987415,0.24329379240125845
0,0,0.8437965860305108,0.15620341396948925
0,0,0.8725883802967402,0.12741161970325982
0,1,0.40228636297947007,0.5977136370205299
1,0,0.7675693756995554,0.23243062430044464
0,0,0.9874336244308635,0.01256637556913648
0,0,0.9916946119479606,0.008305388052039439
1,1,0.03313651399184814,0.9668634860081519
1,1,0.13794446827455242,0.8620555317254476
0,0,0.7684078547401392,0.23159214525986077
0,0,0.9237076445598311,0.07629235544016885
1,1,0.1557916154780825,0.8442083845219175
1,1,0.14236250194977396,0.857637498050226
0,0,0.753085985505448,0.246914014494552
1,1,0.016981431411185577,0.9830185685888144
0,0,0.7620666771603261,0.23793332283967394
0,0,0.7455890901830973,0.25441090981690273
0,0,0.7362263919954386,0.2637736080045614
1,1,0.11121486363827726,0.8887851363617227
1,1,0.025542958829777973,0.974457041170222
1,1,0.15308963774147255,0.8469103622585274
0,0,0.7640880564745481,0.23591194352545183
0,0,0.7022338195096751,0.2977661804903249
1,1,0.017862626942211413,0.9821373730577886
0,0,0.8430675823435582,0.15693241765644186
1,1,0.16040645951862653,0.8395935404813735
0,1,0.11924998836193634,0.8807500116380637
0,0,0.7736647994976136,0.22633520050238648
1,1,0.034152154408541247,0.9658478455914588
1,1,0.01550105351863762,0.9844989464813624
1,1,0.06239903281450376,0.9376009671854962
1,0,0.7532241207272168,0.24677587927278324
0,0,0.7648459366688948,0.2351540633311052
0,0,0.7705188099366622,0.22948119006333775
0,0,0.7713253396908271,0.22867466030917288
1,1,0.1946571535596996,0.8053428464403004
1,1,0.1454532186008508,0.8545467813991492
1,1,0.21548111580518248,0.7845188841948175
0,0,0.9908253358601309,0.009174664139869105
1,0,0.7162131737612765,0.28378682623872353
1,0,0.9507747497191615,0.04922525028083842
1,1,0.12493319954702098,0.875066800452979
0,0,0.8991502201817947,0.10084977981820528
1,1,0.012058832155263155,0.9879411678447368
1,1,0.1522845154177609,0.8477154845822391
1,1,0.010585108341320426,0.9894148916586796
1,0,0.8365951034743061,0.16340489652569393
1,1,0.13920329340509385,0.8607967065949061
0,0,0.6942665681320168,0.3057334318679832
1,0,0.7492748777404179,0.2507251222595821
0,0,0.7477593911270886,0.2522406088729115
1,1,0.016910234481004482,0.9830897655189955
0,0,0.772895173944451,0.227104826055549
0,0,0.7982865883219206,0.20171341167807946
1,1,0.026723601102527583,0.9732763988974724
1,1,0.1467765437616093,0.8532234562383907
1,1,0.014978099475055129,0.9850219005249449
1,1,0.0058076125786358235,0.9941923874213642
1,1,0.009479002234813683,0.9905209977651863
1,1,0.26420364664451945,0.7357963533554805
0,1,0.4630838528177853,0.5369161471822147
1,1,0.136636898461043,0.863363101538957
1,0,0.7557873755551108,0.24421262444488917
1,0,0.7660838584408995,0.23391614155910043
0,0,0.8485614025130965,0.15143859748690353
0,0,0.790429736688836,0.20957026331116402
1,0,0.8800420509127863,0.11995794908721369
1,1,0.22553685503713228,0.7744631449628677
1,1,0.06804762498210537,0.9319523750178946
0,0,0.7504256200406336,0.24957437995936638
1,1,0.017785554021742533,0.9822144459782575
0,0,0.7938454151243048,0.20615458487569516
1,1,0.023094272242659586,0.9769057277573404
1,1,0.1314336589617805,0.8685663410382195
0,0,0.7718166362982353,0.22818336370176476
0,0,0.743700681840042,0.25629931815995805
0,0,0.8539140308469011,0.14608596915309888
1,0,0.7661553541434787,0.23384464585652126
0,1,0.13498285249501685,0.8650171475049832
1,1,0.0336373790957335,0.9663626209042665
1,1,0.1262533001564884,0.8737466998435116
1,1,0.13794764247821023,0.8620523575217898
0,0,0.9896279978669964,0.010372002133003566
1,1,0.16172996321254673,0.8382700367874533
0,0,0.9912065287007786,0.008793471299221405
1,1,0.14921785198500637,0.8507821480149936
0,0,0.7446215798592023,0.2553784201407977
0,0,0.9900843056157141,0.009915694384285885
0,0,0.8724277350099933,0.12757226499000673
1,1,0.12699381115704855,0.8730061888429514
1,1,0.15630842536926037,0.8436915746307396
0,0,0.7699018576596021,0.2300981423403979
1,1,0.08875529177874697,0.911244708221253
1,1,0.11952356319159096,0.880476436808409
1,1,0.14049062320749006,0.8595093767925099
1,1,0.18818095841506233,0.8118190415849377
0,1,0.18609935342073336,0.8139006465792666
0,0,0.9098616475708315,0.0901383524291685
1,0,0.769582761293422,0.23041723870657807
0,0,0.7841370830760014,0.2158629169239986
1,1,0.43196834377334636,0.5680316562266536
1,1,0.10747111008742338,0.8925288899125766
0,0,0.7736019038390244,0.2263980961609756
1,1,0.010445528971693485,0.9895544710283065
0,0,0.9887169338272223,0.011283066172777738
0,0,0.8656504328502266,0.13434956714977345
1,1,0.026400667600340544,0.9735993323996595
0,0,0.9886880241431891,0.01131197585681092
1,1,0.11469666546331359,0.8853033345366864
1,0,0.7800904397856254,0.2199095602143746
1,1,0.16452307533803612,0.8354769246619639
0,0,0.8481296063958788,0.15187039360412125
1,1,0.1448416532618073,0.8551583467381927
1,1,0.1329478725710509,0.8670521274289491
1,1,0.09495030679570138,0.9050496932042986
0,0,0.9930984974794633,0.006901502520536621
1,1,0.022882182559855968,0.977117817440144
0,0,0.8693467325389256,0.1306532674610744
0,0,0.7941873090045869,0.20581269099541308
0,0,0.8235071802633213,0.1764928197366787
1,1,0.11722700231913286,0.8827729976808671
1,0,0.7321795361912606,0.2678204638087393
1,1,0.1728816991513642,0.8271183008486358
1,0,0.7522641608267101,0.2477358391732899
1,1,0.015495898790345741,0.9845041012096543
1,0,0.8262463084290704,0.17375369157092954
1,0,0.7817418242588579,0.21825817574114215
0,0,0.8882803710374285,0.11171962896257145
1,1,0.13834076903426007,0.8616592309657399
0,0,0.8095868002760289,0.1904131997239711
0,0,0.7518539630307196,0.24814603696928036
1,1,0.16738638230162584,0.8326136176983742
0,0,0.7453821148451342,0.25461788515486583
1,1,0.06683947562147308,0.9331605243785269
1,1,0.155980985036979,0.844019014963021
0,0,0.9870853892431571,0.012914610756842835
0,0,0.9039490677238186,0.0960509322761814
0,0,0.9908393620389121,0.009160637961087894
1,1,0.10663652654916789,0.8933634734508321
1,1,0.019415143640970745,0.9805848563590293
1,0,0.7753144507140111,0.2246855492859889
1,1,0.19708610532792237,0.8029138946720776
0,1,0.16544126639445245,0.8345587336055476
0,0,0.8659071712027298,0.1340928287972703
0,0,0.8400337019055615,0.15996629809443855
0,0,0.8401409655979117,0.15985903440208832
0,0,0.9915714404486221,0.008428559551377876
0,0,0.9924517877738942,0.007548212226105815
0,0,0.9127336396200484,0.08726636037995164
1,1,0.17044913805775253,0.8295508619422475
1,1,0.13929693560066858,0.8607030643993314
0,0,0.7339574600495699,0.26604253995043015
0,1,0.523162238071003,0.47683776192899696
1,1,0.1262825158389761,0.8737174841610239
1,1,0.13743734513417682,0.8625626548658232
0,0,0.8356455345996268,0.1643544654003732
1,1,0.13219644934225316,0.8678035506577468
0,0,0.8214172617797311,0.17858273822026888
0,0,0.9178898675073408,0.08211013249265914
1,1,0.18117727865674704,0.818822721343253
0,0,0.7506759906627325,0.24932400933726745
1,1,0.13549090871389136,0.8645090912861086
0,1,0.008585565180500021,0.9914144348195
0,0,0.7863330648420346,0.21366693515796545
0,0,0.9555112086577956,0.04448879134220437
0,0,0.993090087891114,0.006909912108886014
0,0,0.7424438823986586,0.25755611760134145
1,1,0.15631134403906244,0.8436886559609376
0,0,0.7696504780578993,0.23034952194210065
0,0,0.8773771486731075,0.1226228513268926
1,0,0.767648593918475,0.2323514060815251
0,1,0.12610858379499446,0.8738914162050055
0,0,0.989636831199137,0.010363168800862951
0,0,0.9899378197140773,0.010062180285922664
1,1,0.013250944063179504,0.9867490559368205
0,0,0.7644103489386208,0.23558965106137916
1,1,0.16635284436053654,0.8336471556394635
0,0,0.7699738846617791,0.23002611533822093
0,0,0.9880988454001116,0.011901154599888391
1,1,0.1545501924281486,0.8454498075718514
0,0,0.9655923309595543,0.03440766904044565
1,0,0.8201820836150011,0.1798179163849989
1,1,0.20417938992030094,0.7958206100796991
0,0,0.7715930439835359,0.22840695601646413
0,0,0.9212339638760241,0.07876603612397595
0,0,0.7845015573635594,0.21549844263644063
1,1,0.21498143318324192,0.7850185668167581
0,0,0.7487404267599227,0.25125957324007736
0,0,0.8906915733078836,0.10930842669211639
0,0,0.9003643261752629,0.0996356738247371
0,1,0.15430537594620575,0.8456946240537943
0,1,0.18934313278733872,0.8106568672126613
1,1,0.01610558314009447,0.9838944168599055
0,0,0.8851425923508763,0.1148574076491237
1,1,0.02052852920805548,0.9794714707919445
0,0,0.9873605319499005,0.012639468050099512
0,0,0.7908070912157364,0.20919290878426353
0,0,0.8587282699395151,0.14127173006048485
1,1,0.43262990724031314,0.5673700927596869
1,1,0.16190005588375445,0.8380999441162456
0,0,0.991542590387939,0.008457409612061002
1,1,0.03875551693230428,0.9612444830676957
1,1,0.1380144027806397,0.8619855972193603
0,0,0.8621124698082709,0.1378875301917291
0,0,0.7801569424472058,0.21984305755279424
1,0,0.7672500044543176,0.23274999554568238
0,0,0.7649174413703005,0.23508255862969948
1,1,0.02724538663861631,0.9727546133613837
0,0,0.9931465957661407,0.006853404233859287
1,1,0.15872257122279043,0.8412774287772096
0,1,0.09391399775281217,0.9060860022471878
1,0,0.7251169725922093,0.2748830274077907
0,1,0.09708533765069871,0.9029146623493013
0,0,0.7406974568934128,0.2593025431065871
1,1,0.1852215305233812,0.8147784694766188
0,0,0.7544288889354896,0.24557111106451035
1,1,0.20488842882242952,0.7951115711775705
1,1,0.10030926565317788,0.8996907343468221
1,1,0.14709421636617304,0.852905783633827
1,1,0.09936098763309487,0.9006390123669051
1,1,0.012077267137980963,0.987922732862019
1,0,0.7555399177715441,0.24446008222845594
0,0,0.9120710412751505,0.08792895872484952
1,1,0.08012301581513892,0.9198769841848611
0,0,0.9011288756201625,0.09887112437983743
1,0,0.7110777687618326,0.28892223123816735
0,0,0.8521093025170275,0.14789069748297248
1,0,0.8113013129717708,0.18869868702822923
1,0,0.7845850667489696,0.2154149332510305
0,0,0.7941787810587015,0.20582121894129846
0,1,0.13505544372365508,0.8649445562763449
1,1,0.1842534881008817,0.8157465118991183
0,0,0.7683906230137258,0.23160937698627415
1,1,0.1757522242900038,0.8242477757099962
0,0,0.8534059769287822,0.14659402307121785
1,1,0.13026720368137157,0.8697327963186284
0,0,0.70995496700373,0.2900450329962701
1,1,0.158131293523759,0.841868706476241
1,1,0.16570141881627254,0.8342985811837275
0,0,0.9879987264074521,0.012001273592547834
0,1,0.2065422145050403,0.7934577854949597
0,0,0.7404202180079554,0.25957978199204457
0,0,0.8331281959239306,0.1668718040760694
1,1,0.006217305202624868,0.9937826947973751
0,0,0.8583200576380059,0.1416799423619941
1,0,0.8934388765783812,0.10656112342161887
1,0,0.7722590648935641,0.22774093510643587
1,1,0.17213957545978198,0.827860424540218
1,1,0.009498188705155841,0.9905018112948442
0,0,0.8601891366754855,0.13981086332451448
0,0,0.8488281540751167,0.15117184592488328
1,1,0.010931647539899392,0.9890683524601006
0,0,0.9905232086771326,0.009476791322867367
0,1,0.20431547415885998,0.79568452584114
0,0,0.9938937220650058,0.006106277934994219
1,1,0.1394608994671075,0.8605391005328925
0,0,0.9843998937082541,0.015600106291745906
1,1,0.009954050180659979,0.99004594981934
0,0,0.7908908021827431,0.20910919781725693
0,0,0.9907707426491407,0.009229257350859318
1,1,0.016978617150245956,0.983021382849754
1,0,0.7987678693533475,0.20123213064665252
0,0,0.8246704410565717,0.17532955894342833
0,0,0.9925149873524063,0.007485012647593668
0,0,0.8454682718904329,0.15453172810956708
0,0,0.8351006875665049,0.16489931243349512
1,1,0.0131784697000622,0.9868215302999378
0,0,0.829669213283878,0.17033078671612198
0,0,0.7654503489792164,0.2345496510207836
1,1,0.18403612831141647,0.8159638716885835
1,1,0.17901623268073796,0.820983767319262
1,1,0.013043704407517565,0.9869562955924824
1,1,0.1916253736486767,0.8083746263513233
1,1,0.12764100996804917,0.8723589900319508
1,0,0.8326682301287233,0.16733176987127674
1,0,0.8711547994438277,0.12884520055617235
0,1,0.2318969245608089,0.7681030754391911
0,0,0.772501686915655,0.22749831308434496
0,0,0.7496218944543116,0.2503781055456884
1,1,0.019687992355007844,0.9803120076449922
1,1,0.20514258842910715,0.7948574115708928
0,0,0.613113069721875,0.3868869302781251
0,0,0.9026300269130333,0.0973699730869667
0,0,0.7579052579920311,0.2420947420079689
1,1,0.12560519787217417,0.8743948021278258
0,0,0.777892379554033,0.222107620445967
0,0,0.8496143120866377,0.15038568791336224
1,1,0.00440513674728682,0.9955948632527132
1,1,0.18373156538458812,0.8162684346154119
0,0,0.8295672899362349,0.17043271006376517
0,0,0.9079302182375983,0.09206978176240166
1,1,0.17388386303473669,0.8261161369652633
0,0,0.9904460029148162,0.009553997085183744
1,1,0.15785558048226467,0.8421444195177353
0,0,0.7163355549439416,0.2836644450560584
1,1,0.14546265158282534,0.8545373484171747
1,1,0.13346408680985167,0.8665359131901483
0,0,0.9827006620885446,0.017299337911455423
1,1,0.18372261895578357,0.8162773810442164
0,0,0.8588919435227838,0.14110805647721622
1,1,0.13819259184617982,0.8618074081538202
0,1,0.538531812363915,0.461468187636085
1,1,0.005984305868156459,0.9940156941318435
0,0,0.7827699796381566,0.2172300203618434
0,0,0.8480202504218235,0.15197974957817653
1,1,0.2636629162064613,0.7363370837935387
0,0,0.9913561790182753,0.008643820981724637
1,0,0.8380492531999729,0.16195074680002708
0,0,0.7597907171734622,0.24020928282653775
0,0,0.7589718123645177,0.2410281876354823
1,1,0.15676191714739451,0.8432380828526055
1,1,0.008685880550434844,0.9913141194495652
1,1,0.00570738250254299,0.994292617497457
0,0,0.7759734246182164,0.2240265753817836
1,1,0.12396629576120932,0.8760337042387907
0,0,0.9885214469681167,0.011478553031883262
0,0,0.9914942386610408,0.00850576133895917
0,0,0.756101699340175,0.24389830065982496
0,0,0.7724941197059816,0.22750588029401841
1,0,0.7661621270270952,0.2338378729729048
0,0,0.9119459980744814,0.0880540019255186
0,1,0.12373249814454912,0.8762675018554509
0,0,0.8651087495321469,0.13489125046785314
0,0,0.7202864335832342,0.2797135664167658
0,0,0.9849916572856225,0.015008342714377438
1,1,0.016989719426728667,0.9830102805732713
0,0,0.7532765120817702,0.24672348791822984
0,1,0.1353628721624346,0.8646371278375654
1,1,0.18093017787746224,0.8190698221225378
1,1,0.1923968629684072,0.8076031370315928
0,1,0.16247486134059164,0.8375251386594084
1,1,0.47019712025097316,0.5298028797490268
1,0,0.758779018308668,0.24122098169133194
1,1,0.1455133293231725,0.8544866706768275
0,0,0.775870176040468,0.22412982395953202
1,1,0.15301043409933246,0.8469895659006675
0,0,0.7616020107786272,0.2383979892213728
1,1,0.14368591992575386,0.8563140800742461
1,0,0.7328718920449415,0.26712810795505854
0,0,0.7537805750413749,0.24621942495862514
0,0,0.8826974990660953,0.11730250093390468
1,1,0.1892043366979429,0.8107956633020571
0,0,0.8467082299900026,0.15329177000999736
0,0,0.835547035485564,0.164452964514436
0,0,0.7140437131929418,0.28595628680705826
0,0,0.8876074413209453,0.11239255867905473
0,0,0.7976009053768107,0.20239909462318925
0,0,0.8809478881221615,0.11905211187783851
1,0,0.7666634279785987,0.23333657202140135
1,1,0.12569782655839612,0.8743021734416039
1,1,0.13073268554538353,0.8692673144546165
0,0,0.9927396067239703,0.007260393276029674
1,1,0.11963147837321353,0.8803685216267865
1,1,0.019974698105988953,0.980025301894011
0,0,0.8566235991886952,0.1433764008113047
0,1,0.14406466829153275,0.8559353317084673
0,0,0.7717367279623761,0.22826327203762392
1,1,0.021236903317857214,0.9787630966821428
1,1,0.11479325421144193,0.8852067457885581
1,1,0.025643930403257853,0.9743560695967421
1,1,0.15815500992808995,0.84184499007191
1,1,0.00798915018165236,0.9920108498183476
1,0,0.8118537117381517,0.18814628826184826
1,0,0.7891109391677393,0.21088906083226072
1,1,0.09483246627579911,0.9051675337242009
0,0,0.7592829562289981,0.2407170437710019
0,0,0.9934830971368942,0.006516902863105758
0,0,0.8498356907384532,0.15016430926154675
1,0,0.8722679446694892,0.12773205533051082
1,0,0.8580836078029437,0.14191639219705635
0,0,0.8005982230825972,0.19940177691740282
1,1,0.08656130906445425,0.9134386909355457
0,0,0.7528695357555574,0.24713046424444263
1,1,0.18894076772322477,0.8110592322767752
1,0,0.7380373560117084,0.26196264398829155
1,1,0.1588354599701256,0.8411645400298744
1,1,0.22514792490460955,0.7748520750953904
1,1,0.025099323169068044,0.974900676830932
1,1,0.15527080995316112,0.8447291900468389
0,0,0.7330436539558738,0.26695634604412616
1,1,0.01452561994343815,0.9854743800565618
1,1,0.011117638215097148,0.9888823617849029
1,1,0.0716757744400508,0.9283242255599492
0,0,0.9853503701017908,0.014649629898209117
1,1,0.11631725347486133,0.8836827465251387
0,0,0.809896002795755,0.19010399720424498
0,0,0.9930053888521857,0.00699461114781426
0,0,0.8584802212908712,0.1415197787091288
1,0,0.7695690459305506,0.23043095406944933
1,1,0.14990056005152763,0.8500994399484724
1,1,0.0870342138521828,0.9129657861478172
0,0,0.7592025789263258,0.24079742107367422
1,1,0.06879758331819186,0.9312024166818081
0,0,0.9571344835681597,0.042865516431840354
1,0,0.7328240805921151,0.26717591940788493
0,0,0.8926325152439327,0.10736748475606724
1,1,0.1601073109366442,0.8398926890633558
1,1,0.2898635780030995,0.7101364219969005
0,0,0.7603864151799999,0.2396135848200001
0,0,0.9914131452673174,0.00858685473268259
0,1,0.19161804873102117,0.8083819512689788
0,0,0.986757970476263,0.01324202952373698
0,0,0.8788407475459117,0.12115925245408835
0,0,0.8047847910062653,0.1952152089937347
1,0,0.8229298656556979,0.17707013434430205
1,1,0.1368433806010836,0.8631566193989164
1,1,0.18940795158856838,0.8105920484114316
0,0,0.8560730289225887,0.1439269710774113
1,1,0.005287602608207154,0.9947123973917928
1,1,0.01983929544092966,0.9801607045590703
0,0,0.7976402424307657,0.20235975756923427
0,0,0.7631851883298957,0.2368148116701043
1,0,0.7681745092757624,0.2318254907242377
1,1,0.015008735057974953,0.984991264942025
1,1,0.4546996545142845,0.5453003454857155
1,0,0.8488025744301916,0.15119742556980845
1,1,0.2359283609175944,0.7640716390824056
0,0,0.9189342649264768,0.08106573507352319
1,1,0.13576429264669976,0.8642357073533002
0,0,0.6450391351599591,0.3549608648400409
0,0,0.7597311004353817,0.24026889956461822
1,0,0.7575040913057113,0.24249590869428875
0,0,0.9003773681066202,0.09962263189337986
1,1,0.17013775245910967,0.8298622475408903
0,0,0.9827367910046495,0.017263208995350512
0,0,0.7420098221909347,0.2579901778090653
1,1,0.12158028101488638,0.8784197189851136
1,1,0.01900504955809945,0.9809949504419005
0,0,0.7884475408740538,0.21155245912594625
0,1,0.1694018995424118,0.8305981004575882
0,0,0.8231443483088781,0.17685565169112188
1,1,0.13993860905967948,0.8600613909403205
0,0,0.7759855268650901,0.2240144731349098
1,0,0.7531281545222894,0.24687184547771052
1,1,0.005541281117024122,0.9944587188829759
0,0,0.9366649005187189,0.06333509948128115
1,1,0.10888368741246446,0.8911163125875355
0,0,0.9225836646208713,0.07741633537912872
1,1,0.2702530860143195,0.7297469139856805
1,1,0.1456371411777907,0.8543628588222093
1,1,0.011943130380565603,0.9880568696194344
0,0,0.8730872425897123,0.12691275741028776
0,0,0.8366208119474265,0.16337918805257345
1,0,0.7987527587904347,0.2012472412095653
1,1,0.009970693137792308,0.9900293068622077
1,1,0.0054520337130986585,0.9945479662869013
1,1,0.017321206438154158,0.9826787935618458
1,0,0.796489005158262,0.203510994841738
1,0,0.7474658435514306,0.25253415644856936
1,0,0.7814709464560141,0.21852905354398583
1,1,0.13339849597565845,0.8666015040243416
0,0,0.8505851326405431,0.14941486735945692
1,1,0.18942373134552604,0.810576268654474
1,1,0.015264575675483671,0.9847354243245163
0,0,0.9106204259499757,0.08937957405002425
0,0,0.8532608654741478,0.14673913452585216
0,0,0.7872160174498548,0.2127839825501452
0,0,0.9930376351323675,0.00696236486763247
1,1,0.015913395975776234,0.9840866040242238
0,0,0.8502178211581195,0.1497821788418805
0,0,0.8315493508917837,0.1684506491082163
0,0,0.7855235720504034,0.21447642794959662
0,0,0.842649980964519,0.15735001903548096
0,0,0.7593848210484798,0.24061517895152015
0,0,0.8785924604373384,0.12140753956266155
0,0,0.7332340086580575,0.2667659913419424
0,0,0.7342038894252549,0.265796110574745
1,1,0.026666380929074807,0.9733336190709252
1,1,0.017313545562814614,0.9826864544371854
0,0,0.7644337077240603,0.23556629227593975
1,1,0.14783097494935804,0.852169025050642
0,0,0.9896067743037289,0.01039322569627105
0,0,0.7499339653521757,0.25006603464782434
1,1,0.17475412532283852,0.8252458746771615
1,1,0.3375122449982869,0.6624877550017131
1,0,0.8630123130763132,0.13698768692368674
1,1,0.014927798276169635,0.9850722017238304
1,1,0.1252842991149553,0.8747157008850447
0,1,0.13741192255555257,0.8625880774444474
0,0,0.991936931964371,0.008063068035628916
0,0,0.7749236062652014,0.22507639373479854
0,0,0.9169961700050331,0.08300382999496687
1,1,0.1155943007382797,0.8844056992617203
1,1,0.022282295650913442,0.9777177043490866
0,0,0.867999448271059,0.13200055172894098
0,0,0.849025715042165,0.1509742849578351
0,0,0.8701874834103702,0.12981251658962983
0,0,0.987089126433156,0.012910873566844006
0,0,0.9789041671038997,0.02109583289610032
0,0,0.776784188436706,0.22321581156329398
0,0,0.9922590994416579,0.007740900558342052
1,1,0.010223021590199388,0.9897769784098006
1,0,0.8310393809122345,0.1689606190877655
0,0,0.9894983434526265,0.010501656547373473
0,1,0.5011970607265748,0.4988029392734252
1,1,0.20611500337936317,0.7938849966206368
0,0,0.816769597220063,0.18323040277993702
1,1,0.01886419061287692,0.9811358093871231
1,0,0.7653836516021396,0.23461634839786036
0,0,0.748957912256308,0.25104208774369197
0,0,0.7625335495112365,0.23746645048876347
1,1,0.13860315274601498,0.861396847253985
1,1,0.18244571391327902,0.817554286086721
0,0,0.7839112646564449,0.2160887353435551
1,0,0.733818584382192,0.26618141561780795
1,1,0.17603999031178086,0.8239600096882191
0,0,0.9903229412344418,0.009677058765558244
1,1,0.15700513232650526,0.8429948676734947
1,0,0.7105660183820935,0.28943398161790646
1,1,0.11906514014143865,0.8809348598585613
1,0,0.7670198842819477,0.23298011571805233
1,1,0.011307053692069746,0.9886929463079303
1,1,0.18133727812843647,0.8186627218715635
1,1,0.2129123696696691,0.7870876303303309
0,0,0.7583626339300176,0.24163736606998246
0,0,0.9923666138464053,0.007633386153594601
1,1,0.5115472824472307,0.48845271755276937
0,1,0.1673428644133299,0.8326571355866701
1,1,0.03945647713589684,0.9605435228641032
0,0,0.8888847466007468,0.11111525339925324
1,1,0.09098164031112765,0.9090183596888723
1,0,0.7737832441427296,0.22621675585727044
1,1,0.017729078393842523,0.9822709216061575
0,1,0.1334877786199994,0.8665122213800006
0,0,0.9825042812107606,0.0174957187892394
0,1,0.0880726240904498,0.9119273759095502
0,0,0.7995431301896792,0.2004568698103209
1,1,0.16163268543108034,0.8383673145689197
1,1,0.00930161191705925,0.9906983880829408
1,1,0.04001519192987213,0.9599848080701279
1,1,0.006775041513951363,0.9932249584860486
0,1,0.16553181918026938,0.8344681808197306
0,1,0.2199604668558649,0.7800395331441351
1,1,0.01173829208949706,0.9882617079105029
1,1,0.1859626715282563,0.8140373284717437
1,1,0.006255776025632986,0.993744223974367
0,0,0.732670433401093,0.267329566598907
0,0,0.8046446883792067,0.1953553116207934
0,0,0.9052050724762545,0.09479492752374555
1,1,0.17674597210004017,0.8232540278999598
1,1,0.017451444406009986,0.98254855559399
0,0,0.7641161876939602,0.23588381230603983
0,0,0.7614073693172828,0.23859263068271722
1,1,0.0873058031623749,0.9126941968376251
1,1,0.18633804358150818,0.8136619564184918
0,0,0.9888912716008045,0.011108728399195472
1,0,0.7690156246986131,0.23098437530138688
0,1,0.15604511010353106,0.8439548898964689
1,1,0.07066918909771769,0.9293308109022823
1,1,0.01334760703008897,0.986652392969911
0,0,0.8442450124892072,0.15575498751079273
0,0,0.921769147620135,0.07823085237986503
1,1,0.09667685095415035,0.9033231490458496
0,0,0.8018280513727567,0.19817194862724336
0,0,0.7637305955900316,0.23626940440996833
1,1,0.14854062090443243,0.8514593790955676
0,0,0.758288281176592,0.241711718823408
1,1,0.1864793814323642,0.8135206185676358
1,1,0.021896281805130036,0.97810371819487
1,1,0.13618535492967665,0.8638146450703234
1,1,0.11333693996496419,0.8866630600350358
0,0,0.7361035944422643,0.2638964055577358
1,0,0.8004733235353556,0.19952667646464442
0,0,0.7762246223394825,0.22377537766051747
1,1,0.13419616902771736,0.8658038309722826
1,1,0.06602733300614816,0.9339726669938518
0,0,0.9045664673046807,0.0954335326953193
0,0,0.9940099594299263,0.005990040570073723
1,1,0.2362009496572539,0.7637990503427461
1,1,0.15725636154386424,0.8427436384561358
1,1,0.2140794716069626,0.7859205283930374
0,0,0.7715338413980954,0.22846615860190458
1,1,0.08578669794209837,0.9142133020579016
1,0,0.8467181241510959,0.15328187584890407
1,1,0.022297989032437404,0.9777020109675626
1,1,0.04647999648627754,0.9535200035137225
0,0,0.6943527496524203,0.30564725034757967
1,1,0.21482236710995295,0.785177632890047
1,1,0.15769198642562166,0.8423080135743783
0,0,0.8615511188855676,0.13844888111443243
0,0,0.7688333728664853,0.2311666271335147
0,0,0.8867709197800724,0.11322908021992757
1,0,0.8509842563594571,0.14901574364054296
1,1,0.006404834212421107,0.9935951657875789
0,0,0.7627669709927506,0.2372330290072494
1,1,0.13464857792869878,0.8653514220713012
0,1,0.15333103017220284,0.8466689698277972
0,1,0.2059090142934914,0.7940909857065086
0,0,0.8123275410016735,0.18767245899832655
0,1,0.17990814571797964,0.8200918542820204
1,1,0.11488015028582554,0.8851198497141745
1,1,0.20572933525442272,0.7942706647455773
0,0,0.9903792078556033,0.009620792144396676
1,1,0.013246193030798548,0.9867538069692015
0,1,0.5204676989895525,0.4795323010104476
1,1,0.14005493621186416,0.8599450637881358
1,1,0.00739226491689271,0.9926077350831073
1,1,0.11162007736678814,0.8883799226332119
0,0,0.7689145525365549,0.2310854474634451
1,0,0.8298558662976727,0.17014413370232725
1,0,0.8050574059834303,0.19494259401656966
0,0,0.7801524252072913,0.21984757479270864
1,1,0.17124881963568894,0.8287511803643111
0,0,0.7610486605857958,0.23895133941420427
1,1,0.18171754503223136,0.8182824549677686
0,0,0.9905109461256428,0.009489053874357133
0,0,0.9900207729590302,0.009979227040969802
1,1,0.11352163885039279,0.8864783611496072
1,1,0.012869989150723016,0.987130010849277
1,1,0.023511114130151722,0.9764888858698483
0,0,0.9929801191407185,0.007019880859281538
1,1,0.24161526062032068,0.7583847393796793
0,1,0.1064081860021302,0.8935918139978698
1,1,0.1456513663563508,0.8543486336436492
0,0,0.9688562191694491,0.031143780830550968
1,1,0.029178149114709062,0.9708218508852909
0,0,0.9909893557789476,0.00901064422105234
0,0,0.7738216528070989,0.22617834719290103
0,1,0.1351277831466554,0.8648722168533446
1,1,0.12192555428182728,0.8780744457181727
1,1,0.23120585239444225,0.7687941476055578
1,0,0.8184531515020075,0.18154684849799257
1,1,0.006667777200893954,0.993332222799106
0,1,0.1950782064314458,0.8049217935685542
0,0,0.7919192412494224,0.2080807587505776
1,1,0.01883609218439608,0.9811639078156039
1,1,0.20146524703612811,0.7985347529638719
0,0,0.6488995207301889,0.3511004792698111
1,1,0.08483484992172885,0.9151651500782712
0,0,0.9094362438936493,0.09056375610635072
0,0,0.8486436530118446,0.15135634698815534
0,0,0.7676613472419891,0.23233865275801094
0,0,0.7675732927936948,0.2324267072063052
0,0,0.8528616935962177,0.1471383064037823
0,0,0.85455396117686,0.14544603882314
0,0,0.785276252281454,0.214723747718546
0,0,0.7840076270813752,0.2159923729186248
0,0,0.7588942128445918,0.24110578715540817
0,0,0.976276355812554,0.023723644187445974
0,0,0.7504704382550386,0.24952956174496146
1,1,0.13724350981602618,0.8627564901839738
1,1,0.015767871574945636,0.9842321284250544
1,1,0.19666177111765215,0.8033382288823478
0,0,0.8746471738944801,0.12535282610551993
1,1,0.12685142275340233,0.8731485772465977
1,0,0.7440243232342406,0.2559756767657594
1,1,0.1811783606245725,0.8188216393754275
0,0,0.7768575536183912,0.22314244638160882
1,1,0.017142607283970324,0.9828573927160297
0,0,0.75810615455927,0.24189384544073
0,0,0.9882674295557071,0.011732570444292892
1,1,0.1829687655260176,0.8170312344739824
0,1,0.2051540524641411,0.7948459475358589
0,0,0.8351834741957784,0.16481652580422163
1,1,0.1210499480288656,0.8789500519711344
1,1,0.02213874837173968,0.9778612516282603
1,1,0.11323375018867587,0.8867662498113241
1,1,0.008662506341966525,0.9913374936580335
1,1,0.028545505652311398,0.9714544943476886
0,0,0.7076741599763967,0.2923258400236033
1,1,0.026524799520584286,0.9734752004794157
0,0,0.930657802940642,0.06934219705935792
1,0,0.8400406913566384,0.15995930864336164
0,0,0.8901720286805042,0.1098279713194958
0,0,0.7674678193027455,0.23253218069725448
1,0,0.8716642290986382,0.1283357709013618
0,1,0.16743862319956737,0.8325613768004326
0,1,0.08238569749683156,0.9176143025031684
0,0,0.9153955872753415,0.08460441272465842
0,0,0.8529224376765048,0.14707756232349523
1,1,0.24391674193142532,0.7560832580685747
1,1,0.02328744992677223,0.9767125500732278
0,0,0.7623785186143492,0.23762148138565078
0,0,0.8590835443572902,0.14091645564270977
1,1,0.03139441511992136,0.9686055848800786
0,0,0.7938273701025008,0.2061726298974992
1,1,0.1715300734312949,0.8284699265687051
0,0,0.9890345932967909,0.010965406703209066
0,0,0.9825038102521079,0.017496189747892084
1,1,0.15208017941208452,0.8479198205879155
1,1,0.22265311745565364,0.7773468825443464
0,0,0.729089023072087,0.27091097692791305
1,1,0.1144665638785608,0.8855334361214392
0,0,0.9035977814198571,0.09640221858014285
1,1,0.01832290487281496,0.981677095127185
0,0,0.8738701957309214,0.1261298042690786
0,0,0.8102837989006785,0.18971620109932155
1,1,0.016653741736467276,0.9833462582635327
0,0,0.9091302217552775,0.09086977824472249
1,0,0.8813203519188941,0.11867964808110588
1,1,0.01779834259252666,0.9822016574074733
0,0,0.8714681271708766,0.12853187282912337
1,1,0.1564351000926344,0.8435648999073656
0,0,0.7462047538085712,0.25379524619142885
1,1,0.1514947962046943,0.8485052037953057
0,0,0.7148931878853122,0.28510681211468786
1,1,0.1778418425089403,0.8221581574910597
0,0,0.7465906766684689,0.25340932333153104
1,1,0.016877763500556697,0.9831222364994433
1,1,0.1387295160440808,0.8612704839559192
0,0,0.8381358877608159,0.16186411223918404
1,1,0.08521633525101269,0.9147836647489873
1,1,0.13877996878655996,0.86122003121344
0,0,0.8217584641136477,0.17824153588635225
1,1,0.10883259973522486,0.8911674002647751
0,1,0.5275304758308472,0.4724695241691527
1,1,0.14853093504905535,0.8514690649509447
1,0,0.7912562997787522,0.2087437002212478
0,1,0.1831488705062182,0.8168511294937818
0,0,0.7564716575331513,0.24352834246684876
0,0,0.7350781025866235,0.2649218974133765
1,1,0.03327938909692507,0.9667206109030749
1,1,0.11464977902898987,0.8853502209710101
0,0,0.9911333886862098,0.008866611313790143
0,1,0.20932109572671664,0.7906789042732834
0,0,0.8925327671882886,0.10746723281171143
1,1,0.1507182349933992,0.8492817650066008
1,0,0.7906542353859148,0.20934576461408516
1,1,0.08235155089114377,0.9176484491088562
0,0,0.8858790272384607,0.11412097276153932
0,0,0.8917586702733485,0.10824132972665144
0,1,0.17566635445697776,0.8243336455430222
0,0,0.7739729538311182,0.22602704616888183
0,0,0.827936762147344,0.172063237852656
1,1,0.1673241479572668,0.8326758520427332
1,1,0.2136627278196408,0.7863372721803592
1,1,0.017293735997752857,0.9827062640022471
0,0,0.8406318996912505,0.1593681003087495
0,0,0.8482512389782069,0.1517487610217932
1,1,0.11939494793657768,0.8806050520634223
0,0,0.7520663305960518,0.2479336694039483
1,1,0.21017547826013905,0.789824521739861
0,0,0.9916701343290563,0.008329865670943754
1,1,0.01976476739055777,0.9802352326094422
1,1,0.01426357821432278,0.9857364217856772
1,1,0.4860463701656542,0.5139536298343458
0,0,0.8999556006061149,0.10004439939388508
1,1,0.20404289059805814,0.7959571094019419
1,1,0.15308251824110175,0.8469174817588982
1,1,0.44204648374645505,0.557953516253545
1,1,0.00653348076355853,0.9934665192364415
0,0,0.8297016153440336,0.1702983846559664
0,0,0.8610882049612902,0.13891179503870973
1,1,0.1546553508235784,0.8453446491764216
1,1,0.11842605261254746,0.8815739473874525
1,1,0.1423203552870448,0.8576796447129552
0,0,0.8587135159028588,0.14128648409714117
1,0,0.7747376809954134,0.22526231900458663
1,1,0.09465712390880843,0.9053428760911916
1,1,0.12506721097015783,0.8749327890298422
0,0,0.7463986182133985,0.2536013817866015
1,1,0.17333360855837454,0.8266663914416255
1,0,0.7622937267748904,0.23770627322510968
1,1,0.0075785357824399435,0.9924214642175601
1,1,0.14629639322257404,0.853703606777426
0,0,0.9920757148758539,0.007924285124146125
1,1,0.1783785917603795,0.8216214082396205
1,1,0.1484161580931408,0.8515838419068592
1,0,0.8399352274887486,0.16006477251125142
0,1,0.21864881104050649,0.7813511889594935
0,0,0.7870855749447123,0.21291442505528774
1,1,0.12741421968373745,0.8725857803162625
0,1,0.18047911142398732,0.8195208885760127
0,0,0.7686556186645948,0.23134438133540525
0,0,0.8526871870733511,0.14731281292664886
1,0,0.7271467538525409,0.2728532461474591
1,1,0.032071218082769914,0.9679287819172301
0,0,0.8284173847567871,0.1715826152432129
1,1,0.11695364065690572,0.8830463593430943
1,0,0.7737486465024699,0.22625135349753006
1,1,0.00966811642494958,0.9903318835750504
1,1,0.06879421837826594,0.9312057816217341
1,1,0.12637839251570382,0.8736216074842962
0,0,0.8252924230548314,0.17470757694516856
0,0,0.9925134385212778,0.007486561478722198
1,1,0.11845974976956253,0.8815402502304375
1,1,0.11398888822340059,0.8860111117765994
1,1,0.11579340201782573,0.8842065979821743
1,1,0.13308071305458768,0.8669192869454123
0,0,0.7625747806736414,0.23742521932635868
0,0,0.9144063902284999,0.08559360977150006
0,0,0.786696094611859,0.21330390538814104
0,1,0.18458625568279097,0.815413744317209
0,0,0.8383239399327129,0.1616760600672871
0,0,0.767525472122968,0.23247452787703204
1,1,0.12963266908567095,0.870367330914329
1,1,0.01745173195467309,0.9825482680453269
0,0,0.9928208240293177,0.0071791759706823065
1,1,0.12324557065886765,0.8767544293411323
1,1,0.1305073077203055,0.8694926922796945
1,1,0.12722026972632117,0.8727797302736788
1,1,0.025244184022069405,0.9747558159779306
1,1,0.007142056313310774,0.9928579436866892
0,0,0.9182127413311828,0.08178725866881724
1,1,0.12051097946087752,0.8794890205391225
0,0,0.7499757244307642,0.2500242755692358
0,0,0.8162878307583119,0.18371216924168815
0,1,0.028780455401331673,0.9712195445986683
1,1,0.08755793696695524,0.9124420630330448
1,1,0.09920802552547825,0.9007919744745218
1,1,0.11795606904837874,0.8820439309516213
1,1,0.019846055725311174,0.9801539442746888
0,0,0.7218394746991394,0.2781605253008606
1,0,0.7625251785899174,0.23747482141008258
0,0,0.9944665798348276,0.005533420165172448
0,0,0.9903057217216481,0.0096942782783519
0,0,0.786546608614578,0.213453391385422
1,1,0.16211062597816428,0.8378893740218357
0,0,0.7741248268280427,0.22587517317195727
0,0,0.9923496803076446,0.00765031969235536
0,0,0.7280733304338267,0.27192666956617334
0,0,0.849114912906461,0.15088508709353893
0,0,0.7792003559070554,0.2207996440929446
1,1,0.018407685748330627,0.9815923142516694
0,0,0.7594180747877104,0.24058192521228955
0,0,0.820346878104582,0.17965312189541804
0,0,0.9289733383865246,0.07102666161347536
0,0,0.8496494539604968,0.15035054603950315
0,0,0.9924462858071588,0.007553714192841267
1,1,0.00564507257151603,0.994354927428484
0,0,0.7456031041838165,0.25439689581618347
0,0,0.9873564525010464,0.012643547498953614
1,0,0.8134915560453094,0.18650844395469054
1,1,0.2272940248532651,0.7727059751467349
0,0,0.85096735288346,0.14903264711653993
1,1,0.18727613568162083,0.8127238643183792
1,1,0.08609722043448953,0.9139027795655105
0,0,0.8106678739602781,0.1893321260397219
0,0,0.7706644359494833,0.2293355640505167
0,0,0.9876903843712307,0.01230961562876929
1,1,0.18518230202873998,0.81481769797126
1,1,0.18191298555598612,0.8180870144440139
0,0,0.8412553196896495,0.1587446803103505
0,0,0.7466890954943555,0.2533109045056446
1,1,0.15142515869771023,0.8485748413022898
1,1,0.13409929962344225,0.8659007003765578
0,0,0.7802300197825898,0.21976998021741026
1,1,0.01369660028673192,0.9863033997132681
1,1,0.17049317035941447,0.8295068296405855
1,1,0.037300515904660325,0.9626994840953397
1,0,0.7647662441423424,0.23523375585765763
0,0,0.9941206139745162,0.0058793860254838185
1,1,0.018315607673997758,0.9816843923260022
1,1,0.13571550207999172,0.8642844979200083
0,0,0.9087152196712058,0.09128478032879418
0,0,0.8411838050367749,0.15881619496322505
1,1,0.1352134954208032,0.8647865045791968
1,1,0.00878698598861416,0.9912130140113858
0,0,0.8821024538899603,0.1178975461100397
1,1,0.03373910333475838,0.9662608966652416
1,1,0.18656526302070053,0.8134347369792995
1,0,0.7546363394456718,0.24536366055432823
1,1,0.1547028051609649,0.8452971948390351
1,1,0.1352806574657387,0.8647193425342613
1,0,0.8499719305389557,0.15002806946104424
0,0,0.7675748680546302,0.23242513194536982
0,0,0.9838796285292233,0.016120371470776756
0,0,0.9907425220224193,0.009257477977580674
0,0,0.9889107661434423,0.011089233856557704
1,1,0.007446747396263165,0.9925532526037368
0,0,0.8362252459332534,0.1637747540667466
0,0,0.9875257203104371,0.01247427968956299
0,1,0.1962137564112253,0.8037862435887747
1,1,0.17714549470813046,0.8228545052918695
1,0,0.773261235126711,0.2267387648732891
1,1,0.20031160252279911,0.7996883974772009
1,1,0.027511775392562443,0.9724882246074376
1,1,0.009994791531732217,0.9900052084682678
0,0,0.8571487171902991,0.1428512828097009
1,1,0.025181320704778853,0.9748186792952211
1,1,0.15054802653999677,0.8494519734600032
1,1,0.006357384524525389,0.9936426154754746
1,0,0.7810857346421247,0.21891426535787528
1,1,0.02355639585031999,0.97644360414968
0,0,0.7695897537105008,0.2304102462894993
1,1,0.19030714751885236,0.8096928524811476
0,1,0.18430361554495067,0.8156963844550493
0,1,0.13272046029694418,0.8672795397030558
1,1,0.026615126338627948,0.973384873661372
1,0,0.7847899003224603,0.21521009967753962
1,1,0.13542414024354732,0.8645758597564527
1,1,0.019273566573532963,0.980726433426467
1,1,0.028759184559884576,0.9712408154401154
1,1,0.12292781053856494,0.8770721894614351
0,0,0.746885752078192,0.25311424792180803
1,1,0.018397110813681006,0.981602889186319
0,0,0.8218090769896648,0.1781909230103352
0,0,0.8555727390602995,0.14442726093970046
1,1,0.012870717762523465,0.9871292822374765
0,0,0.7762971591747372,0.22370284082526287
0,0,0.8336813887074136,0.16631861129258643
0,0,0.7868410277775448,0.2131589722224551
0,0,0.8439838657346701,0.1560161342653299
1,1,0.08656912492082725,0.9134308750791728
0,0,0.9837768996073099,0.01622310039269016
1,1,0.14622729479758978,0.8537727052024102
1,1,0.12382669893476772,0.8761733010652323
1,1,0.08880559291869439,0.9111944070813056
0,0,0.7502198974128201,0.24978010258717986
0,0,0.7769671599505712,0.22303284004942875
0,0,0.993078518188407,0.006921481811593007
1,0,0.8345032550461452,0.16549674495385483
1,1,0.10545157238527358,0.8945484276147264
1,1,0.14155503969475292,0.8584449603052471
0,0,0.7746118436754093,0.22538815632459075
0,0,0.9048054147926404,0.09519458520735957
0,0,0.9896129969344343,0.01038700306556573
1,1,0.01432357915770699,0.985676420842293
0,0,0.9298727946980928,0.07012720530190722
1,0,0.8394998257258486,0.16050017427415145
1,1,0.1363253652016242,0.8636746347983758
0,1,0.14385310952543917,0.8561468904745608
0,0,0.8129046391964422,0.1870953608035578
0,0,0.8851029351166214,0.11489706488337863
0,0,0.7731608686240042,0.2268391313759958
1,0,0.7565533159422331,0.2434466840577669
0,0,0.7646972480625429,0.23530275193745706
0,0,0.7723610281594204,0.22763897184057952
1,1,0.12966687874496108,0.8703331212550389
1,1,0.018620796814851515,0.9813792031851485
1,0,0.7718549864144829,0.2281450135855171
0,0,0.7745083059184747,0.22549169408152525
0,1,0.1985311561319445,0.8014688438680555
0,0,0.7826299968959396,0.21737000310406046
0,0,0.7331667708551967,0.26683322914480334
1,1,0.02415563013983202,0.975844369860168
0,0,0.9055500257787592,0.09444997422124075
1,0,0.782343720050036,0.21765627994996395
1,1,0.1318442134975838,0.8681557865024162
1,1,0.04535710438785867,0.9546428956121413
0,0,0.9108968453409799,0.08910315465902004
1,1,0.22630256488221068,0.7736974351177893
1,1,0.22177587044870017,0.7782241295512998
0,0,0.837133698416391,0.16286630158360907
1,1,0.12126279863818323,0.8787372013618168
0,0,0.8772090014614747,0.12279099853852525
0,0,0.7107536863710744,0.28924631362892567
1,1,0.16598903168410895,0.834010968315891
0,1,0.12511710944940713,0.8748828905505929
1,1,0.05629328335673711,0.9437067166432629
0,0,0.9139261235575645,0.08607387644243543
1,0,0.7812740550078561,0.21872594499214387
1,1,0.15440986362081388,0.8455901363791861
1,1,0.10464627034892005,0.89535372965108
0,1,0.11269624187769367,0.8873037581223063
1,1,0.02899966568340051,0.9710003343165995
1,1,0.18476347489144807,0.8152365251085519
1,1,0.18854017932062572,0.8114598206793743
0,0,0.7676631012415861,0.23233689875841387
0,0,0.8171673014380347,0.1828326985619652
1,1,0.01601509739149176,0.9839849026085082
1,1,0.12877650078607883,0.8712234992139212
1,1,0.15961176309893843,0.8403882369010616
1,1,0.01723066418741892,0.9827693358125811
1,1,0.017169320082955464,0.9828306799170445
1,1,0.146242254884427,0.853757745115573
1,1,0.13180452242506635,0.8681954775749336
0,0,0.9938639351803858,0.006136064819614096
0,0,0.8720060782882724,0.12799392171172766
0,0,0.7633213038135008,0.23667869618649917
0,0,0.986401177887329,0.013598822112671018
1,1,0.09614145638459093,0.9038585436154091
1,1,0.010662142416913323,0.9893378575830867
0,0,0.7669900469815387,0.23300995301846134
0,0,0.7618575365963014,0.23814246340369863
0,0,0.9919891984041704,0.00801080159582955
0,0,0.7652707775224299,0.23472922247757008
0,0,0.749447732790712,0.250552267209288
0,0,0.8276461981590636,0.17235380184093638
0,0,0.7726681930261212,0.22733180697387878
1,0,0.7716308264758475,0.2283691735241525
1,1,0.14905138547206886,0.8509486145279311
0,0,0.9902718906628694,0.009728109337130635
1,0,0.735345668337999,0.26465433166200103
0,1,0.14917544163680452,0.8508245583631955
0,0,0.7772186652296159,0.22278133477038412
1,1,0.15895771774911982,0.8410422822508802
1,1,0.14463554784999777,0.8553644521500022
0,0,0.8566561234615728,0.14334387653842715
1,1,0.008478352294533753,0.9915216477054662
1,0,0.757295906670101,0.24270409332989895
1,1,0.14242614265999776,0.8575738573400022
0,1,0.5276423725558512,0.4723576274441488
0,0,0.9086822879134043,0.09131771208659567
1,1,0.13568135672520254,0.8643186432747975
1,1,0.025637124424776947,0.974362875575223
1,1,0.14349842080137254,0.8565015791986275
1,0,0.7731184597641297,0.22688154023587026
1,1,0.12841038297051255,0.8715896170294875
1,1,0.18638107793390868,0.8136189220660913
0,0,0.7646295623325146,0.2353704376674855
1,0,0.7390028798792223,0.2609971201207777
1,1,0.022294959530306913,0.9777050404696931
1,1,0.12985100886159928,0.8701489911384007
1,0,0.7876201431840518,0.21237985681594815
1,1,0.005249383140682462,0.9947506168593175
0,0,0.9891358917945107,0.010864108205489368
1,1,0.014840133108150244,0.9851598668918498
1,1,0.01602744655413557,0.9839725534458644
1,1,0.012954211097823243,0.9870457889021768
0,1,0.2031822944405388,0.7968177055594612
0,0,0.9864588667115544,0.01354113328844567
0,0,0.8474196164032182,0.1525803835967819
1,1,0.19509317267271487,0.8049068273272851
0,0,0.9090731667425507,0.0909268332574493
1,0,0.841055295107797,0.158944704892203
1,0,0.8227165415768988,0.17728345842310125
1,1,0.11693005417688607,0.8830699458231139
1,1,0.154811137297016,0.845188862702984
0,0,0.7498448439585141,0.2501551560414859
1,0,0.7513223520066695,0.24867764799333048
1,0,0.8001926521179694,0.1998073478820306
0,0,0.8968201654700834,0.10317983452991665
1,1,0.023781876613518382,0.9762181233864816
1,1,0.15930059611723102,0.840699403882769
1,1,0.15870932144366456,0.8412906785563354
1,0,0.7618127670776241,0.23818723292237587
1,1,0.12866788862181322,0.8713321113781868
1,1,0.015140406048340438,0.9848595939516596
0,0,0.8574158360384172,0.14258416396158283
1,1,0.21645358209945342,0.7835464179005466
0,0,0.9864524916062656,0.013547508393734385
1,1,0.16214797246724155,0.8378520275327584
1,0,0.7175662183964084,0.28243378160359156
1,1,0.08130643566059204,0.918693564339408
1,1,0.21302546785833854,0.7869745321416615
0,1,0.17257563613400506,0.8274243638659949
1,1,0.021974825731278957,0.978025174268721
1,1,0.011946675858950706,0.9880533241410493
0,0,0.9021031631028772,0.09789683689712277
1,1,0.14271313918550832,0.8572868608144917
0,0,0.8548892670371977,0.14511073296280225
1,1,0.13336655039305523,0.8666334496069448
0,0,0.7432023632474949,0.25679763675250517
1,1,0.11295982374216984,0.8870401762578302
0,0,0.8149628670645537,0.1850371329354463
1,1,0.15297941700228412,0.8470205829977159
0,0,0.7802649550921325,0.21973504490786755
1,1,0.011998190115965368,0.9880018098840346
1,1,0.22128070284935542,0.7787192971506446
1,1,0.04212014478745152,0.9578798552125485
0,0,0.8536552956064394,0.14634470439356062
0,0,0.7333637593826173,0.26663624061738267
0,0,0.8725567975350444,0.12744320246495555
1,1,0.01205192268689348,0.9879480773131065
1,1,0.13409082129950645,0.8659091787004936
1,0,0.761453864194561,0.2385461358054391
1,1,0.09179781029689527,0.9082021897031047
1,1,0.004475751036261966,0.995524248963738
0,0,0.9048659003315584,0.0951340996684416
1,1,0.13665236192720998,0.86334763807279
0,1,0.1382845604509283,0.8617154395490717
1,1,0.18020129727681355,0.8197987027231864
1,1,0.13324456093517922,0.8667554390648208
0,0,0.8954178757700862,0.10458212422991371
1,1,0.016215843651989803,0.9837841563480102
0,1,0.16648627606601218,0.8335137239339878
0,0,0.8620748657157254,0.13792513428427453
0,0,0.7545204138450323,0.24547958615496762
1,1,0.026161724273492948,0.973838275726507
1,1,0.014678956288788236,0.9853210437112118
1,1,0.1101500291215134,0.8898499708784866
1,0,0.8599605547198821,0.14003944528011797
1,1,0.12496507048803929,0.8750349295119607
1,0,0.7444051755398714,0.2555948244601286
1,1,0.0188569562084705,0.9811430437915295
1,1,0.07303222046419611,0.9269677795358039
0,0,0.9849978630610455,0.015002136938954488
1,0,0.8803106376727997,0.11968936232720033
1,1,0.12239248155338711,0.8776075184466129
0,1,0.2006977427660236,0.7993022572339764
0,0,0.7024126012761478,0.29758739872385226
1,1,0.02792426742752263,0.9720757325724774
1,0,0.7412197862040991,0.2587802137959009
0,0,0.8475711630527131,0.1524288369472869
0,0,0.9876711497916119,0.012328850208388139
0,0,0.9734674812365112,0.02653251876348886
1,1,0.11882190852399244,0.8811780914760076
0,0,0.7684303457900195,0.2315696542099806
0,0,0.8401405925522791,0.1598594074477208
1,1,0.1948529834375874,0.8051470165624126
0,0,0.739057436482174,0.2609425635178259
1,1,0.015617590632098999,0.984382409367901
0,0,0.7524222556971069,0.24757774430289312
1,1,0.0058565597678041925,0.9941434402321958
0,0,0.781028989375059,0.218971010624941
1,0,0.8961337947472543,0.10386620525274573
0,0,0.8688933620327504,0.1311066379672497
0,0,0.8795981826942856,0.12040181730571445
1,1,0.20628329441995208,0.7937167055800479
1,1,0.10022586806945843,0.8997741319305416
1,1,0.015262371354330062,0.9847376286456699
1,1,0.21941128949438637,0.7805887105056136
0,1,0.18700135944065088,0.8129986405593491
1,0,0.7675401451071738,0.2324598548928262
1,0,0.8669004998493179,0.13309950015068203
0,1,0.11022316485460293,0.8897768351453971
1,1,0.08094241515329215,0.9190575848467079
0,0,0.7850099747265454,0.2149900252734546
1,0,0.7689611791081744,0.2310388208918256
1,1,0.15111934316135933,0.8488806568386407
1,1,0.014444768928807084,0.9855552310711929
0,0,0.8790585498628483,0.1209414501371517
1,0,0.6098399130030262,0.3901600869969738
0,1,0.17105578156530699,0.828944218434693
1,1,0.12979939275900954,0.8702006072409905
0,0,0.9895536906215918,0.010446309378408162
0,0,0.9892122942447399,0.010787705755260142
1,1,0.1937908357796141,0.8062091642203859
0,1,0.20709102757127507,0.7929089724287249
1,1,0.20491908866514486,0.7950809113348551
1,1,0.016763550243796832,0.9832364497562032
0,0,0.8621232225149746,0.13787677748502533
0,0,0.8800202509715854,0.11997974902841457
0,0,0.9809806010993041,0.019019398900695934
0,0,0.8397627482544152,0.16023725174558479
0,0,0.823668111251612,0.176331888748388
1,1,0.010008814516969333,0.9899911854830307
0,0,0.7744381308411942,0.22556186915880586
1,1,0.11529794186909104,0.884702058130909
1,1,0.017227796963893427,0.9827722030361066
0,0,0.6095345962640482,0.39046540373595184
1,0,0.76909822891666,0.23090177108334
1,1,0.013359718004759547,0.9866402819952405
1,1,0.12132496725411146,0.8786750327458885
1,0,0.7760785191428846,0.2239214808571154
1,1,0.22012403761283916,0.7798759623871608
0,0,0.7657496168323377,0.23425038316766233
1,1,0.02379236756878511,0.9762076324312149
1,0,0.8681789875729653,0.13182101242703476
1,1,0.021784760558385075,0.9782152394416149
0,0,0.8532625700431907,0.1467374299568093
0,0,0.7782375225954542,0.22176247740454577
1,1,0.11933023602905635,0.8806697639709437
0,0,0.8584218895172459,0.14157811048275418
0,1,0.13129933692697093,0.8687006630730291
0,1,0.22830387899718552,0.7716961210028145
0,0,0.9903700620393863,0.009629937960613686
0,0,0.7296067394226612,0.2703932605773388
0,0,0.9856191304188262,0.014380869581173808
1,1,0.117606989342251,0.882393010657749
1,1,0.13388139251510955,0.8661186074848904
0,0,0.9182128536768829,0.08178714632311716
0,0,0.8447539137255854,0.15524608627441458
0,0,0.7775997962421937,0.22240020375780628
1,1,0.11989295923619692,0.8801070407638031
0,0,0.7709205143161687,0.2290794856838313
0,0,0.9882149493706793,0.011785050629320682
0,0,0.8570103324033458,0.14298966759665427
1,0,0.7676003024888609,0.23239969751113906
1,1,0.09071606983198399,0.909283930168016
1,1,0.13329566099945878,0.8667043390005412
0,0,0.9378476167166381,0.06215238328336192
1,1,0.15885672703398646,0.8411432729660135
0,0,0.962294960005488,0.037705039994512
0,0,0.9879457192353263,0.012054280764673743
0,1,0.15378984991668077,0.8462101500833192
1,1,0.12451987716683877,0.8754801228331612
0,0,0.9856334540778595,0.014366545922140452
0,0,0.758789363288575,0.24121063671142493
0,1,0.11791385108883745,0.8820861489111625
0,0,0.8483386191997534,0.15166138080024663
1,1,0.09798830352960752,0.9020116964703925
1,1,0.11317681952285918,0.8868231804771408
0,0,0.7662066884325938,0.23379331156740626
0,0,0.8679470477926365,0.13205295220736346
1,1,0.20544591257425815,0.7945540874257419
0,0,0.7728909911429196,0.22710900885708044
0,0,0.7867006204007463,0.21329937959925374
1,1,0.2093897101954586,0.7906102898045414
1,1,0.1660643078191566,0.8339356921808434
1,0,0.7881740835637756,0.21182591643622437
1,0,0.7543544436766225,0.24564555632337745
1,1,0.019963045824899606,0.9800369541751004
0,0,0.7591819360553808,0.24081806394461927
1,1,0.12753276727363705,0.872467232726363
1,1,0.008447273765390784,0.9915527262346092
1,0,0.911536107608903,0.088463892391097
1,1,0.09340763243910521,0.9065923675608948
0,0,0.9868842510997852,0.013115748900214797
0,0,0.9030612224766196,0.09693877752338044
1,0,0.7786356951007558,0.22136430489924414
1,1,0.15630021787084392,0.8436997821291561
1,0,0.8882488108511734,0.11175118914882665
0,0,0.7816805610082226,0.21831943899177741
0,0,0.7334026354967094,0.26659736450329063
0,1,0.20498872214335673,0.7950112778566433
0,0,0.691492829840428,0.30850717015957196
0,0,0.9180989279521748,0.0819010720478252
0,0,0.8293933171945732,0.1706066828054268
0,0,0.7728633081848411,0.22713669181515891
0,0,0.9905685301611538,0.00943146983884626
1,1,0.18018713334310865,0.8198128666568913
1,0,0.7415495220750381,0.2584504779249619
0,0,0.8337501530660962,0.1662498469339037
0,1,0.17582711765764703,0.824172882342353
1,1,0.13677386684811454,0.8632261331518855
0,0,0.7174899552537654,0.28251004474623465
1,0,0.754861173716903,0.245138826283097
0,0,0.9853746319232022,0.014625368076797835
1,1,0.007554651903802112,0.9924453480961979
1,1,0.1530750507998042,0.8469249492001958
1,1,0.1199589975196701,0.8800410024803299
0,0,0.9860240014772338,0.013975998522766176
1,0,0.7332781815976708,0.26672181840232917
1,0,0.7808207266874808,0.2191792733125192
0,1,0.13169021557781246,0.8683097844221875
0,0,0.8323570633331941,0.16764293666680585
1,0,0.747557963598898,0.2524420364011019
1,1,0.017270763567497682,0.9827292364325023
0,0,0.9936266649214914,0.006373335078508553
0,0,0.7459552047650937,0.25404479523490625
0,0,0.7225693759926776,0.27743062400732243
1,0,0.7275947584900992,0.2724052415099007
1,1,0.17009714629303563,0.8299028537069644
0,0,0.811440525970653,0.18855947402934703
1,1,0.10690479031385192,0.8930952096861481
0,0,0.7903016286484869,0.20969837135151317
1,1,0.03911430143247285,0.9608856985675271
0,0,0.9882113820934153,0.01178861790658472
0,0,0.7543463069055308,0.24565369309446913
1,1,0.16984953454844798,0.830150465451552
1,1,0.049583084085180085,0.9504169159148199
1,1,0.018900475210999912,0.9810995247890001
0,0,0.7933747572074644,0.2066252427925356
1,1,0.01196338516205453,0.9880366148379455
0,0,0.8379658184676777,0.1620341815323223
0,1,0.1044241825129365,0.8955758174870635
0,0,0.8693489253867408,0.13065107461325917
1,1,0.12760564855913414,0.8723943514408659
0,0,0.8194912250287285,0.18050877497127146
1,0,0.6931987729802882,0.3068012270197118
0,0,0.990201202653133,0.009798797346866945
1,1,0.5283598024568352,0.4716401975431647
0,0,0.993299298153179,0.006700701846821023
1,1,0.05559089872727396,0.944409101272726
1,1,0.046013348201187854,0.9539866517988121
1,1,0.13496077370483073,0.8650392262951693
1,0,0.7862238628391552,0.21377613716084473
1,1,0.026855071714513512,0.9731449282854865
1,1,0.16916001084795973,0.8308399891520403
0,0,0.776173270803909,0.22382672919609103
0,0,0.7471226640678839,0.2528773359321162
0,1,0.4385182179601098,0.5614817820398902
0,0,0.8480875234452628,0.15191247655473716
1,1,0.09248873950245096,0.907511260497549
1,1,0.16126448282067074,0.8387355171793293
0,0,0.7626499647448473,0.23735003525515277
0,0,0.7935470194087969,0.20645298059120312
0,0,0.7654080310229407,0.23459196897705928
1,1,0.11999296009818283,0.8800070399018172
0,0,0.9412639994293954,0.05873600057060461
1,1,0.5166462097407953,0.4833537902592047
0,0,0.7869191977120921,0.2130808022879079
1,1,0.00470903739762174,0.9952909626023783
0,1,0.1321165188751382,0.8678834811248618
1,1,0.10012294764971852,0.8998770523502815
1,1,0.10611719320934376,0.8938828067906562
0,0,0.7653880450067863,0.23461195499321374
1,0,0.8579146734961782,0.14208532650382177
1,1,0.1386296614368675,0.8613703385631325
1,1,0.18307623728216604,0.816923762717834
1,1,0.1292167093328953,0.8707832906671047
1,1,0.015046758472815891,0.9849532415271841
0,0,0.7214716133673574,0.27852838663264257
0,0,0.7291537262795251,0.2708462737204749
1,0,0.770760146224198,0.22923985377580197
0,0,0.9797543877152985,0.020245612284701467
1,0,0.7618840602130882,0.23811593978691178
1,1,0.016071547721586255,0.9839284522784137
1,1,0.14928034576566995,0.85071965423433
1,1,0.012082681234846238,0.9879173187651538
1,1,0.16200541454389827,0.8379945854561017
0,0,0.758960743729215,0.2410392562707851
0,0,0.9927967940846355,0.0072032059153645306
0,0,0.7973730093965924,0.2026269906034076
0,0,0.9733747807032184,0.026625219296781584
0,0,0.8234741598031511,0.1765258401968489
0,0,0.8194168629038401,0.1805831370961599
1,1,0.15478646363176585,0.8452135363682342
1,0,0.8219158740032443,0.17808412599675574
0,0,0.9920365629259926,0.007963437074007342
1,0,0.7515088807063948,0.24849111929360518
0,0,0.7608485864687133,0.23915141353128666
1,1,0.1530515595035229,0.8469484404964771
0,0,0.7609697008828619,0.23903029911713816
1,0,0.761766735812277,0.2382332641877229
1,1,0.18942258751187147,0.8105774124881285
1,1,0.1008217873496815,0.8991782126503185
0,0,0.7727365238048179,0.22726347619518208
1,1,0.11918753890254896,0.880812461097451
0,0,0.9908594852409945,0.009140514759005477
0,0,0.727123220778479,0.2728767792215209
0,1,0.12950151843517743,0.8704984815648226
1,1,0.020351084924097207,0.9796489150759028
0,0,0.7989942751964889,0.20100572480351103
0,0,0.9928694709488313,0.0071305290511687845
0,0,0.9920113945743422,0.007988605425657781
0,0,0.991406987716907,0.008593012283092926
0,0,0.7462149680516672,0.25378503194833285
1,1,0.1491562765044807,0.8508437234955193
0,0,0.7275649709278404,0.2724350290721596
1,0,0.7552840367655913,0.24471596323440864
0,0,0.7452933761963372,0.25470662380366277
0,0,0.9454349321105684,0.05456506788943158
1,0,0.8031331546495472,0.19686684535045282
1,1,0.20259408109636345,0.7974059189036365
1,1,0.14747588295408842,0.8525241170459116
0,0,0.7709728432127059,0.2290271567872941
0,1,0.16102810806210277,0.8389718919378972
0,1,0.15349340448311355,0.8465065955168865
1,1,0.012660220657982557,0.9873397793420174
0,0,0.8191430370560064,0.1808569629439936
0,0,0.7264070026627756,0.27359299733722436
1,0,0.7526891877953698,0.24731081220463022
0,0,0.9919319424806478,0.008068057519352209
0,0,0.9887813191561762,0.011218680843823775
0,1,0.08678276560812304,0.913217234391877
0,0,0.7580759494375159,0.24192405056248412
1,0,0.7871740985649465,0.21282590143505353
1,0,0.7244749151808341,0.27552508481916593
0,0,0.786582733800853,0.21341726619914703
0,0,0.7549467911108003,0.24505320888919968
0,0,0.7478109553194168,0.2521890446805832
1,0,0.8435113044325134,0.15648869556748654
0,0,0.9948750936323315,0.005124906367668455
0,0,0.9440476735606977,0.05595232643930225
1,1,0.019874855559137705,0.9801251444408623
0,0,0.8253767508292218,0.1746232491707782
1,1,0.015889245523347695,0.9841107544766523
1,1,0.016710215014267726,0.9832897849857323
0,0,0.9906274054394181,0.009372594560581924
0,0,0.7609542524445869,0.2390457475554131
0,0,0.9841919544305507,0.01580804556944928
1,0,0.7473670072567412,0.2526329927432588
0,0,0.900173063147822,0.09982693685217803
0,0,0.9917285341676839,0.008271465832316076
1,1,0.015712815271522018,0.984287184728478
1,1,0.02052890146292463,0.9794710985370754
1,1,0.3188843072364592,0.6811156927635408
1,1,0.165168715115115,0.834831284884885
1,0,0.752442341225513,0.24755765877448693
1,1,0.12001352271067112,0.8799864772893289
0,0,0.7752436519231376,0.22475634807686234
0,0,0.8533687157085535,0.14663128429144645
1,1,0.01185687259794066,0.9881431274020593
0,0,0.7659335590904981,0.23406644090950196
1,1,0.176415881006471,0.823584118993529
0,0,0.8368985468625787,0.16310145313742125
1,1,0.022019579268371392,0.9779804207316286
1,1,0.15320839475663395,0.846791605243366
0,0,0.8533211521490777,0.14667884785092233
1,1,0.01482709125192283,0.9851729087480772
1,1,0.15505947984427215,0.8449405201557278
0,1,0.08250366107559914,0.9174963389244009
1,1,0.027339690855017862,0.9726603091449821
1,0,0.7583376838150799,0.24166231618492012
1,1,0.13460220370474352,0.8653977962952565
0,0,0.9065669023436833,0.09343309765631674
1,1,0.18988643832746366,0.8101135616725363
1,1,0.0715743589713459,0.9284256410286541
0,0,0.8930843357125849,0.10691566428741506
0,0,0.7616132182265136,0.23838678177348632
0,0,0.7641778175526084,0.23582218244739167
0,0,0.9935258025301338,0.006474197469866217
0,0,0.7630130186210524,0.23698698137894764
0,0,0.990884114080507,0.009115885919492929
0,0,0.7577123167907194,0.2422876832092806
1,1,0.20171735761719645,0.7982826423828036
1,1,0.20493401914652043,0.7950659808534796
1,1,0.011390919582707548,0.9886090804172925
0,0,0.993450054260967,0.006549945739032957
1,1,0.01851768412650656,0.9814823158734934
1,1,0.018325448468786032,0.981674551531214
0,0,0.7273769398005205,0.2726230601994794
0,0,0.9279028569932479,0.07209714300675206
0,0,0.7679775726240821,0.232022427375918
1,1,0.15968052831089408,0.8403194716891059
1,1,0.11668188174727678,0.8833181182527232
0,1,0.10489946622243418,0.8951005337775658
0,0,0.8162045241277562,0.18379547587224382
0,0,0.7865657007264792,0.21343429927352076
1,0,0.7743544600876898,0.22564553991231015
1,1,0.19475197640354358,0.8052480235964564
0,0,0.7830575561665363,0.21694244383346367
0,0,0.8937689699516915,0.10623103004830844
0,0,0.8446703773202868,0.1553296226797132
0,0,0.767316735137522,0.23268326486247803
0,0,0.9908951496460549,0.009104850353945185
1,1,0.02121019213785935,0.9787898078621406
0,1,0.16858069805610376,0.8314193019438962
1,1,0.13863695701288714,0.8613630429871129
1,1,0.1306619265812352,0.8693380734187648
0,0,0.7437865303147695,0.25621346968523057
0,0,0.8802553091382646,0.11974469086173549
1,1,0.059275830941436625,0.9407241690585634
1,1,0.06919772791550316,0.9308022720844968
1,1,0.014897744861778972,0.985102255138221
1,1,0.024000315507592185,0.9759996844924078
0,0,0.8621995653188521,0.13780043468114786
1,1,0.01826583471351606,0.9817341652864839
1,0,0.8327129211967413,0.16728707880325866
1,1,0.006736201671498132,0.9932637983285019
1,1,0.19617039980544693,0.8038296001945531
0,0,0.9910581164264265,0.0089418835735735
1,1,0.24591210607010305,0.754087893929897
1,1,0.306057420845822,0.693942579154178
0,0,0.7611629011274081,0.2388370988725918
1,1,0.11528761757864259,0.8847123824213574
1,1,0.09993678871283262,0.9000632112871674
1,1,0.2169269600419268,0.7830730399580732
1,1,0.1994583631905903,0.8005416368094097
0,0,0.7960662713620965,0.2039337286379035
1,1,0.1486041208751916,0.8513958791248084
0,1,0.19413265737594776,0.8058673426240522
0,0,0.7359168934005718,0.26408310659942824
0,0,0.9900098927841771,0.009990107215822908
0,0,0.8686252867820152,0.13137471321798477
0,0,0.8351703239941799,0.16482967600582005
1,0,0.8992317843609082,0.10076821563909176
0,0,0.7276408616922713,0.27235913830772873
0,0,0.7776003911864171,0.22239960881358287
1,1,0.014705781782694216,0.9852942182173058
0,0,0.7529282935975299,0.2470717064024701
1,1,0.22169132359651156,0.7783086764034884
0,0,0.9903669449390416,0.009633055060958353
0,0,0.9842341725388057,0.015765827461194305
1,1,0.03423834647124735,0.9657616535287527
0,0,0.9930329659727324,0.006967034027267649
0,0,0.9865718212999214,0.013428178700078603
0,0,0.8299753326224014,0.17002466737759855
0,1,0.10271113311887048,0.8972888668811295
0,0,0.7631551812201448,0.23684481877985517
0,0,0.7981945755570883,0.20180542444291177
0,1,0.1287501497439083,0.8712498502560917
1,1,0.12622707081776996,0.87377292918223
0,0,0.7925589884930501,0.20744101150694993
0,0,0.7592074128628497,0.24079258713715032
0,0,0.7299224663532744,0.2700775336467256
1,1,0.10523122411491137,0.8947687758850886
1,1,0.22907789779994825,0.7709221022000518
0,0,0.737338965946104,0.262661034053896
0,0,0.8601860515206585,0.13981394847934142
1,1,0.19920642588283777,0.8007935741171622
0,0,0.8060372305801035,0.19396276941989657
0,0,0.9912687533568101,0.008731246643189909
1,1,0.21462442871052956,0.7853755712894704
1,0,0.778718476582428,0.221281523417572
1,0,0.759551017153753,0.240448982846247
1,1,0.09015876074690499,0.909841239253095
1,1,0.11254320510309102,0.887456794896909
1,1,0.04152343050227736,0.9584765694977226
1,1,0.18556594672596927,0.8144340532740307
1,1,0.00969352716856875,0.9903064728314313
0,0,0.8186982930871035,0.18130170691289646
0,0,0.7536375271407749,0.24636247285922508
1,1,0.022167964469914203,0.9778320355300858
1,1,0.02369763833011662,0.9763023616698834
0,0,0.8835650553173522,0.11643494468264785
1,1,0.012132134197608169,0.9878678658023918
0,0,0.9827063774437718,0.017293622556228194
0,0,0.8395246910232378,0.16047530897676224
0,0,0.9901979066361105,0.009802093363889432
0,0,0.7328706553624291,0.2671293446375708
1,1,0.00713925865372067,0.9928607413462793
0,0,0.8941406335227665,0.10585936647723344
0,0,0.8376457017376033,0.16235429826239667
0,0,0.8966077398628958,0.10339226013710419
0,0,0.7777570996273618,0.22224290037263816
1,1,0.16972834515018242,0.8302716548498176
0,0,0.7610037451627494,0.23899625483725062
1,1,0.012831616480169394,0.9871683835198306
1,1,0.026201418340523475,0.9737985816594765
1,1,0.2696648227284697,0.7303351772715303
0,0,0.9887687563263876,0.011231243673612334
1,1,0.17252396262792014,0.8274760373720799
1,1,0.10021506217453402,0.899784937825466
0,0,0.7767092516291543,0.22329074837084575
0,0,0.8982576163506905,0.10174238364930951
0,0,0.8703271879089465,0.12967281209105352
1,1,0.03389569862145192,0.9661043013785481
1,1,0.006375748401193593,0.9936242515988064
1,1,0.015558196552383552,0.9844418034476164
0,0,0.8338529447171242,0.1661470552828758
1,1,0.017779713178297074,0.9822202868217029
1,1,0.11552622936746104,0.884473770632539
0,0,0.7816429785033807,0.21835702149661923
1,0,0.7731248639292595,0.2268751360707405
0,1,0.1316361379462715,0.8683638620537285
0,0,0.9253523516232522,0.07464764837674778
0,0,0.7446659292810516,0.2553340707189484
0,0,0.9878258249695734,0.01217417503042664
0,0,0.7613464966104563,0.23865350338954372
0,0,0.7560703440961004,0.2439296559038996
1,1,0.14218978272544058,0.8578102172745594
1,1,0.187796046793144,0.812203953206856
0,0,0.8628345948251349,0.13716540517486506
1,1,0.15811811384951546,0.8418818861504845
1,1,0.010212604785118429,0.9897873952148816
0,0,0.7958095184520275,0.20419048154797254
0,0,0.8821684201923997,0.1178315798076003
1,1,0.08335633527959085,0.9166436647204091
1,1,0.01911584312311876,0.9808841568768812
1,0,0.8555615129773324,0.14443848702266754
1,1,0.1423914901927078,0.8576085098072922
0,0,0.9911411983824353,0.008858801617564699
0,1,0.18576734255773186,0.8142326574422681
0,0,0.7872296308000949,0.21277036919990508
0,0,0.9926945347551089,0.007305465244891056
0,0,0.7662195308177873,0.23378046918221276
0,0,0.9356093564183826,0.06439064358161735
0,0,0.773338119901104,0.226661880098896
0,0,0.9915717956403602,0.008428204359639742
0,0,0.7590362469206801,0.24096375307931991
0,0,0.8913593799014307,0.10864062009856931
1,0,0.8502612506776606,0.14973874932233946
0,0,0.8813604050792385,0.1186395949207615
1,0,0.7871590054949055,0.21284099450509453
0,0,0.833548630512402,0.16645136948759792
1,0,0.731001511867341,0.26899848813265903
0,0,0.8116004377044218,0.1883995622955782
1,1,0.16876835668592338,0.8312316433140766
0,0,0.819701532177097,0.18029846782290307
1,1,0.09579405486393522,0.9042059451360648
0,0,0.7368593055072452,0.26314069449275473
1,0,0.6922292852100554,0.30777071478994456
1,0,0.890708667826776,0.10929133217322395
0,0,0.9875419060005017,0.012458093999498274
1,1,0.08267725212238553,0.9173227478776145
0,0,0.8097494647369133,0.1902505352630867
1,1,0.07698216433493221,0.9230178356650678
0,0,0.9845099367522369,0.01549006324776311
1,1,0.15462994921900786,0.8453700507809921
1,1,0.18387780589107217,0.8161221941089278
1,0,0.7524913545726682,0.24750864542733178
0,0,0.8849732434672343,0.11502675653276576
0,0,0.9928146672328172,0.007185332767182859
0,0,0.9846444424899602,0.015355557510039811
1,1,0.018572660190632195,0.9814273398093678
1,1,0.1649948684320106,0.8350051315679894
0,0,0.7571865865852192,0.2428134134147808
1,1,0.02041600486378936,0.9795839951362106
1,1,0.01032998381697281,0.9896700161830272
1,1,0.0067553133271581745,0.9932446866728418
1,1,0.014729802891479515,0.9852701971085205
1,1,0.18919798780572772,0.8108020121942723
0,0,0.8511013444803358,0.1488986555196642
1,1,0.030691652613977882,0.9693083473860221
0,0,0.9883456539970273,0.011654346002972632
0,0,0.7586469300050593,0.24135306999494066
0,0,0.8330940805876752,0.16690591941232485
1,1,0.015599134001929027,0.984400865998071
1,1,0.022987841516735275,0.9770121584832647
1,1,0.13080370253686913,0.8691962974631309
1,0,0.7553678978650831,0.24463210213491687
1,1,0.013176143132724305,0.9868238568672757
1,0,0.8407590820018339,0.1592409179981661
1,1,0.06684076117337001,0.93315923882663
0,0,0.7680634275929124,0.2319365724070876
0,0,0.7073956186953427,0.29260438130465727
0,0,0.823380626352608,0.17661937364739205
0,0,0.9900032723220078,0.009996727677992192
1,1,0.08312219588904701,0.916877804110953
0,0,0.8554103490576421,0.1445896509423579
0,0,0.8751253852429508,0.12487461475704914
1,1,0.030583950268986526,0.9694160497310135
0,0,0.7657777002053398,0.23422229979466022
1,0,0.7442665399126198,0.2557334600873802
0,0,0.990725079441523,0.00927492055847706
1,0,0.8001553515386157,0.19984464846138422
1,1,0.0804971996493059,0.9195028003506941
1,1,0.010896129057293202,0.9891038709427068
1,1,0.18178389424299968,0.8182161057570003
0,1,0.13751132133804267,0.8624886786619573
0,0,0.9898865462223758,0.010113453777624199
1,1,0.20320227111640554,0.7967977288835945
1,1,0.16050112770367098,0.839498872296329
1,1,0.12541524140376525,0.8745847585962347
0,0,0.899012438970346,0.10098756102965396
1,1,0.18404949777398416,0.8159505022260158
0,0,0.6846433943923189,0.31535660560768114
1,1,0.016069044421758827,0.9839309555782412
0,0,0.8669202863267249,0.13307971367327504
1,1,0.17487836905709653,0.8251216309429035
1,1,0.13368785443845832,0.8663121455615417
0,0,0.7461355105462876,0.2538644894537124
0,0,0.9821571394426216,0.01784286055737841
0,0,0.9869981913096824,0.013001808690317692
0,0,0.8454203222053029,0.1545796777946971
0,0,0.8771094148634139,0.12289058513658611
1,1,0.020679803750053738,0.9793201962499463
0,0,0.7959400543876368,0.20405994561236318
0,0,0.8630898883808299,0.13691011161917013
1,1,0.01107723377686387,0.9889227662231361
1,0,0.6262993665981178,0.37370063340188214
1,1,0.12659274246280128,0.8734072575371987
0,0,0.8345819106221382,0.1654180893778618
1,1,0.012954999153963809,0.9870450008460362
0,0,0.7566853359610297,0.2433146640389703
1,1,0.01610214440684421,0.9838978555931558
1,1,0.12075497341929553,0.8792450265807045
0,0,0.7593732819476484,0.24062671805235164
0,0,0.8297752376307064,0.17022476236929365
1,1,0.010383148133938924,0.9896168518660611
1,1,0.1813512400080698,0.8186487599919302
0,1,0.12781700638877724,0.8721829936112228
0,0,0.8166919654844426,0.18330803451555744
1,1,0.018933130571635592,0.9810668694283644
1,0,0.7426287594634364,0.25737124053656363
0,0,0.8627774973053471,0.1372225026946529
0,0,0.7559977209844546,0.2440022790155454
0,0,0.7639424898662922,0.23605751013370777
1,1,0.1866304221798195,0.8133695778201805
1,1,0.15356091068722622,0.8464390893127738
0,1,0.5315923526950054,0.4684076473049946
1,0,0.8527892951890382,0.14721070481096177
0,0,0.8872985963327169,0.11270140366728305
1,1,0.2431689144990199,0.7568310855009801
1,1,0.01192811521768522,0.9880718847823148
1,1,0.006205186343859692,0.9937948136561403
1,0,0.7580404948781463,0.2419595051218537
0,0,0.8340435094562766,0.16595649054372338
1,0,0.8005882104618931,0.19941178953810684
0,0,0.99036958003846,0.009630419961540024
1,1,0.15319936335659146,0.8468006366434085
1,1,0.05795349655717463,0.9420465034428254
1,0,0.7225932356377476,0.27740676436225237
0,0,0.9888226709741,0.011177329025899949
0,0,0.7707387851184975,0.22926121488150253
0,0,0.9842852266370368,0.01571477336296319
0,0,0.9925174285240256,0.007482571475974452
0,0,0.9933606062445877,0.006639393755412345
1,1,0.12208248510633046,0.8779175148936695
0,0,0.8779420534252498,0.12205794657475028
1,1,0.13145471707115397,0.868545282928846
0,0,0.786244721056597,0.21375527894340296
1,1,0.16842091501493084,0.8315790849850692
1,1,0.15231066817633587,0.8476893318236641
0,0,0.9745979309969044,0.02540206900309558
0,0,0.9428101784493653,0.057189821550634685
0,0,0.8517890894372385,0.1482109105627615
0,0,0.8446668655189996,0.15533313448100042
1,1,0.14381600882137668,0.8561839911786233
0,0,0.743405801160511,0.256594198839489
1,0,0.7628072199312615,0.23719278006873842
0,0,0.7869199763816285,0.2130800236183715
1,1,0.18574712881279132,0.8142528711872087
0,0,0.7270410117440824,0.2729589882559176
0,0,0.7579848078881432,0.24201519211185687
0,0,0.9861989643834737,0.013801035616526347
1,1,0.15750651980614905,0.842493480193851
1,1,0.2195246666415378,0.7804753333584622
1,1,0.014575424088313804,0.9854245759116862
0,0,0.7658065423346796,0.2341934576653204
0,0,0.7236343486456067,0.2763656513543933
0,1,0.18345329699212232,0.8165467030078777
1,1,0.11525423963493386,0.8847457603650661
1,1,0.014576587661658147,0.9854234123383419
0,0,0.7418693577482723,0.25813064225172766
1,1,0.14625822908156416,0.8537417709184358
0,0,0.7088056713467157,0.2911943286532843
0,0,0.7519605437135147,0.24803945628648527
0,0,0.8715664433651676,0.12843355663483239
1,0,0.776918725861135,0.223081274138865
0,1,0.13315387810628865,0.8668461218937114
0,0,0.8837002434797402,0.1162997565202598
0,1,0.17408686945756324,0.8259131305424368
1,0,0.7753646456770064,0.22463535432299367
0,0,0.8817457217615873,0.11825427823841275
1,1,0.017253185751175737,0.9827468142488243
0,0,0.9922480010586029,0.0077519989413971264
1,1,0.0068795491604203285,0.9931204508395797
1,1,0.0811030869334971,0.9188969130665029
0,1,0.19062881733953752,0.8093711826604625
0,0,0.9087006850430344,0.0912993149569656
1,1,0.2170587894126511,0.7829412105873489
0,1,0.15061305206729736,0.8493869479327026
1,1,0.16339777844588554,0.8366022215541145
1,1,0.09924896219718504,0.900751037802815
0,1,0.1375548805507738,0.8624451194492262
1,1,0.023055659669526052,0.976944340330474
0,0,0.7837523712450327,0.21624762875496725
0,0,0.8468610039833018,0.1531389960166982
0,0,0.9885598804669785,0.01144011953302153
0,1,0.1804626744591019,0.8195373255408981
0,0,0.7737546177342929,0.22624538226570712
1,1,0.12357603095036929,0.8764239690496307
1,1,0.1432302356762183,0.8567697643237817
0,0,0.7866421415826126,0.21335785841738739
1,0,0.7480291056905548,0.2519708943094452
1,0,0.7692486104224228,0.23075138957757718
0,0,0.9838010340251687,0.016198965974831284
0,0,0.7220989256710153,0.2779010743289847
1,1,0.1599929737400798,0.8400070262599202
1,1,0.1237540584579544,0.8762459415420456
1,1,0.01173041951367293,0.9882695804863271
0,0,0.8529640707072272,0.14703592929277276
0,0,0.734695629595824,0.2653043704041759
0,0,0.922742145500082,0.077257854499918
0,1,0.17616093525679022,0.8238390647432098
0,0,0.8166856320893249,0.1833143679106751
1,1,0.026536213128139474,0.9734637868718605
1,1,0.1887043872155597,0.8112956127844403
1,0,0.7567071317374561,0.24329286826254395
1,1,0.383541791219872,0.616458208780128
0,0,0.8697690099097908,0.13023099009020922
1,1,0.17740893971976157,0.8225910602802384
0,0,0.9887793570285044,0.011220642971495644
0,0,0.8949663140815524,0.10503368591844763
0,0,0.7662606990056824,0.23373930099431764
0,0,0.9906217194794057,0.009378280520594357
0,0,0.8940319767884721,0.10596802321152789
0,0,0.7899297562001966,0.2100702437998035
1,1,0.1469715064065067,0.8530284935934933
0,0,0.861377567404127,0.13862243259587306
1,1,0.12671699855712049,0.8732830014428795
0,0,0.8577355104246651,0.14226448957533483
0,0,0.8254808224785934,0.1745191775214066
1,1,0.15538553937415167,0.8446144606258483
0,0,0.7455426909999434,0.25445730900005653
1,1,0.1491217821483919,0.8508782178516081
0,0,0.823497381534961,0.176502618465039
0,0,0.845703010371571,0.15429698962842903
0,0,0.8393743255710021,0.1606256744289979
1,1,0.01701549528606794,0.9829845047139321
1,0,0.758186067812243,0.24181393218775707
0,0,0.8670310069690078,0.13296899303099216
1,1,0.0340901542958888,0.9659098457041112
1,1,0.02464760330308291,0.9753523966969171
1,1,0.15677662030290995,0.84322337969709
0,0,0.7753242792437303,0.22467572075626968
1,1,0.06873026671112925,0.9312697332888707
0,0,0.7651565987475996,0.23484340125240047
1,1,0.022748566868346587,0.9772514331316534
0,0,0.8342528118926833,0.16574718810731676
1,1,0.20977763815029948,0.7902223618497005
1,1,0.1911537687807049,0.8088462312192951
0,0,0.8327428641504027,0.16725713584959737
1,1,0.16520483394744034,0.8347951660525597
1,1,0.02758223967830442,0.9724177603216956
1,1,0.12870333855877203,0.871296661441228
0,0,0.8564263427366527,0.1435736572633472
0,1,0.14885570396864334,0.8511442960313567
1,1,0.14707569240072194,0.8529243075992781
1,1,0.16709801358899057,0.8329019864110094
0,0,0.8602510452484091,0.1397489547515909
0,0,0.8994793957896943,0.10052060421030573
1,1,0.10347991008648338,0.8965200899135166
0,0,0.9889154350951573,0.011084564904842715
1,0,0.8313787581948713,0.1686212418051287
1,1,0.144289321366475,0.855710678633525
1,1,0.10542154883409094,0.8945784511659091
0,1,0.15188749516460764,0.8481125048353924
0,0,0.8489369414481399,0.15106305855186009
1,0,0.8981481968938771,0.10185180310612289
1,1,0.16332574013488643,0.8366742598651136
1,0,0.907840708424003,0.09215929157599703
1,1,0.10098860120519337,0.8990113987948066
0,0,0.8733281876810838,0.12667181231891622
0,0,0.8029199421684627,0.19708005783153723
0,1,0.1882836864911106,0.8117163135088894
1,1,0.1889759512854341,0.8110240487145659
0,0,0.7687028562185518,0.23129714378144822
0,0,0.8401488530193589,0.15985114698064107
0,0,0.7787697789668772,0.22123022103312281
1,1,0.19454492324974315,0.8054550767502568
0,0,0.8952598427679574,0.10474015723204257
0,0,0.7636617326705782,0.2363382673294218
0,1,0.16152304427769792,0.8384769557223021
0,0,0.7322236376318239,0.2677763623681762
0,0,0.9854499991133633,0.014550000886636678
0,0,0.7773799539327441,0.22262004606725594
1,1,0.008024713408403605,0.9919752865915964
1,1,0.11894258351269382,0.8810574164873062
1,1,0.15756390049063962,0.8424360995093604
0,0,0.9943982031406905,0.0056017968593094795
0,0,0.8434472839819804,0.15655271601801962
0,1,0.1634822619745685,0.8365177380254315
0,0,0.8016187921478675,0.19838120785213256
0,0,0.7363973082864951,0.2636026917135049
0,0,0.8877831169159011,0.11221688308409894
1,1,0.10977521455442474,0.8902247854455753
1,1,0.14766945983147195,0.852330540168528
1,1,0.006785619374699792,0.9932143806253002
0,0,0.8361007173991288,0.16389928260087114
0,0,0.8440402813888477,0.15595971861115235
1,1,0.1503196502750206,0.8496803497249794
1,1,0.02367086121371531,0.9763291387862847
1,1,0.1267790573306763,0.8732209426693237
0,0,0.7618943734365108,0.23810562656348921
1,1,0.013413734682741874,0.9865862653172581
0,0,0.9112644923505938,0.08873550764940616
1,1,0.009475852015398467,0.9905241479846015
0,0,0.8371116394722158,0.16288836052778416
0,1,0.15205708925349615,0.8479429107465039
1,1,0.1343263426695951,0.8656736573304049
0,0,0.7859846870412053,0.21401531295879467
1,1,0.157421137527051,0.842578862472949
1,1,0.13484788132719816,0.8651521186728018
1,1,0.02064929374343183,0.9793507062565682
1,1,0.10899163743547557,0.8910083625645244
1,1,0.025154531240466627,0.9748454687595334
0,0,0.8399750743957982,0.16002492560420176
1,1,0.17792144607996996,0.82207855392003
1,0,0.7632526678206439,0.23674733217935612
1,1,0.0071167486227612375,0.9928832513772388
1,0,0.8372688717135973,0.16273112828640268
1,1,0.1237735542757713,0.8762264457242287
0,0,0.8331643543947467,0.16683564560525332
1,1,0.16428917475568616,0.8357108252443138
0,0,0.7616624684819705,0.23833753151802947
1,1,0.12625502578486825,0.8737449742151318
0,0,0.7944906927460231,0.20550930725397681
1,1,0.18998793496992716,0.8100120650300728
0,0,0.9809841693878012,0.01901583061219882
0,0,0.867705969878401,0.132294030121599
0,0,0.848958290719358,0.15104170928064198
1,1,0.024848384786828603,0.9751516152131714
1,1,0.10459049508529972,0.8954095049147003
1,1,0.18854786799671985,0.8114521320032801
0,0,0.7761084876875112,0.2238915123124888
0,0,0.7879956759646287,0.21200432403537126
0,1,0.13286423897135613,0.8671357610286439
0,0,0.7684712073898262,0.23152879261017376
1,1,0.006541186886734662,0.9934588131132653
0,0,0.7634766844709184,0.2365233155290815
1,1,0.14559335679914664,0.8544066432008534
0,0,0.7805912349466063,0.21940876505339368
0,0,0.9250885933677111,0.07491140663228889
1,1,0.019071944883116032,0.980928055116884
0,0,0.7660607638777176,0.2339392361222824
0,0,0.7929219751073013,0.20707802489269864
1,0,0.8712649517672575,0.12873504823274248
0,0,0.8338747896432803,0.16612521035671973
0,0,0.9101373698170542,0.0898626301829458
1,1,0.016723843812445738,0.9832761561875543
0,0,0.9852801325665321,0.014719867433467907
1,0,0.7408711267445732,0.2591288732554268
1,1,0.48513731957982176,0.5148626804201782
0,0,0.989529468418467,0.010470531581533
0,0,0.7434118860383077,0.25658811396169234
1,0,0.8128773135549654,0.18712268644503466
1,1,0.17377171096297328,0.8262282890370267
1,0,0.7877995933789668,0.21220040662103326
0,0,0.7781467437852692,0.2218532562147309
1,1,0.007028205660066678,0.9929717943399333
1,1,0.1887005930119664,0.8112994069880336
0,0,0.7606200438425497,0.23937995615745028
1,1,0.1161890679420049,0.8838109320579951
0,0,0.983828047116133,0.016171952883866927
0,0,0.7128422696546988,0.2871577303453013
1,1,0.17107467046341396,0.828925329536586
1,1,0.11515197916241848,0.8848480208375815
1,0,0.7792540914758639,0.22074590852413606
0,0,0.8538393894911478,0.1461606105088522
0,0,0.9910706686754326,0.008929331324567405
0,0,0.8120756767300554,0.18792432326994463
1,0,0.8767526215228142,0.12324737847718582
1,1,0.2005841874840606,0.7994158125159394
1,1,0.14144994845556846,0.8585500515444315
0,0,0.7939628382101684,0.20603716178983156
0,0,0.7375565243084807,0.26244347569151927
1,1,0.006905378945018414,0.9930946210549816
0,0,0.8436901690438928,0.15630983095610718
1,1,0.11204592946530811,0.8879540705346919
1,1,0.12747500824018954,0.8725249917598105
1,1,0.159291685343822,0.840708314656178
0,0,0.7943430167117447,0.20565698328825527
1,1,0.17908273846086442,0.8209172615391356
0,0,0.8187066067670172,0.18129339323298274
0,0,0.8611029846976821,0.13889701530231793
0,0,0.7601729711800269,0.23982702881997314
0,0,0.8689690190115892,0.13103098098841084
1,1,0.012042800696723033,0.987957199303277
1,1,0.1673447312434183,0.8326552687565817
0,0,0.9037284990509705,0.09627150094902952
1,1,0.01504887136216937,0.9849511286378306
0,0,0.8627970751735268,0.13720292482647325
1,1,0.11964688766206355,0.8803531123379364
0,0,0.7620087519131746,0.23799124808682537
0,1,0.16293052539531327,0.8370694746046867
0,0,0.9899277097188636,0.010072290281136407
1,1,0.12903631549152605,0.870963684508474
1,1,0.164410122685835,0.835589877314165
0,0,0.7815364889442792,0.2184635110557208
0,0,0.9892467701496777,0.010753229850322397
0,0,0.8394102252460767,0.16058977475392328
0,0,0.8927723682483523,0.10722763175164769
0,0,0.86464053871324,0.13535946128676
0,0,0.9856235777859536,0.014376422214046487
1,1,0.008010319816217026,0.991989680183783
1,1,0.07507477038729649,0.9249252296127035
1,1,0.18128099330926817,0.8187190066907318
1,1,0.17975953168118064,0.8202404683188194
1,1,0.1577394349292105,0.8422605650707895
1,1,0.07186819425021707,0.9281318057497829
0,0,0.768724405854196,0.23127559414580404
1,1,0.19461778832313137,0.8053822116768686
1,1,0.16243000560206633,0.8375699943979337
1,1,0.012084165229923172,0.9879158347700768
0,0,0.8074232014792008,0.1925767985207992
0,0,0.7499431520257078,0.25005684797429223
0,1,0.10371665916466233,0.8962833408353377
1,1,0.02147882459800443,0.9785211754019956
0,0,0.7744676103883026,0.2255323896116974
1,1,0.13279413669282136,0.8672058633071786
0,0,0.7906446437821412,0.20935535621785883
0,0,0.8260785715632051,0.17392142843679498
1,1,0.18405464676024463,0.8159453532397554
0,0,0.7831661591861926,0.2168338408138074
1,1,0.17196477016184897,0.828035229838151
0,0,0.8565629130336416,0.14343708696635843
1,0,0.7521426821757298,0.2478573178242702
0,0,0.8677792045898619,0.13222079541013812
0,0,0.7600174214884975,0.23998257851150248
1,1,0.016697281793158436,0.9833027182068416
1,1,0.1805406335168931,0.8194593664831069
1,1,0.19063385003798272,0.8093661499620173
1,1,0.1447934738375498,0.8552065261624502
1,1,0.1868317144287086,0.8131682855712914
1,1,0.016902146447528632,0.9830978535524714
1,1,0.14106692342317428,0.8589330765768257
1,0,0.7571429868992324,0.2428570131007676
1,1,0.009557537992759157,0.9904424620072408
0,0,0.8481356269327298,0.15186437306727016
1,1,0.1359628891731044,0.8640371108268956
1,1,0.19673772108969456,0.8032622789103054
0,0,0.8192382879414539,0.18076171205854608
1,0,0.7804915360008005,0.2195084639991995
0,0,0.9880064138333847,0.011993586166615302
1,1,0.08653416330908914,0.9134658366909109
0,1,0.1375977282226971,0.8624022717773029
1,1,0.22264814952555878,0.7773518504744412
1,1,0.1829647378994913,0.8170352621005087
1,1,0.009879102562476372,0.9901208974375236
0,0,0.9902205834083423,0.009779416591657682
1,1,0.15237700146542177,0.8476229985345782
0,0,0.8625820395438613,0.1374179604561388
0,0,0.7504239581952458,0.24957604180475426
0,0,0.7691221734194181,0.2308778265805819
1,1,0.14079236141408658,0.8592076385859134
1,1,0.16184759112997127,0.8381524088700287
0,1,0.18647513833992113,0.8135248616600789
0,0,0.9892826075089637,0.010717392491036334
0,0,0.8362823030852362,0.16371769691476382
1,1,0.20731390136204408,0.7926860986379559
0,0,0.8647947874498678,0.13520521255013213
0,0,0.8958914269447416,0.10410857305525847
0,0,0.8203641413995454,0.17963585860045464
1,1,0.1206505921470562,0.8793494078529438
1,1,0.013803932540593866,0.9861960674594061
1,1,0.1258192746519795,0.8741807253480205
1,1,0.13074106681102082,0.8692589331889792
0,0,0.7604664185391918,0.2395335814608081
1,1,0.12911656894648138,0.8708834310535186
0,0,0.8216094531866379,0.1783905468133621
1,1,0.19507945313761998,0.80492054686238
0,1,0.17955905641779435,0.8204409435822057
1,1,0.02683641318562513,0.9731635868143749
0,1,0.2067000276953881,0.7932999723046119
1,1,0.12282001348690919,0.8771799865130908
0,0,0.9836807069223189,0.01631929307768105
1,0,0.750993504105806,0.24900649589419394
0,0,0.9858255433462817,0.014174456653718335
0,0,0.751440130658879,0.24855986934112095
1,1,0.147961874355919,0.852038125644081
1,0,0.8554264134326399,0.14457358656736014
1,1,0.1246031893541798,0.8753968106458202
1,1,0.18335334713962592,0.8166466528603741
0,0,0.8612553936317006,0.1387446063682994
1,1,0.1352601297526863,0.8647398702473137
0,1,0.11365470292215685,0.8863452970778432
1,1,0.12675093929038306,0.8732490607096169
0,0,0.9910246182430392,0.008975381756960785
1,1,0.12944481091012128,0.8705551890898787
0,0,0.9845653553286956,0.015434644671304402
1,0,0.7513982803058799,0.2486017196941201
1,1,0.21251657711954963,0.7874834228804504
1,1,0.17171787421251572,0.8282821257874843
0,0,0.9906056668450154,0.009394333154984641
1,1,0.18504314045073045,0.8149568595492696
0,0,0.8984536689934424,0.10154633100655765
1,1,0.08436279276027114,0.9156372072397289
1,1,0.029569130796728293,0.9704308692032717
1,1,0.0214845697771765,0.9785154302228235
1,1,0.0933496312301405,0.9066503687698595
1,1,0.20074709148345904,0.799252908516541
0,0,0.760044684906908,0.239955315093092
0,0,0.8615546398227634,0.1384453601772367
0,0,0.8580443611276996,0.1419556388723004
1,0,0.7661830932570973,0.2338169067429027
1,1,0.07693130138142268,0.9230686986185773
0,0,0.9705770273903473,0.029422972609652678
0,1,0.15616526363070038,0.8438347363692996
0,0,0.8200633467860745,0.17993665321392546
0,1,0.1735457789075664,0.8264542210924336
1,1,0.12803005644468102,0.871969943555319
1,1,0.20427284959176373,0.7957271504082363
0,0,0.8920178081506106,0.10798219184938937
0,0,0.9917525531322229,0.008247446867777092
1,1,0.24377409430047003,0.75622590569953
1,0,0.8219313751819969,0.17806862481800312
1,1,0.1746420270814807,0.8253579729185193
0,0,0.8387576891765123,0.1612423108234877
0,0,0.9922392614166807,0.007760738583319218
1,1,0.09700085056837571,0.9029991494316243
1,1,0.14577549237672716,0.8542245076232728
0,0,0.7531027396628264,0.2468972603371736
0,1,0.1357160990785119,0.8642839009214881
0,0,0.7671527222197658,0.23284727778023417
1,1,0.15252395952814557,0.8474760404718544
1,1,0.21925702190434904,0.780742978095651
1,0,0.7533226751495465,0.24667732485045343
1,1,0.1703769853010625,0.8296230146989375
0,0,0.8631696136779723,0.13683038632202776
0,0,0.7666645300677994,0.23333546993220056
0,0,0.9930086041247728,0.006991395875227272
0,1,0.1638758280586473,0.8361241719413527
1,1,0.03216574477940837,0.9678342552205916
0,0,0.9930952252795924,0.006904774720407678
0,0,0.7610344718963042,0.2389655281036958
1,1,0.021700396476422967,0.978299603523577
0,1,0.16775893886256077,0.8322410611374392
1,1,0.10488240396449477,0.8951175960355052
1,1,0.10863088651026298,0.891369113489737
1,1,0.15000212600137552,0.8499978739986245
1,0,0.763096392774643,0.23690360722535694
1,1,0.07762416743760359,0.9223758325623964
0,0,0.7350973574994245,0.2649026425005755
0,0,0.8401208895191672,0.15987911048083284
1,1,0.11808806433056862,0.8819119356694314
0,0,0.7492224735920515,0.2507775264079485
0,0,0.8463593398173948,0.1536406601826052
1,0,0.766421572795233,0.233578427204767
0,0,0.791531267460623,0.2084687325393771
0,0,0.9940982772372815,0.005901722762718475
1,1,0.1776361099030972,0.8223638900969028
0,0,0.7026618504999862,0.29733814950001375
0,0,0.761325519568901,0.238674480431099
1,1,0.1617148646646227,0.8382851353353773
0,0,0.7694007914027197,0.23059920859728034
0,0,0.8277323504635844,0.17226764953641563
0,0,0.7330493821908642,0.26695061780913576
1,1,0.13882300247854906,0.8611769975214509
0,0,0.9857128629647709,0.014287137035229124
1,1,0.08228989876653281,0.9177101012334672
0,0,0.915290661168473,0.08470933883152695
1,1,0.08799164737627263,0.9120083526237274
1,1,0.12894106832076158,0.8710589316792384
1,0,0.7488000835710076,0.2511999164289924
1,1,0.1599402865771219,0.8400597134228781
0,0,0.8232354178918352,0.1767645821081648
0,0,0.7289452945883306,0.2710547054116694
1,1,0.006190212425086439,0.9938097875749136
1,1,0.07700632168336485,0.9229936783166351
0,0,0.796980354347142,0.20301964565285804
0,0,0.8808312612241973,0.11916873877580268
1,1,0.1285119030960442,0.8714880969039558
1,1,0.009666230461503278,0.9903337695384967
1,1,0.15767755362983404,0.842322446370166
1,1,0.10635142139375708,0.8936485786062429
0,0,0.8439077882301114,0.15609221176988863
0,0,0.7253246686064074,0.2746753313935925
0,0,0.8423500055776404,0.15764999442235964
0,0,0.7620155987032358,0.23798440129676424
1,1,0.011591602270267787,0.9884083977297322
1,0,0.8642776190612996,0.13572238093870037
1,1,0.22578970533297726,0.7742102946670227
0,1,0.14489749522378004,0.85510250477622
1,1,0.1896473804906852,0.8103526195093148
0,0,0.9599351870915785,0.040064812908421406
1,1,0.016181455022040603,0.9838185449779594
0,0,0.7207437392276367,0.2792562607723633
1,1,0.023104667768401366,0.9768953322315986
0,0,0.8958075721806235,0.1041924278193765
0,0,0.7619776667154237,0.2380223332845764
0,0,0.9042542423482975,0.09574575765170248
1,1,0.1917581692501491,0.8082418307498509
1,1,0.13742174106883887,0.8625782589311611
1,1,0.1547182405275036,0.8452817594724964
1,1,0.17271826273822455,0.8272817372617755
0,0,0.8769968343234957,0.12300316567650423
0,0,0.9217039610921566,0.07829603890784347
1,1,0.09314488832285306,0.9068551116771469
0,0,0.8003839267965771,0.19961607320342287
0,0,0.7538474816995234,0.2461525183004766
0,0,0.9158347959523302,0.08416520404766982
0,0,0.7753192271547313,0.2246807728452687
1,1,0.020976020826775965,0.979023979173224
1,1,0.09398826571955454,0.9060117342804455
0,1,0.09763646625889033,0.9023635337411097
0,0,0.9267794173377435,0.07322058266225649
0,0,0.9934850063757863,0.006514993624213707
1,1,0.1338580319434447,0.8661419680565553
0,0,0.7652194337124264,0.2347805662875736
0,0,0.7444785794869098,0.2555214205130902
0,0,0.8787497470949248,0.12125025290507517
0,0,0.7665678288854225,0.23343217111457745
0,1,0.21306431179777452,0.7869356882022255
1,1,0.019471142110230266,0.9805288578897697
0,1,0.15414394976381196,0.845856050236188
1,1,0.16443232479125292,0.8355676752087471
0,0,0.9909817945877821,0.009018205412217864
1,0,0.7597014559330004,0.24029854406699963
1,1,0.0076518417986222165,0.9923481582013778
1,1,0.02614759517836962,0.9738524048216304
1,0,0.7855723890749049,0.21442761092509505
0,1,0.184639852139577,0.815360147860423
0,0,0.7850804245921261,0.21491957540787388
0,0,0.9909998652175961,0.009000134782403945
0,0,0.8803939620007847,0.11960603799921528
0,0,0.8731503536684213,0.12684964633157875
0,0,0.945307844811226,0.05469215518877406
1,1,0.10864584446727088,0.8913541555327291
0,0,0.7971228109578683,0.20287718904213167
1,1,0.08942948336852552,0.9105705166314745
0,0,0.9659588156054312,0.03404118439456884
0,0,0.7483958361206411,0.25160416387935897
0,0,0.9340007402219019,0.06599925977809808
1,1,0.16512952089180943,0.8348704791081906
0,0,0.8038092138616852,0.1961907861383148
1,1,0.008637044469157251,0.9913629555308427
1,0,0.7719710121499129,0.2280289878500871
1,1,0.21014772301142948,0.7898522769885705
1,0,0.7826591861902452,0.21734081380975476
1,1,0.1760604316244656,0.8239395683755344
0,0,0.8807056370696885,0.1192943629303115
0,0,0.9759651100399982,0.02403488996000185
1,0,0.742734943911342,0.2572650560886581
0,0,0.9942002619097403,0.005799738090259687
0,0,0.8386621291111873,0.16133787088881266
0,0,0.9027239863306101,0.09727601366938984
1,1,0.02669266394212999,0.97330733605787
0,1,0.1765228218695004,0.8234771781304996
1,0,0.8597632286443767,0.14023677135562332
1,1,0.016442414457549903,0.9835575855424501
1,1,0.033128527798733765,0.9668714722012662
0,0,0.9902248827541021,0.009775117245897854
1,1,0.19804953589709628,0.8019504641029037
0,0,0.9868231416844931,0.013176858315506843
1,1,0.0893931686437679,0.9106068313562321
0,0,0.989419876682482,0.010580123317518064
1,1,0.028675206091353656,0.9713247939086463
1,1,0.023402654518550614,0.9765973454814494
1,1,0.18332256428295368,0.8166774357170463
0,0,0.7807452012737776,0.21925479872622247
0,0,0.7348229856427901,0.2651770143572099
1,1,0.16728525751815027,0.8327147424818497
1,0,0.7571898084481858,0.2428101915518141
1,1,0.084551712747304,0.915448287252696
1,1,0.12874965887485124,0.8712503411251488
0,0,0.7634209595994675,0.2365790404005325
0,0,0.7809881938753744,0.21901180612462562
1,1,0.15191051008083756,0.8480894899191624
1,1,0.016715985704949476,0.9832840142950505
1,1,0.011485707084652463,0.9885142929153475
1,1,0.15003824775901398,0.849961752240986
0,0,0.7474328322691117,0.25256716773088833
0,0,0.7739110553595634,0.22608894464043655
1,1,0.11499516501657148,0.8850048349834285
1,1,0.017359432806433706,0.9826405671935663
1,1,0.21761536425267491,0.7823846357473251
1,1,0.15136657771023387,0.8486334222897661
1,1,0.1657783565860178,0.8342216434139822
0,0,0.990350886051737,0.00964911394826293
0,0,0.8788072454643008,0.12119275453569923
0,0,0.9907785823629844,0.009221417637015608
1,1,0.1274258449474216,0.8725741550525784
0,0,0.9920080237955425,0.007991976204457449
0,0,0.9947355188562363,0.0052644811437636855
0,0,0.768287527127826,0.231712472872174
0,0,0.8360218893571261,0.16397811064287396
0,1,0.22861077872649538,0.7713892212735046
0,0,0.7079675961696789,0.29203240383032114
0,0,0.7731461862899922,0.22685381371000782
0,0,0.7660813222963248,0.23391867770367522
1,1,0.16469959337842688,0.8353004066215731
0,0,0.8099221582757588,0.1900778417242412
1,1,0.1814397365637177,0.8185602634362823
1,1,0.1459334851112769,0.8540665148887231
1,1,0.1485383772951011,0.8514616227048989
1,1,0.18939227425910343,0.8106077257408966
0,0,0.756652424771409,0.24334757522859102
1,1,0.2514922170180107,0.7485077829819893
0,0,0.8761448839972971,0.12385511600270295
1,1,0.02098097463481996,0.97901902536518
1,1,0.1572541276743994,0.8427458723256006
0,0,0.9931115075639897,0.006888492436010272
0,0,0.7505923973061762,0.24940760269382375
0,0,0.7603022548937022,0.23969774510629777
0,0,0.8616032081637746,0.13839679183622539
1,1,0.15040768973136054,0.8495923102686395
1,0,0.826390067463814,0.173609932536186
1,1,0.06825016919949867,0.9317498308005013
0,1,0.15658776844023248,0.8434122315597675
0,0,0.8640759367471169,0.13592406325288306
1,0,0.7695377252814434,0.23046227471855663
0,0,0.9870923840605047,0.012907615939495324
0,0,0.7504521871551797,0.24954781284482025
0,0,0.7716633964252626,0.22833660357473737
0,0,0.8521974864070228,0.1478025135929773
0,0,0.9521732755261758,0.04782672447382421
0,0,0.9100177100765386,0.0899822899234614
1,0,0.7457769957191966,0.2542230042808033
1,1,0.17256824847377117,0.8274317515262288
1,1,0.11261759747126165,0.8873824025287383
1,0,0.7781690331006894,0.2218309668993106
1,1,0.02535733704458254,0.9746426629554175
1,1,0.43345135725245443,0.5665486427475456
1,1,0.2324633863566481,0.7675366136433519
1,1,0.01212229368120099,0.987877706318799
0,0,0.9323934601535244,0.06760653984647552
1,1,0.11683625494569494,0.8831637450543051
0,0,0.7567862690934173,0.24321373090658271
1,1,0.14202214741065622,0.8579778525893438
1,0,0.8420887456139414,0.15791125438605863
0,0,0.767551506199091,0.23244849380090898
0,0,0.7864864167687062,0.21351358323129382
0,0,0.8273324972869867,0.17266750271301332
1,1,0.024536203687044345,0.9754637963129557
1,1,0.09389842913572932,0.9061015708642707
0,0,0.8572995242712185,0.14270047572878158
1,0,0.7673476353211377,0.23265236467886233
0,0,0.7711402551613539,0.2288597448386461
1,0,0.8180814244999624,0.1819185755000377
0,0,0.739681296969029,0.26031870303097104
1,1,0.2079081656564652,0.7920918343435348
1,1,0.16295418767498993,0.8370458123250101
0,0,0.7592825055823873,0.24071749441761273
1,0,0.7728064461632999,0.22719355383670015
1,1,0.1194613061609392,0.8805386938390608
0,0,0.8357014287903857,0.16429857120961433
0,0,0.8470587523264224,0.1529412476735776
0,0,0.9920466444415615,0.007953355558438431
1,1,0.013811797504329926,0.9861882024956701
0,0,0.7503718962011284,0.24962810379887154
1,0,0.7703230646543805,0.2296769353456195
1,1,0.17121133085360296,0.828788669146397
0,1,0.16734227754841668,0.8326577224515833
0,0,0.7440286477402421,0.25597135225975787
1,1,0.14596681707229475,0.8540331829277052
0,0,0.9902203696480713,0.009779630351928694
1,0,0.7525159073454146,0.24748409265458535
0,0,0.9922961849238893,0.00770381507611069
0,0,0.7450173634804745,0.25498263651952546
1,1,0.13036481115362253,0.8696351888463775
0,1,0.2004390676826242,0.7995609323173758
0,0,0.9127958665038732,0.08720413349612674
1,1,0.11955333431346216,0.8804466656865378
1,1,0.11661002319748148,0.8833899768025185
0,0,0.7657834920978874,0.23421650790211257
0,1,0.1382084821228261,0.8617915178771739
1,1,0.19278192589250798,0.807218074107492
1,1,0.16812228501382864,0.8318777149861714
0,0,0.7668388743296184,0.23316112567038164
1,1,0.46348408083004544,0.5365159191699546
0,0,0.7484979932845819,0.25150200671541817
1,1,0.009233997507795078,0.9907660024922049
0,0,0.7853260737743504,0.2146739262256496
0,0,0.835311368365247,0.16468863163475303
1,1,0.16798390088682902,0.832016099113171
0,0,0.896633775483176,0.10336622451682398
1,1,0.01901790655104918,0.9809820934489508
0,0,0.7468695961627638,0.2531304038372362
1,0,0.8279895644752822,0.17201043552471781
0,0,0.7592322636588531,0.2407677363411469
1,1,0.02861143573719227,0.9713885642628077
1,1,0.004803087126338812,0.9951969128736612
0,0,0.7565801060007442,0.24341989399925576
0,0,0.861999988139904,0.138000011860096
1,1,0.013439941963061086,0.9865600580369389
1,1,0.14716378176074008,0.8528362182392599
0,0,0.8109304861996096,0.1890695138003904
0,0,0.9945086058252245,0.005491394174775468
0,0,0.750352035255317,0.249647964744683
0,0,0.7782715703912717,0.2217284296087283
0,0,0.7922620643439662,0.20773793565603382
1,1,0.13108441260302783,0.8689155873969722
0,0,0.7382683185514813,0.2617316814485187
0,0,0.9924159690276382,0.007584030972361847
0,0,0.7668080023997088,0.2331919976002912
0,0,0.7475524408280614,0.25244755917193856
0,0,0.7058072898082017,0.2941927101917982
0,0,0.9823614361458132,0.01763856385418685
1,1,0.007521261570538007,0.992478738429462
0,0,0.8553623052615948,0.14463769473840513
0,0,0.8139442704820603,0.1860557295179397
1,1,0.010511847735527824,0.9894881522644722
0,0,0.823127083507249,0.17687291649275108
0,0,0.9821855508522155,0.017814449147784555
0,0,0.8432697879957081,0.1567302120042919
1,1,0.10671350105042599,0.893286498949574
0,0,0.7750425759175695,0.2249574240824305
1,1,0.15062550321014734,0.8493744967898527
0,0,0.7638860957609405,0.23611390423905956
1,1,0.2082035572705666,0.7917964427294334
0,0,0.8289999418316565,0.1710000581683435
1,1,0.17250571827571903,0.827494281724281
1,1,0.017367500112669187,0.9826324998873308
1,1,0.1853083183762967,0.8146916816237033
0,0,0.9881414073020809,0.011858592697919064
0,0,0.7811616880375752,0.21883831196242473
1,1,0.15619556694299264,0.8438044330570074
1,0,0.7674212861996166,0.23257871380038347
1,1,0.077232195787027,0.922767804212973
0,0,0.8317655196110435,0.1682344803889565
0,0,0.9910836384465175,0.008916361553482556
1,0,0.872888207753534,0.12711179224646593
0,1,0.14421760986582333,0.8557823901341767
1,1,0.14498826896694772,0.8550117310330523
1,0,0.7708400522373475,0.22915994776265244
0,0,0.9494804401125942,0.050519559887405786
1,1,0.11348594660825428,0.8865140533917457
1,1,0.007658262290869966,0.99234173770913
1,1,0.10769813334286216,0.8923018666571378
1,1,0.16042148812323453,0.8395785118767655
1,0,0.7043052782910588,0.2956947217089412
1,1,0.10773750116506009,0.8922624988349399
1,0,0.7575101531263398,0.24248984687366018
1,1,0.01591409751321715,0.9840859024867828
0,0,0.9206057752703413,0.07939422472965872
0,0,0.7580401224771401,0.24195987752285988
0,0,0.8937068454890817,0.10629315451091823
1,1,0.08063593611208142,0.9193640638879186
1,1,0.022679066790863067,0.9773209332091369
1,1,0.0196960826823549,0.9803039173176451
0,0,0.8061038126747225,0.19389618732527747
0,0,0.7693511415826049,0.2306488584173952
0,0,0.7473941836507144,0.2526058163492856
0,0,0.9877894909608792,0.012210509039120784
1,0,0.778366279299377,0.22163372070062307
0,0,0.8193091136413693,0.1806908863586307
1,1,0.022098054893857633,0.9779019451061424
1,1,0.005110918530308206,0.9948890814696918
1,1,0.015157956318580412,0.9848420436814196
1,1,0.008007918430485095,0.9919920815695149
0,0,0.8461793421578224,0.1538206578421776
0,0,0.7588043956414863,0.24119560435851378
1,1,0.14300113861147623,0.8569988613885238
0,0,0.7909506135516348,0.20904938644836524
1,1,0.12904415253381696,0.870955847466183
0,0,0.8665961234116349,0.13340387658836503
0,0,0.7698455569248381,0.23015444307516192
0,0,0.7621251832223355,0.23787481677766453
1,1,0.024790358405412327,0.9752096415945877
0,0,0.9908852849198377,0.009114715080162221
1,1,0.16405296454886875,0.8359470354511312
0,0,0.8116581335196914,0.18834186648030862
1,1,0.1471285355773555,0.8528714644226445
1,1,0.1671425727263537,0.8328574272736463
0,1,0.1628457870763208,0.8371542129236792
1,0,0.8031572664429706,0.1968427335570294
1,1,0.11817106628139051,0.8818289337186095
1,1,0.0175398688009748,0.9824601311990252
0,0,0.9677137764767029,0.032286223523297165
0,0,0.7533871685180134,0.24661283148198662
0,0,0.9898386627726347,0.010161337227365288
1,1,0.15701673426116614,0.8429832657388339
1,1,0.1188290099269892,0.8811709900730108
1,1,0.06644660375358202,0.933553396246418
1,1,0.16248468980991337,0.8375153101900866
0,0,0.8504743146568895,0.14952568534311048
1,1,0.05689278632542827,0.9431072136745717
1,1,0.023330000656884065,0.9766699993431159
1,1,0.01394111759602068,0.9860588824039793
0,0,0.9919320963795016,0.008067903620498387
1,1,0.011237855168391375,0.9887621448316086
0,0,0.7461958891260405,0.25380411087395943
0,0,0.901873628863795,0.09812637113620505
0,0,0.9911035024513449,0.008896497548655043
0,0,0.895576987552152,0.10442301244784803
0,0,0.7647343768554505,0.2352656231445495
1,1,0.19240964306446218,0.8075903569355378
1,1,0.01463368222361161,0.9853663177763884
0,0,0.7413327181837326,0.25866728181626747
1,1,0.17283598044919724,0.8271640195508028
1,1,0.08024077089023074,0.9197592291097693
0,0,0.7732088442826505,0.2267911557173495
0,0,0.7658281692931885,0.23417183070681147
0,0,0.8131981741071775,0.18680182589282246
1,0,0.7509924750949349,0.24900752490506506
0,0,0.8993373616882001,0.1006626383117999
1,1,0.02551478913849836,0.9744852108615016
1,1,0.07418877468063723,0.9258112253193628
1,1,0.00659322740112156,0.9934067725988784
0,0,0.9923420232059896,0.0076579767940103925
1,1,0.020121088718466962,0.979878911281533
1,1,0.13815255260713433,0.8618474473928657
0,0,0.9917722180874304,0.00822778191256953
0,0,0.7771804390974433,0.22281956090255672
1,1,0.015916595502382225,0.9840834044976178
1,1,0.019586949314147173,0.9804130506858528
1,0,0.7523773160114209,0.24762268398857917
1,1,0.15245074031885297,0.847549259681147
0,1,0.19153286936941072,0.8084671306305893
1,1,0.11050067521772888,0.8894993247822711
0,1,0.12209500270625895,0.877904997293741
0,0,0.7658786176103424,0.23412138238965766
1,1,0.22468102751849617,0.7753189724815038
1,1,0.147054658246229,0.852945341753771
0,1,0.13676149524006054,0.8632385047599395
0,0,0.7786927375657954,0.22130726243420465
1,1,0.0329776945440442,0.9670223054559558
0,0,0.9880473476625801,0.011952652337419907
1,0,0.7656766063489183,0.2343233936510817
0,0,0.8625323522760738,0.1374676477239262
1,1,0.1967817786503746,0.8032182213496254
0,0,0.7117439991467374,0.2882560008532627
0,0,0.7593005541498091,0.24069944585019087
0,0,0.9891009497319945,0.010899050268005493
1,1,0.19434364621241662,0.8056563537875834
1,1,0.02333862846684842,0.9766613715331516
1,1,0.17180977899313032,0.8281902210068697
0,0,0.9913290941126819,0.008670905887318097
0,0,0.7628304089937815,0.2371695910062185
1,1,0.15714521040757723,0.8428547895924228
1,1,0.17558006945248483,0.8244199305475152
0,1,0.16945376515599486,0.8305462348440051
0,0,0.7671493938017344,0.23285060619826553
0,0,0.735708267761396,0.26429173223860397
0,1,0.21158373656326313,0.7884162634367369
0,0,0.9276350030553284,0.07236499694467155
1,1,0.1395474855883555,0.8604525144116445
1,1,0.014926095063722555,0.9850739049362774
0,0,0.7706208042937247,0.22937919570627527
1,1,0.01603839004209251,0.9839616099579075
1,1,0.1817059080970651,0.8182940919029349
1,1,0.013177822127157568,0.9868221778728424
1,1,0.12869517340935455,0.8713048265906455
0,0,0.9931182901071919,0.006881709892808156
0,0,0.8401764143826862,0.15982358561731377
0,0,0.7936450555584117,0.20635494444158833
1,1,0.12676650393186462,0.8732334960681354
1,0,0.7691136882372216,0.23088631176277846
1,1,0.02355034641621301,0.976449653583787
1,1,0.0094625553116795,0.9905374446883205
1,1,0.17748434077082165,0.8225156592291784
0,0,0.8073136734400712,0.19268632655992882
0,0,0.9902319165272497,0.009768083472750228
0,0,0.9070137858036461,0.0929862141963539
1,0,0.7613175277764351,0.23868247222356487
1,0,0.7495638204959836,0.25043617950401637
1,0,0.7612377895774993,0.23876221042250062
1,1,0.1578273501771379,0.8421726498228621
1,1,0.015269325054179328,0.9847306749458207
1,1,0.03121461807860526,0.9687853819213947
1,1,0.13778465710810117,0.8622153428918988
0,0,0.7585943204409146,0.2414056795590854
0,0,0.7607245318655972,0.23927546813440284
1,0,0.8324005444938964,0.16759945550610353
0,0,0.8621741885823695,0.13782581141763056
0,0,0.8256324141171346,0.17436758588286538
0,0,0.7629966732938823,0.23700332670611765
1,1,0.014455084978770794,0.9855449150212292
0,0,0.7624230570934141,0.237576942906586
0,0,0.9870951984938441,0.012904801506155939
0,0,0.8406540440101311,0.15934595598986886
0,0,0.9920818327618405,0.00791816723815956
0,0,0.8412425200358891,0.15875747996411088
0,0,0.7637175937213556,0.23628240627864444
1,1,0.013143863653617638,0.9868561363463824
1,0,0.7650594640937164,0.23494053590628358
1,1,0.12883492610249592,0.8711650738975041
1,1,0.18646463000505253,0.8135353699949475
1,1,0.034713595764842786,0.9652864042351572
0,0,0.984052213084852,0.015947786915148005
0,0,0.7792549090721982,0.22074509092780178
0,0,0.7542944425896898,0.24570555741031022
1,1,0.1878958964594879,0.8121041035405121
0,0,0.8881936895538627,0.11180631044613736
1,0,0.8525983348558375,0.14740166514416247
1,1,0.17659783397246387,0.8234021660275361
1,1,0.13995554043322334,0.8600444595667767
0,0,0.8427287057719455,0.15727129422805458
1,1,0.007094567756443015,0.992905432243557
1,1,0.16416706461096797,0.835832935389032
1,1,0.16164124795980161,0.8383587520401984
0,0,0.7787398782137374,0.2212601217862626
0,0,0.8829900723184447,0.11700992768155521
0,1,0.18840582592315402,0.811594174076846
0,0,0.8644130199830111,0.13558698001698888
0,0,0.8126593584658297,0.18734064153417027
0,0,0.8722748566275169,0.12772514337248306
0,0,0.781581016796955,0.21841898320304495
0,0,0.851890957013101,0.14810904298689892
0,0,0.7571902562538727,0.2428097437461273
0,0,0.7732082440323649,0.2267917559676351
1,0,0.7489948722798152,0.25100512772018474
1,1,0.15317565293335256,0.8468243470666474
1,1,0.15857246517552104,0.841427534824479
0,0,0.8404019802941212,0.15959801970587878
1,1,0.08773552188623157,0.9122644781137684
0,0,0.7365592334403446,0.2634407665596555
0,0,0.9915301098022351,0.008469890197764878
0,0,0.7502743891809129,0.2497256108190871
1,1,0.01874240367093638,0.9812575963290636
0,0,0.8300086382691769,0.16999136173082313
0,0,0.7635381519552397,0.23646184804476036
0,0,0.8788721579732892,0.12112784202671073
1,1,0.15092802271602146,0.8490719772839785
0,0,0.8645294198405861,0.13547058015941396
0,1,0.0951200339915741,0.9048799660084259
0,0,0.7525146769341735,0.24748532306582652
1,0,0.7556204075253918,0.24437959247460814
1,1,0.006693409845465181,0.9933065901545348
0,0,0.7580431203356043,0.24195687966439572
1,1,0.03263979845397669,0.9673602015460233
0,0,0.7455399543018569,0.25446004569814307
0,0,0.7818826376964481,0.21811736230355194
0,0,0.7132982950070094,0.28670170499299064
0,0,0.8843515552653878,0.11564844473461218
0,1,0.13863621983265018,0.8613637801673498
0,0,0.8081569895474229,0.19184301045257715
0,0,0.7451879545364382,0.2548120454635619
0,0,0.75008194809858,0.24991805190142
1,1,0.1314517820811778,0.8685482179188222
0,0,0.8291732568225266,0.17082674317747334
1,1,0.04218151438571516,0.9578184856142848
0,0,0.9898331282425871,0.010166871757412944
1,1,0.11024455224814156,0.8897554477518584
1,0,0.7759857117250315,0.2240142882749685
0,0,0.7471367134870475,0.2528632865129526
1,1,0.03148261345840142,0.9685173865415986
1,1,0.2055284667193117,0.7944715332806883
1,1,0.13580947260910792,0.8641905273908921
0,0,0.80445234780699,0.19554765219301
0,0,0.9869245903843589,0.013075409615641157
0,0,0.9231300371982994,0.0768699628017006
1,1,0.10686952397159177,0.8931304760284082
0,0,0.9934854103763346,0.006514589623665324
0,0,0.8712070083117383,0.12879299168826178
1,1,0.022653846010225576,0.9773461539897744
1,1,0.015463264727764492,0.9845367352722355
0,0,0.9197767014344891,0.08022329856551097
1,1,0.007161428371204703,0.9928385716287953
1,1,0.14528493730088587,0.8547150626991141
1,1,0.014832149739268274,0.9851678502607317
1,1,0.017783104430856178,0.9822168955691438
0,0,0.7706625061562757,0.2293374938437242
1,1,0.006427788015856972,0.993572211984143
1,1,0.01513938250218616,0.9848606174978138
0,0,0.8691022824039091,0.13089771759609095
1,1,0.09479290634955306,0.9052070936504469
0,0,0.8526695432549756,0.14733045674502443
1,1,0.06971280690801229,0.9302871930919877
1,0,0.8618442135575446,0.13815578644245538
0,0,0.9905291251702676,0.009470874829732372
0,0,0.8603609769334942,0.13963902306650577
1,1,0.12234305599342843,0.8776569440065716
1,1,0.061569010596269846,0.9384309894037302
0,0,0.8723007152023095,0.12769928479769052
1,1,0.15302080132567897,0.846979198674321
1,1,0.008894499342980033,0.99110550065702
0,0,0.7644770853770055,0.23552291462299452
1,1,0.19199305362590535,0.8080069463740946
1,0,0.7400161389568365,0.2599838610431635
1,1,0.15116618569887508,0.8488338143011249
1,1,0.013382778866374956,0.986617221133625
0,1,0.1606830829407857,0.8393169170592143
1,1,0.1141111830516448,0.8858888169483552
1,0,0.8261936630438192,0.17380633695618075
0,0,0.7671893844848714,0.23281061551512863
0,0,0.7774012459033167,0.2225987540966833
1,1,0.19126909123009672,0.8087309087699033
0,1,0.13572624740988726,0.8642737525901127
0,0,0.9199883453757541,0.08001165462424584
1,1,0.17517026170737116,0.8248297382926288
0,0,0.734430729519351,0.26556927048064904
1,1,0.016689576391483385,0.9833104236085166
1,1,0.2035816112515676,0.7964183887484324
1,1,0.16695409003867678,0.8330459099613232
0,0,0.9895575079063443,0.010442492093655617
0,0,0.8823852434766888,0.11761475652331124
0,1,0.1507376135030839,0.8492623864969161
0,0,0.7517607820820476,0.2482392179179525
1,0,0.7604394553845255,0.23956054461547444
0,0,0.990586568620086,0.009413431379914003
1,1,0.17089656847581125,0.8291034315241887
0,0,0.9661778546784311,0.03382214532156896
1,1,0.007644525762855792,0.9923554742371442
0,0,0.7667441095811217,0.23325589041887826
1,1,0.19401189926541507,0.8059881007345849
1,1,0.17286660233281925,0.8271333976671807
0,0,0.9942858699383758,0.005714130061624239
0,0,0.8864775535393471,0.11352244646065292
1,1,0.2527829873939966,0.7472170126060034
1,1,0.1594538054662401,0.8405461945337599
0,0,0.8462870983126198,0.15371290168738017
0,0,0.83725674678248,0.16274325321752006
1,0,0.7866450304275565,0.21335496957244351
0,0,0.8474332442428122,0.1525667557571878
1,1,0.13560588132475848,0.8643941186752415
1,1,0.13071553144978776,0.8692844685502122
1,1,0.15147644608186184,0.8485235539181382
1,1,0.17713517368149745,0.8228648263185026
0,1,0.16162883824545304,0.838371161754547
0,0,0.7763160585547644,0.22368394144523568
0,0,0.9251491142821899,0.0748508857178101
1,1,0.10329463417964302,0.896705365820357
0,0,0.8905331085819571,0.10946689141804289
0,0,0.9882076431918998,0.01179235680810023
1,1,0.015112225964519665,0.9848877740354803
0,0,0.7645821036112381,0.23541789638876187
0,0,0.9924699740255205,0.007530025974479459
0,0,0.7558653245960136,0.24413467540398637
1,1,0.012297853562353245,0.9877021464376468
0,0,0.7467938675133182,0.2532061324866818
1,0,0.763993754627624,0.23600624537237605
1,1,0.006389619450483108,0.9936103805495169
1,0,0.554905363957364,0.44509463604263605
0,0,0.8605560231391787,0.13944397686082136
1,1,0.15319447769976746,0.8468055223002325
0,0,0.9653331249506906,0.03466687504930945
1,1,0.13199855963966567,0.8680014403603343
0,0,0.7580071863150655,0.2419928136849345
0,0,0.7921764563048929,0.20782354369510717
0,0,0.9186446157290723,0.08135538427092769
1,1,0.0801480976871981,0.9198519023128019
0,0,0.82870802253032,0.17129197746967995
0,0,0.9916723966755174,0.008327603324482602
0,0,0.9834625324832316,0.016537467516768378
0,0,0.7673635883069442,0.23263641169305582
0,0,0.7678040509358257,0.23219594906417435
0,0,0.7426889725002808,0.2573110274997193
0,0,0.7618302187225479,0.23816978127745214
1,1,0.023682223876278052,0.976317776123722
1,0,0.7913035664436094,0.20869643355639056
0,0,0.7393032689793737,0.26069673102062624
0,0,0.9891028076234061,0.010897192376593945
1,1,0.10052003409496857,0.8994799659050314
1,1,0.022602117852052683,0.9773978821479473
1,0,0.7189323295617209,0.28106767043827907
1,1,0.15640078919456624,0.8435992108054338
0,0,0.8352390695503276,0.16476093044967238
1,0,0.7807734727863795,0.21922652721362043
0,0,0.9901280906375912,0.009871909362408806
1,1,0.16291455908103314,0.8370854409189669
0,0,0.7526126908169635,0.24738730918303647
0,0,0.8615181511943784,0.13848184880562162
1,1,0.18904569139015825,0.8109543086098417
1,1,0.013144843244104365,0.9868551567558956
1,1,0.13147493985295688,0.8685250601470431
1,0,0.7469506732251944,0.2530493267748056
1,1,0.20935245854976736,0.7906475414502326
0,0,0.854804059109207,0.145195940890793
0,0,0.7098365819676354,0.29016341803236456
0,0,0.7566007260439764,0.2433992739560235
1,1,0.09207102942988332,0.9079289705701167
0,1,0.1947571573624607,0.8052428426375393
1,1,0.07700981617354541,0.9229901838264546
1,1,0.01083941779162445,0.9891605822083755
0,0,0.7592040640818379,0.2407959359181621
0,0,0.9210921256873105,0.07890787431268957
1,1,0.240479852009315,0.759520147990685
1,1,0.14302375256992983,0.8569762474300702
0,0,0.7579042330627247,0.24209576693727533
1,1,0.16384250278831158,0.8361574972116884
0,0,0.9846927275390849,0.015307272460915091
0,0,0.7513261267317355,0.24867387326826457
0,0,0.7440567167024406,0.2559432832975595
1,1,0.15145967928732795,0.848540320712672
0,0,0.7542210395696457,0.24577896043035427
1,1,0.13897308748056714,0.8610269125194329
0,0,0.7375082703020088,0.26249172969799117
1,1,0.020983324668732983,0.979016675331267
1,0,0.7573264171566966,0.24267358284330343
1,1,0.11977778776876558,0.8802222122312344
1,1,0.15482735694455396,0.845172643055446
1,1,0.10547220205829788,0.8945277979417021
0,0,0.9900034913509007,0.009996508649099265
0,0,0.8565385439220603,0.14346145607793964
0,0,0.7856278737289858,0.21437212627101424
0,1,0.012421857543227666,0.9875781424567723
0,0,0.9885253752296282,0.011474624770371776
0,0,0.8515228639617807,0.14847713603821933
0,0,0.7365537696859439,0.26344623031405606
0,0,0.7575800117928109,0.2424199882071891
1,1,0.1595008959551879,0.8404991040448121
0,1,0.1335229596265043,0.8664770403734957
0,0,0.7634919422680008,0.23650805773199923
0,0,0.9934690416550674,0.006530958344932596
0,0,0.7734742953181198,0.22652570468188013
1,1,0.207206448462244,0.792793551537756
0,0,0.850369995034299,0.14963000496570097
1,1,0.17836785565006952,0.8216321443499305
0,0,0.7883534917611239,0.21164650823887607
0,0,0.8477172965827273,0.15228270341727265
1,1,0.021248270676743175,0.9787517293232568
1,1,0.10903405622592677,0.8909659437740732
1,1,0.11932663605608429,0.8806733639439157
0,0,0.8768768292436904,0.12312317075630964
1,1,0.18106976018920462,0.8189302398107954
1,1,0.15452041703947494,0.8454795829605251
0,0,0.8574318664709243,0.14256813352907574
0,0,0.9895648553014313,0.010435144698568648
1,0,0.7722230764180595,0.2277769235819404
1,1,0.1448701194400227,0.8551298805599773
1,1,0.11593794939272317,0.8840620506072768
1,1,0.09401376002511053,0.9059862399748895
1,1,0.1267400777684724,0.8732599222315276
0,0,0.9467044830729707,0.05329551692702929
1,1,0.18394755855022416,0.8160524414497758
1,1,0.012010895308178116,0.9879891046918219
1,1,0.011654052663785608,0.9883459473362144
0,1,0.1627428330922328,0.8372571669077672
0,0,0.5891625105392594,0.4108374894607406
0,0,0.8561145195556036,0.14388548044439642
1,1,0.02105015982046321,0.9789498401795368
1,1,0.003792121373376256,0.9962078786266237
0,0,0.9010312378986226,0.09896876210137744
1,0,0.7975488909122028,0.20245110908779723
1,1,0.012361892792675633,0.9876381072073244
0,0,0.9832499809290849,0.01675001907091507
1,0,0.7580361428398603,0.24196385716013966
0,0,0.8711946839311192,0.1288053160688808
0,0,0.8390975520069878,0.16090244799301226
0,0,0.752772317178182,0.24722768282181792
0,0,0.7941024636063135,0.20589753639368646
0,0,0.8335718737835414,0.16642812621645858
1,1,0.01801753791942784,0.9819824620805722
1,1,0.10193637424179369,0.8980636257582063
0,0,0.8196069272730336,0.18039307272696634
0,0,0.7480396125313534,0.2519603874686466
0,0,0.750973812421032,0.24902618757896797
0,0,0.8664636011863711,0.1335363988136289
0,0,0.8162092231676662,0.1837907768323338
1,1,0.12303080705685154,0.8769691929431485
1,0,0.7614053482625207,0.23859465173747935
0,0,0.9897009566466183,0.010299043353381708
0,0,0.8044471398160635,0.19555286018393647
1,1,0.016706444088566696,0.9832935559114333
1,0,0.7663682956778128,0.2336317043221872
0,1,0.09383241930157049,0.9061675806984295
0,0,0.7218262058610242,0.2781737941389758
1,0,0.8550409241185797,0.14495907588142032
0,0,0.8023838035517192,0.19761619644828082
1,1,0.0064364398918315135,0.9935635601081685
0,0,0.7566995541533903,0.24330044584660965
0,0,0.7769630371237914,0.2230369628762086
1,1,0.18212131624214578,0.8178786837578542
1,1,0.016104909472384632,0.9838950905276154
0,0,0.8438513570486441,0.15614864295135583
0,0,0.7827025727550179,0.2172974272449822
1,1,0.11866114178215581,0.8813388582178442
1,1,0.19464010921788122,0.8053598907821188
0,0,0.9362622563304116,0.06373774366958837
0,0,0.9891075211359582,0.01089247886404181
1,1,0.18863020497859773,0.8113697950214023
1,1,0.030020176020634337,0.9699798239793657
1,1,0.1403723217074755,0.8596276782925245
0,0,0.958423768273159,0.04157623172684102
0,0,0.8522287957861076,0.14777120421389242
1,1,0.18237580151206534,0.8176241984879347
1,1,0.016710405422008967,0.983289594577991
0,0,0.7334495379740111,0.26655046202598887
0,0,0.8617470847359212,0.13825291526407874
1,1,0.15330812876600264,0.8466918712339974
1,1,0.13400274054445427,0.8659972594555457
0,0,0.8604643837150424,0.13953561628495756
1,1,0.02355723439707491,0.9764427656029251
0,0,0.760910782650525,0.23908921734947503
1,1,0.03081950315558879,0.9691804968444112
1,1,0.1480868199288785,0.8519131800711215
1,1,0.0894626639152939,0.9105373360847061
1,0,0.7864795635498194,0.21352043645018054
0,0,0.9881489027188608,0.011851097281139245
0,0,0.7401374551749524,0.2598625448250476
0,0,0.7621842550051582,0.23781574499484182
0,0,0.721373216546238,0.278626783453762
0,0,0.7652741978570865,0.23472580214291344
0,0,0.769781423046851,0.23021857695314896
0,0,0.9009564198056391,0.0990435801943609
0,0,0.7700696314893902,0.22993036851060972
1,1,0.024359992186303137,0.9756400078136969
1,1,0.17394040152765466,0.8260595984723453
0,0,0.7523478382538715,0.24765216174612847
0,0,0.9921660461149842,0.00783395388501581
1,1,0.007933263827651138,0.9920667361723489
0,0,0.9913488358575917,0.008651164142408314
0,0,0.8984745445120349,0.10152545548796507
1,1,0.12234386478040915,0.8776561352195908
0,1,0.09962829117739402,0.900371708822606
0,0,0.7941697124718929,0.20583028752810711
0,0,0.8662377105663999,0.13376228943360008
0,1,0.14999517970110499,0.850004820298895
1,1,0.004810894912389951,0.99518910508761
1,1,0.1730509736608079,0.8269490263391921
0,0,0.7526184113316631,0.24738158866833693
1,1,0.009900597018522528,0.9900994029814775
0,0,0.8882108532674337,0.11178914673256637
0,0,0.8850774883515868,0.11492251164841315
0,0,0.8472051386173519,0.15279486138264808
0,0,0.8916020152969429,0.10839798470305707
0,0,0.7426911346212441,0.2573088653787559
0,0,0.7696384268229877,0.2303615731770123
0,0,0.9908639052304873,0.00913609476951276
0,1,0.08703516492652363,0.9129648350734764
1,1,0.021441731819395238,0.9785582681806048
1,1,0.34665538942427854,0.6533446105757215
0,0,0.7928062733658409,0.20719372663415916
1,1,0.16513165234626692,0.8348683476537331
0,0,0.8862324970414556,0.11376750295854442
0,0,0.9433104350210526,0.056689564978947386
0,0,0.8686520487336611,0.1313479512663389
1,1,0.03288346733052849,0.9671165326694715
1,0,0.7503374227206568,0.24966257727934316
1,1,0.1844483910317426,0.8155516089682574
0,0,0.7950145200113767,0.20498547998862326
0,0,0.8961334774819881,0.10386652251801191
1,1,0.15713652067366668,0.8428634793263333
1,0,0.6940521204710408,0.30594787952895924
1,1,0.006800762810009298,0.9931992371899907
0,0,0.786195215004764,0.21380478499523597
0,0,0.9076244773340609,0.09237552266593907
0,0,0.7377240720618405,0.2622759279381595
0,0,0.9927915281125801,0.007208471887419882
0,0,0.9922351846654751,0.007764815334524839
0,0,0.7049901494682533,0.2950098505317466
1,1,0.1345795781789062,0.8654204218210938
1,1,0.10130425550594402,0.898695744494056
0,0,0.9881854807382628,0.0118145192617372
0,0,0.7771606028460429,0.22283939715395704
0,0,0.90519927084864,0.09480072915135997
1,1,0.01723748087212651,0.9827625191278735
1,1,0.011924358208176722,0.9880756417918233
0,0,0.8508453143085616,0.1491546856914384
1,0,0.7756556539239179,0.22434434607608206
1,1,0.1883753705084622,0.8116246294915378
1,0,0.8655816612971079,0.13441833870289208
1,1,0.181912470630473,0.818087529369527
1,1,0.1076307948363967,0.8923692051636033
0,0,0.8737581967391803,0.12624180326081968
0,0,0.9890897628448404,0.01091023715515955
0,0,0.8416245166479585,0.15837548335204155
0,0,0.7676132203821954,0.2323867796178046
1,1,0.12503395361635272,0.8749660463836473
0,0,0.8898711445313179,0.11012885546868216
0,0,0.9198837662286264,0.08011623377137352
1,1,0.14679117524361562,0.8532088247563844
1,1,0.1495166591192888,0.8504833408807112
1,1,0.126255958450895,0.873744041549105
0,0,0.7664703530292165,0.23352964697078343
1,1,0.07275817144544516,0.9272418285545548
1,0,0.7736304205698562,0.22636957943014377
0,0,0.7863255490450998,0.21367445095490017
1,1,0.01095414898068059,0.9890458510193194
0,0,0.8522880622625292,0.1477119377374708
1,1,0.021738195318098175,0.9782618046819018
1,0,0.7451238863795697,0.2548761136204302
1,1,0.13521166282826513,0.8647883371717349
0,0,0.9907380393953835,0.009261960604616473
1,1,0.0068097020590218715,0.9931902979409781
1,1,0.01002573008675256,0.9899742699132474
1,1,0.0339510439082249,0.9660489560917751
0,0,0.9897255183640934,0.010274481635906559
1,1,0.1592308171741741,0.8407691828258259
1,1,0.09714686747672707,0.9028531325232729
1,1,0.02726200965853065,0.9727379903414693
1,0,0.7765055627778887,0.22349443722211132
0,0,0.7966922877537028,0.2033077122462972
0,0,0.9205897411595723,0.07941025884042768
0,0,0.8715998531775198,0.12840014682248024
0,0,0.7571346037593812,0.24286539624061879
0,0,0.8463280918877822,0.15367190811221773
1,1,0.023541426745238292,0.9764585732547617
1,1,0.1289761131941245,0.8710238868058755
0,0,0.7726710276816033,0.22732897231839663
1,1,0.2604069945314009,0.7395930054685991
0,0,0.8441634447515038,0.15583655524849618
1,1,0.027896068725751677,0.9721039312742483
1,1,0.13956133024351924,0.8604386697564808
0,0,0.9888399932686689,0.011160006731331126
0,0,0.8016100010427708,0.19838999895722917
0,0,0.7546976864162953,0.24530231358370463
1,1,0.11319690575149,0.88680309424851
1,1,0.007388983301430674,0.9926110166985693
1,1,0.1218807601077484,0.8781192398922516
0,0,0.8431512617476508,0.15684873825234924
1,1,0.13467145949286574,0.8653285405071343
1,1,0.1876574598678019,0.8123425401321981
1,1,0.2225032981122015,0.7774967018877985
0,0,0.7851227880469239,0.21487721195307607
1,1,0.017508582304439635,0.9824914176955604
0,0,0.7677478287627659,0.23225217123723402
0,0,0.7482635538152531,0.2517364461847469
0,0,0.7857593359555141,0.2142406640444859
0,0,0.9872336622244958,0.012766337775504162
0,0,0.9885065511455898,0.011493448854410159
1,1,0.007326692315384964,0.992673307684615
1,0,0.7641570369438422,0.23584296305615782
1,1,0.03061136397770403,0.969388636022296
1,0,0.8030725272982251,0.19692747270177496
1,1,0.11507578008158736,0.8849242199184126
1,1,0.019289142456343056,0.9807108575436569
0,0,0.9938736573415474,0.006126342658452593
0,0,0.8110158364150369,0.18898416358496303
0,0,0.9896383893715278,0.010361610628472238
0,0,0.7670756346790444,0.23292436532095565
0,0,0.8744915944071918,0.12550840559280824
0,0,0.7675196599649676,0.23248034003503232
1,0,0.8752755229601438,0.12472447703985623
1,0,0.8678049100654394,0.1321950899345606
1,1,0.020809886348521656,0.9791901136514783
0,0,0.7517557719491735,0.2482442280508265
1,1,0.14557636142566177,0.8544236385743382
0,0,0.9033364730720368,0.09666352692796318
0,0,0.8111746442396002,0.18882535576039988
1,1,0.16800559028775985,0.8319944097122401
1,0,0.7414215290938477,0.2585784709061523
1,1,0.06711637225994627,0.9328836277400537
1,1,0.10829195541610281,0.8917080445838972
1,1,0.043982231713643904,0.9560177682863561
1,1,0.12901941868649858,0.8709805813135014
0,0,0.9917952096516656,0.008204790348334438
1,1,0.11566008178232245,0.8843399182176775
1,1,0.0055832276532247205,0.9944167723467753
1,0,0.8394918870957936,0.16050811290420638
1,1,0.10936842716244921,0.8906315728375508
0,0,0.8557095273267625,0.14429047267323752
0,0,0.8680618527343722,0.1319381472656278
1,1,0.1771126194350503,0.8228873805649497
0,0,0.7346196575237558,0.2653803424762442
1,1,0.024047342836458374,0.9759526571635416
1,1,0.012908441796240289,0.9870915582037597
1,1,0.14623944452523086,0.8537605554747691
1,1,0.09015210892386871,0.9098478910761313
0,0,0.7886571568302162,0.2113428431697838
1,0,0.7615202023024547,0.23847979769754538
1,1,0.11349358645592256,0.8865064135440774
1,1,0.13262398125993535,0.8673760187400646
0,0,0.8909262520420353,0.10907374795796465
1,1,0.41097838674553544,0.5890216132544646
1,1,0.14809423111793807,0.8519057688820619
0,0,0.9928148635036032,0.007185136496396794
1,1,0.033747331597253516,0.9662526684027465
0,1,0.13081694787473674,0.8691830521252633
0,0,0.7695900880534043,0.2304099119465957
0,0,0.8395760175480513,0.16042398245194872
0,0,0.8758454142933391,0.1241545857066609
0,0,0.7817667291575369,0.21823327084246313
1,1,0.11085306708064047,0.8891469329193595
0,0,0.769795475392481,0.23020452460751895
0,0,0.7578966745843907,0.24210332541560936
1,1,0.018620538967857425,0.9813794610321426
1,1,0.17550039829407427,0.8244996017059257
0,0,0.7670901891732766,0.2329098108267233
0,0,0.9208816982858714,0.07911830171412855
0,1,0.4614334602850705,0.5385665397149295
1,1,0.1739408331296879,0.8260591668703121
1,0,0.7753531846752795,0.2246468153247205
1,0,0.8286584190097693,0.17134158099023064
1,0,0.766859778927776,0.23314022107222399
1,0,0.8364903763426169,0.1635096236573831
0,0,0.7668085786288203,0.2331914213711796
0,0,0.8834775247765718,0.11652247522342822
0,0,0.8618715037541691,0.1381284962458309
1,1,0.01952939052440006,0.9804706094755999
0,0,0.8494492370547232,0.1505507629452768
1,0,0.7685199721173117,0.23148002788268832
0,0,0.9878460957742706,0.01215390422572936
1,1,0.2408238922970285,0.7591761077029715
1,1,0.21393790941466173,0.7860620905853383
1,0,0.770348888126539,0.229651111873461
1,1,0.15690474205674654,0.8430952579432535
1,1,0.02273375444217396,0.977266245557826
1,1,0.014778808632353035,0.985221191367647
0,0,0.7436775058754881,0.25632249412451186
0,0,0.7579761195565174,0.24202388044348253
0,0,0.7576085023079213,0.2423914976920787
1,1,0.17937406739074901,0.820625932609251
1,1,0.2034160199971441,0.7965839800028559
1,1,0.11871125643165692,0.8812887435683431
1,1,0.16645821427931728,0.8335417857206827
0,0,0.795092955940105,0.204907044059895
1,1,0.1265196362669082,0.8734803637330918
0,0,0.7966854972132766,0.20331450278672336
0,0,0.7664230874104978,0.23357691258950214
1,1,0.07382619091079412,0.9261738090892059
0,1,0.14283907061304724,0.8571609293869528
1,1,0.2074620397179887,0.7925379602820113
0,1,0.1635784518788661,0.8364215481211339
0,0,0.7487358600010781,0.25126413999892194
1,1,0.21563451811561218,0.7843654818843878
1,1,0.017954055936904578,0.9820459440630954
1,1,0.10367608241590798,0.896323917584092
1,1,0.19826063419485584,0.8017393658051442
0,0,0.7968304643660419,0.20316953563395815
1,1,0.20056483647379242,0.7994351635262076
1,1,0.02321702044776419,0.9767829795522358
0,0,0.7416008205541802,0.25839917944581986
0,1,0.3701991306668483,0.6298008693331517
1,1,0.017913664197200307,0.9820863358027997
1,0,0.8110277218281069,0.18897227817189313
1,1,0.15955519888347536,0.8404448011165246
0,0,0.9783150432019521,0.021684956798047994
1,0,0.7685440111625541,0.23145598883744584
0,0,0.9792329675511865,0.020767032448813533
1,0,0.7661278806046896,0.23387211939531036
1,1,0.15225321001769965,0.8477467899823004
0,1,0.20741827929203527,0.7925817207079647
0,1,0.16968298923700675,0.8303170107629932
1,1,0.12586805909171817,0.8741319409082818
0,0,0.9096229379978253,0.09037706200217464
1,0,0.7449712847197607,0.25502871528023924
1,1,0.1267526705921609,0.8732473294078391
0,0,0.7198298098561051,0.2801701901438949
1,0,0.812750828334591,0.18724917166540897
1,1,0.014793426103648977,0.985206573896351
0,0,0.7649276197288881,0.23507238027111182
1,1,0.024784092466053176,0.9752159075339468
1,0,0.7469819765133012,0.2530180234866988
0,0,0.9267333239563474,0.07326667604365257
1,1,0.1278324116519387,0.8721675883480613
1,1,0.12587440835325958,0.8741255916467404
1,1,0.015073787480485157,0.9849262125195148
1,1,0.15455336624213356,0.8454466337578664
1,1,0.017873569383340393,0.9821264306166596
0,0,0.9868577387515778,0.013142261248422169
0,0,0.7563927075409341,0.24360729245906584
1,1,0.11315052328093356,0.8868494767190664
1,1,0.012621845578382973,0.987378154421617
1,1,0.18551749197361056,0.8144825080263894
0,0,0.9917852164985541,0.008214783501445853
1,1,0.006816317279973005,0.993183682720027
0,0,0.7524982686491375,0.24750173135086248
1,1,0.17880364862304543,0.8211963513769546
0,0,0.9879286238274235,0.01207137617257646
1,0,0.7636010238928993,0.23639897610710073
0,0,0.741173561825192,0.25882643817480805
1,0,0.813080917919247,0.18691908208075306
1,1,0.031882822530533095,0.9681171774694669
1,1,0.017132907409071474,0.9828670925909285
1,1,0.12218896670147195,0.877811033298528
1,0,0.7530494429710285,0.24695055702897148
1,1,0.16745309230468886,0.8325469076953111
0,0,0.843555186651548,0.15644481334845198
0,0,0.7714687403264833,0.2285312596735167
0,0,0.7591453279701228,0.24085467202987726
1,1,0.023802854621403857,0.9761971453785961
0,0,0.8991102918143931,0.1008897081856069
1,1,0.013875420638950975,0.986124579361049
0,0,0.8327354074757441,0.16726459252425588
1,1,0.1300025449598612,0.8699974550401388
1,1,0.07589710548975237,0.9241028945102476
1,1,0.1380856772680633,0.8619143227319367
1,0,0.8567836509642663,0.1432163490357337
0,0,0.5902345503848727,0.40976544961512723
0,0,0.9884489882535892,0.011551011746410782
0,0,0.7273612976467728,0.2726387023532272
0,0,0.7707658365236522,0.22923416347634784
0,0,0.7869632782790634,0.21303672172093654
0,0,0.7595349455772075,0.24046505442279256
1,1,0.12430839539526684,0.8756916046047332
0,0,0.9002821056325978,0.0997178943674022
0,0,0.7550352800130428,0.2449647199869572
1,1,0.13178211981969823,0.8682178801803018
1,1,0.16110992256980583,0.8388900774301942
0,0,0.8288157883620997,0.1711842116379003
0,0,0.8613107256512877,0.1386892743487122
1,1,0.005856681408084152,0.9941433185919158
1,1,0.17143171127013557,0.8285682887298644
1,1,0.02246077521505241,0.9775392247849476
1,1,0.10746636913195495,0.892533630868045
1,1,0.14449637654382808,0.8555036234561719
0,0,0.9929436350971101,0.007056364902889809
1,1,0.17714345585238545,0.8228565441476146
0,0,0.7809901717832785,0.21900982821672152
1,1,0.2146671475272639,0.7853328524727361
1,1,0.010551499455184965,0.989448500544815
0,0,0.7399448013047244,0.2600551986952756
1,0,0.7397251560462001,0.2602748439537999
1,1,0.014477055297477337,0.9855229447025227
0,0,0.8456052136467859,0.1543947863532141
0,0,0.9901065976892632,0.009893402310736713
0,1,0.16552602737054323,0.8344739726294568
0,0,0.8198858724335907,0.18011412756640927
0,0,0.9946265302050861,0.005373469794913984
1,1,0.011834710370859813,0.9881652896291402
0,0,0.8429419802993054,0.15705801970069458
0,0,0.9552056193647382,0.04479438063526177
0,0,0.844950908939531,0.15504909106046905
0,0,0.8574356189350654,0.14256438106493466
0,0,0.8962040602738446,0.10379593972615542
1,0,0.793686722092342,0.20631327790765794
1,1,0.07524046684231633,0.9247595331576837
0,0,0.7434260811973848,0.25657391880261515
0,0,0.7587475218955425,0.24125247810445752
0,0,0.8647985069601296,0.13520149303987036
1,1,0.16691674049752236,0.8330832595024776
0,0,0.8329317727685249,0.1670682272314751
0,0,0.9007783383286883,0.09922166167131172
1,1,0.022928974317039996,0.97707102568296
0,0,0.7464901214741269,0.2535098785258731
1,1,0.21992269447584423,0.7800773055241558
1,1,0.1947396815873499,0.8052603184126501
0,0,0.7709667469761494,0.2290332530238506
0,0,0.7673943612622989,0.23260563873770107
0,1,0.13950652526148333,0.8604934747385167
1,1,0.1285413278530404,0.8714586721469596
0,0,0.85459810125503,0.14540189874497
0,0,0.7721004096756691,0.2278995903243309
0,0,0.9922501757486709,0.0077498242513290416
1,1,0.07591928950276805,0.924080710497232
0,0,0.7921999703685902,0.20780002963140978
0,1,0.4349891148324678,0.5650108851675322
1,1,0.11183806634021032,0.8881619336597897
0,0,0.7941087155728428,0.2058912844271572
0,0,0.8778577186300447,0.12214228136995534
1,1,0.12131996523785493,0.8786800347621451
1,0,0.7620004317069461,0.23799956829305394
0,0,0.7673275781499239,0.23267242185007606
0,0,0.8319895136975041,0.1680104863024959
1,1,0.18086666534246032,0.8191333346575397
0,0,0.8423787504691223,0.1576212495308778
0,0,0.8583333654321397,0.14166663456786038
0,0,0.884324117762805,0.11567588223719504
0,0,0.8517126478946647,0.14828735210533525
0,0,0.7813880571648218,0.21861194283517812
1,1,0.008505361310299775,0.9914946386897002
0,0,0.7700069280234676,0.22999307197653243
1,1,0.10495331207234737,0.8950466879276526
1,0,0.6723585636995524,0.3276414363004477
1,1,0.15764513040104555,0.8423548695989544
1,0,0.7636056360390318,0.23639436396096822
1,1,0.21929317039046614,0.7807068296095339
0,0,0.7955995131353458,0.20440048686465415
1,1,0.007621793096973972,0.992378206903026
1,1,0.018228562781262614,0.9817714372187374
0,0,0.8801087333742773,0.11989126662572266
0,0,0.9932263030140115,0.006773696985988537
1,1,0.1409760933850015,0.8590239066149985
0,1,0.23824723424879024,0.7617527657512098
1,1,0.17745139534650411,0.8225486046534959
1,1,0.19123976221850492,0.8087602377814951
1,1,0.01681701531806834,0.9831829846819317
1,1,0.13406807802355836,0.8659319219764416
0,0,0.7332713449920372,0.26672865500796283
1,1,0.12276818914406273,0.8772318108559373
1,0,0.7832605526426394,0.21673944735736064
1,1,0.16537808850552171,0.8346219114944783
0,0,0.8173428127545251,0.18265718724547486
1,1,0.023948819570752233,0.9760511804292478
0,0,0.8794609585303135,0.12053904146968654
0,0,0.7530271389461768,0.24697286105382324
0,0,0.7535723756343097,0.24642762436569035
1,1,0.20030071021598705,0.799699289784013
0,0,0.858527625173702,0.1414723748262981
1,1,0.021072842914990786,0.9789271570850092
1,1,0.03324003838663725,0.9667599616133628
0,0,0.9642511168533706,0.035748883146629364
0,0,0.766125605877803,0.23387439412219702
0,0,0.9819776330607755,0.018022366939224495
0,0,0.9917866174351687,0.008213382564831295
1,1,0.15973256553426873,0.8402674344657313
0,0,0.7765852412346882,0.22341475876531178
0,0,0.7441233560963962,0.2558766439036038
0,0,0.9127492750850484,0.08725072491495153
0,1,0.1879486821666665,0.8120513178333335
1,0,0.7464494016521135,0.25355059834788646
1,1,0.20936595992666696,0.790634040073333
0,0,0.8871340171784832,0.11286598282151687
1,0,0.7556607180323999,0.24433928196760013
1,1,0.007724045172143867,0.9922759548278561
1,1,0.15639116991130664,0.8436088300886934
0,0,0.7595641472010248,0.24043585279897514
0,0,0.9804547182952311,0.01954528170476887
0,0,0.991704959041842,0.008295040958158069
1,1,0.03166394119705007,0.9683360588029499
1,1,0.07710179292656882,0.9228982070734312
1,0,0.7586265557040817,0.2413734442959184
1,1,0.12841030217319083,0.8715896978268092
1,1,0.17009381827921288,0.8299061817207871
1,1,0.14853346256201605,0.851466537437984
1,1,0.11993444708852097,0.880065552911479
1,1,0.014666029630338806,0.9853339703696612
0,0,0.7271000441239153,0.27289995587608473
0,0,0.9893642321953313,0.010635767804668687
0,1,0.46819725875776286,0.5318027412422371
0,0,0.7943406805446028,0.20565931945539717
1,1,0.11273059223363158,0.8872694077663684
0,0,0.8468800988319167,0.15311990116808324
1,0,0.7839327057431499,0.21606729425685012
0,0,0.7617262576807099,0.23827374231929008
1,1,0.018548028840205233,0.9814519711597948
1,1,0.08775060072707686,0.9122493992729231
1,0,0.7535337985421379,0.24646620145786213
1,1,0.01288944445143192,0.9871105555485681
0,0,0.7384399726226492,0.2615600273773509
1,1,0.1331654229897602,0.8668345770102398
1,1,0.30074064897855246,0.6992593510214475
1,1,0.022907949132040195,0.9770920508679598
1,1,0.14196667886884695,0.858033321131153
0,0,0.8424985507698122,0.15750144923018777
1,0,0.7462190411733982,0.25378095882660173
1,0,0.7377340167173847,0.26226598328261536
0,0,0.9907205109097666,0.00927948909023337
1,1,0.11584422806545591,0.8841557719345441
0,0,0.6860505950999178,0.3139494049000821
0,0,0.7636418620723395,0.23635813792766044
0,0,0.8737957851745396,0.12620421482546043
1,0,0.8578749316658706,0.1421250683341294
0,0,0.7424269912321169,0.2575730087678831
0,0,0.7970913705021009,0.2029086294978991
0,0,0.9907559655968813,0.009244034403118698
0,1,0.125835959926907,0.874164040073093
0,0,0.8902135621469038,0.10978643785309619
0,0,0.8708204033571108,0.1291795966428892
0,1,0.21093653906011167,0.7890634609398883
0,0,0.8001901550677994,0.19980984493220053
1,1,0.060113297694933676,0.9398867023050663
0,0,0.76981337354763,0.23018662645236995
0,0,0.993723778018778,0.006276221981221982
1,1,0.18760250520569366,0.8123974947943063
0,0,0.8340527842973428,0.16594721570265722
1,1,0.027391785052925388,0.9726082149470746
1,1,0.14117684703823075,0.8588231529617693
1,1,0.1802652022266893,0.8197347977733107
1,1,0.01454688678796312,0.9854531132120369
0,0,0.7518915061263972,0.24810849387360281
0,0,0.9928820824660661,0.0071179175339339045
1,1,0.01921762947713901,0.980782370522861
1,1,0.0323582132220106,0.9676417867779894
1,1,0.2028050854050888,0.7971949145949112
0,0,0.7601090712707091,0.23989092872929083
0,0,0.9867131386728049,0.013286861327195183
1,1,0.006740431110398126,0.9932595688896019
0,1,0.15421592287337538,0.8457840771266246
0,0,0.8100712372370628,0.18992876276293724
1,1,0.01782786813656978,0.9821721318634302
1,1,0.19431325950083134,0.8056867404991687
0,0,0.7790503317251223,0.22094966827487766
1,1,0.14748001278991718,0.8525199872100828
0,0,0.9939368681834415,0.006063131816558511
0,0,0.8394111120395437,0.16058888796045634
1,1,0.13537384494633975,0.8646261550536603
1,1,0.01621473148763164,0.9837852685123684
0,0,0.9146296668780733,0.08537033312192664
0,0,0.9923228867203333,0.007677113279666688
0,0,0.7958008072215734,0.2041991927784266
1,1,0.10954563426175012,0.8904543657382499
1,1,0.021238429672837844,0.9787615703271622
0,0,0.9734551850564771,0.026544814943522878
0,0,0.9926658206051725,0.0073341793948275376
1,1,0.18404613448257634,0.8159538655174237
1,1,0.02381233927804105,0.976187660721959
0,0,0.7747115176691858,0.2252884823308142
0,0,0.7720451056897051,0.22795489431029486
1,1,0.18955815570375323,0.8104418442962468
1,0,0.7269940662875654,0.27300593371243465
1,0,0.7766685937347874,0.2233314062652126
1,1,0.13782564465694547,0.8621743553430545
1,1,0.015212184482661373,0.9847878155173386
0,0,0.9042118099730545,0.09578819002694548
0,0,0.9900225431449317,0.0099774568550683
1,1,0.008348213340402366,0.9916517866595976
0,1,0.10424140371695723,0.8957585962830428
1,1,0.01264783318271867,0.9873521668172813
0,0,0.8835545712822109,0.11644542871778904
1,1,0.17025794930688432,0.8297420506931157
1,1,0.015583914624170303,0.9844160853758297
0,0,0.988910517812975,0.01108948218702499
1,1,0.013738743343346238,0.9862612566566538
0,0,0.9860573104740521,0.013942689525947941
1,1,0.009090114097552338,0.9909098859024477
1,1,0.025887298403343584,0.9741127015966564
1,1,0.010390022069201033,0.989609977930799
1,1,0.0066168364728089735,0.993383163527191
0,1,0.15536478380606,0.84463521619394
1,1,0.13198924415569702,0.868010755844303
0,0,0.7463474870743588,0.25365251292564117
0,0,0.8906183453139421,0.10938165468605787
0,0,0.9653353734039659,0.034664626596034066
0,0,0.9923017354685995,0.007698264531400541
0,0,0.9761716729730061,0.023828327026993872
1,0,0.8839532407855935,0.1160467592144066
0,0,0.9156722034609477,0.08432779653905229
1,1,0.02077096130933076,0.9792290386906692
1,1,0.017869483845461942,0.9821305161545381
1,0,0.8878740315217939,0.11212596847820609
0,0,0.9908198708777447,0.009180129122255298
1,1,0.02420968148320901,0.975790318516791
1,1,0.08448699705395546,0.9155130029460445
1,1,0.15109359922092813,0.8489064007790719
1,1,0.16414587147271298,0.835854128527287
0,1,0.19528564360455902,0.804714356395441
0,0,0.8184564495763184,0.18154355042368167
1,1,0.1787177930781626,0.8212822069218374
0,0,0.9917374887229404,0.008262511277059622
0,0,0.793720332112608,0.20627966788739202
1,1,0.10562933734991287,0.8943706626500871
1,1,0.13968036244883286,0.8603196375511671
1,0,0.7741470638989082,0.22585293610109178
0,1,0.15868560670270415,0.8413143932972958
1,0,0.7567502426012134,0.24324975739878663
0,0,0.8635511978994349,0.1364488021005651
1,1,0.1269441737212923,0.8730558262787077
0,0,0.7813799946973072,0.2186200053026927
0,0,0.7588098223903004,0.24119017760969969
0,0,0.8779721051649811,0.1220278948350188
1,1,0.041970366103266876,0.9580296338967331
0,1,0.14129444193993002,0.85870555806007
1,1,0.1993855965602982,0.8006144034397018
1,1,0.11163757815872799,0.888362421841272
0,0,0.8607627425205496,0.13923725747945037
1,1,0.11614043199900803,0.883859568000992
0,0,0.8238189099086386,0.17618109009136146
1,0,0.7648323540563738,0.23516764594362613
1,1,0.19891758175519325,0.8010824182448067
0,0,0.7755811180747834,0.22441888192521658
1,0,0.7748017207488435,0.22519827925115654
1,1,0.12498060323689986,0.8750193967631001
0,0,0.992050759940528,0.007949240059471913
0,0,0.8040869756091433,0.19591302439085673
1,1,0.01681322046332734,0.9831867795366727
0,0,0.9928293045598439,0.007170695440156136
1,0,0.7764807645167583,0.22351923548324168
1,1,0.15335717788433212,0.8466428221156679
0,1,0.1579405855039434,0.8420594144960566
0,0,0.982901318845483,0.01709868115451694
1,1,0.018279119423208257,0.9817208805767917
0,0,0.9883102020940301,0.011689797905969935
1,1,0.12993975767774157,0.8700602423222584
1,1,0.13042791123149966,0.8695720887685003
0,0,0.7551931763511431,0.24480682364885684
0,0,0.7982008657418058,0.20179913425819415
1,1,0.01410145468029067,0.9858985453197093
0,0,0.9725737658795978,0.027426234120402227
1,1,0.14496007604033267,0.8550399239596673
1,1,0.17716500520616763,0.8228349947938324
1,0,0.7670570177944439,0.2329429822055561
0,0,0.9404403937497215,0.059559606250278445
0,0,0.8778902825881875,0.12210971741181258
1,1,0.017190622702500824,0.9828093772974992
1,1,0.01892787759742065,0.9810721224025793
1,1,0.12083346624392732,0.8791665337560727
0,0,0.9911568140797122,0.008843185920287794
1,1,0.1075782426320353,0.8924217573679647
1,1,0.11770126462814412,0.8822987353718559
1,1,0.15088401486480785,0.8491159851351922
1,1,0.005421396889531138,0.9945786031104689
0,0,0.7720394791024525,0.22796052089754743
1,1,0.01045245492051583,0.9895475450794842
0,0,0.9927256584414997,0.0072743415585002965
1,1,0.02139051943148107,0.9786094805685189
1,1,0.17204379709424855,0.8279562029057514
1,0,0.7080734384835419,0.2919265615164581
0,0,0.7735892904038758,0.22641070959612417
1,1,0.13349513471554053,0.8665048652844595
0,1,0.11679611023575787,0.8832038897642421
0,0,0.8976640142172456,0.1023359857827544
1,0,0.8627306434416654,0.13726935655833458
1,1,0.00656271286861132,0.9934372871313887
0,0,0.9915233440045029,0.008476655995497061
0,0,0.8028717072051059,0.19712829279489408
0,0,0.7587246577595634,0.24127534224043656
0,1,0.11048981006853298,0.889510189931467
0,0,0.9911885582358692,0.008811441764130876
1,1,0.18118101371080952,0.8188189862891905
0,1,0.11965393098444055,0.8803460690155595
1,0,0.7755947397492061,0.22440526025079385
1,1,0.13600583111825915,0.8639941688817409
0,1,0.16497521328933895,0.835024786710661
0,1,0.13100646209240396,0.868993537907596
0,0,0.890545378116078,0.10945462188392197
0,1,0.35813097599556376,0.6418690240044362
1,1,0.01639478563710539,0.9836052143628946
0,0,0.7840637266632008,0.21593627333679918
0,0,0.7476101125273695,0.2523898874726305
1,1,0.12074870198479659,0.8792512980152034
0,0,0.990294147511592,0.009705852488408006
0,0,0.9238907020272178,0.07610929797278226
0,1,0.4413702448087927,0.5586297551912073
1,1,0.02529868485665232,0.9747013151433477
0,0,0.9033615836230907,0.09663841637690927
0,0,0.8671141972166277,0.13288580278337223
1,1,0.11498186748078143,0.8850181325192186
0,0,0.7676501920093828,0.2323498079906172
1,1,0.00722507961294494,0.9927749203870551
1,1,0.02028358992943924,0.9797164100705608
0,0,0.8350947319939184,0.16490526800608166
0,0,0.8906137657793857,0.10938623422061436
0,0,0.8597068596915028,0.14029314030849713
1,1,0.26434679224900925,0.7356532077509907
0,0,0.9908547041003533,0.009145295899646777
1,1,0.021353558622215663,0.9786464413777843
0,0,0.8997124444963245,0.10028755550367553
1,1,0.19451579922335083,0.8054842007766492
0,1,0.14324375188709448,0.8567562481129055
0,0,0.7493640471023149,0.25063595289768514
0,0,0.7405031421690923,0.2594968578309077
1,1,0.1710412669515311,0.8289587330484689
1,1,0.11867277562298306,0.8813272243770169
1,1,0.12077522779187,0.87922477220813
1,1,0.13501171615177077,0.8649882838482292
0,1,0.17363939585793553,0.8263606041420645
1,1,0.022535642195032235,0.9774643578049678
1,1,0.004849478454892919,0.9951505215451071
0,0,0.8745575151809702,0.12544248481902973
0,0,0.8713141852654098,0.12868581473459012
1,1,0.10674363277545573,0.8932563672245443
0,0,0.9938480345567186,0.0061519654432814945
1,1,0.019176054555265054,0.980823945444735
0,0,0.8432864673502303,0.15671353264976978
1,1,0.008505166560682231,0.9914948334393178
0,0,0.7905400656263243,0.20945993437367574
1,1,0.20319748345307231,0.7968025165469277
0,0,0.7892096465911286,0.21079035340887142
1,1,0.10201325286155005,0.89798674713845
1,0,0.7550929188924385,0.2449070811075615
1,1,0.1745865351677719,0.8254134648322281
0,0,0.9866337547293449,0.013366245270655162
0,0,0.8815147759204449,0.11848522407955506
1,1,0.18483562241227303,0.815164377587727
1,1,0.22802270300137317,0.7719772969986268
1,1,0.028780916115410116,0.9712190838845899
1,1,0.17046510595352027,0.8295348940464797
0,0,0.7572807018463588,0.24271929815364118
0,0,0.7467097584449707,0.2532902415550293
1,1,0.18182691807810036,0.8181730819218996
0,0,0.9757182269424677,0.024281773057532277
1,0,0.8865502775781058,0.11344972242189422
1,1,0.20365932072903759,0.7963406792709624
1,0,0.8402361785899155,0.1597638214100845
0,1,0.1288705676568619,0.8711294323431381
1,1,0.012679834950216962,0.987320165049783
0,0,0.9936374823656823,0.0063625176343177275
0,0,0.7847336907994202,0.2152663092005797
1,1,0.2211200976539608,0.7788799023460392
1,1,0.11529379183250965,0.8847062081674903
0,0,0.7831167812071909,0.2168832187928092
0,0,0.7269559676805488,0.2730440323194512
1,1,0.06909658557369636,0.9309034144263036
0,0,0.8498781642954851,0.15012183570451487
0,0,0.8389315737919052,0.16106842620809486
1,1,0.08556069978344527,0.9144393002165547
0,0,0.9952274725321043,0.00477252746789567
0,0,0.9917208935264878,0.008279106473512137
0,0,0.9868829921752453,0.013117007824754704
0,0,0.7756556440630498,0.22434435593695023
1,1,0.11392365106995517,0.8860763489300448
1,1,0.01558384803915902,0.984416151960841
1,1,0.15559503682768183,0.8444049631723182
0,0,0.9920121802272138,0.007987819772786134
0,0,0.8275191526891128,0.1724808473108872
0,1,0.17734081435307725,0.8226591856469228
0,0,0.7184427265542848,0.2815572734457152
0,0,0.9240506522545915,0.07594934774540846
1,0,0.7580390810921576,0.24196091890784246
0,0,0.9270674836266641,0.07293251637333581
0,0,0.9903763679894536,0.00962363201054644
0,0,0.730236016247259,0.2697639837527411
0,1,0.15885951294660228,0.8411404870533977
1,1,0.00607777903545037,0.9939222209645496
1,0,0.7634712098467473,0.23652879015325268
1,1,0.16212798087907943,0.8378720191209206
0,1,0.19111702024263255,0.8088829797573674
0,0,0.9098441221155159,0.09015587788448405
0,0,0.7423902210432805,0.2576097789567195
1,1,0.14626719793272303,0.853732802067277
1,1,0.15655881405921912,0.8434411859407809
1,1,0.1933320207522986,0.8066679792477014
0,0,0.7809742574322304,0.21902574256776966
0,0,0.9935664651419182,0.00643353485808187
1,0,0.8044136683294828,0.19558633167051717
0,0,0.8432893636506765,0.1567106363493235
0,1,0.15048575914077644,0.8495142408592236
0,1,0.16375277486732875,0.8362472251326712
0,0,0.8548353035210847,0.1451646964789153
0,0,0.8026766096562746,0.1973233903437254
0,0,0.7840636700243986,0.21593632997560136
0,0,0.8648341292510492,0.1351658707489508
0,0,0.7259054540011224,0.2740945459988776
0,0,0.8656795898691586,0.13432041013084137
0,0,0.780177452887473,0.21982254711252697
0,0,0.820335651073107,0.17966434892689293
1,1,0.028479798856300698,0.9715202011436993
0,0,0.7693633882812443,0.23063661171875569
1,1,0.1486568686196149,0.8513431313803851
0,0,0.7479864215178197,0.2520135784821803
1,0,0.7414620671498502,0.25853793285014975
0,0,0.9112007347134603,0.08879926528653966
1,1,0.20419849478536978,0.7958015052146302
1,0,0.7604571677962808,0.2395428322037192
0,0,0.8030691532443319,0.19693084675566813
1,1,0.16067235889991738,0.8393276411000826
1,0,0.8212592576487971,0.17874074235120285
1,1,0.1324818458277931,0.8675181541722069
1,1,0.011736114882068938,0.9882638851179311
1,1,0.024725149247009637,0.9752748507529904
0,0,0.7646496409691819,0.23535035903081813
1,1,0.022895902607312668,0.9771040973926873
0,0,0.990864183603218,0.009135816396781966
0,0,0.7765724782512798,0.22342752174872013
1,1,0.04639406724883399,0.953605932751166
0,0,0.8145758728920115,0.18542412710798853
1,0,0.793061912375886,0.20693808762411398
1,1,0.12748656898223232,0.8725134310177677
1,0,0.950498249429883,0.049501750570116916
1,1,0.151391964728409,0.848608035271591
0,0,0.7641635008463037,0.23583649915369628
0,1,0.12646412078314817,0.8735358792168518
0,1,0.18972776834791005,0.81027223165209
0,0,0.8572274619862277,0.14277253801377235
0,1,0.23441516583338406,0.7655848341666159
1,1,0.20329548876671855,0.7967045112332815
1,1,0.12763264504552074,0.8723673549544793
1,1,0.15789959383051833,0.8421004061694817
0,1,0.16938803600569186,0.8306119639943081
1,1,0.011628865977480474,0.9883711340225195
1,1,0.17686644901460324,0.8231335509853968
0,0,0.7909781517498357,0.20902184825016437
1,0,0.7701363585208638,0.22986364147913618
1,1,0.26784109322379035,0.7321589067762097
0,0,0.9867198077617948,0.013280192238205233
1,1,0.2274197944514963,0.7725802055485037
1,0,0.7891855555700956,0.21081444442990435
0,0,0.8577365818316574,0.14226341816834262
1,1,0.14558676041275587,0.8544132395872441
1,1,0.11866683343751228,0.8813331665624877
1,0,0.8211759699753864,0.17882403002461353
0,1,0.14377270962333688,0.8562272903766631
0,0,0.7643305026057865,0.2356694973942135
0,0,0.7577160757884517,0.24228392421154835
0,0,0.9892583978738896,0.010741602126110401
1,1,0.01182462656535499,0.988175373434645
1,1,0.013517583249584408,0.9864824167504156
1,0,0.7960838686462406,0.20391613135375938
0,0,0.7664434587331664,0.2335565412668336
0,1,0.17508442194184393,0.8249155780581561
0,0,0.7813012505665939,0.2186987494334061
1,1,0.19976854549671585,0.8002314545032841
1,1,0.11934943938627596,0.880650560613724
1,1,0.17943606936618284,0.8205639306338172
0,1,0.12257772776092202,0.877422272239078
1,1,0.12379342114760639,0.8762065788523936
1,0,0.9457970930970496,0.05420290690295035
1,1,0.025467909283831247,0.9745320907161688
0,0,0.7678235029067558,0.23217649709324414
1,1,0.1459940078904144,0.8540059921095856
1,1,0.029767496031479435,0.9702325039685206
0,0,0.9916484455245416,0.008351554475458451
0,0,0.8587285814718029,0.14127141852819713
1,1,0.0943338422133243,0.9056661577866757
1,1,0.1315256570260579,0.8684743429739421
1,1,0.1434243493492674,0.8565756506507326
1,0,0.8565653429836477,0.14343465701635227
0,0,0.8298436819290866,0.17015631807091336
1,0,0.7130744270456433,0.2869255729543567
1,1,0.06635329219490338,0.9336467078050966
1,0,0.8702588408409483,0.12974115915905168
0,0,0.8031598617804281,0.19684013821957191
1,1,0.14527038088209343,0.8547296191179066
1,1,0.07199442883745644,0.9280055711625436
1,1,0.034668565468845,0.965331434531155
1,1,0.0843335056175688,0.9156664943824312
0,0,0.7526268509013987,0.24737314909860136
0,0,0.8977093980208287,0.10229060197917127
0,0,0.8899688358808485,0.11003116411915147
0,0,0.7999176837874412,0.2000823162125588
0,0,0.909421729042792,0.09057827095720808
0,0,0.788014092966072,0.21198590703392794
1,1,0.09682798156727479,0.9031720184327252
0,0,0.7328735641756807,0.26712643582431933
0,0,0.8543300986115142,0.14566990138848582
0,0,0.7491938928937332,0.25080610710626683
0,0,0.9888245623915953,0.011175437608404698
1,0,0.7636613019792488,0.23633869802075128
0,0,0.7522194723851854,0.24778052761481467
1,1,0.026999402166007713,0.9730005978339923
0,0,0.8098241518278395,0.19017584817216046
0,0,0.78184863166913,0.21815136833086995
1,1,0.12026157206110688,0.8797384279388931
0,0,0.7703220625609747,0.22967793743902534
0,0,0.8887037029612288,0.11129629703877124
0,0,0.7821453537266412,0.2178546462733588
1,1,0.18015521116367417,0.8198447888363258
1,1,0.12342133385342191,0.8765786661465781
0,0,0.9932056188940184,0.006794381105981592
0,0,0.8405264020465927,0.15947359795340732
0,0,0.9176534207551162,0.08234657924488378
1,0,0.7803294390144693,0.21967056098553076
1,1,0.13007521507797704,0.869924784922023
1,1,0.20085825272591884,0.7991417472740812
1,0,0.8056698255775427,0.1943301744224572
0,0,0.7602990554807821,0.2397009445192179
1,1,0.1417565060057594,0.8582434939942406
0,0,0.7574472958149971,0.24255270418500288
1,1,0.025996648926446597,0.9740033510735534
1,1,0.20417223054813705,0.795827769451863
1,1,0.15431570273857675,0.8456842972614232
1,1,0.11085651070301428,0.8891434892969857
1,1,0.1678857369737914,0.8321142630262086
0,0,0.7952479136624462,0.20475208633755376
0,0,0.7521631079357123,0.24783689206428772
1,1,0.11668974194493309,0.8833102580550669
0,0,0.8995506839663296,0.10044931603367041
0,0,0.8888101273855342,0.11118987261446582
1,0,0.6201770488349562,0.37982295116504383
0,0,0.7331177055473106,0.26688229445268935
0,0,0.9913136752387999,0.008686324761200173
1,1,0.0057839540027598835,0.9942160459972401
0,0,0.8429394727266216,0.15706052727337835
0,0,0.8723955570353129,0.12760444296468706
1,1,0.13790105456419788,0.8620989454358021
0,0,0.7629465323834699,0.23705346761653015
0,0,0.7885132324385685,0.2114867675614315
1,1,0.016052532602925162,0.9839474673970748
0,0,0.7965853136172434,0.20341468638275656
1,1,0.13114322895903596,0.868856771040964
0,0,0.8064952829609033,0.19350471703909672
1,1,0.15360040271973552,0.8463995972802645
0,0,0.7283472239872084,0.2716527760127916
0,1,0.16062485733942256,0.8393751426605774
0,0,0.7978116448513438,0.20218835514865616
0,0,0.9861836257850685,0.013816374214931504
0,0,0.7673710871257231,0.23262891287427692
1,1,0.08767006392361809,0.9123299360763819
0,0,0.9932081018071013,0.006791898192898747
0,0,0.9185140032646997,0.08148599673530034
1,1,0.16548505232509136,0.8345149476749086
1,0,0.8154570497335418,0.18454295026645812
0,0,0.8832557824292473,0.11674421757075269
0,0,0.7618132304168315,0.2381867695831685
1,0,0.66034630419182,0.3396536958081799
1,1,0.20023048047856262,0.7997695195214374
1,1,0.006911308680907391,0.9930886913190926
1,1,0.1217957679043441,0.8782042320956559
1,1,0.10366771567205535,0.8963322843279447
0,0,0.8540529855494323,0.14594701445056765
0,0,0.8447888999925808,0.15521110000741917
1,1,0.0132089815785853,0.9867910184214147
1,1,0.16897161046873033,0.8310283895312697
0,0,0.7582721999545324,0.2417278000454676
0,0,0.7260200647237398,0.2739799352762602
1,1,0.03909337622469622,0.9609066237753038
1,1,0.09235128144077964,0.9076487185592204
0,0,0.9531023040126216,0.04689769598737832
0,0,0.7647678471062778,0.2352321528937222
1,1,0.02512473746688515,0.9748752625331149
0,0,0.9671190702245303,0.032880929775469706
1,1,0.013211193054764814,0.9867888069452352
0,0,0.7776720290972884,0.2223279709027116
1,0,0.7563357143882583,0.24366428561174172
1,1,0.13841318821190918,0.8615868117880908
1,1,0.09631587409943787,0.9036841259005621
0,0,0.7218548970088415,0.27814510299115847
1,1,0.13234740671618606,0.8676525932838139
1,1,0.1368357451567318,0.8631642548432682
0,0,0.9056699262423834,0.09433007375761658
1,1,0.2179118321493403,0.7820881678506597
1,1,0.13885441057523706,0.8611455894247629
1,1,0.12084111286364774,0.8791588871363523
0,0,0.8874187493974477,0.11258125060255227
1,1,0.11327665981545387,0.8867233401845461
0,0,0.6962620666994135,0.30373793330058646
0,1,0.16000520713151478,0.8399947928684852
0,1,0.1696843642251592,0.8303156357748408
1,0,0.7256698762755154,0.27433012372448456
0,0,0.890483360871338,0.10951663912866208
0,1,0.14659907310542664,0.8534009268945734
0,0,0.8398113275339827,0.1601886724660173
1,1,0.02014716798582039,0.9798528320141796
1,0,0.878714659206348,0.12128534079365204
0,0,0.8547351754525812,0.1452648245474188
0,0,0.7867665149445426,0.21323348505545742
0,0,0.9823626781339297,0.017637321866070213
0,0,0.8654967993200634,0.1345032006799366
0,0,0.6009028297790227,0.39909717022097735
1,0,0.7769212783249633,0.2230787216750367
1,1,0.036152596555286465,0.9638474034447135
0,0,0.7825365291411891,0.21746347085881093
1,1,0.12538405945921416,0.8746159405407858
1,1,0.18299287996739622,0.8170071200326038
0,0,0.7755946561940579,0.22440534380594218
0,1,0.10724897872745098,0.892751021272549
1,0,0.7589865001724776,0.24101349982752238
1,1,0.02452426390517881,0.9754757360948212
0,0,0.6815612549837122,0.31843874501628777
1,0,0.770363935447333,0.22963606455266702
0,1,0.12192068995823224,0.8780793100417678
1,1,0.11270683298967732,0.8872931670103227
0,0,0.7533619100856785,0.2466380899143215
1,1,0.22618895235033198,0.773811047649668
1,1,0.01956882606883459,0.9804311739311654
0,1,0.1859248115703086,0.8140751884296914
0,0,0.9847404611103254,0.01525953888967462
0,0,0.8464501009493113,0.15354989905068872
0,0,0.7650164373786825,0.23498356262131742
0,0,0.9912666510806544,0.008733348919345681
0,0,0.7476189518738812,0.25238104812611883
0,0,0.7855644652888722,0.2144355347111277
0,0,0.8592653513462045,0.14073464865379554
1,1,0.0230227505788817,0.9769772494211183
0,0,0.7403605195037073,0.25963948049629265
1,1,0.17323379902528724,0.8267662009747128
1,1,0.01042314247108167,0.9895768575289183
1,1,0.15118515186669834,0.8488148481333017
1,1,0.017885924909964324,0.9821140750900357
0,0,0.8660160679638073,0.13398393203619277
1,0,0.7876554018546278,0.21234459814537218
1,1,0.23116189886741823,0.7688381011325818
1,0,0.7887079286065242,0.2112920713934759
0,0,0.853320247636069,0.14667975236393108
1,1,0.1358420761682615,0.8641579238317385
1,0,0.7799634537105614,0.2200365462894386
1,1,0.15012357026178846,0.8498764297382115
1,1,0.11385800501449816,0.8861419949855018
0,0,0.7622812442635449,0.237718755736455
1,1,0.1345211187797397,0.8654788812202603
1,0,0.7425386132634225,0.2574613867365775
0,0,0.8127985325298084,0.18720146747019156
0,0,0.7911043372853327,0.20889566271466728
0,0,0.9624763053041545,0.03752369469584543
1,1,0.18056731195265951,0.8194326880473405
1,1,0.17556196652667844,0.8244380334733216
0,0,0.877063666737275,0.12293633326272502
1,1,0.1243140853863286,0.8756859146136714
1,0,0.7739397358905319,0.22606026410946814
1,1,0.015008246871073383,0.9849917531289266
0,0,0.9932956330334521,0.006704366966547874
1,0,0.7870003948018239,0.21299960519817604
0,0,0.8624322718428092,0.13756772815719082
1,0,0.7602206863915413,0.2397793136084587
1,1,0.16128857495912585,0.8387114250408741
0,0,0.9876189831547906,0.012381016845209394
0,0,0.8489863742690894,0.1510136257309106
1,1,0.1223124983492494,0.8776875016507506
0,1,0.15974534723506373,0.8402546527649363
0,0,0.7752919662381939,0.22470803376180612
0,0,0.9923183954695206,0.007681604530479415
1,0,0.7508773388277137,0.24912266117228635
1,1,0.12339122331593455,0.8766087766840654
0,0,0.780248696174759,0.21975130382524094
0,0,0.9401706075371802,0.05982939246281986
0,0,0.7657701996778807,0.2342298003221192
1,1,0.12923388577251593,0.8707661142274841
0,0,0.7093738154396727,0.2906261845603273
1,0,0.918665237257103,0.08133476274289701
1,1,0.17200419678843182,0.8279958032115682
0,0,0.7546510271541262,0.2453489728458737
0,0,0.9894067418335701,0.010593258166429902
0,0,0.9937087751105979,0.006291224889402183
1,1,0.23929430916434002,0.76070569083566
1,1,0.01828480584593295,0.981715194154067
0,0,0.887576798978558,0.11242320102144195
1,1,0.133134060268694,0.866865939731306
0,0,0.7980373298812714,0.20196267011872857
1,1,0.13682460566912058,0.8631753943308794
1,1,0.19338202217559086,0.8066179778244091
1,0,0.7750530086104838,0.22494699138951627
0,0,0.7474647079857701,0.2525352920142299
1,0,0.754023930161694,0.245976069838306
0,0,0.7667533577488005,0.23324664225119948
0,0,0.8874586982863311,0.11254130171366893
0,0,0.9806134015346183,0.019386598465381676
1,1,0.14885901338185703,0.851140986618143
0,0,0.828705903419688,0.17129409658031197
1,1,0.20634533816534883,0.7936546618346512
0,0,0.9328065227057162,0.06719347729428378
1,1,0.14569013249707619,0.8543098675029238
1,1,0.2232507299691744,0.7767492700308256
1,1,0.10832921960500841,0.8916707803949916
1,1,0.10908894780392997,0.89091105219607
1,1,0.21142502458200607,0.7885749754179939
0,0,0.8264431814361552,0.17355681856384478
0,0,0.9931956032973804,0.006804396702619564
0,1,0.11283616179899802,0.887163838201002
0,0,0.7581727455733228,0.2418272544266772
0,0,0.9754077209310781,0.02459227906892196
0,0,0.7554818889916048,0.2445181110083951
0,0,0.7808896277211319,0.21911037227886812
1,1,0.18411641443130633,0.8158835855686937
0,0,0.7400327671564433,0.25996723284355666
0,0,0.8481364344856428,0.15186356551435715
0,0,0.9935912570019257,0.006408742998074306
0,0,0.7457196198713482,0.25428038012865184
1,1,0.12980743352422697,0.870192566475773
0,0,0.7672715817092306,0.23272841829076946
0,0,0.8589219986014633,0.1410780013985367
0,1,0.24077178083000073,0.7592282191699993
1,1,0.20726772515818892,0.7927322748418111
1,0,0.7739479017095832,0.22605209829041686
0,0,0.7663672689294324,0.2336327310705676
1,1,0.11825058717044801,0.881749412829552
1,1,0.14903313129488427,0.8509668687051157
0,0,0.75541871242394,0.24458128757606004
0,0,0.9866592545101214,0.013340745489878592
0,0,0.8378179829462291,0.16218201705377086
0,0,0.7626099235796284,0.23739007642037163
0,0,0.7487487659109424,0.25125123408905753
0,0,0.760093271831495,0.239906728168505
1,1,0.18367645465629867,0.8163235453437013
0,0,0.9910626795695658,0.008937320430434211
0,0,0.7756593434418895,0.22434065655811047
0,0,0.7508341460479961,0.24916585395200386
0,0,0.778058011167079,0.22194198883292102
0,0,0.8384679726069659,0.1615320273930341
1,0,0.8265965567271567,0.17340344327284335
0,0,0.7558785757015473,0.24412142429845274
1,1,0.0046776025777329755,0.995322397422267
0,0,0.9935742607482118,0.006425739251788269
0,0,0.7295127837923931,0.2704872162076068
0,0,0.7346511983947703,0.2653488016052297
0,0,0.8368525825468299,0.1631474174531701
1,1,0.17261111601190982,0.8273888839880902
0,0,0.7635118194644706,0.23648818053552945
0,0,0.9867008324367748,0.013299167563225293
0,0,0.8597766147308258,0.1402233852691742
0,0,0.7813748083735228,0.2186251916264772
1,1,0.13551800573868944,0.8644819942613106
1,0,0.6974657592347739,0.30253424076522606
1,1,0.11404120473839996,0.8859587952616
1,1,0.16089086683889753,0.8391091331611025
0,1,0.13679484759415028,0.8632051524058497
1,1,0.10604044216507513,0.8939595578349249
0,0,0.731799525227478,0.2682004747725219
0,0,0.6066169468388998,0.39338305316110017
0,0,0.9917201953434849,0.008279804656515071
0,0,0.8471887757320405,0.15281122426795946
0,0,0.7713312858956699,0.22866871410433007
0,0,0.8526073090876477,0.1473926909123523
1,1,0.02037931700946627,0.9796206829905337
0,0,0.9916346258608977,0.008365374139102339
1,1,0.023741382143010248,0.9762586178569898
1,1,0.10601380799383853,0.8939861920061615
1,1,0.0062427869354404475,0.9937572130645596
0,0,0.826375052691753,0.173624947308247
1,1,0.034457168506070834,0.9655428314939292
1,1,0.16838547000582793,0.8316145299941721
1,1,0.1985365734090896,0.8014634265909104
1,1,0.01938972299101316,0.9806102770089868
1,0,0.7423494472257677,0.2576505527742323
0,0,0.7755959964391604,0.2244040035608396
0,0,0.8719178014797824,0.12808219852021768
1,1,0.024456746778795835,0.9755432532212042
1,1,0.019773461149660054,0.98022653885034
1,1,0.11184205095020672,0.8881579490497933
0,0,0.9483624697714046,0.05163753022859545
0,0,0.6613959475549696,0.33860405244503045
0,1,0.2026041219830378,0.7973958780169622
1,0,0.7540593958509523,0.2459406041490477
0,1,0.11785115633483378,0.8821488436651662
0,0,0.9332986224374105,0.06670137756258954
0,0,0.8932419566115797,0.10675804338842028
1,1,0.14458617186914202,0.855413828130858
1,1,0.19232446849821794,0.8076755315017821
0,0,0.8560727836449583,0.1439272163550417
0,0,0.8032192025717231,0.1967807974282769
1,1,0.11661564636316468,0.8833843536368353
1,1,0.1107583705160966,0.8892416294839034
1,1,0.022362191168866286,0.9776378088311337
1,1,0.13998587554732367,0.8600141244526763
0,0,0.8345444559288078,0.1654555440711922
1,1,0.1311246274064043,0.8688753725935957
0,0,0.985539931750939,0.01446006824906096
1,1,0.13120772551792081,0.8687922744820792
1,1,0.1067822197028705,0.8932177802971295
0,0,0.8487137284328903,0.15128627156710978
1,1,0.11950242574110514,0.8804975742588949
0,0,0.838909887959256,0.16109011204074394
1,1,0.15187508775974412,0.8481249122402559
1,1,0.017945002547884448,0.9820549974521156
1,1,0.15931757066493024,0.8406824293350698
1,1,0.13340645867578804,0.866593541324212
1,1,0.2020096650582477,0.7979903349417523
0,0,0.9448450767675171,0.055154923232482916
0,0,0.8563099301490318,0.14369006985096816
1,1,0.023039964682406322,0.9769600353175937
1,1,0.029547168495192344,0.9704528315048077
1,1,0.19713207288114887,0.8028679271188511
1,1,0.09413031356621193,0.9058696864337881
0,1,0.18706536869239,0.81293463130761
0,1,0.1739708329458991,0.8260291670541009
0,0,0.8489040770793217,0.15109592292067833
0,0,0.7928712472044507,0.20712875279554935
0,0,0.8841927763825785,0.11580722361742152
1,1,0.013608547231812929,0.9863914527681871
0,0,0.9219843892356163,0.07801561076438371
1,1,0.1833039868809626,0.8166960131190374
0,0,0.7848439269447337,0.21515607305526632
1,1,0.029463240944375912,0.9705367590556241
1,0,0.8161105273503413,0.18388947264965871
1,1,0.15433077693806352,0.8456692230619365
1,1,0.18854585284338266,0.8114541471566173
0,0,0.7822653456195809,0.217734654380419
1,1,0.018997317343280584,0.9810026826567194
1,1,0.12471904684609447,0.8752809531539055
1,1,0.00835868276825702,0.991641317231743
0,0,0.9914695518859213,0.008530448114078699
1,1,0.09742301904833361,0.9025769809516664
0,0,0.8123641102667218,0.18763588973327822
0,1,0.2123941949315189,0.7876058050684811
1,1,0.01819628007262808,0.9818037199273719
0,0,0.9937451876028978,0.006254812397102243
0,1,0.16687224469090867,0.8331277553090913
1,1,0.12697904817393557,0.8730209518260644
0,0,0.9915170053243113,0.00848299467568874
0,0,0.9207602457786879,0.07923975422131212
1,1,0.13294915749190395,0.867050842508096
1,1,0.04083423441606515,0.9591657655839348
0,0,0.9836029514847178,0.01639704851528219
0,1,0.15041473369249303,0.849585266307507
0,0,0.8493953974697908,0.15060460253020924
1,1,0.22285251847309961,0.7771474815269004
1,1,0.07593934133167457,0.9240606586683254
0,0,0.7380099449202479,0.26199005507975215
0,0,0.7930246602043406,0.2069753397956594
1,1,0.017079785198571118,0.9829202148014289
1,1,0.035844012104482736,0.9641559878955173
1,1,0.007402449017262724,0.9925975509827373
0,0,0.7961565409526623,0.20384345904733772
1,1,0.03262705305784552,0.9673729469421545
1,1,0.025712789134695435,0.9742872108653046
0,0,0.8482474133353802,0.1517525866646198
0,0,0.8963791578418023,0.10362084215819771
0,0,0.7335220219547445,0.2664779780452555
0,1,0.22034161464044444,0.7796583853595556
0,0,0.7529864693310063,0.24701353066899365
0,0,0.8660126644914412,0.13398733550855874
0,0,0.8628920447294441,0.1371079552705559
0,0,0.8418787242104305,0.15812127578956947
0,0,0.7735474326565209,0.22645256734347907
0,0,0.9893059189163421,0.010694081083657912
1,1,0.01552449531976674,0.9844755046802333
0,0,0.7266261455080294,0.27337385449197055
1,1,0.16043881823770756,0.8395611817622924
0,0,0.9089461914804265,0.09105380851957348
1,1,0.15782554996434806,0.842174450035652
1,1,0.1578373551844101,0.8421626448155899
1,1,0.017444471976802545,0.9825555280231975
1,1,0.014812588210350142,0.9851874117896499
1,1,0.011714462086622746,0.9882855379133773
1,1,0.10281111964041634,0.8971888803595837
1,1,0.34817537204919935,0.6518246279508007
1,1,0.019217757243876865,0.9807822427561231
1,0,0.8956658724782205,0.10433412752177948
0,0,0.8435660558494268,0.1564339441505732
0,0,0.9925866040651476,0.007413395934852401
0,0,0.786679855670729,0.21332014432927104
0,0,0.8783967858363922,0.12160321416360778
1,1,0.14708900974646855,0.8529109902535315
1,1,0.20418189056627423,0.7958181094337258
0,0,0.8810783371216439,0.11892166287835611
0,0,0.8082188258760303,0.1917811741239696
0,0,0.9817244333254652,0.018275566674534793
0,0,0.9375172292599581,0.06248277074004192
1,0,0.7357270521249042,0.26427294787509586
0,0,0.9898195575714479,0.010180442428552074
0,0,0.7837299756492665,0.2162700243507335
1,0,0.8618440374903937,0.1381559625096063
0,1,0.18093761872531355,0.8190623812746864
0,0,0.7262040140708944,0.2737959859291056
1,1,0.018421252464923765,0.9815787475350762
0,0,0.8642345684171352,0.1357654315828648
1,1,0.13153402159230898,0.868465978407691
1,1,0.12386274297736433,0.8761372570226357
0,0,0.9902959554662838,0.009704044533716205
1,1,0.10264986157763967,0.8973501384223603
0,0,0.9255904397093392,0.07440956029066086
1,0,0.7455945348483726,0.25440546515162743
0,0,0.990810174676753,0.009189825323246952
0,0,0.7350167496568099,0.2649832503431902
1,1,0.0955491239723496,0.9044508760276504
0,0,0.9919855519032564,0.008014448096743586
0,0,0.7821358882568983,0.2178641117431017
0,0,0.8501021139020725,0.14989788609792754
0,0,0.9823835432408591,0.0176164567591409
1,1,0.019728299614506617,0.9802717003854934
0,0,0.8837204229396091,0.11627957706039098
1,0,0.9074883168367996,0.09251168316320038
1,1,0.00832018531359191,0.9916798146864081
1,1,0.18675629841603458,0.8132437015839654
1,1,0.006289025660315861,0.9937109743396841
0,1,0.12531130843534,0.87468869156466
1,1,0.019341930498509408,0.9806580695014906
0,0,0.7717406913242801,0.2282593086757198
0,0,0.7555306543767782,0.24446934562322178
1,0,0.7762627445722328,0.22373725542776718
0,1,0.16490813811115357,0.8350918618888464
1,1,0.17711332111904854,0.8228866788809515
0,0,0.9014630947507077,0.09853690524929226
0,0,0.7663672634649027,0.23363273653509728
1,1,0.015560816451717141,0.9844391835482829
0,0,0.7924890090037505,0.20751099099624945
1,1,0.18382246118699597,0.816177538813004
0,0,0.9799354345621876,0.020064565437812418
1,1,0.1801747332555158,0.8198252667444842
1,1,0.10259224260170419,0.8974077573982958
1,0,0.7963578853401598,0.2036421146598401
0,0,0.7675162969680812,0.2324837030319188
1,1,0.008240518041024214,0.9917594819589758
1,0,0.7715203747565444,0.22847962524345558
0,1,0.1387026869636141,0.8612973130363859
1,1,0.019311417106891993,0.980688582893108
1,1,0.015349973256241989,0.984650026743758
1,1,0.11388127659466141,0.8861187234053386
1,0,0.7617021517536335,0.23829784824636643
1,0,0.7800376100209396,0.2199623899790603
1,1,0.022221443928922557,0.9777785560710774
0,0,0.733337317652645,0.266662682347355
0,0,0.8476838223513637,0.15231617764863625
1,1,0.016873122279543185,0.9831268777204568
1,1,0.10923751734723519,0.8907624826527648
0,0,0.8461366367952423,0.15386336320475769
0,0,0.7510027554458497,0.24899724455415026
0,0,0.7694944196075743,0.23050558039242572
0,0,0.8513021377364578,0.14869786226354215
0,0,0.736183058512426,0.26381694148757395
1,1,0.14166922064254706,0.8583307793574529
1,1,0.13412494402023278,0.8658750559797672
1,1,0.07876537637995651,0.9212346236200435
1,1,0.19396265889847564,0.8060373411015244
1,0,0.770616545618163,0.22938345438183705
1,1,0.014924048292083159,0.9850759517079168
1,1,0.16316030825923022,0.8368396917407698
1,1,0.18712417040875362,0.8128758295912464
0,0,0.9899463142917466,0.010053685708253381
0,0,0.6989846827418271,0.3010153172581728
0,0,0.7616186726415978,0.23838132735840226
1,1,0.08702147079786393,0.9129785292021361
0,0,0.7807506510824996,0.21924934891750036
0,0,0.7637477096447356,0.23625229035526435
1,1,0.006087314722545645,0.9939126852774544
1,1,0.017134225166302364,0.9828657748336976
0,0,0.7583384059253847,0.24166159407461527
1,1,0.11384046052179908,0.8861595394782009
0,0,0.7292721612871766,0.2707278387128233
1,1,0.010955919944679149,0.9890440800553209
1,0,0.7319721504900647,0.26802784950993525
1,1,0.14213685367864637,0.8578631463213536
1,1,0.11472536278546364,0.8852746372145364
0,0,0.8595908852487093,0.14040911475129075
0,0,0.7652250149002335,0.23477498509976652
0,0,0.7584198350325608,0.24158016496743923
1,1,0.02045150070310553,0.9795484992968945
0,0,0.9164135469964205,0.08358645300357943
0,0,0.7706062510726907,0.22939374892730935
0,0,0.8260421491370942,0.17395785086290588
1,1,0.23652706760344677,0.7634729323965532
1,1,0.008695688877093821,0.9913043111229062
0,1,0.21639289117522786,0.7836071088247721
1,1,0.10468791261902477,0.8953120873809752
0,0,0.8706131874656234,0.12938681253437653
1,0,0.7469600201198732,0.2530399798801268
0,0,0.8794812611860323,0.12051873881396773
1,1,0.1450130712898472,0.8549869287101528
0,0,0.768309192142804,0.23169080785719592
1,1,0.11323908507027236,0.8867609149297276
0,0,0.9163441538328644,0.08365584616713562
1,0,0.758661908534636,0.241338091465364
0,0,0.8167635245605552,0.18323647543944477
0,0,0.8890902192151485,0.11090978078485146
0,0,0.9352740392650606,0.06472596073493939
1,1,0.1595801274834906,0.8404198725165094
0,0,0.7905290101485294,0.20947098985147067
1,1,0.1847327475804068,0.8152672524195932
0,1,0.07702161384620543,0.9229783861537946
1,1,0.0880085010633227,0.9119914989366773
1,0,0.9042442197581618,0.09575578024183821
1,1,0.17262490208434,0.82737509791566
0,0,0.7639548657661439,0.23604513423385604
0,0,0.7392062613745207,0.2607937386254793
1,1,0.025087829639689696,0.9749121703603103
0,1,0.18813841207995396,0.811861587920046
0,0,0.9204038694213471,0.07959613057865289
1,1,0.2101422803813866,0.7898577196186134
0,0,0.7839888246381784,0.21601117536182157
1,1,0.02680887517535857,0.9731911248246414
0,0,0.7842667192200087,0.21573328077999132
0,0,0.7524832536312562,0.24751674636874374
1,1,0.11324661923929091,0.8867533807607091
1,1,0.17948013389385786,0.8205198661061421
1,1,0.015265762118304882,0.9847342378816951
1,1,0.21719078004335235,0.7828092199566477
0,0,0.7503375397285936,0.24966246027140632
0,0,0.9843268253550025,0.015673174644997564
0,0,0.8664286240477922,0.1335713759522078
0,0,0.8471120074910489,0.15288799250895113
1,1,0.009785394053928198,0.9902146059460718
1,1,0.025315046143034037,0.974684953856966
1,0,0.9012899825221619,0.09871001747783811
0,0,0.7022298514108287,0.2977701485891713
1,1,0.012446648294982765,0.9875533517050172
1,1,0.1250185322741183,0.8749814677258817
1,1,0.19938798692543647,0.8006120130745635
0,0,0.9905610668207793,0.00943893317922077
1,0,0.7704555578452812,0.22954444215471884
0,0,0.9912673831863781,0.008732616813621972
0,0,0.9889709425972818,0.011029057402718194
0,1,0.45201272670780657,0.5479872732921934
1,0,0.7526817873797249,0.2473182126202751
0,0,0.7535618586374409,0.2464381413625592
0,0,0.857630849177096,0.142369150822904
0,0,0.9210138441325895,0.07898615586741053
1,1,0.225895442877021,0.774104557122979
0,0,0.7530415773590053,0.2469584226409947
0,0,0.9928119753695982,0.007188024630401811
1,0,0.74707865829692,0.25292134170307995
1,1,0.1573320548805801,0.8426679451194199
0,0,0.8084391280629318,0.19156087193706814
1,1,0.15720925105947814,0.8427907489405219
1,0,0.7713688536428556,0.2286311463571444
1,1,0.17668163449543972,0.8233183655045603
0,0,0.7663359055768584,0.23366409442314165
1,1,0.11928129503032703,0.880718704969673
1,1,0.006890525720858354,0.9931094742791416
0,0,0.7636934984736228,0.23630650152637717
1,1,0.011802045243449966,0.98819795475655
1,0,0.757000482867991,0.242999517132009
0,0,0.8462496400822409,0.1537503599177591
1,0,0.7595627585840239,0.24043724141597617
1,1,0.22662801549026734,0.7733719845097327
0,0,0.8893671628415731,0.11063283715842687
1,1,0.1786416014187463,0.8213583985812537
1,1,0.19842486819066008,0.8015751318093399
0,0,0.7849841362341243,0.2150158637658757
0,1,0.21041748145729144,0.7895825185427086
0,1,0.11597790878927872,0.8840220912107213
1,0,0.7809991728399396,0.21900082716006045
0,0,0.7262892213648302,0.27371077863516985
0,1,0.1701494433715698,0.8298505566284302
0,0,0.990596953459927,0.009403046540072985
0,0,0.9900737076105736,0.009926292389426475
0,0,0.7594542404480336,0.2405457595519665
0,0,0.8674999635885632,0.1325000364114368
1,1,0.022957920075128202,0.9770420799248718
1,1,0.15435885816997086,0.8456411418300291
0,0,0.94746642203597,0.052533577964029986
0,0,0.7644729979036624,0.2355270020963376
1,1,0.1613831745536547,0.8386168254463453
1,1,0.11542694067776982,0.8845730593222302
0,0,0.748500406247371,0.251499593752629
1,1,0.12220334317413029,0.8777966568258697
1,1,0.07657114034385304,0.923428859656147
1,0,0.8360707723258352,0.16392922767416487
0,0,0.9445241520729859,0.055475847927014085
1,1,0.17715345406359018,0.8228465459364098
1,0,0.8304804626322775,0.16951953736772257
1,1,0.022628989118738452,0.9773710108812615
1,1,0.01978756799704673,0.9802124320029533
1,0,0.7739069782512437,0.2260930217487563
1,1,0.14392105135463318,0.8560789486453668
1,0,0.7756282040468268,0.2243717959531733
1,1,0.006558120657812805,0.9934418793421872
1,1,0.006535128388392097,0.9934648716116079
1,1,0.17760567238856972,0.8223943276114303
1,1,0.021386151685712784,0.9786138483142872
0,0,0.8074379772062114,0.19256202279378867
1,1,0.013641569887063665,0.9863584301129363
1,0,0.8997762486057972,0.10022375139420285
0,0,0.8276553041044655,0.1723446958955345
0,0,0.8364912913560633,0.1635087086439367
1,0,0.7304209360811372,0.26957906391886277
1,1,0.12803251441123842,0.8719674855887616
0,0,0.7451197644004937,0.2548802355995063
1,1,0.15085115931240756,0.8491488406875924
1,1,0.15205287029920667,0.8479471297007933
0,0,0.7084032537848186,0.29159674621518133
1,1,0.12715262357176016,0.8728473764282398
0,0,0.9891098287664216,0.010890171233578431
1,1,0.11121906898442657,0.8887809310155734
1,1,0.14924083075654904,0.850759169243451
1,1,0.01982617216046023,0.9801738278395398
0,0,0.9877735840251135,0.012226415974886475
0,0,0.7020914052670914,0.29790859473290865
1,0,0.7703717648195314,0.22962823518046865
0,0,0.7978493022012856,0.2021506977987144
0,0,0.98855140757614,0.01144859242386002
1,1,0.1597400950416651,0.8402599049583349
1,1,0.02808469180623019,0.9719153081937698
0,0,0.9916571134564407,0.008342886543559294
1,1,0.12002687981868743,0.8799731201813126
0,1,0.1589338707563941,0.8410661292436059
0,0,0.8214263612119063,0.17857363878809376
0,0,0.897738845809787,0.10226115419021303
1,1,0.15063470395659084,0.8493652960434092
1,1,0.012542256723721112,0.9874577432762789
0,0,0.7790062410601282,0.2209937589398719
1,1,0.019485282905497447,0.9805147170945026
1,0,0.7966251583413582,0.20337484165864184
0,0,0.756354603118073,0.24364539688192693
0,0,0.9269380032456317,0.07306199675436831
1,0,0.8385540252317067,0.16144597476829328
1,0,0.7633875986383574,0.23661240136164266
0,0,0.9931633045533538,0.006836695446646204
1,1,0.13569176210328426,0.8643082378967157
1,1,0.008355778942569003,0.991644221057431
0,0,0.7656512399797231,0.234348760020277
1,1,0.1580261273752941,0.8419738726247059
1,0,0.7473167344844098,0.2526832655155901
0,0,0.8118928075555131,0.1881071924444869
1,0,0.7404694858724921,0.2595305141275079
0,0,0.7610781158899157,0.23892188411008428
1,0,0.7741464202257975,0.22585357977420245
0,0,0.7683349311678409,0.23166506883215912
0,0,0.8647881351145672,0.13521186488543285
1,1,0.009764769122082462,0.9902352308779175
0,0,0.7332765666384766,0.2667234333615234
0,0,0.9902257666649997,0.009774233335000234
0,0,0.743203995977154,0.25679600402284597
0,0,0.9142426918735864,0.08575730812641359
1,0,0.9177808635843622,0.08221913641563786
0,0,0.741912513887866,0.25808748611213395
1,1,0.02065244192721616,0.9793475580727838
1,1,0.19076878656122698,0.809231213438773
1,1,0.019534729187462574,0.9804652708125374
1,1,0.07316689112447405,0.926833108875526
1,1,0.00876261533894973,0.9912373846610503
0,0,0.98575693057654,0.014243069423459952
0,0,0.8995798628747262,0.10042013712527373
0,0,0.7700704856149334,0.2299295143850666
1,1,0.1806962400418507,0.8193037599581493
0,1,0.1583351247484821,0.8416648752515179
0,1,0.47738531598562406,0.5226146840143759
0,0,0.9927551047010215,0.0072448952989785384
0,0,0.9894928425404739,0.010507157459526099
1,1,0.11445584263681208,0.8855441573631879
0,0,0.9930190722015696,0.006980927798430429
1,1,0.12207946701290473,0.8779205329870953
1,1,0.17347510929410404,0.826524890705896
1,1,0.01998706857680188,0.9800129314231981
0,0,0.8985216454290389,0.1014783545709611
1,1,0.015487183861486509,0.9845128161385135
0,0,0.8403344626635972,0.1596655373364028
1,1,0.0053780776077522185,0.9946219223922478
0,0,0.9926703601654081,0.007329639834591902
0,0,0.8369071903134351,0.16309280968656498
1,1,0.2392735735845889,0.7607264264154111
0,0,0.9890817645994285,0.010918235400571453
0,0,0.9924072857135801,0.007592714286419924
1,0,0.7647604265771776,0.2352395734228224
1,1,0.01653512808188695,0.983464871918113
1,1,0.12553165731832028,0.8744683426816797
1,1,0.013002839157192136,0.9869971608428079
0,0,0.7170574677619102,0.2829425322380898
1,1,0.12882574733354102,0.871174252666459
0,0,0.9240991867884516,0.07590081321154836
1,1,0.006541074388979218,0.9934589256110208
0,0,0.9218881582182434,0.07811184178175659
0,0,0.9911731263937689,0.008826873606231082
0,1,0.1212509342843281,0.8787490657156719
1,1,0.19348775569015852,0.8065122443098415
1,1,0.15566215321823207,0.8443378467817679
0,0,0.8288612170317021,0.1711387829682979
1,1,0.03258771908035474,0.9674122809196453
0,0,0.8466135179798687,0.1533864820201313
1,1,0.10835080920125206,0.8916491907987479
0,0,0.7794904288165754,0.22050957118342465
0,0,0.9822596976737432,0.017740302326256733
1,1,0.015445344229030433,0.9845546557709696
1,1,0.13769780857848835,0.8623021914215117
1,1,0.12775926404513582,0.8722407359548642
0,0,0.7714621757570168,0.22853782424298325
0,0,0.8587384039807021,0.14126159601929789
1,1,0.19821874941297335,0.8017812505870267
0,0,0.7676536831316767,0.23234631686832333
1,1,0.21179971715588664,0.7882002828441134
0,0,0.8577572410384304,0.14224275896156957
0,0,0.8458979746422244,0.15410202535777567
0,0,0.7680298713705819,0.2319701286294181
0,1,0.12847324645031166,0.8715267535496883
0,0,0.814145222848405,0.1858547771515951
0,0,0.9822434261788354,0.017756573821164585
1,1,0.19465973907649303,0.805340260923507
1,1,0.0131263060551714,0.9868736939448286
1,1,0.10425617944727394,0.8957438205527261
0,0,0.7663963096449864,0.2336036903550136
0,0,0.8872466211778488,0.11275337882215124
0,0,0.7618494120514216,0.2381505879485783
0,0,0.7676911451745432,0.23230885482545688
1,0,0.7873348173627865,0.2126651826372135
1,1,0.1260507440144718,0.8739492559855282
1,1,0.10687057673016487,0.8931294232698351
1,1,0.09944335516335434,0.9005566448366457
0,0,0.8828803251816008,0.11711967481839929
1,1,0.015939671030456792,0.9840603289695432
0,0,0.7727800662184061,0.22721993378159394
0,0,0.7720494490834633,0.2279505509165367
0,0,0.8484835447133041,0.15151645528669594
0,0,0.8006996769597245,0.1993003230402755
0,0,0.8659399966347301,0.13406000336526994
0,0,0.9155319550913219,0.08446804490867815
1,1,0.006904693641088255,0.9930953063589117
1,0,0.881713366831756,0.11828663316824395
0,0,0.7663720241166929,0.23362797588330705
0,0,0.9899337873878907,0.010066212612109307
0,0,0.6697761425817954,0.33022385741820465
0,0,0.7290523989273907,0.2709476010726093
0,0,0.7834399756137369,0.2165600243862631
1,1,0.1560735239915746,0.8439264760084254
0,0,0.7386442497173022,0.2613557502826978
0,1,0.21512385130048195,0.784876148699518
0,0,0.7176425819877519,0.2823574180122481
1,1,0.012869181581326883,0.9871308184186731
0,0,0.7352124484999849,0.26478755150001515
0,0,0.7669684647037754,0.23303153529622458
1,1,0.1177570946865637,0.8822429053134363
0,0,0.7638621837682565,0.23613781623174346
1,1,0.17577042126427145,0.8242295787357286
1,1,0.026299904055283263,0.9737000959447167
0,0,0.7685934811035456,0.23140651889645436
1,1,0.020599256646770314,0.9794007433532297
1,1,0.01981491220043674,0.9801850877995633
1,1,0.011158772219304836,0.9888412277806952
0,0,0.8783204766516698,0.12167952334833024
1,1,0.02820128126817012,0.9717987187318299
0,1,0.1401137880100537,0.8598862119899463
1,1,0.010160468057239247,0.9898395319427608
1,1,0.11657268521004949,0.8834273147899505
1,1,0.012192098978015209,0.9878079010219848
0,0,0.7512350215788461,0.2487649784211539
0,0,0.8762302888468125,0.12376971115318743
0,1,0.19175765486214735,0.8082423451378526
0,0,0.8734515128361966,0.12654848716380335
0,0,0.7229428294315376,0.2770571705684623
1,1,0.14901597007860368,0.8509840299213963
0,0,0.9876942328915356,0.012305767108464373
1,1,0.1442081836908723,0.8557918163091277
1,1,0.16825679059639376,0.8317432094036062
0,0,0.9200379656879455,0.07996203431205451
0,0,0.7838522310907533,0.21614776890924667
1,1,0.07669640084535467,0.9233035991546453
0,0,0.8573262075467016,0.14267379245329834
1,1,0.14120243638490826,0.8587975636150917
0,1,0.22347117103853364,0.7765288289614664
1,1,0.024324147554302344,0.9756758524456977
1,1,0.23688292806937827,0.7631170719306217
1,1,0.16854212558714854,0.8314578744128515
0,0,0.9059215401354571,0.09407845986454286
0,0,0.9153634461783744,0.08463655382162562
0,0,0.8647833554434781,0.135216644556522
0,0,0.7851549867908676,0.21484501320913246
1,1,0.015919677809120958,0.984080322190879
1,1,0.15473384427980874,0.8452661557201913
0,1,0.17645238615326253,0.8235476138467375
0,0,0.7599424984759334,0.24005750152406655
1,1,0.14067182756549879,0.8593281724345012
1,1,0.042242450804869436,0.9577575491951306
1,1,0.015618176761767244,0.9843818232382328
0,0,0.8298318902041628,0.17016810979583716
0,0,0.7879938977126717,0.21200610228732836
1,1,0.013606852540758885,0.9863931474592411
0,0,0.7730629772412557,0.22693702275874425
0,0,0.8920177316525131,0.10798226834748686
0,0,0.8575596248491936,0.14244037515080643
1,1,0.018504300415868924,0.9814956995841311
0,0,0.9891018311518593,0.010898168848140707
0,0,0.8350082088078574,0.16499179119214258
1,0,0.9227874125997703,0.07721258740022978
0,0,0.9368085355191563,0.06319146448084365
0,0,0.8058427786947082,0.19415722130529173
1,1,0.1517306138316541,0.8482693861683459
1,1,0.009524645884010363,0.9904753541159896
1,1,0.017829077312014885,0.9821709226879851
1,1,0.02035564962894032,0.9796443503710597
1,1,0.15397154862451712,0.8460284513754829
1,0,0.8424391371265969,0.15756086287340315
1,1,0.005286496169422117,0.9947135038305779
1,1,0.1917490955429012,0.8082509044570988
1,0,0.7657829374186289,0.23421706258137107
1,1,0.01216607622368393,0.9878339237763161
0,0,0.8654847902557254,0.1345152097442745
0,0,0.8699169510913061,0.13008304890869388
1,1,0.1839652164906741,0.8160347835093259
0,0,0.844536439412013,0.155463560587987
0,1,0.15252165226681358,0.8474783477331864
1,1,0.15347162456642405,0.846528375433576
1,1,0.16533008962817908,0.8346699103718209
1,1,0.02160064240338677,0.9783993575966132
0,0,0.8537590227595724,0.14624097724042764
1,1,0.00645982662304001,0.99354017337696
1,1,0.018526454362241762,0.9814735456377582
0,0,0.779627786397235,0.22037221360276504
0,1,0.19863100270825695,0.801368997291743
1,1,0.1844558782448268,0.8155441217551732
0,0,0.7703245034556454,0.22967549654435462
0,0,0.7478843272763103,0.2521156727236897
1,1,0.008485953631264809,0.9915140463687352
0,0,0.7788188631064553,0.2211811368935447
0,1,0.006627395793276758,0.9933726042067232
0,0,0.8492262335658434,0.15077376643415658
1,1,0.17651430154832348,0.8234856984516765
1,0,0.767887164068994,0.23211283593100593
0,0,0.8484200880055258,0.15157991199447418
0,0,0.9066846853104191,0.09331531468958089
0,0,0.7736201268088965,0.2263798731911036
0,0,0.8328433761173845,0.1671566238826155
1,1,0.06905397528765467,0.9309460247123453
0,0,0.8048759735649405,0.19512402643505952
0,0,0.8928394629040315,0.10716053709596857
1,1,0.1346980603902479,0.8653019396097521
0,0,0.7683286762897478,0.2316713237102522
0,0,0.7266514665678896,0.27334853343211035
0,1,0.12420645717652457,0.8757935428234754
0,0,0.8467081819330394,0.15329181806696057
1,1,0.2182459672442364,0.7817540327557636
0,1,0.1552945568982842,0.8447054431017158
1,1,0.019922705204209024,0.980077294795791
0,0,0.7396655736547497,0.26033442634525034
1,1,0.022871103358564127,0.9771288966414359
0,0,0.75395478830919,0.24604521169080998
1,1,0.1286628518371682,0.8713371481628318
1,0,0.6757845829641209,0.324215417035879
0,1,0.11335637193009052,0.8866436280699095
0,0,0.8578874833734802,0.14211251662651977
0,0,0.7954991533954087,0.2045008466045913
0,1,0.1550780056103458,0.8449219943896542
1,1,0.024156435265700327,0.9758435647342997
0,0,0.8257125315908764,0.17428746840912362
1,0,0.7204130025618891,0.2795869974381109
1,1,0.018927023215478123,0.9810729767845219
0,1,0.1490828263333489,0.8509171736666511
1,1,0.17837454823062904,0.821625451769371
0,0,0.7593770942495086,0.2406229057504914
1,0,0.6722986206804494,0.32770137931955057
0,0,0.7459177275882407,0.25408227241175935
0,0,0.7826579007796473,0.2173420992203528
0,0,0.8798659700452797,0.12013402995472029
1,1,0.13328349271922524,0.8667165072807748
0,0,0.9745008593849805,0.025499140615019428
1,1,0.19415845582243596,0.805841544177564
0,0,0.7750114589483951,0.22498854105160496
1,1,0.04395700859602614,0.9560429914039739
0,0,0.9932172059267873,0.006782794073212739
0,1,0.10592524780007018,0.8940747521999298
1,1,0.02237081829073262,0.9776291817092674
0,0,0.77760089461725,0.22239910538275
0,0,0.7874448539136002,0.21255514608639983
1,0,0.7329674321117838,0.26703256788821617
1,1,0.1280657855407944,0.8719342144592056
1,1,0.020301265704195437,0.9796987342958046
0,0,0.763428940630989,0.23657105936901104
1,1,0.20159525601287054,0.7984047439871295
1,0,0.7724515683622226,0.22754843163777733
0,0,0.7737648273185905,0.22623517268140947
1,1,0.14770373887367516,0.8522962611263248
1,1,0.005758517686295983,0.994241482313704
1,1,0.017089995295123783,0.9829100047048762
0,0,0.9907531128623019,0.009246887137698091
0,1,0.1753903153829922,0.8246096846170078
1,1,0.2067626697995738,0.7932373302004262
1,1,0.0064995962170800725,0.9935004037829199
0,0,0.764441632460036,0.23555836753996398
1,1,0.16281844402501133,0.8371815559749887
1,1,0.2057783219631114,0.7942216780368886
0,0,0.8488776996873094,0.15112230031269056
0,0,0.7510109116566559,0.24898908834334407
0,0,0.8657065238687882,0.13429347613121173
1,1,0.1348542240972369,0.8651457759027631
1,1,0.20192797705584342,0.7980720229441566
0,0,0.7805867406517948,0.21941325934820524
1,1,0.150914682421336,0.849085317578664
0,0,0.986776855788341,0.013223144211659035
1,1,0.19970037318299505,0.800299626817005
1,1,0.15776369568373527,0.8422363043162647
1,1,0.09964571901912256,0.9003542809808774
1,1,0.17414631161602734,0.8258536883839727
0,0,0.9903704935047305,0.009629506495269549
0,0,0.9646216996089894,0.035378300391010586
1,1,0.14211210403263175,0.8578878959673683
0,0,0.8717823827450233,0.12821761725497668
0,0,0.7576733789915547,0.24232662100844526
1,1,0.16399907009047243,0.8360009299095276
0,0,0.749460953362429,0.250539046637571
0,0,0.8879971518128864,0.11200284818711354
1,0,0.7732491056713008,0.2267508943286992
0,0,0.7347166996650174,0.2652833003349826
0,0,0.991270970338385,0.008729029661615045
1,0,0.7685389866809487,0.23146101331905128
1,0,0.7580510933039284,0.24194890669607155
0,0,0.908856746452707,0.09114325354729307
1,1,0.17728683479554408,0.8227131652044559
0,0,0.7553372041521174,0.2446627958478826
1,1,0.02303266022281547,0.9769673397771845
0,0,0.771049293322543,0.22895070667745698
0,0,0.7533178198599761,0.24668218014002388
0,0,0.9946329213977596,0.005367078602240416
1,0,0.6785829865295776,0.3214170134704224
1,1,0.13040423062872253,0.8695957693712775
0,0,0.757083615156613,0.24291638484338698
1,0,0.7874445085348696,0.21255549146513036
0,0,0.8989116850658213,0.10108831493417869
1,1,0.15032646153637597,0.849673538463624
0,0,0.7508691789231787,0.24913082107682122
1,1,0.1536831722399522,0.8463168277600478
0,0,0.8610805381834794,0.13891946181652062
0,0,0.8455665833609846,0.15443341663901544
0,0,0.9831424102021754,0.016857589797824597
0,0,0.9613648274006464,0.038635172599353604
0,1,0.15419285747609035,0.8458071425239096
0,0,0.8858604668291882,0.11413953317081178
1,1,0.16845202778088875,0.8315479722191113
1,1,0.006704378864048288,0.9932956211359517
0,0,0.8891479722332669,0.11085202776673304
0,0,0.8377385729730707,0.16226142702692925
1,1,0.2164568238134955,0.7835431761865045
0,0,0.7517077596430901,0.24829224035690994
1,1,0.17811949903564628,0.8218805009643537
1,1,0.15205327993283946,0.8479467200671605
1,0,0.7607100580025028,0.23928994199749726
0,1,0.18377977668475953,0.8162202233152405
0,0,0.9869452450461412,0.013054754953858747
0,0,0.8471943211552915,0.15280567884470847
0,0,0.7715131075566962,0.22848689244330378
0,0,0.7732969314513546,0.22670306854864544
1,1,0.17423212652550168,0.8257678734744983
0,0,0.8809141983438696,0.11908580165613039
0,0,0.9911018654538231,0.008898134546176936
1,1,0.11353547644615025,0.8864645235538497
1,1,0.15445193196007334,0.8455480680399267
1,1,0.16623625851361779,0.8337637414863822
1,1,0.019664937522027137,0.9803350624779729
1,1,0.11741248705949747,0.8825875129405025
1,0,0.7135886254350658,0.28641137456493415
1,1,0.16784892507664972,0.8321510749233503
1,1,0.009902058109003242,0.9900979418909968
0,0,0.7797964683105828,0.22020353168941723
0,0,0.9184629057637201,0.08153709423627983
0,0,0.7538336744042529,0.2461663255957471
1,1,0.05290203148241979,0.9470979685175802
0,0,0.8439111434135289,0.1560888565864711
1,1,0.06293862663034855,0.9370613733696515
0,0,0.747809196145306,0.25219080385469395
1,1,0.08850234327930828,0.9114976567206917
1,0,0.7537834751600481,0.24621652483995188
1,0,0.8355691308920783,0.16443086910792165
0,0,0.864587744282673,0.13541225571732693
1,0,0.752234364713127,0.247765635286873
0,0,0.8613120156769187,0.13868798432308133
1,1,0.1010549518226671,0.8989450481773329
0,0,0.992588741090191,0.007411258909809034
1,1,0.1233662803374157,0.8766337196625843
0,0,0.9482175098066318,0.05178249019336821
0,0,0.9866402250997098,0.013359774900290201
0,0,0.7732303957502736,0.2267696042497264
1,1,0.006277262223712499,0.9937227377762875
1,1,0.13118482576217072,0.8688151742378293
0,0,0.7495613677318542,0.2504386322681457
1,1,0.013889603642163406,0.9861103963578366
1,1,0.1564314982375028,0.8435685017624972
0,0,0.7501100891505754,0.24988991084942458
0,0,0.7787885219702662,0.2212114780297338
0,0,0.8724099750707035,0.12759002492929644
1,1,0.16087227170813256,0.8391277282918674
0,0,0.8521164149043781,0.14788358509562197
0,0,0.7976962340586795,0.20230376594132055
0,0,0.8301765759143535,0.16982342408564657
0,0,0.8351665443981362,0.16483345560186374
0,0,0.7659451975869058,0.23405480241309418
0,0,0.9497576422440179,0.05024235775598202
1,1,0.14514692963591025,0.8548530703640898
1,1,0.20597270461634543,0.7940272953836546
1,1,0.022623734835998,0.977376265164002
0,0,0.992174260370055,0.007825739629945018
0,0,0.8516882397365481,0.1483117602634519
1,1,0.009069598559379055,0.990930401440621
1,1,0.24708384391703786,0.7529161560829621
1,1,0.19960407909032196,0.800395920909678
1,1,0.009095983343503034,0.990904016656497
0,1,0.17618700328376236,0.8238129967162376
1,0,0.6148790253100564,0.38512097468994355
0,0,0.7767118187877651,0.22328818121223487
1,1,0.18506008923445882,0.8149399107655412
0,0,0.7589983605947546,0.2410016394052454
0,0,0.9866083570111911,0.013391642988808858
1,1,0.023341766563166444,0.9766582334368336
0,0,0.7784937217506609,0.22150627824933908
1,1,0.024174521826921258,0.9758254781730787
0,0,0.8479266973821035,0.15207330261789656
1,1,0.07827923486604182,0.9217207651339582
1,1,0.1600802499607411,0.8399197500392589
0,0,0.9850967592042943,0.0149032407957057
0,0,0.880956820356587,0.11904317964341304
1,1,0.02016538320269623,0.9798346167973038
1,0,0.9073777248750647,0.09262227512493525
0,0,0.8112978178203784,0.18870218217962165
0,0,0.9911467358409249,0.008853264159075112
1,1,0.17977734405268087,0.8202226559473191
0,1,0.19390643431831212,0.8060935656816879
0,0,0.9128222369632815,0.08717776303671848
1,1,0.004733338984339475,0.9952666610156605
1,0,0.7998678371556109,0.20013216284438903
1,1,0.22044085206510922,0.7795591479348908
1,0,0.7641468030147389,0.23585319698526114
0,0,0.9873291038710323,0.012670896128967638
1,1,0.012888690859081953,0.987111309140918
1,1,0.17050487172816364,0.8294951282718364
1,1,0.13553691335259155,0.8644630866474085
0,0,0.8281192268147448,0.1718807731852552
0,0,0.8595458860054743,0.14045411399452573
0,0,0.8039263009305456,0.19607369906945435
0,0,0.7684694092508998,0.23153059074910023
1,1,0.04435882455740314,0.9556411754425969
0,0,0.8234447907508103,0.17655520924918963
1,1,0.10701572240160662,0.8929842775983934
0,0,0.9349446837914723,0.06505531620852771
1,1,0.18590038092374184,0.8140996190762582
1,1,0.24615600402265347,0.7538439959773465
1,0,0.7854739301370212,0.2145260698629788
0,0,0.7610871176512378,0.23891288234876218
1,0,0.7633450842195055,0.23665491578049444
0,0,0.9921452473474042,0.00785475265259586
1,1,0.14651997101721792,0.8534800289827821
0,0,0.7773791118652825,0.22262088813471745
0,0,0.7404395145664464,0.25956048543355353
0,0,0.9891805438749658,0.01081945612503422
1,1,0.015828020454812908,0.9841719795451871
1,1,0.13320409556863555,0.8667959044313645
1,1,0.1645953464076162,0.8354046535923838
0,0,0.7454275362322935,0.25457246376770654
1,1,0.1612967882348013,0.8387032117651987
0,0,0.8557178543437747,0.14428214565622538
1,1,0.1654152199737854,0.8345847800262146
1,0,0.7639578928884199,0.23604210711158014
0,0,0.7394941143037493,0.26050588569625066
1,1,0.16189472084797507,0.8381052791520249
0,0,0.740106626148414,0.25989337385158595
1,1,0.12674519064797607,0.8732548093520239
0,0,0.8661838686640997,0.13381613133590028
1,0,0.7469305658357843,0.2530694341642156
1,1,0.20939961273676877,0.7906003872632312
1,0,0.7466402707838196,0.25335972921618044
0,0,0.843472202865931,0.15652779713406892
0,0,0.6809725708423531,0.319027429157647
1,1,0.1426077767795132,0.8573922232204868
0,0,0.8241344663345834,0.1758655336654166
0,0,0.7569403597195037,0.24305964028049631
0,0,0.8802076281829072,0.11979237181709279
0,0,0.7216348765703333,0.27836512342966674
1,1,0.18685969013310455,0.8131403098668954
0,0,0.903710327988162,0.09628967201183808
0,0,0.7198500343591197,0.2801499656408804
1,1,0.020661199354598536,0.9793388006454015
0,0,0.9918405048858953,0.008159495114104789
1,1,0.14835980250843728,0.8516401974915627
1,1,0.03171349928803002,0.96828650071197
0,0,0.9857409131600343,0.014259086839965714
0,0,0.7714439589242894,0.22855604107571065
0,1,0.19145363914961722,0.8085463608503828
0,0,0.993444198253655,0.006555801746344946
1,1,0.10805056203172225,0.8919494379682777
0,0,0.9384549435584375,0.061545056441562475
0,0,0.8339105498962232,0.1660894501037768
0,0,0.7806113335696231,0.2193886664303769
1,1,0.12610298356219174,0.8738970164378083
1,1,0.21317380113101825,0.7868261988689818
0,0,0.75594277419174,0.24405722580825995
0,1,0.1594991701985934,0.8405008298014066
1,1,0.2640764826673244,0.7359235173326756
0,0,0.8830737125109988,0.11692628748900122
0,0,0.8756381625457034,0.12436183745429662
0,0,0.8979075587591698,0.10209244124083017
0,0,0.8014068232046261,0.19859317679537394
0,0,0.9913378903588105,0.00866210964118954
0,0,0.8769563793048281,0.12304362069517198
1,1,0.00842236124800888,0.9915776387519911
1,1,0.00873303110768553,0.9912669688923145
0,0,0.8329664661786822,0.1670335338213178
1,1,0.08765400888772545,0.9123459911122745
0,0,0.808769714320194,0.19123028567980604
1,0,0.8410959263969947,0.1589040736030053
1,1,0.16102384794713354,0.8389761520528665
1,1,0.10802034340358924,0.8919796565964108
1,1,0.014074734794078947,0.985925265205921
0,0,0.8611021864671785,0.13889781353282152
0,0,0.7640343437686052,0.2359656562313948
0,0,0.8484245616071321,0.1515754383928679
0,0,0.7368518655945349,0.2631481344054652
0,0,0.8316737100767623,0.16832628992323773
0,0,0.9905144338187728,0.009485566181227175
1,1,0.14560317252658728,0.8543968274734127
1,1,0.011443799880876626,0.9885562001191234
1,1,0.1461558638809468,0.8538441361190532
0,0,0.7769390084077744,0.22306099159222562
1,1,0.1609489126985043,0.8390510873014957
0,0,0.9894241173468734,0.010575882653126631
1,1,0.16451560172935598,0.835484398270644
0,0,0.9913152636704186,0.008684736329581489
0,0,0.9910485553991533,0.008951444600846733
1,1,0.14695011105465916,0.8530498889453408
0,0,0.8716971087318766,0.12830289126812347
0,1,0.18780521439198483,0.8121947856080152
1,1,0.1149972114147686,0.8850027885852314
1,1,0.012149980286898954,0.987850019713101
1,0,0.7162042096207303,0.2837957903792697
1,1,0.07077760730445892,0.9292223926955411
0,0,0.7450104088931719,0.254989591106828
1,0,0.7372076396012703,0.2627923603987296
1,1,0.1319772743624904,0.8680227256375096
0,0,0.739327795260031,0.26067220473996905
1,1,0.17089329645405893,0.8291067035459411
0,1,0.33523043114122675,0.6647695688587733
0,0,0.7698524022141907,0.2301475977858093
1,1,0.15933453758638838,0.8406654624136116
0,0,0.9436886633076935,0.05631133669230648
1,1,0.1617883021887444,0.8382116978112556
0,0,0.9925394877268351,0.0074605122731649385
1,1,0.11884343738842296,0.881156562611577
0,0,0.7838136589317518,0.2161863410682482
1,1,0.2102319278766247,0.7897680721233753
0,0,0.9918298543042631,0.008170145695736979
1,1,0.22727041874704357,0.7727295812529564
1,1,0.12242302986344422,0.8775769701365558
0,0,0.7578963430895294,0.2421036569104707
1,1,0.006608148748217801,0.9933918512517822
0,0,0.785416672916206,0.21458332708379407
1,1,0.1755077627285233,0.8244922372714767
0,1,0.16601698670468157,0.8339830132953184
1,1,0.010579226230845729,0.9894207737691543
1,1,0.013560208884532465,0.9864397911154675
1,1,0.014515149633479107,0.9854848503665209
0,0,0.7869004958838346,0.21309950411616538
0,0,0.9904350798780153,0.009564920121984762
0,0,0.8138895870431899,0.18611041295681005
0,0,0.7574606475304918,0.24253935246950817
0,0,0.873092573523973,0.1269074264760271
0,0,0.892775704629756,0.10722429537024408
1,1,0.1488112615416758,0.8511887384583242
0,0,0.7941552454936882,0.20584475450631173
1,1,0.013164084011145105,0.9868359159888549
0,0,0.7587856935713837,0.24121430642861635
0,1,0.13399174746777065,0.8660082525322294
0,0,0.743870474752858,0.2561295252471421
0,0,0.7347813158652697,0.26521868413473026
1,1,0.17562978917098315,0.8243702108290168
0,0,0.8575229444877711,0.14247705551222886
0,0,0.7488863847872134,0.2511136152127866
1,1,0.173313366901101,0.826686633098899
0,0,0.7955095272209071,0.20449047277909294
0,0,0.75332618292302,0.24667381707698
1,1,0.11714494193969249,0.8828550580603075
0,0,0.9924720237298146,0.0075279762701853685
0,0,0.8637869776630894,0.13621302233691054
1,1,0.006698335892241003,0.993301664107759
0,0,0.8007898785163696,0.19921012148363035
0,0,0.7276092211995128,0.27239077880048723
1,1,0.19184375056190073,0.8081562494380993
0,0,0.9925856077490773,0.007414392250922655
0,0,0.9914700749539548,0.008529925046045245
0,0,0.7646794808327948,0.2353205191672052
0,1,0.1123665859065458,0.8876334140934542
1,1,0.010299355591926407,0.9897006444080736
0,0,0.7579322195879724,0.24206778041202756
0,0,0.8300267171138306,0.1699732828861694
0,0,0.7856852080709003,0.21431479192909972
1,1,0.0137282995467094,0.9862717004532906
0,0,0.7657927136888499,0.23420728631115006
1,1,0.13265703558369013,0.8673429644163099
0,0,0.9852536105731985,0.014746389426801473
0,0,0.8262396550362876,0.17376034496371243
1,1,0.026163701376762938,0.9738362986232371
0,0,0.8254427950126828,0.17455720498731714
0,0,0.768680247780917,0.23131975221908294
0,0,0.7556507939511656,0.24434920604883437
0,0,0.7564986225576947,0.24350137744230524
1,1,0.21555259991534714,0.7844474000846529
1,1,0.11570305420042737,0.8842969457995726
0,0,0.7646242543175044,0.2353757456824956
1,1,0.01463529814054687,0.9853647018594531
1,1,0.1156238546828684,0.8843761453171316
1,1,0.015828448498492187,0.9841715515015078
0,0,0.8835408374478069,0.11645916255219309
1,1,0.17845704868421675,0.8215429513157833
0,0,0.9117079780062645,0.08829202199373559
0,0,0.7581316304644478,0.24186836953555224
0,0,0.724045574472032,0.275954425527968
0,0,0.765447193814443,0.23455280618555696
1,1,0.14679424639049177,0.8532057536095082
0,0,0.9163247635924948,0.0836752364075052
1,1,0.03139061172121216,0.9686093882787878
0,0,0.7574478083959696,0.24255219160403038
0,0,0.7484885811136084,0.2515114188863916
0,0,0.8652866863782098,0.1347133136217902
1,1,0.014991099062295565,0.9850089009377044
0,0,0.7950602042873306,0.20493979571266938
1,1,0.02444298431583991,0.9755570156841601
0,0,0.9152864432888838,0.08471355671111626
0,0,0.752653742784014,0.24734625721598602
1,1,0.10520679713148917,0.8947932028685108
1,1,0.025698339100873158,0.9743016608991268
0,0,0.7482727700345826,0.25172722996541735
1,1,0.16185331354786936,0.8381466864521306
1,1,0.017339595189573176,0.9826604048104268
1,1,0.1585143315164338,0.8414856684835662
0,0,0.9908986212250761,0.009101378774923917
1,1,0.03079114347203704,0.969208856527963
0,0,0.7794983562618538,0.22050164373814615
0,1,0.1855111422989334,0.8144888577010666
0,0,0.8705995708715445,0.1294004291284555
1,0,0.7594744362334659,0.2405255637665341
0,0,0.78614055883434,0.21385944116566008
1,1,0.017614958773515932,0.9823850412264841
0,0,0.8391392408810487,0.1608607591189513
0,1,0.15195070701203828,0.8480492929879617
0,0,0.8797529131331543,0.12024708686684568
1,1,0.08219707760302541,0.9178029223969746
0,0,0.7450496611630609,0.25495033883693907
0,0,0.7830112554140202,0.2169887445859798
0,1,0.07247478921301576,0.9275252107869842
1,1,0.05908044770777088,0.9409195522922291
0,0,0.7947883267969272,0.20521167320307274
0,0,0.7945046218028203,0.20549537819717964
1,1,0.1555959469492324,0.8444040530507676
1,0,0.7691728475955852,0.2308271524044147
1,1,0.12463402298046855,0.8753659770195314
1,1,0.17245046522436203,0.827549534775638
0,0,0.9040185466442601,0.0959814533557399
1,1,0.17939999755824954,0.8206000024417505
1,0,0.8504956206988832,0.14950437930111685
0,0,0.8648314963159818,0.13516850368401828
0,0,0.7982199661186551,0.2017800338813449
1,1,0.16983096369018225,0.8301690363098178
0,0,0.7822527994985984,0.21774720050140162
1,0,0.7867672293466749,0.2132327706533251
0,0,0.9258981327334266,0.07410186726657343
1,1,0.009202613393053838,0.9907973866069462
0,0,0.9869821849607139,0.013017815039286137
1,1,0.1598148942061789,0.8401851057938211
0,0,0.7535098515980482,0.2464901484019518
0,0,0.8065962484640534,0.19340375153594652
1,1,0.19468112848895358,0.8053188715110464
0,0,0.7328675792917103,0.2671324207082897
0,0,0.9922673467597128,0.007732653240287184
0,0,0.773417621416201,0.226582378583799
0,0,0.7756285123569406,0.22437148764305936
1,0,0.7715692881972676,0.2284307118027325
0,0,0.7687035230730481,0.23129647692695193
0,0,0.7495711751142602,0.2504288248857398
1,1,0.025478785424702277,0.9745212145752977
1,1,0.14549089261940706,0.8545091073805929
0,0,0.9357846860224897,0.0642153139775103
1,0,0.7818482443164386,0.21815175568356135
1,1,0.11753946759504086,0.8824605324049591
0,0,0.765191305321871,0.23480869467812904
1,1,0.16011371283688292,0.8398862871631171
0,0,0.7619175845368586,0.2380824154631413
0,0,0.9070232984162189,0.0929767015837811
1,1,0.14814265875884547,0.8518573412411545
1,1,0.008167337100232541,0.9918326628997675
1,1,0.0064736239448577315,0.9935263760551423
0,1,0.21307704624613932,0.7869229537538607
0,1,0.1937832806761074,0.8062167193238926
1,0,0.6318726598185603,0.36812734018143967
0,0,0.9913783990188445,0.00862160098115546
1,1,0.10670032298737353,0.8932996770126265
1,1,0.030039483216718565,0.9699605167832814
0,0,0.7108372166904349,0.2891627833095651
1,1,0.02605270209295285,0.9739472979070471
1,1,0.15872675790386814,0.8412732420961319
1,0,0.8389743065994978,0.16102569340050218
1,0,0.7361740685354564,0.2638259314645436
1,1,0.16117068648198885,0.8388293135180112
0,0,0.9105176184471415,0.08948238155285848
1,1,0.020632589630942944,0.9793674103690571
1,1,0.15740316234547858,0.8425968376545214
0,0,0.8022122127542024,0.19778778724579765
0,0,0.9912260315063227,0.008773968493677332
0,0,0.8669629055959255,0.13303709440407455
0,0,0.8289794573254811,0.17102054267451897
0,1,0.17297536893394405,0.827024631066056
0,0,0.8469438390279667,0.15305616097203328
1,1,0.19114998529036487,0.8088500147096351
0,0,0.8699211628234436,0.13007883717655647
1,1,0.008360304113706585,0.9916396958862934
1,1,0.07473258359562596,0.925267416404374
1,1,0.13694039048342888,0.8630596095165711
0,0,0.7331659494850168,0.2668340505149832
0,0,0.7645018423631358,0.23549815763686424
0,1,0.19182061106221748,0.8081793889377825
1,1,0.00784189766403487,0.9921581023359651
1,1,0.022650330264020413,0.9773496697359796
1,1,0.03289440962231516,0.9671055903776848
0,0,0.8820254109562137,0.1179745890437863
0,0,0.8479679060801887,0.1520320939198113
0,0,0.7443676930653415,0.25563230693465855
1,0,0.9136375717310987,0.0863624282689013
0,0,0.8196052545945052,0.1803947454054948
0,0,0.9849275143948338,0.01507248560516619
0,0,0.7460513740187689,0.2539486259812312
0,0,0.7608286840012303,0.23917131599876976
0,0,0.9878100560811489,0.012189943918851113
1,1,0.20150098917356896,0.798499010826431
0,0,0.8290732979249492,0.1709267020750508
0,0,0.8280932173575316,0.1719067826424684
0,0,0.8858042662733174,0.11419573372668258
1,0,0.8483452394996189,0.15165476050038104
1,0,0.843305219428163,0.15669478057183694
0,0,0.864490484893481,0.13550951510651896
1,1,0.2341774231533591,0.7658225768466409
1,1,0.013615263031591995,0.986384736968408
0,0,0.7538357556459221,0.24616424435407794
1,1,0.12777615513337726,0.8722238448666227
1,1,0.01129440186627495,0.988705598133725
1,1,0.10902501786143892,0.8909749821385611
1,1,0.026253333624997377,0.9737466663750026
0,0,0.7682215813964762,0.2317784186035238
0,0,0.7361429027005719,0.26385709729942813
1,0,0.818213348697744,0.18178665130225602
0,1,0.16067895716080305,0.839321042839197
1,1,0.17938862289779123,0.8206113771022088
1,1,0.028466342350302654,0.9715336576496973
1,1,0.020258980987291064,0.9797410190127089
0,0,0.7778064882503568,0.22219351174964316
1,1,0.12415594826550436,0.8758440517344956
0,0,0.7649522222995557,0.2350477777004443
0,0,0.8525622635880266,0.1474377364119735
0,0,0.7288886908787129,0.27111130912128717
0,0,0.8368409613652,0.16315903863479994
0,0,0.9023666231000479,0.09763337689995209
0,0,0.8166244191161776,0.18337558088382244
0,0,0.7674041006785208,0.23259589932147914
1,1,0.19008436345711077,0.8099156365428892
1,1,0.16903087360693636,0.8309691263930636
1,1,0.01540023391708878,0.9845997660829112
1,1,0.45565551635211554,0.5443444836478845
1,1,0.20487473067463402,0.795125269325366
0,1,0.16699711405537243,0.8330028859446276
0,0,0.690733896923136,0.30926610307686403
0,0,0.7398679437549851,0.26013205624501495
0,0,0.7912220960535526,0.20877790394644732
1,0,0.8437733014810084,0.15622669851899165
0,0,0.7043801655205417,0.29561983447945833
0,0,0.7635768390894043,0.23642316091059565
1,0,0.7745395991035082,0.2254604008964918
1,1,0.01433144695891786,0.9856685530410821
1,1,0.10874163851400154,0.8912583614859985
1,1,0.1926716496789066,0.8073283503210934
1,1,0.10370717194788048,0.8962928280521195
1,1,0.1414647627759541,0.8585352372240459
1,1,0.20706116625372628,0.7929388337462737
1,1,0.09756810660220461,0.9024318933977954
0,0,0.9058560144701899,0.09414398552981003
0,0,0.7729357064180847,0.2270642935819153
0,0,0.7839021813647833,0.21609781863521668
0,0,0.7264192714996932,0.2735807285003068
1,1,0.20655307460333427,0.7934469253966657
0,0,0.7438769391708466,0.25612306082915337
1,1,0.22004773588962756,0.7799522641103724
0,0,0.9904163711709595,0.009583628829040534
0,0,0.8896677577997917,0.11033224220020828
1,1,0.19389760473284867,0.8061023952671513
1,1,0.12946618031256807,0.8705338196874319
0,0,0.7585851286709366,0.2414148713290634
1,0,0.8704566565942535,0.12954334340574652
1,1,0.009929676811837762,0.9900703231881622
0,0,0.7456828367216447,0.2543171632783553
1,0,0.7461886620795175,0.2538113379204825
1,1,0.14774069386167976,0.8522593061383202
0,0,0.7492143895431002,0.25078561045689984
1,1,0.08339038697215362,0.9166096130278464
1,1,0.12776824687491972,0.8722317531250803
1,1,0.22630382984644926,0.7736961701535507
0,0,0.7762334020849235,0.22376659791507644
0,0,0.7795847479112892,0.22041525208871088
1,0,0.7869551313610015,0.21304486863899846
1,0,0.8305304649834625,0.16946953501653753
0,0,0.7785305721607687,0.22146942783923126
0,0,0.7202611367345608,0.27973886326543923
1,1,0.11416120384318962,0.8858387961568104
1,1,0.18270811293566036,0.8172918870643396
1,1,0.014366392764433744,0.9856336072355663
0,0,0.7595082791552706,0.24049172084472933
0,0,0.88264683079573,0.11735316920427
0,0,0.7750973093354107,0.22490269066458934
0,0,0.9024307315160729,0.09756926848392712
0,1,0.13565046190401042,0.8643495380959896
0,0,0.7854474479495562,0.2145525520504438
1,1,0.11428320648930212,0.8857167935106979
1,1,0.09181103891925779,0.9081889610807422
1,1,0.022205480052033266,0.9777945199479667
1,1,0.022007628327511464,0.9779923716724885
1,1,0.0651601894793501,0.9348398105206499
1,1,0.012270049288351736,0.9877299507116483
1,1,0.00899822434959019,0.9910017756504098
1,1,0.15110610148910264,0.8488938985108974
0,0,0.7844698844450414,0.2155301155549586
1,0,0.8602667927054998,0.1397332072945002
1,0,0.7327006764395685,0.26729932356043146
0,0,0.9337408880752555,0.06625911192474455
1,0,0.7624965311187034,0.2375034688812966
0,0,0.8513436902429021,0.14865630975709787
0,0,0.7787397532662268,0.22126024673377323
1,1,0.2645364024345215,0.7354635975654785
1,1,0.11757354975271506,0.8824264502472849
1,1,0.009624926297697511,0.9903750737023025
0,0,0.8066510799909563,0.19334892000904363
1,1,0.160231849754492,0.839768150245508
0,1,0.16744526751356548,0.8325547324864345
0,0,0.980939466102323,0.019060533897677034
0,0,0.722600002499637,0.27739999750036304
1,1,0.13358216321335903,0.866417836786641
0,1,0.15683624005614571,0.8431637599438543
1,0,0.764040140499944,0.23595985950005607
1,1,0.05880224602664008,0.9411977539733599
1,1,0.16471864584538887,0.8352813541546111
0,0,0.7340261970391819,0.26597380296081813
1,0,0.783662910152,0.21633708984800004
1,1,0.14235772677427883,0.8576422732257212
0,0,0.8320636741676845,0.16793632583231552
1,1,0.15245767949618783,0.8475423205038122
1,1,0.028570794965663393,0.9714292050343366
0,0,0.983012870129865,0.01698712987013498
0,0,0.9925090826736478,0.007490917326352216
0,0,0.7649694116316605,0.2350305883683394
1,1,0.17299679126033662,0.8270032087396634
1,0,0.8156723543989123,0.1843276456010877
1,1,0.13624247490637698,0.863757525093623
1,1,0.1485426374233212,0.8514573625766788
0,0,0.7421587704788997,0.2578412295211004
1,0,0.7909472506523059,0.20905274934769408
1,1,0.007093756652388983,0.992906243347611
0,0,0.8686316927854725,0.13136830721452755
1,1,0.20600305799608754,0.7939969420039125
0,0,0.845716197287153,0.15428380271284708
0,0,0.9947883071589048,0.005211692841095195
0,0,0.8722263423956752,0.12777365760432477
1,1,0.005936711801857064,0.9940632881981429
1,1,0.10807844699686886,0.8919215530031311
0,0,0.7813162135860052,0.21868378641399483
0,0,0.9910576525438214,0.008942347456178657
0,0,0.7801630761573801,0.21983692384261994
0,0,0.8806108047025294,0.11938919529747065
1,0,0.8844736770737439,0.11552632292625607
1,1,0.029196522215886755,0.9708034777841132
0,0,0.7831162750238718,0.21688372497612815
1,1,0.006003836591446099,0.9939961634085539
1,1,0.13016449894013182,0.8698355010598682
1,1,0.23676911589642435,0.7632308841035756
1,0,0.7661095625142016,0.23389043748579835
0,1,0.17055166615623696,0.829448333843763
1,1,0.16731854671154744,0.8326814532884526
0,0,0.8929172950118626,0.10708270498813742
1,1,0.17854303296444907,0.8214569670355509
0,0,0.9400206662111255,0.05997933378887455
0,0,0.8969853420556724,0.10301465794432765
0,1,0.09277545681646293,0.9072245431835371
0,0,0.7937779290887879,0.2062220709112121
1,1,0.132949926407254,0.867050073592746
0,0,0.8926646490606821,0.10733535093931786
1,1,0.1821229398173856,0.8178770601826144
0,1,0.47107606787597567,0.5289239321240243
1,1,0.15288725626862265,0.8471127437313773
0,0,0.9106500603183378,0.08934993968166217
0,0,0.772183119298266,0.22781688070173395
1,0,0.7509175131103882,0.2490824868896117
1,1,0.013094003862624715,0.9869059961373753
1,1,0.027231822715460652,0.9727681772845393
0,0,0.7614639614177032,0.23853603858229683
1,0,0.7719557406393831,0.22804425936061687
1,1,0.019757298113305843,0.9802427018866942
1,1,0.20407497954836118,0.7959250204516388
0,0,0.840893928864232,0.15910607113576805
1,1,0.09471199520815077,0.9052880047918492
1,0,0.7885861786326698,0.21141382136733017
0,0,0.8502491118993539,0.14975088810064607
0,0,0.770050371567262,0.22994962843273797
1,1,0.13391236689712938,0.8660876331028706
1,0,0.7633790243949314,0.23662097560506853
1,0,0.7608634004230977,0.23913659957690228
1,0,0.7630063869929856,0.23699361300701435
1,0,0.7487653919272879,0.25123460807271214
0,0,0.7680031344794558,0.23199686552054427
0,0,0.8598064160058652,0.1401935839941349
0,0,0.757186974056968,0.242813025943032
0,0,0.7773636052208802,0.22263639477911978
1,0,0.7287538948726577,0.2712461051273423
1,1,0.04370500060893534,0.9562949993910647
0,0,0.9051866550787948,0.09481334492120524
1,1,0.11895936049079248,0.8810406395092075
0,0,0.7247669054977606,0.2752330945022394
0,0,0.7027411683361899,0.29725883166381
0,0,0.9867359563007351,0.013264043699264897
1,1,0.022000559898366467,0.9779994401016335
0,0,0.7721619254827342,0.22783807451726576
0,0,0.7439237394046979,0.2560762605953021
0,0,0.7982742987843602,0.2017257012156398
0,0,0.9912216004465049,0.008778399553495091
0,0,0.7607346984265659,0.23926530157343412
1,1,0.02136229724847738,0.9786377027515226
0,0,0.7614764141163275,0.23852358588367253
0,1,0.16222021095981154,0.8377797890401885
1,1,0.12754000519133557,0.8724599948086644
0,0,0.8163706631548779,0.18362933684512212
1,0,0.8697062932472965,0.1302937067527034
1,1,0.24625885487835752,0.7537411451216425
0,0,0.789973954940064,0.21002604505993608
1,1,0.1277920612179526,0.8722079387820474
1,1,0.17382196589474874,0.8261780341052513
1,1,0.01947544466466611,0.9805245553353339
0,0,0.8908469559686739,0.1091530440313261
0,0,0.7415995910547319,0.258400408945268
1,1,0.12227386949339636,0.8777261305066036
0,0,0.9913828650879372,0.008617134912062868
1,1,0.0121888138310704,0.9878111861689296
0,0,0.745797160400302,0.25420283959969797
1,1,0.11457671658001023,0.8854232834199898
0,1,0.09979094255921162,0.9002090574407884
0,0,0.831933311435234,0.16806668856476606
1,1,0.025392691792306854,0.9746073082076931
1,0,0.7911625481356246,0.20883745186437536
0,0,0.7835075938891736,0.21649240611082646
1,1,0.20079298991659522,0.7992070100834048
0,0,0.7222384726844209,0.2777615273155792
0,1,0.20218747804446302,0.797812521955537
0,0,0.8593997790359265,0.14060022096407357
1,1,0.24882843384444486,0.7511715661555551
0,0,0.7309367472792863,0.2690632527207137
1,1,0.015308425335953224,0.9846915746640468
1,1,0.10660822224646349,0.8933917777535365
1,1,0.20458720254545915,0.7954127974545409
0,0,0.7312868648159536,0.2687131351840464
1,1,0.005018262288641773,0.9949817377113582
1,1,0.159875973950091,0.840124026049909
1,0,0.9129364347877441,0.08706356521225586
1,1,0.12794559794880822,0.8720544020511918
1,1,0.17790807696899402,0.822091923031006
0,0,0.8613228475838207,0.13867715241617926
0,0,0.7273695206931297,0.27263047930687034
0,0,0.7934410414532347,0.20655895854676526
0,1,0.20464797474216279,0.7953520252578372
0,0,0.7663439039728696,0.23365609602713047
0,0,0.8986946496448227,0.10130535035517728
0,0,0.775693399143714,0.22430660085628598
0,0,0.5621156996140202,0.43788430038597975
1,1,0.01988483212004144,0.9801151678799586
0,0,0.7650324959370665,0.2349675040629335
1,1,0.1340239229127571,0.8659760770872429
0,0,0.7157087634552319,0.284291236544768
0,0,0.7942361937401446,0.20576380625985538
1,1,0.03617914865945582,0.9638208513405442
1,1,0.08105523608301712,0.9189447639169829
1,0,0.8366447264695963,0.1633552735304037
0,0,0.9904873970212686,0.009512602978731398
0,1,0.15607332024789333,0.8439266797521067
0,0,0.7762504561015543,0.22374954389844573
1,1,0.13210099948439824,0.8678990005156018
1,1,0.01253321632243154,0.9874667836775685
1,1,0.006271640189719041,0.993728359810281
1,0,0.8417006800041933,0.1582993199958067
0,0,0.8587613970696772,0.14123860293032273
0,0,0.8262430610841827,0.17375693891581737
1,1,0.02257934296893005,0.97742065703107
0,0,0.9891242930367923,0.010875706963207697
1,1,0.10589821311880654,0.8941017868811935
1,1,0.0147263711608292,0.9852736288391708
0,0,0.8745328584325888,0.1254671415674112
1,1,0.20732068898942768,0.7926793110105723
1,1,0.0065074910307028055,0.9934925089692972
0,0,0.8985309143579551,0.10146908564204495
1,1,0.016931355207839283,0.9830686447921607
1,1,0.02128015185348575,0.9787198481465142
1,1,0.21174543850658534,0.7882545614934147
1,1,0.17728087344594956,0.8227191265540504
1,0,0.7455552706822914,0.25444472931770856
1,1,0.04654126709015871,0.9534587329098413
0,0,0.7565008330487448,0.2434991669512552
0,0,0.9836620546676963,0.016337945332303705
1,1,0.015155383514120713,0.9848446164858793
0,0,0.6789272082387576,0.3210727917612424
1,1,0.1390543335819665,0.8609456664180335
1,1,0.09329479094596682,0.9067052090540332
1,0,0.7386996578526277,0.2613003421473723
1,1,0.17362254249867015,0.8263774575013298
0,0,0.8612179145548475,0.1387820854451525
1,1,0.028574233101135715,0.9714257668988643
1,1,0.01270754373190841,0.9872924562680916
0,0,0.9065260846838542,0.09347391531614581
0,0,0.9928260521056665,0.0071739478943334545
1,0,0.7722999545441804,0.22770004545581957
1,1,0.015816604428290804,0.9841833955717092
1,1,0.019595673597901597,0.9804043264020984
0,0,0.7804763759916125,0.21952362400838754
0,0,0.8799442189209626,0.12005578107903736
0,0,0.7753790297120632,0.2246209702879368
1,1,0.20781791924855486,0.7921820807514451
1,1,0.13424488975033022,0.8657551102496698
1,1,0.12000273988514865,0.8799972601148514
1,1,0.009661222265543001,0.990338777734457
0,0,0.7813072187846012,0.21869278121539878
0,1,0.4863461254617557,0.5136538745382443
0,0,0.7462466372395319,0.2537533627604681
1,1,0.13632634336509708,0.8636736566349029
0,0,0.9901930234732513,0.009806976526748643
1,0,0.8053293166393745,0.19467068336062548
1,1,0.029975271835249062,0.9700247281647509
0,0,0.8442273129466888,0.1557726870533111
0,0,0.735915073396143,0.26408492660385696
0,0,0.8635455622970314,0.13645443770296858
0,0,0.7301380802860591,0.26986191971394086
0,0,0.7590179503606495,0.24098204963935055
0,0,0.7767495139862745,0.22325048601372557
0,0,0.8582139691905786,0.14178603080942148
1,1,0.17784953190165087,0.8221504680983491
1,0,0.8092079850934932,0.19079201490650674
0,0,0.7571131856623073,0.24288681433769263
0,1,0.13945171193159422,0.8605482880684058
1,1,0.005852980439338684,0.9941470195606613
1,1,0.25506464137500273,0.7449353586249973
1,0,0.7621892701457555,0.2378107298542445
0,0,0.9180376315032873,0.0819623684967127
0,0,0.9927028253632358,0.007297174636764179
0,0,0.9900798211435468,0.009920178856453242
0,1,0.16011802557663335,0.8398819744233667
1,1,0.10524739478147283,0.8947526052185272
0,0,0.9175547990510243,0.08244520094897569
0,1,0.1771659558566051,0.8228340441433949
0,0,0.782865333109934,0.217134666890066
1,0,0.8122937974813478,0.1877062025186522
0,0,0.7228285179498446,0.27717148205015535
1,1,0.014234178851062484,0.9857658211489375
1,1,0.013819413983297113,0.9861805860167029
0,0,0.7636335761183929,0.23636642388160709
0,0,0.7351494162597153,0.2648505837402847
0,0,0.7795782144994455,0.2204217855005545
1,1,0.01928169345388009,0.9807183065461199
1,1,0.1364146450854674,0.8635853549145326
0,0,0.761188211778553,0.23881178822144702
1,0,0.7341406290147596,0.2658593709852404
0,0,0.7715629543971043,0.22843704560289568
0,0,0.7581462592935315,0.24185374070646853
1,1,0.09085261855082916,0.9091473814491708
0,1,0.11476870188591681,0.8852312981140832
1,0,0.7827097240418702,0.21729027595812977
0,0,0.7781137832228273,0.22188621677717263
0,0,0.8336170141527202,0.1663829858472798
0,0,0.8679228910423309,0.13207710895766914
0,0,0.9882277178523968,0.011772282147603128
0,0,0.7444844369271034,0.2555155630728966
1,0,0.8788990175728506,0.12110098242714938
0,0,0.9191860277114564,0.08081397228854355
0,0,0.8566920464925628,0.14330795350743716
1,0,0.7815156726748269,0.21848432732517303
1,1,0.017495865124210974,0.982504134875789
1,1,0.11700975741038233,0.8829902425896177
1,1,0.005671026288562975,0.994328973711437
0,0,0.9005814119787156,0.09941858802128441
0,0,0.990832958092268,0.009167041907732024
1,1,0.0380471068846121,0.9619528931153879
0,0,0.8360338729728839,0.16396612702711608
0,0,0.9933004567661934,0.006699543233806584
0,0,0.7707472747834573,0.2292527252165427
1,1,0.2108694801906087,0.7891305198093913
0,1,0.18685317981585814,0.8131468201841419
0,0,0.8029559012843586,0.1970440987156414
1,1,0.17242079558334245,0.8275792044166576
0,0,0.8294026939231698,0.17059730607683019
0,0,0.7938826604023994,0.2061173395976006
0,0,0.8242915719596939,0.1757084280403061
0,0,0.836367740945412,0.16363225905458806
0,0,0.747036986946902,0.25296301305309804
1,1,0.19079909034342235,0.8092009096565776
1,1,0.13387966611812419,0.8661203338818758
0,0,0.7769165649073901,0.2230834350926098
0,0,0.933418852659245,0.06658114734075501
0,0,0.7298524857082931,0.27014751429170697
0,0,0.8728867041330964,0.12711329586690356
1,1,0.14240643162584976,0.8575935683741502
1,1,0.155477855932466,0.844522144067534
0,0,0.7808004093458571,0.2191995906541429
0,0,0.7191517191049931,0.2808482808950069
0,0,0.7902457555311655,0.2097542444688345
1,0,0.7567354923171292,0.24326450768287072
1,1,0.005534233390336207,0.9944657666096638
1,1,0.13865766360823994,0.86134233639176
0,0,0.8935879183131595,0.1064120816868405
1,1,0.13997972588252072,0.8600202741174793
1,1,0.1914291489510368,0.8085708510489632
1,1,0.13379313259980696,0.866206867400193
1,1,0.10664776589257552,0.8933522341074245
0,1,0.1487736560390377,0.8512263439609623
1,1,0.08966048723804643,0.9103395127619536
0,0,0.993434303138133,0.00656569686186704
1,1,0.008014535830595748,0.9919854641694043
1,1,0.174416388116042,0.825583611883958
1,1,0.023387359520336215,0.9766126404796638
1,1,0.09857638305765148,0.9014236169423485
1,0,0.7797774804058144,0.22022251959418554
0,0,0.8519732623662932,0.14802673763370675
0,1,0.16207969188905202,0.837920308110948
1,1,0.006318854127187579,0.9936811458728124
1,1,0.16927087288643516,0.8307291271135648
0,0,0.761073637580095,0.23892636241990495
1,0,0.8448560445563431,0.15514395544365683
1,1,0.01342165685210095,0.986578343147899
0,0,0.7780929583237319,0.22190704167626812
0,0,0.7828215189693192,0.21717848103068085
0,0,0.5560656203088872,0.4439343796911128
1,1,0.007657790784462493,0.9923422092155375
1,1,0.012167579009640384,0.9878324209903596
0,0,0.7731238974543531,0.22687610254564688
0,0,0.8525432476555004,0.14745675234449965
0,0,0.8127568617242739,0.18724313827572614
0,0,0.9923158376094419,0.007684162390558162
0,0,0.7817864043418176,0.21821359565818246
1,0,0.7679469977491689,0.23205300225083114
0,0,0.7502476045293288,0.24975239547067116
1,1,0.1749219157705486,0.8250780842294514
0,0,0.7367659320527296,0.2632340679472704
0,0,0.8880062328643854,0.11199376713561461
0,0,0.992919769281276,0.007080230718723946
0,1,0.18469903676835442,0.8153009632316456
1,1,0.03053710440513746,0.9694628955948625
1,1,0.018524189725025564,0.9814758102749744
0,0,0.9826854853185207,0.01731451468147921
1,0,0.752788772186714,0.24721122781328594
0,0,0.8537723062877086,0.14622769371229138
1,1,0.18266801512648922,0.8173319848735108
0,0,0.7589794627505319,0.24102053724946812
1,1,0.17583928609407584,0.8241607139059242
0,0,0.7809182439448674,0.21908175605513264
1,1,0.16988379622819771,0.8301162037718023
1,1,0.1067729090050964,0.8932270909949036
1,1,0.015873367801213623,0.9841266321987864
0,0,0.7760275803946421,0.22397241960535788
1,1,0.12314926519196867,0.8768507348080313
1,0,0.7375565334756957,0.2624434665243042
0,0,0.9201973635236915,0.07980263647630848
1,1,0.15216913139254395,0.847830868607456
0,1,0.1577075090271608,0.8422924909728392
1,1,0.16790925707120918,0.8320907429287908
1,1,0.012118708670477929,0.9878812913295221
0,1,0.3817783962108149,0.6182216037891851
0,1,0.1402609628911783,0.8597390371088217
1,1,0.1511940655981906,0.8488059344018094
0,0,0.734821580426128,0.265178419573872
1,0,0.7187805106989016,0.28121948930109836
0,0,0.8808621882370042,0.1191378117629958
1,0,0.8342530658346073,0.16574693416539268
0,1,0.07633156374015593,0.9236684362598441
1,1,0.1668341436879821,0.8331658563120179
0,0,0.9049599610358621,0.09504003896413794
0,0,0.992851439539112,0.007148560460887982
0,1,0.12449389684624901,0.875506103153751
1,1,0.1602389143937668,0.8397610856062332
1,1,0.17233646710657524,0.8276635328934248
1,1,0.19519750404019065,0.8048024959598093
0,0,0.8374298973274642,0.16257010267253583
1,1,0.12438806518186418,0.8756119348181358
0,1,0.2660341875840191,0.7339658124159809
1,1,0.017524303138167996,0.982475696861832
0,0,0.8865774903966342,0.11342250960336578
1,1,0.0076620925706377685,0.9923379074293622
0,0,0.744769139410364,0.25523086058963596
1,1,0.16497272759465342,0.8350272724053466
1,0,0.7488947460891546,0.2511052539108454
0,1,0.2152596350154512,0.7847403649845488
0,0,0.8587855669819082,0.14121443301809183
1,1,0.19243218085490998,0.80756781914509
0,0,0.7731438125524183,0.22685618744758176
0,0,0.7493150824837349,0.2506849175162651
1,1,0.19281978689253831,0.8071802131074617
1,1,0.13929511422801766,0.8607048857719823
1,1,0.1433131108769733,0.8566868891230267
0,0,0.8307524816041314,0.1692475183958686
0,0,0.9879276216742939,0.012072378325706075
0,0,0.9895533798720055,0.0104466201279945
0,0,0.7685554258191727,0.23144457418082726
0,0,0.8662465457759351,0.1337534542240649
0,0,0.7525694610658604,0.24743053893413955
1,1,0.036750019919458254,0.9632499800805417
0,0,0.8317296994773641,0.16827030052263595
0,1,0.1971031306701535,0.8028968693298465
1,1,0.19326263373181407,0.8067373662681859
1,1,0.004846949852739479,0.9951530501472605
1,1,0.0066326096879743,0.9933673903120257
0,0,0.8488432874359209,0.15115671256407914
1,0,0.7682808716969232,0.23171912830307687
0,0,0.9919977960787211,0.008002203921278941
1,0,0.7177563789826316,0.2822436210173685
0,0,0.7587511640366642,0.2412488359633358
0,0,0.9774536641503324,0.022546335849667594
1,1,0.017054675674357478,0.9829453243256425
0,0,0.99238364208885,0.00761635791114996
1,1,0.20147972281006077,0.7985202771899392
1,1,0.0302892280029321,0.9697107719970679
1,1,0.18282406763587056,0.8171759323641294
1,1,0.010455379456849156,0.9895446205431508
1,1,0.16560335635851242,0.8343966436414876
1,0,0.8165253761787482,0.18347462382125182
0,0,0.7604922735645685,0.23950772643543145
0,0,0.8419016740798916,0.1580983259201084
0,0,0.8451051031767947,0.15489489682320534
1,1,0.16345429248442822,0.8365457075155718
0,0,0.7710670517096915,0.22893294829030855
1,1,0.3721472677538913,0.6278527322461087
1,1,0.20298558926566657,0.7970144107343334
0,1,0.20363198675447602,0.796368013245524
0,0,0.7716189456456216,0.22838105435437842
0,0,0.9822510140696964,0.017748985930303576
0,0,0.989135862524864,0.010864137475136024
0,0,0.7972974883705237,0.20270251162947622
0,0,0.9799307961115651,0.020069203888434906
0,0,0.8970768767284296,0.10292312327157033
0,0,0.8443477041675583,0.15565229583244167
0,0,0.9884750555107769,0.011524944489223138
0,0,0.7767132651248334,0.22328673487516656
0,0,0.7842306900261572,0.2157693099738428
1,1,0.02011277772579012,0.9798872222742099
0,0,0.9930486517227765,0.006951348277223586
0,0,0.9057241404992952,0.09427585950070481
1,1,0.006503053274424242,0.9934969467255758
1,1,0.009595197771444575,0.9904048022285554
0,1,0.20580627161839216,0.7941937283816078
1,1,0.2108047001970581,0.7891952998029419
1,1,0.042680587208471565,0.9573194127915284
0,0,0.7291878103015859,0.2708121896984141
0,0,0.9939509841247132,0.006049015875286815
0,0,0.8650960035457976,0.13490399645420234
0,0,0.9946715214869973,0.005328478513002658
1,1,0.010873675294849838,0.9891263247051502
0,0,0.8246042460123368,0.17539575398766313
0,0,0.7816031148975202,0.21839688510247976
0,0,0.7819280191802324,0.21807198081976767
1,1,0.15453703428866283,0.8454629657113372
1,1,0.017338883382469472,0.9826611166175305
1,1,0.19220578013041167,0.8077942198695883
0,0,0.8108066015268159,0.18919339847318406
1,1,0.2488292592713819,0.7511707407286181
1,1,0.19025755832347857,0.8097424416765214
0,0,0.8735381604687784,0.12646183953122164
1,0,0.7844788319629781,0.21552116803702193
0,0,0.7806810695683323,0.21931893043166772
1,1,0.013040820330934677,0.9869591796690653
1,1,0.14734865755687232,0.8526513424431277
0,1,0.15310955645956503,0.846890443540435
1,1,0.4528969899362353,0.5471030100637647
0,0,0.8618353078723338,0.13816469212766627
0,0,0.9182086929950622,0.08179130700493774
1,1,0.16064893524365975,0.8393510647563402
1,0,0.8277927680990618,0.17220723190093817
1,1,0.19946230364724848,0.8005376963527515
0,0,0.8614789090080025,0.13852109099199753
1,1,0.015805670752240597,0.9841943292477594
0,0,0.8332976253764093,0.16670237462359072
1,1,0.37249140379827816,0.6275085962017218
0,0,0.7122562807880003,0.2877437192119997
0,0,0.9926122757309661,0.007387724269033878
1,1,0.08211044113493904,0.917889558865061
0,0,0.7930671797286681,0.20693282027133192
0,0,0.9441668043559701,0.0558331956440299
1,1,0.5478036487241056,0.45219635127589436
1,1,0.1287127246227463,0.8712872753772537
1,0,0.8312274481748931,0.16877255182510692
1,1,0.18909454173135787,0.8109054582686421
0,0,0.862288230562526,0.13771176943747396
0,0,0.7824660423758175,0.21753395762418248
0,0,0.8532888947459203,0.14671110525407977
1,1,0.1527717375135631,0.8472282624864369
0,0,0.9126125642739669,0.08738743572603308
0,0,0.8069097026442015,0.19309029735579852
0,0,0.7106454762915542,0.2893545237084459
0,0,0.9901954103717613,0.009804589628238724
0,0,0.828541124394505,0.17145887560549503
1,1,0.1251862760409559,0.8748137239590441
1,1,0.00883826827946843,0.9911617317205316
0,1,0.12223431909574367,0.8777656809042563
1,1,0.21377171065526757,0.7862282893447324
0,0,0.8402185084169137,0.15978149158308633
0,0,0.9925083355748839,0.007491664425116027
0,0,0.7596334378638259,0.24036656213617408
1,1,0.2102590505315982,0.7897409494684018
1,1,0.07545234705824366,0.9245476529417563
0,0,0.7217293790727585,0.27827062092724153
0,0,0.7125978376275204,0.2874021623724796
0,0,0.7705372673987484,0.2294627326012516
0,0,0.9240187501864066,0.07598124981359346
1,1,0.18360737747142197,0.816392622528578
1,1,0.16867694681968493,0.8313230531803151
1,1,0.10546968193955153,0.8945303180604485
1,1,0.11742924377103314,0.8825707562289669
0,0,0.7381721071966937,0.2618278928033063
0,0,0.9915367389803457,0.008463261019654318
1,1,0.16281969086932202,0.837180309130678
0,0,0.772676955902629,0.22732304409737097
1,0,0.7683021753727894,0.23169782462721053
0,0,0.7872489925116987,0.21275100748830134
0,0,0.8875958468960413,0.11240415310395865
0,0,0.8159541658757389,0.1840458341242611
0,0,0.7774944459764697,0.2225055540235304
1,1,0.18507001016823688,0.8149299898317631
1,1,0.12533760942901906,0.8746623905709809
0,0,0.7617036590488715,0.23829634095112845
0,1,0.14184148355388104,0.858158516446119
1,1,0.005956555724902612,0.9940434442750974
1,1,0.018754068692646064,0.9812459313073539
0,0,0.9324373706310394,0.06756262936896067
0,0,0.7843574066164174,0.21564259338358258
1,1,0.14237311663256447,0.8576268833674355
1,0,0.7365353670322733,0.2634646329677267
1,1,0.12852922140879208,0.8714707785912079
1,1,0.10156401732836573,0.8984359826716343
0,0,0.9889634440191865,0.011036555980813507
0,0,0.8397741902126551,0.16022580978734494
1,0,0.7728237898416077,0.22717621015839223
0,0,0.7767871574340934,0.22321284256590662
0,1,0.12634023703260688,0.8736597629673931
0,0,0.8801735446222755,0.11982645537772448
0,0,0.8330516262039942,0.16694837379600577
0,0,0.7674665984461011,0.23253340155389884
1,1,0.1269848817574567,0.8730151182425433
1,1,0.10826684191384006,0.8917331580861599
1,1,0.027258388111932486,0.9727416118880675
1,1,0.15337999668232716,0.8466200033176728
0,0,0.9876678545709068,0.012332145429093225
0,0,0.8300417368794162,0.16995826312058382
0,1,0.17040127380858372,0.8295987261914163
1,0,0.7618145406598026,0.23818545934019741
0,0,0.9061012911085919,0.0938987088914081
0,0,0.8358659957270067,0.16413400427299324
1,1,0.02475440375497817,0.9752455962450218
1,1,0.01202373723638861,0.9879762627636114
1,1,0.10274490810242343,0.8972550918975766
0,0,0.8222129386612257,0.1777870613387743
0,0,0.9513254551105587,0.048674544889441375
1,1,0.24596851480981408,0.7540314851901859
1,1,0.03320322930208419,0.9667967706979158
1,1,0.20719926533288835,0.7928007346671117
0,1,0.4617781766035991,0.5382218233964009
0,0,0.7685573757622979,0.23144262423770215
0,0,0.8338849706476681,0.1661150293523319
0,0,0.7669876323521224,0.2330123676478776
0,0,0.9917086539607315,0.008291346039268503
0,0,0.9932413471923713,0.0067586528076286215
0,0,0.8952338540484529,0.10476614595154714
0,0,0.7683883543056205,0.23161164569437956
0,0,0.7740822883517398,0.2259177116482603
0,0,0.9899432416841016,0.010056758315898391
1,1,0.0168385677150118,0.9831614322849882
1,1,0.12706051674769425,0.8729394832523057
1,1,0.007810529250448672,0.9921894707495513
1,1,0.18957145629920058,0.8104285437007994
0,0,0.7671802231111148,0.2328197768888852
0,0,0.8316301173927179,0.1683698826072822
1,1,0.13665962385898,0.86334037614102
0,0,0.8379614737724792,0.1620385262275208
1,1,0.009865882823018035,0.990134117176982
0,0,0.9900828632179701,0.009917136782029873
0,0,0.8522301890290996,0.1477698109709004
1,1,0.10866904016954637,0.8913309598304536
0,0,0.8347806820689037,0.16521931793109632
0,0,0.752378558426064,0.24762144157393598
0,0,0.9028132557873898,0.09718674421261023
1,1,0.04709298493376124,0.9529070150662388
1,1,0.03026544062210379,0.9697345593778962
0,0,0.9705562335887933,0.029443766411206683
0,0,0.7793224243650414,0.22067757563495854
1,1,0.18623974285954903,0.813760257140451
0,0,0.8146370991957717,0.18536290080422835
1,1,0.1587535452531883,0.8412464547468117
1,0,0.7699650581540726,0.23003494184592743
0,0,0.7723557973350395,0.2276442026649605
1,1,0.18241418494616357,0.8175858150538364
0,0,0.9726113023567031,0.027388697643296926
0,0,0.8212983014897203,0.17870169851027973
1,1,0.1755318148787175,0.8244681851212825
1,1,0.13470316634861712,0.8652968336513829
1,1,0.19431431406934196,0.805685685930658
0,0,0.9901349611442737,0.009865038855726335
0,0,0.7469800105889453,0.2530199894110547
1,1,0.013702199064209997,0.98629780093579
0,0,0.7735540214228142,0.22644597857718587
1,1,0.10968277966381546,0.8903172203361845
1,0,0.7765435331178088,0.22345646688219128
1,1,0.01488139508653108,0.9851186049134689
1,1,0.021437914382288592,0.9785620856177114
1,1,0.12541631642555373,0.8745836835744463
1,1,0.13410908005714328,0.8658909199428567
1,1,0.16206093632258733,0.8379390636774127
0,0,0.7559319897270467,0.24406801027295338
0,1,0.12807055940837186,0.8719294405916281
0,1,0.18683321461461821,0.8131667853853818
0,0,0.7084606411283614,0.29153935887163857
1,1,0.015018319326107865,0.9849816806738921
1,1,0.20237331192075814,0.7976266880792419
1,1,0.16247128405640288,0.8375287159435971
0,0,0.7392695865313448,0.26073041346865516
0,0,0.7729998883175995,0.2270001116824005
0,0,0.7759355988671133,0.22406440113288678
1,1,0.01782468198604059,0.9821753180139594
0,0,0.9936986796865802,0.006301320313419837
0,0,0.9925941848028208,0.007405815197179167
0,0,0.7514233719412496,0.2485766280587504
0,0,0.8925443018706242,0.10745569812937583
0,1,0.1280268706782013,0.8719731293217987
1,1,0.11370737301931433,0.8862926269806857
0,0,0.7622004320300297,0.2377995679699703
1,0,0.8019660684924782,0.19803393150752183
0,0,0.8239092135298299,0.1760907864701701
1,1,0.12838497714333963,0.8716150228566604
1,1,0.016758109705430457,0.9832418902945695
1,1,0.22358070686305387,0.7764192931369461
0,0,0.7777241259384007,0.2222758740615993
0,0,0.9191393525727681,0.08086064742723184
1,1,0.033533734578251484,0.9664662654217485
0,0,0.9874784978197949,0.012521502180205115
0,0,0.7616081243115709,0.23839187568842918
1,1,0.12591817975643038,0.8740818202435696
1,1,0.020468810003290594,0.9795311899967094
1,1,0.11567002169852214,0.8843299783014779
1,1,0.1320830600170949,0.8679169399829051
0,0,0.8001418365418393,0.19985816345816065
0,0,0.9936491480635964,0.006350851936403585
0,0,0.7619830656180857,0.23801693438191426
0,0,0.98346085007587,0.016539149924129918
0,0,0.8573375071731235,0.14266249282687654
1,1,0.12503378695697076,0.8749662130430292
1,1,0.2075292469719161,0.7924707530280839
0,0,0.9884337032059971,0.011566296794002914
1,1,0.06558815753461811,0.9344118424653819
0,0,0.7649378779520286,0.23506212204797133
1,1,0.18548758890923012,0.8145124110907699
1,1,0.011418024381820713,0.9885819756181793
1,0,0.7458334440329161,0.25416655596708393
1,1,0.14580478755168624,0.8541952124483138
1,0,0.8389104916457468,0.16108950835425317
1,1,0.09268077192021507,0.9073192280797849
1,1,0.011763256880601647,0.9882367431193984
0,0,0.7164957173094775,0.2835042826905226
0,0,0.8244270627687522,0.17557293723124778
0,1,0.15968791828139106,0.8403120817186089
0,0,0.9925155665956981,0.0074844334043019396
1,1,0.20924460855934401,0.790755391440656
0,0,0.7823883647194054,0.21761163528059455
0,0,0.9939012128636141,0.006098787136385861
1,1,0.12890942968771069,0.8710905703122893
1,0,0.763631362494968,0.23636863750503198
0,0,0.8738149662257431,0.12618503377425688
1,1,0.19829818284058465,0.8017018171594154
1,0,0.861769402618968,0.138230597381032
1,0,0.7600966763645464,0.23990332363545366
1,1,0.01486452545701189,0.9851354745429881
