y_true,y_pred,proba_0,proba_1
1,1,0.34703777936659386,0.6529622206334061
1,1,0.3757700053793177,0.6242299946206823
0,1,0.369416155090583,0.630583844909417
1,1,0.3452095263371735,0.6547904736628265
0,1,0.358158924718629,0.641841075281371
0,1,0.32530173262907214,0.6746982673709279
1,1,0.3374170056079465,0.6625829943920535
1,1,0.36882636393288015,0.6311736360671198
0,1,0.42242303227973343,0.5775769677202666
1,1,0.3378438465039144,0.6621561534960856
1,1,0.3441917787380996,0.6558082212619004
1,1,0.4582284747774099,0.5417715252225901
1,1,0.33530312225008563,0.6646968777499144
1,1,0.3300784984709799,0.6699215015290201
1,1,0.3475702530970214,0.6524297469029786
0,1,0.36547520576645975,0.6345247942335402
0,1,0.3370429897671704,0.6629570102328296
1,1,0.3540747120766481,0.6459252879233519
0,1,0.3771022444836233,0.6228977555163767
1,1,0.3466649022981101,0.6533350977018899
1,1,0.3479898663638642,0.6520101336361358
0,1,0.3340445780862996,0.6659554219137004
1,1,0.3801719133802679,0.6198280866197321
1,1,0.3687014586712045,0.6312985413287955
1,1,0.3294435088396297,0.6705564911603703
1,1,0.30142893081099076,0.6985710691890092
1,1,0.35301660519424716,0.6469833948057528
0,1,0.37857424448160903,0.621425755518391
0,1,0.3810587744958175,0.6189412255041825
1,1,0.3704740078459944,0.6295259921540056
0,1,0.36988854772042246,0.6301114522795775
0,1,0.3336712079468911,0.6663287920531089
1,1,0.3616459775244071,0.6383540224755929
1,1,0.33760802709963267,0.6623919729003673
1,1,0.30416213253582314,0.6958378674641769
0,1,0.3615435956070818,0.6384564043929182
1,1,0.3399144694609503,0.6600855305390497
1,1,0.38925978276671414,0.6107402172332859
1,1,0.33184848447008486,0.6681515155299151
0,1,0.3792101770160391,0.6207898229839609
0,1,0.356605370650972,0.643394629349028
1,1,0.3460849430469437,0.6539150569530563
0,1,0.40178173848993626,0.5982182615100637
1,1,0.3624152524127374,0.6375847475872626
1,1,0.37542655537004377,0.6245734446299562
1,1,0.3859320817862467,0.6140679182137533
1,1,0.3351924801418896,0.6648075198581104
0,1,0.33363838275020485,0.6663616172497951
1,1,0.3082014541127821,0.6917985458872179
0,1,0.31951385573553204,0.680486144264468
0,1,0.33533658003665945,0.6646634199633406
1,1,0.34293744454404473,0.6570625554559553
1,1,0.34300013376489813,0.6569998662351019
0,1,0.34476793808249995,0.6552320619175
0,1,0.3544471847790216,0.6455528152209784
1,1,0.3606875419242972,0.6393124580757028
1,1,0.3571839060606318,0.6428160939393682
1,1,0.31045797717304724,0.6895420228269528
0,1,0.3493410954482432,0.6506589045517568
1,1,0.36124225754153483,0.6387577424584652
1,1,0.34129455167518397,0.658705448324816
1,1,0.3132640070432974,0.6867359929567026
1,1,0.3321690352864358,0.6678309647135642
1,1,0.3367087791346396,0.6632912208653604
0,1,0.3757621615605442,0.6242378384394558
0,1,0.3688984513766971,0.6311015486233029
1,1,0.38692500171811695,0.613074998281883
1,1,0.3245943059585523,0.6754056940414477
1,1,0.3732666162675081,0.6267333837324919
0,1,0.3027638042038381,0.6972361957961619
1,1,0.35801440647587246,0.6419855935241275
1,1,0.3394105707977183,0.6605894292022817
0,1,0.3616664668241405,0.6383335331758595
0,1,0.3815977552722577,0.6184022447277423
1,1,0.3577630551440666,0.6422369448559334
1,1,0.353958417734611,0.646041582265389
0,1,0.3396590693707443,0.6603409306292557
1,1,0.34749405923779986,0.6525059407622001
1,1,0.3008025951576385,0.6991974048423615
0,1,0.3489290629603857,0.6510709370396143
1,1,0.323545147817362,0.676454852182638
1,1,0.3514319402570426,0.6485680597429574
0,1,0.37523318822065466,0.6247668117793453
1,1,0.31176668861567003,0.68823331138433
0,1,0.37938640044588023,0.6206135995541198
1,1,0.34096492897312625,0.6590350710268738
0,1,0.3300175251082983,0.6699824748917017
0,1,0.36372275983374636,0.6362772401662536
1,1,0.3526342824127695,0.6473657175872305
1,1,0.30627527472052196,0.693724725279478
0,1,0.36017931149672455,0.6398206885032754
0,1,0.3205741908761591,0.6794258091238409
1,1,0.3406136036860089,0.6593863963139911
1,1,0.36999737409766964,0.6300026259023304
1,1,0.3521705812808904,0.6478294187191096
1,1,0.39185587971231517,0.6081441202876848
1,1,0.37324445897823455,0.6267555410217654
0,1,0.3769488159124891,0.6230511840875109
1,1,0.3124049699723619,0.6875950300276381
1,1,0.35808547258395584,0.6419145274160442
1,1,0.35148955364518486,0.6485104463548151
1,1,0.3094630960183683,0.6905369039816317
0,1,0.3320487891874224,0.6679512108125776
1,1,0.31554701112813677,0.6844529888718632
0,1,0.3336449450569331,0.6663550549430669
1,1,0.3450032764780202,0.6549967235219798
1,1,0.3446573376666725,0.6553426623333275
1,1,0.36464038312953195,0.635359616870468
1,1,0.42442144996639397,0.575578550033606
0,1,0.34740944078915226,0.6525905592108477
1,1,0.34375631016345787,0.6562436898365421
1,1,0.3427987693795538,0.6572012306204462
1,1,0.3598157487235596,0.6401842512764404
1,1,0.3435876831977632,0.6564123168022368
0,1,0.34002401114579117,0.6599759888542088
0,1,0.34727338736041613,0.6527266126395839
1,1,0.3603342492483209,0.6396657507516791
1,1,0.3438319620888337,0.6561680379111663
1,1,0.3302305536506732,0.6697694463493268
1,1,0.3788824849999948,0.6211175150000052
1,1,0.3410772909161278,0.6589227090838722
0,1,0.3491333069425454,0.6508666930574546
1,1,0.34977767775275237,0.6502223222472476
0,1,0.3351469614971887,0.6648530385028113
0,1,0.28775626444512103,0.712243735554879
0,1,0.354898775478778,0.645101224521222
0,1,0.3352016987852846,0.6647983012147154
1,1,0.36083178648510916,0.6391682135148908
1,1,0.3339485808363839,0.6660514191636161
0,1,0.337903386966406,0.662096613033594
1,1,0.3417142602497384,0.6582857397502616
0,1,0.3590274155139811,0.6409725844860189
1,1,0.41716061005539606,0.5828393899446039
0,1,0.3462484289622385,0.6537515710377615
1,1,0.33396364801335654,0.6660363519866435
0,1,0.34249673238563716,0.6575032676143628
1,1,0.36503902976878977,0.6349609702312102
1,1,0.37075275403676855,0.6292472459632314
1,1,0.3290951947617444,0.6709048052382556
0,1,0.37927608060393037,0.6207239193960696
1,1,0.3284709434105727,0.6715290565894273
1,1,0.35265157918281753,0.6473484208171825
0,1,0.33927987818055116,0.6607201218194488
1,1,0.3582045528709803,0.6417954471290197
1,1,0.35410334062433846,0.6458966593756615
1,1,0.3452680087015493,0.6547319912984507
1,1,0.36678069043333705,0.633219309566663
0,1,0.37610654552019573,0.6238934544798043
1,1,0.32827906439440613,0.6717209356055939
1,1,0.3354956958184221,0.6645043041815779
0,1,0.3406555938797565,0.6593444061202435
1,1,0.36001673235753384,0.6399832676424662
0,1,0.3527268426628959,0.6472731573371041
1,1,0.3673299305002464,0.6326700694997536
1,1,0.360216289951821,0.639783710048179
1,1,0.3654375053964505,0.6345624946035495
1,1,0.3626454821384135,0.6373545178615865
1,1,0.3290043338013623,0.6709956661986377
1,1,0.40062225277044816,0.5993777472295518
0,1,0.3268142359654085,0.6731857640345915
1,1,0.353358150716348,0.646641849283652
1,1,0.3431751366492317,0.6568248633507683
1,1,0.35840427233198446,0.6415957276680155
0,1,0.35479330143918997,0.64520669856081
1,1,0.34738342084294505,0.652616579157055
1,1,0.36239054503042545,0.6376094549695746
1,1,0.3476094749929506,0.6523905250070494
1,1,0.34726036255409176,0.6527396374459082
0,1,0.36222959322717785,0.6377704067728222
0,1,0.37170320400938917,0.6282967959906108
0,1,0.3862719327785278,0.6137280672214722
0,1,0.3967282476010927,0.6032717523989073
1,1,0.3731459566136379,0.6268540433863621
1,1,0.3747541299699718,0.6252458700300282
0,1,0.3621717181141312,0.6378282818858688
0,1,0.3274683475156325,0.6725316524843675
1,1,0.33797754321936424,0.6620224567806358
1,1,0.34381389302616505,0.656186106973835
1,1,0.38224466445631844,0.6177553355436816
0,1,0.3109380956088914,0.6890619043911086
0,1,0.3697717187390658,0.6302282812609342
1,1,0.37114486249805956,0.6288551375019404
1,1,0.35390873700010883,0.6460912629998912
0,1,0.3219726104517663,0.6780273895482337
1,1,0.38031334991751176,0.6196866500824882
1,1,0.35037082040421674,0.6496291795957833
1,1,0.36771726814967665,0.6322827318503234
0,1,0.33047469340130864,0.6695253065986914
1,1,0.36715518675366265,0.6328448132463373
0,1,0.33039294278335873,0.6696070572166413
1,1,0.4089552766901494,0.5910447233098506
0,1,0.319997089305494,0.680002910694506
1,1,0.3628034631400022,0.6371965368599978
0,1,0.37498547585494146,0.6250145241450585
1,1,0.3329139377129209,0.6670860622870791
0,1,0.3761664448234585,0.6238335551765415
0,1,0.36501957092173376,0.6349804290782662
1,1,0.3475094022169616,0.6524905977830384
1,1,0.3611540456403093,0.6388459543596907
0,1,0.3426762110239234,0.6573237889760766
1,1,0.36405879050350276,0.6359412094964972
0,1,0.3356434807825992,0.6643565192174008
1,1,0.33492860231663013,0.6650713976833699
0,1,0.3311166093679444,0.6688833906320556
1,1,0.3502094159250221,0.6497905840749779
1,1,0.343072538763619,0.656927461236381
1,1,0.3506647657981493,0.6493352342018507
0,1,0.3473580126177629,0.6526419873822371
1,1,0.34665291848101687,0.6533470815189831
0,1,0.3251163880024658,0.6748836119975342
0,1,0.3001551655507214,0.6998448344492786
1,1,0.3350062048896467,0.6649937951103533
1,1,0.3867699114481694,0.6132300885518306
1,1,0.30437638856050064,0.6956236114394994
1,1,0.328599858591232,0.671400141408768
0,1,0.34117530067361845,0.6588246993263815
0,1,0.35284896187871684,0.6471510381212832
1,1,0.37258805519646854,0.6274119448035315
1,1,0.34974522899506344,0.6502547710049366
0,1,0.3484111171146691,0.6515888828853309
0,1,0.3288602958428971,0.6711397041571029
0,1,0.3190870207566371,0.6809129792433629
1,1,0.3899997878185999,0.6100002121814001
0,1,0.34803543685000615,0.6519645631499938
1,1,0.35738352203073687,0.6426164779692631
0,1,0.34303090324372554,0.6569690967562745
1,1,0.36274122175910417,0.6372587782408958
1,1,0.37988289064303815,0.6201171093569618
1,1,0.35516165601322724,0.6448383439867728
1,1,0.38861819766238137,0.6113818023376186
1,1,0.33726980368251147,0.6627301963174885
1,1,0.3468002171069292,0.6531997828930708
0,1,0.3931808199585827,0.6068191800414173
0,1,0.34846157745822137,0.6515384225417786
1,1,0.357868421474557,0.642131578525443
0,1,0.3361600402637239,0.6638399597362761
1,1,0.33256877708000965,0.6674312229199904
1,1,0.36223877285027895,0.637761227149721
1,1,0.37600473903890175,0.6239952609610983
0,1,0.3699487341428932,0.6300512658571068
1,1,0.35176384716720166,0.6482361528327983
0,1,0.35272016383583604,0.647279836164164
0,1,0.3044605255314632,0.6955394744685368
1,1,0.3449211749063752,0.6550788250936248
0,1,0.3203353854202492,0.6796646145797508
0,1,0.3371803953142749,0.6628196046857251
1,1,0.32629461916428104,0.673705380835719
1,1,0.3095891404611124,0.6904108595388876
1,1,0.3554212444993269,0.6445787555006731
0,1,0.3392910693853448,0.6607089306146552
1,1,0.36001685416294205,0.639983145837058
1,1,0.3773264471591772,0.6226735528408228
0,1,0.337249951514773,0.662750048485227
1,1,0.3605246640356612,0.6394753359643388
0,1,0.3342036697181836,0.6657963302818164
0,1,0.3704819424037089,0.6295180575962911
1,1,0.32789721288165896,0.672102787118341
1,1,0.3276858125768397,0.6723141874231603
1,1,0.3336783107064727,0.6663216892935273
0,1,0.3088357951487214,0.6911642048512786
0,1,0.32650315675553954,0.6734968432444605
1,1,0.36738430177569603,0.632615698224304
1,1,0.3444783241408118,0.6555216758591882
1,1,0.3525804595022187,0.6474195404977813
1,1,0.3225133748235657,0.6774866251764343
1,1,0.3386359852368167,0.6613640147631833
1,1,0.3575220195323403,0.6424779804676597
0,1,0.3538327232256163,0.6461672767743837
1,1,0.39934286776980443,0.6006571322301956
1,1,0.41273754107588834,0.5872624589241117
1,1,0.3429472272174565,0.6570527727825435
1,1,0.3506353230929983,0.6493646769070017
0,1,0.32807653201631115,0.6719234679836888
1,1,0.37931196022283076,0.6206880397771692
0,1,0.3204092118660147,0.6795907881339853
0,1,0.37003855932726915,0.6299614406727309
0,1,0.36570562573659515,0.6342943742634048
1,1,0.3489211063946972,0.6510788936053028
1,1,0.3538715950083636,0.6461284049916364
0,1,0.3221762547594679,0.6778237452405321
1,1,0.3553216617823215,0.6446783382176785
1,1,0.3122866057528032,0.6877133942471968
0,1,0.34568924498129683,0.6543107550187032
0,1,0.3459405728107592,0.6540594271892408
1,1,0.34523193420564513,0.6547680657943549
0,1,0.2991015348601356,0.7008984651398644
1,1,0.3683872918439446,0.6316127081560554
0,1,0.37929660872863913,0.6207033912713609
1,1,0.3506305360594931,0.6493694639405069
0,1,0.37326083127147947,0.6267391687285205
1,1,0.36151716544239987,0.6384828345576001
1,1,0.2951869981815598,0.7048130018184402
0,1,0.3594712879000379,0.6405287120999621
1,1,0.33349475990801836,0.6665052400919816
1,1,0.33727646332892813,0.6627235366710719
1,1,0.3146587845561317,0.6853412154438683
1,1,0.3495600257972665,0.6504399742027335
1,1,0.3507381488798059,0.6492618511201941
1,1,0.3628928611752342,0.6371071388247658
1,1,0.43174420198275554,0.5682557980172445
1,1,0.3391457859753342,0.6608542140246658
0,1,0.33647276617766264,0.6635272338223374
0,1,0.37351696244781407,0.6264830375521859
0,1,0.374746841213221,0.625253158786779
0,1,0.37787840693935526,0.6221215930606447
0,1,0.35224082164518145,0.6477591783548186
1,1,0.40550652643516294,0.5944934735648371
0,1,0.35198653702368754,0.6480134629763125
0,1,0.33128597568181406,0.6687140243181859
1,1,0.35629240513628935,0.6437075948637107
0,1,0.37478862456774065,0.6252113754322594
0,1,0.3986340158265492,0.6013659841734508
1,1,0.3546176424417532,0.6453823575582468
1,1,0.33650125469866654,0.6634987453013335
1,1,0.3739862438629008,0.6260137561370992
1,1,0.34882928773589905,0.651170712264101
0,1,0.3386239088626375,0.6613760911373625
0,1,0.3630983442081568,0.6369016557918432
1,1,0.3546261747915376,0.6453738252084624
1,1,0.3759236144245137,0.6240763855754863
1,1,0.3658950679727332,0.6341049320272668
0,1,0.33955935189166075,0.6604406481083392
0,1,0.3009676358032023,0.6990323641967977
1,1,0.33738515468940156,0.6626148453105984
0,1,0.35264492563807215,0.6473550743619279
1,1,0.35671044359148074,0.6432895564085193
1,1,0.3508876960649432,0.6491123039350568
0,1,0.3411570558247671,0.6588429441752329
1,1,0.32565204426658534,0.6743479557334147
1,1,0.3457414675725964,0.6542585324274036
1,1,0.3522151334357566,0.6477848665642434
1,1,0.31430483091152184,0.6856951690884782
1,1,0.37678525589611367,0.6232147441038863
1,1,0.3175459654746904,0.6824540345253096
1,1,0.36195434900872037,0.6380456509912796
1,1,0.33574071195872124,0.6642592880412788
0,1,0.3519074277458436,0.6480925722541564
1,1,0.35816060184014953,0.6418393981598505
0,1,0.3930287741664312,0.6069712258335688
0,1,0.3156986130039936,0.6843013869960064
0,1,0.33932281366167416,0.6606771863383258
1,1,0.3488589067204241,0.6511410932795759
0,1,0.3698614281206021,0.6301385718793979
1,1,0.3513009695351321,0.6486990304648679
1,1,0.37527943723378265,0.6247205627662173
0,1,0.3485442613449976,0.6514557386550024
0,1,0.34867925565332225,0.6513207443466777
1,1,0.36168223369080155,0.6383177663091985
1,1,0.37401741707399727,0.6259825829260027
1,1,0.3490783912136418,0.6509216087863582
1,1,0.36710990357076834,0.6328900964292317
1,1,0.3458145447728318,0.6541854552271682
1,1,0.3453608159188113,0.6546391840811887
1,1,0.36824752885157497,0.631752471148425
1,1,0.3364992741822964,0.6635007258177036
1,1,0.38204510190696295,0.617954898093037
0,1,0.3492483590074279,0.6507516409925721
0,1,0.3575665157225072,0.6424334842774928
1,1,0.3602691142572554,0.6397308857427446
0,1,0.33262774241179194,0.6673722575882081
0,1,0.33681443661018007,0.6631855633898199
0,1,0.3614817707661716,0.6385182292338284
1,1,0.306919936910255,0.693080063089745
1,1,0.39771101891206984,0.6022889810879302
1,1,0.468678894417737,0.531321105582263
1,1,0.3961283516724948,0.6038716483275052
1,1,0.3445001740825834,0.6554998259174166
1,1,0.33517762710921184,0.6648223728907882
0,1,0.3809432975884458,0.6190567024115542
1,1,0.3605012392912835,0.6394987607087165
1,1,0.3739650384117428,0.6260349615882572
0,1,0.3094668713643779,0.6905331286356221
1,1,0.327721952531309,0.672278047468691
1,1,0.33479859622156627,0.6652014037784337
0,1,0.32434808005627946,0.6756519199437205
0,1,0.3271337979520148,0.6728662020479852
0,1,0.3470714055019961,0.6529285944980039
0,1,0.3649793269235164,0.6350206730764836
0,1,0.3251392199445129,0.6748607800554871
1,1,0.3531652592142007,0.6468347407857993
0,1,0.35132493556459843,0.6486750644354016
1,1,0.36706585482750564,0.6329341451724944
0,1,0.3317061878765254,0.6682938121234746
1,1,0.34059743016460686,0.6594025698353931
1,1,0.3532641599932982,0.6467358400067018
0,1,0.3327832969923816,0.6672167030076184
0,1,0.38548905365971464,0.6145109463402854
1,1,0.3474690598427954,0.6525309401572046
0,1,0.34306307281852444,0.6569369271814756
1,1,0.3465126272046072,0.6534873727953928
0,1,0.3278009775536652,0.6721990224463348
1,1,0.3660902615950674,0.6339097384049326
1,1,0.35466821193409626,0.6453317880659037
1,1,0.3970690684579602,0.6029309315420398
0,1,0.3900838591924203,0.6099161408075797
0,1,0.3713564882190492,0.6286435117809508
0,1,0.32378332347615524,0.6762166765238448
0,1,0.36123960047590353,0.6387603995240965
1,1,0.3528820604405565,0.6471179395594435
1,1,0.36060737816543553,0.6393926218345645
1,1,0.3386764578228695,0.6613235421771305
0,1,0.35440776881421654,0.6455922311857835
1,1,0.34645568230429,0.65354431769571
1,1,0.3288538865295848,0.6711461134704152
1,1,0.37168626988061515,0.6283137301193849
1,1,0.33535279950015473,0.6646472004998453
1,1,0.34228906742039245,0.6577109325796076
1,1,0.3484322901126926,0.6515677098873074
1,1,0.36431993090881043,0.6356800690911896
1,1,0.34436761089615253,0.6556323891038475
1,1,0.3624007629714979,0.6375992370285021
1,1,0.3753828615475946,0.6246171384524054
0,1,0.3341669933459641,0.6658330066540359
1,1,0.3510721815066177,0.6489278184933823
0,1,0.35347862274969966,0.6465213772503003
1,1,0.35925206045831737,0.6407479395416826
1,1,0.3602305634431331,0.6397694365568669
1,1,0.3678050126410356,0.6321949873589644
1,1,0.3410217744828907,0.6589782255171093
0,1,0.358899503037426,0.641100496962574
1,1,0.3409096422119271,0.6590903577880729
1,1,0.347155363236495,0.652844636763505
1,1,0.3433213211676919,0.6566786788323081
0,1,0.34129934640050796,0.658700653599492
0,1,0.35860822184889496,0.641391778151105
1,1,0.3696762539680576,0.6303237460319424
1,1,0.3621146601047357,0.6378853398952643
1,1,0.3335617708231615,0.6664382291768385
1,1,0.3353977518886867,0.6646022481113133
0,1,0.36137388157795314,0.6386261184220469
0,1,0.37229231709426347,0.6277076829057365
0,1,0.3891996189252944,0.6108003810747056
1,1,0.32991268915012684,0.6700873108498732
0,1,0.36535427784735053,0.6346457221526495
1,1,0.3394572675440961,0.6605427324559039
0,1,0.349469028705088,0.650530971294912
1,1,0.3653584317266656,0.6346415682733344
1,1,0.3367367511608561,0.6632632488391439
1,1,0.34911283920892133,0.6508871607910787
0,1,0.33530146357837054,0.6646985364216295
1,1,0.371703409764778,0.628296590235222
0,1,0.34865757222673355,0.6513424277732665
1,1,0.3355958150035726,0.6644041849964274
1,1,0.367602025349959,0.632397974650041
1,1,0.34340660915604737,0.6565933908439526
1,1,0.3623203609718514,0.6376796390281486
0,1,0.33730554586812955,0.6626944541318704
1,1,0.3626230756824854,0.6373769243175146
0,1,0.3451688137327762,0.6548311862672238
1,1,0.3976092754104882,0.6023907245895118
1,1,0.33507551723860607,0.6649244827613939
1,1,0.38965446412996907,0.6103455358700309
1,1,0.3607401595847244,0.6392598404152756
0,1,0.3588663109770187,0.6411336890229813
1,1,0.35213183934869086,0.6478681606513091
1,1,0.38149288409665705,0.618507115903343
0,1,0.3457987871309325,0.6542012128690675
1,1,0.3509966495046152,0.6490033504953848
1,1,0.3664481108351946,0.6335518891648054
1,1,0.32926128515765796,0.670738714842342
1,1,0.34371360592922406,0.6562863940707759
1,1,0.34707183386850615,0.6529281661314938
0,1,0.37096539136353834,0.6290346086364617
1,1,0.34312666033540296,0.656873339664597
1,1,0.3553719001685014,0.6446280998314986
1,1,0.35561129824989146,0.6443887017501085
0,1,0.35195461012826046,0.6480453898717395
1,1,0.3727819418631837,0.6272180581368163
0,1,0.3268950752266594,0.6731049247733406
0,1,0.3239592611699239,0.6760407388300761
1,1,0.34901059649598465,0.6509894035040154
0,1,0.3659704788793291,0.6340295211206709
1,1,0.3872078663861048,0.6127921336138952
1,1,0.3081461183464671,0.6918538816535329
1,1,0.3398442045777985,0.6601557954222015
1,1,0.3790779089452533,0.6209220910547467
1,1,0.3638405828980905,0.6361594171019095
0,1,0.38141804399760637,0.6185819560023936
1,1,0.34815608719406244,0.6518439128059376
1,1,0.34505126409244413,0.6549487359075559
1,1,0.3492009446647608,0.6507990553352392
1,1,0.35086144270561825,0.6491385572943817
1,1,0.34882778512321966,0.6511722148767803
1,1,0.34624693058288236,0.6537530694171176
0,1,0.335839910261716,0.664160089738284
0,1,0.3661209623500292,0.6338790376499708
1,1,0.3552542804653879,0.6447457195346121
1,1,0.3126627808892458,0.6873372191107542
1,1,0.3449943125037448,0.6550056874962552
0,1,0.3789469628717671,0.6210530371282329
0,1,0.34608101643266986,0.6539189835673301
0,1,0.3410514710230569,0.6589485289769431
1,1,0.3382070194487652,0.6617929805512348
1,1,0.3381077125312718,0.6618922874687282
0,1,0.3520445485994671,0.6479554514005329
1,1,0.3679575317729893,0.6320424682270107
1,1,0.33458993049088115,0.6654100695091189
1,1,0.3480282002585835,0.6519717997414165
1,1,0.35384088631128274,0.6461591136887173
0,1,0.355504289754919,0.644495710245081
0,1,0.3297571593496935,0.6702428406503065
1,1,0.3575368746661174,0.6424631253338826
1,1,0.34541802490823814,0.6545819750917619
1,1,0.3612635431264072,0.6387364568735928
0,1,0.37345708760496976,0.6265429123950302
1,1,0.3331190460360106,0.6668809539639894
0,1,0.322252981644648,0.677747018355352
1,1,0.3631009767150434,0.6368990232849566
1,1,0.3772249798516045,0.6227750201483955
0,1,0.33075485045477615,0.6692451495452238
0,1,0.33837152694892103,0.661628473051079
1,1,0.32105820818474795,0.678941791815252
1,1,0.3203720330360468,0.6796279669639532
1,1,0.3576775610087016,0.6423224389912984
1,1,0.34419969124788596,0.655800308752114
1,1,0.36512118657106973,0.6348788134289303
1,1,0.3185093812303902,0.6814906187696098
0,1,0.32364025048463463,0.6763597495153654
1,1,0.33170355591334966,0.6682964440866503
1,1,0.3702014739819852,0.6297985260180148
0,1,0.36808143123373716,0.6319185687662628
1,1,0.29299247607081025,0.7070075239291898
0,1,0.34863474269391714,0.6513652573060829
1,1,0.34902717682835394,0.6509728231716461
1,1,0.3426054275531282,0.6573945724468718
1,1,0.34844255225577025,0.6515574477442297
0,1,0.3592787917397976,0.6407212082602024
0,1,0.3495250879263606,0.6504749120736394
1,1,0.34138086034956416,0.6586191396504358
1,1,0.35650173380542627,0.6434982661945737
0,1,0.34497992181032644,0.6550200781896736
1,1,0.3503690768897022,0.6496309231102978
1,1,0.35130121248265145,0.6486987875173486
1,1,0.32467508537440304,0.675324914625597
1,1,0.3332042765361186,0.6667957234638814
1,1,0.32376954515411294,0.6762304548458871
1,1,0.326403951697103,0.673596048302897
1,1,0.36357052982674565,0.6364294701732544
1,1,0.3479062721526134,0.6520937278473866
1,1,0.3489057356636873,0.6510942643363127
0,1,0.3796021587390106,0.6203978412609894
0,1,0.34422176179672126,0.6557782382032787
1,1,0.3618214120202179,0.6381785879797821
1,1,0.3292796537837671,0.6707203462162329
1,1,0.3848976245807232,0.6151023754192768
1,1,0.3554305222630977,0.6445694777369023
0,1,0.3303097252873285,0.6696902747126715
1,1,0.3549507740629233,0.6450492259370767
1,1,0.3310026699388897,0.6689973300611103
1,1,0.33223614467836615,0.6677638553216338
0,1,0.3363673998013047,0.6636326001986953
1,1,0.3440794487983685,0.6559205512016315
1,1,0.38234451270009306,0.6176554872999069
1,1,0.3489509797541046,0.6510490202458954
1,1,0.34112179772141094,0.6588782022785891
0,1,0.3346784306060989,0.6653215693939011
1,1,0.36166588278888023,0.6383341172111198
0,1,0.4141007787286223,0.5858992212713777
1,1,0.3407996550911915,0.6592003449088085
1,1,0.3998560341625128,0.6001439658374872
1,1,0.3580922954973731,0.6419077045026269
0,1,0.36577018298153485,0.6342298170184651
1,1,0.33129514872780785,0.6687048512721921
1,1,0.3397434479300633,0.6602565520699367
1,1,0.39078987991853853,0.6092101200814615
1,1,0.3470782588384632,0.6529217411615368
1,1,0.319143489580763,0.680856510419237
0,1,0.3468517380742613,0.6531482619257387
0,1,0.3494942254312453,0.6505057745687547
0,1,0.35299907081933846,0.6470009291806615
1,1,0.3725096308505339,0.6274903691494661
1,1,0.3408190549210114,0.6591809450789886
1,1,0.34341558445647646,0.6565844155435235
0,1,0.32652780794556513,0.6734721920544349
0,1,0.3454409762728168,0.6545590237271832
0,1,0.35112746588088195,0.648872534119118
1,1,0.36184359114617526,0.6381564088538247
1,1,0.3553795368694478,0.6446204631305522
1,1,0.3455264766707671,0.6544735233292329
1,1,0.3611458611356759,0.6388541388643241
0,1,0.3461230810202264,0.6538769189797736
1,1,0.314766470383951,0.685233529616049
1,1,0.35356845512470625,0.6464315448752938
1,1,0.34246438303841986,0.6575356169615801
0,1,0.3589962654940224,0.6410037345059776
1,1,0.3766747814879108,0.6233252185120892
0,1,0.32060870360939575,0.6793912963906042
1,1,0.3604370790909215,0.6395629209090785
0,1,0.34598046335656507,0.6540195366434349
1,1,0.37522033584846337,0.6247796641515366
0,1,0.34221839890567873,0.6577816010943213
0,1,0.36262033533344173,0.6373796646665583
0,1,0.36717669029616806,0.6328233097038319
1,1,0.35614201718276783,0.6438579828172322
1,1,0.36155966066501344,0.6384403393349866
1,1,0.3571754081549172,0.6428245918450828
1,1,0.35959279344580264,0.6404072065541974
1,1,0.29034822870653454,0.7096517712934655
1,1,0.3287020769597754,0.6712979230402246
0,1,0.334501615894667,0.665498384105333
1,1,0.30438120387687784,0.6956187961231222
1,1,0.35668046544593535,0.6433195345540647
1,1,0.37528112928695756,0.6247188707130424
1,1,0.40472576134388494,0.5952742386561151
1,1,0.33493746014033265,0.6650625398596673
0,1,0.3484965639902422,0.6515034360097578
0,1,0.36733847044525236,0.6326615295547476
1,1,0.3366930943147365,0.6633069056852635
1,1,0.35691812945356527,0.6430818705464347
1,1,0.37462389064169743,0.6253761093583026
0,1,0.35932041095787215,0.6406795890421279
1,1,0.34090280604664114,0.6590971939533589
1,1,0.3632277121139055,0.6367722878860945
0,1,0.3305717268394599,0.6694282731605401
1,1,0.3778655373492241,0.6221344626507759
0,1,0.32289879101039143,0.6771012089896086
1,1,0.38170891983967103,0.618291080160329
1,1,0.3596331087810938,0.6403668912189062
1,1,0.35147713869174935,0.6485228613082507
1,1,0.35823565206641006,0.6417643479335899
0,1,0.3504583352067805,0.6495416647932195
1,1,0.3680960021858509,0.6319039978141491
1,1,0.344368265183999,0.655631734816001
1,1,0.3482384259292951,0.6517615740707049
1,1,0.33304440258434587,0.6669555974156541
1,1,0.38996026477962575,0.6100397352203742
1,1,0.3302890485190858,0.6697109514809142
1,1,0.3459581330911847,0.6540418669088153
0,1,0.2965873199841119,0.7034126800158881
1,1,0.348608350805207,0.651391649194793
0,1,0.33727251349574217,0.6627274865042578
1,1,0.3611952281831413,0.6388047718168587
1,1,0.35152211604381567,0.6484778839561843
1,1,0.3562038528376207,0.6437961471623793
0,1,0.34036767926265965,0.6596323207373403
1,1,0.3511223672810574,0.6488776327189426
1,1,0.34521180681937236,0.6547881931806276
1,1,0.35363933774313494,0.6463606622568651
0,1,0.3391982150358711,0.6608017849641289
0,1,0.36988431330281535,0.6301156866971847
1,1,0.358186843587495,0.641813156412505
1,1,0.29519255460425997,0.70480744539574
0,1,0.3719598163115222,0.6280401836884778
1,1,0.3718208802035975,0.6281791197964025
1,1,0.3506028096449121,0.6493971903550879
1,1,0.3346255492798992,0.6653744507201008
1,1,0.3511396135774242,0.6488603864225758
0,1,0.3235012677277862,0.6764987322722138
0,1,0.3104484457249024,0.6895515542750976
1,1,0.32675747029555613,0.6732425297044439
1,1,0.36677095227727863,0.6332290477227214
1,1,0.3425389233101057,0.6574610766898943
0,1,0.39014673163200475,0.6098532683679952
1,1,0.31864021743703075,0.6813597825629693
1,1,0.358471651754494,0.641528348245506
1,1,0.34415088492705403,0.655849115072946
1,1,0.3493692472620811,0.6506307527379189
1,1,0.34941562647892743,0.6505843735210726
1,1,0.3440070612909919,0.6559929387090081
0,1,0.3353326017710715,0.6646673982289285
0,1,0.352599979950462,0.647400020049538
0,1,0.33995676898141924,0.6600432310185808
0,1,0.33065124440601634,0.6693487555939837
0,1,0.3629236513994353,0.6370763486005647
0,1,0.35245484828397466,0.6475451517160253
1,1,0.34118887948985344,0.6588111205101466
1,1,0.35926406061674776,0.6407359393832522
1,1,0.3335826596067629,0.6664173403932371
0,1,0.3484724418936421,0.6515275581063579
0,1,0.3315864301728735,0.6684135698271265
0,1,0.3494774302953787,0.6505225697046213
0,1,0.34535714705900344,0.6546428529409966
1,1,0.3479020217978699,0.6520979782021301
0,1,0.3782512398065263,0.6217487601934737
1,1,0.32639514192900576,0.6736048580709942
0,1,0.3301945233808802,0.6698054766191198
1,1,0.3619245779486169,0.6380754220513831
1,1,0.3248295306952328,0.6751704693047672
1,1,0.3417433914811211,0.6582566085188789
1,1,0.3528052246701946,0.6471947753298054
0,1,0.35574829548164333,0.6442517045183567
1,1,0.3559574810017123,0.6440425189982877
0,1,0.3332956547928517,0.6667043452071483
1,1,0.33843752437140107,0.6615624756285989
1,1,0.33342585135280756,0.6665741486471924
1,1,0.37640961861815436,0.6235903813818456
1,1,0.3224175590623528,0.6775824409376472
1,1,0.33388506956446895,0.666114930435531
1,1,0.38539905829817633,0.6146009417018237
1,1,0.3411079922097916,0.6588920077902084
1,1,0.3444447803923195,0.6555552196076805
0,1,0.3732044870094391,0.6267955129905609
0,1,0.3359666452688693,0.6640333547311307
1,1,0.3612474420002323,0.6387525579997677
0,1,0.34879045182985124,0.6512095481701488
1,1,0.3538734908155312,0.6461265091844688
1,1,0.319295283851762,0.680704716148238
0,1,0.32404245830313716,0.6759575416968628
1,1,0.34219113580562266,0.6578088641943773
1,1,0.3402433937654332,0.6597566062345668
0,1,0.34860945119117925,0.6513905488088207
1,1,0.3426327649689971,0.6573672350310029
0,1,0.3708652069267343,0.6291347930732657
0,1,0.3430928640325651,0.6569071359674349
1,1,0.3564475203519758,0.6435524796480242
1,1,0.288685148163201,0.711314851836799
0,1,0.35628489912571526,0.6437151008742847
1,1,0.38739471231321954,0.6126052876867805
0,1,0.35763988756551157,0.6423601124344884
0,1,0.33883244587873185,0.6611675541212682
1,1,0.3544613618386113,0.6455386381613887
1,1,0.3515821513089772,0.6484178486910228
1,1,0.3494259039846799,0.6505740960153201
1,1,0.3431429747129702,0.6568570252870298
0,1,0.35466549544595505,0.645334504554045
1,1,0.33126196239636296,0.668738037603637
1,1,0.35108235340995053,0.6489176465900495
1,1,0.27725853297188985,0.7227414670281102
1,1,0.3274990546022144,0.6725009453977856
1,1,0.34061857014221175,0.6593814298577882
1,1,0.3986802434330601,0.6013197565669399
1,1,0.3687445986827932,0.6312554013172068
1,1,0.3851815463266516,0.6148184536733484
1,1,0.3416514793343748,0.6583485206656252
1,1,0.35457552385282287,0.6454244761471771
0,1,0.3410208314007066,0.6589791685992934
0,1,0.3741969510714309,0.6258030489285691
0,1,0.30484958994920686,0.6951504100507931
1,1,0.33247262259484756,0.6675273774051524
1,1,0.3596656797857628,0.6403343202142372
1,1,0.3348573758456038,0.6651426241543962
1,1,0.3591451709114296,0.6408548290885704
1,1,0.34765467479310586,0.6523453252068941
1,1,0.3753812395522641,0.6246187604477359
1,1,0.342683128276263,0.657316871723737
1,1,0.3352153270451774,0.6647846729548226
1,1,0.38963538962394373,0.6103646103760563
1,1,0.32525993095962524,0.6747400690403748
1,1,0.36453671933731246,0.6354632806626875
1,1,0.3542719076016094,0.6457280923983906
0,1,0.3434251270031595,0.6565748729968405
1,1,0.3444908848672503,0.6555091151327497
1,1,0.31677986905687516,0.6832201309431248
1,1,0.35148100059179754,0.6485189994082025
0,1,0.33637425148517386,0.6636257485148261
1,1,0.3277252246835065,0.6722747753164935
1,1,0.326907000762656,0.673092999237344
0,1,0.33821692035571793,0.6617830796442821
1,1,0.3513959738395088,0.6486040261604912
1,1,0.36731215261198624,0.6326878473880138
0,1,0.3202657966373167,0.6797342033626833
0,1,0.344320903044564,0.655679096955436
1,1,0.3451947968140302,0.6548052031859698
1,1,0.34956849835484705,0.650431501645153
1,1,0.345892457461344,0.654107542538656
1,1,0.3274112327073053,0.6725887672926947
1,1,0.37284110082275834,0.6271588991772417
1,1,0.33888650082761507,0.6611134991723849
1,1,0.34302996003636455,0.6569700399636355
0,1,0.381410395936815,0.618589604063185
1,1,0.4343779761022155,0.5656220238977845
1,1,0.311192267537429,0.688807732462571
1,1,0.3358220976282238,0.6641779023717762
1,1,0.3466817788932197,0.6533182211067803
0,1,0.3574737289462647,0.6425262710537353
1,1,0.37937134895415603,0.620628651045844
1,1,0.37372583294345096,0.626274167056549
1,1,0.36493251775580304,0.635067482244197
0,1,0.3854064969321426,0.6145935030678574
1,1,0.34495358326486114,0.6550464167351389
0,1,0.3432941912751638,0.6567058087248362
1,1,0.36360704031202273,0.6363929596879773
0,1,0.36031867230966474,0.6396813276903353
0,1,0.3315483571618597,0.6684516428381403
1,1,0.34062869934621665,0.6593713006537834
1,1,0.3462285485519785,0.6537714514480215
1,1,0.34651350886754684,0.6534864911324532
1,1,0.3895635969354615,0.6104364030645385
1,1,0.34494688025933606,0.6550531197406639
1,1,0.37026997512490634,0.6297300248750937
1,1,0.42241494646573896,0.577585053534261
1,1,0.3044431452648334,0.6955568547351666
1,1,0.3666343901784517,0.6333656098215483
1,1,0.3599625331130234,0.6400374668869766
0,1,0.3490287204154885,0.6509712795845115
0,1,0.34112799652219683,0.6588720034778032
1,1,0.459734585879336,0.540265414120664
1,1,0.3340214342199215,0.6659785657800785
1,1,0.35351907476943323,0.6464809252305668
1,1,0.3781022744883321,0.6218977255116679
0,1,0.3634153113838915,0.6365846886161085
1,1,0.3353314883592591,0.6646685116407409
1,1,0.3071254963758484,0.6928745036241516
0,1,0.33661728787269296,0.663382712127307
1,1,0.3713953696978848,0.6286046303021152
1,1,0.33023149655505857,0.6697685034449414
0,1,0.3163224505345905,0.6836775494654095
1,1,0.34130265132136384,0.6586973486786362
0,1,0.35949600258608283,0.6405039974139172
1,1,0.32338518729387833,0.6766148127061217
0,1,0.3756360369595023,0.6243639630404977
1,1,0.33460618961490185,0.6653938103850982
1,1,0.3526665267219625,0.6473334732780375
0,1,0.43258902348805395,0.567410976511946
0,1,0.351173613803864,0.648826386196136
1,1,0.3525581416071759,0.6474418583928241
1,1,0.4085744821420141,0.5914255178579859
1,1,0.33741743410933267,0.6625825658906673
1,1,0.3996139166201823,0.6003860833798177
1,1,0.32809635273396753,0.6719036472660325
1,1,0.33374655760527094,0.6662534423947291
0,1,0.3529214526328357,0.6470785473671643
0,1,0.36704202093718497,0.632957979062815
1,1,0.36028721306467304,0.639712786935327
0,1,0.3479261179967622,0.6520738820032378
1,1,0.3483765964068025,0.6516234035931975
1,1,0.3535138304244181,0.6464861695755819
0,1,0.3350916435254533,0.6649083564745467
1,1,0.3442882690662338,0.6557117309337662
1,1,0.34439606633720465,0.6556039336627953
1,1,0.349134464295235,0.650865535704765
0,1,0.34818500272739605,0.651814997272604
1,1,0.38071346354244473,0.6192865364575553
0,1,0.34649173692963553,0.6535082630703645
0,1,0.3461670295490138,0.6538329704509862
1,1,0.33726888008001776,0.6627311199199822
0,1,0.35948429735881937,0.6405157026411806
0,1,0.3507647829879479,0.6492352170120521
1,1,0.35424836267788296,0.645751637322117
1,1,0.3401702872036716,0.6598297127963284
1,1,0.3279253823194431,0.6720746176805569
1,1,0.33084227075901307,0.6691577292409869
1,1,0.32962876345139425,0.6703712365486058
1,1,0.35626874636454386,0.6437312536354561
0,1,0.31497383028179127,0.6850261697182087
1,1,0.40991946332004103,0.590080536679959
1,1,0.3790926780439938,0.6209073219560062
1,1,0.31693584593547164,0.6830641540645284
0,1,0.3595468453989721,0.6404531546010279
0,1,0.35531615405503614,0.6446838459449639
1,1,0.3415266806256978,0.6584733193743022
1,1,0.34304502795474057,0.6569549720452594
0,1,0.3393278194486077,0.6606721805513923
1,1,0.344043725966127,0.655956274033873
1,1,0.32439662904918054,0.6756033709508195
1,1,0.3681558262595328,0.6318441737404672
0,1,0.3601000919833319,0.6398999080166681
1,1,0.3126858157159982,0.6873141842840018
0,1,0.3347214794874408,0.6652785205125592
0,1,0.363613767306996,0.636386232693004
1,1,0.35993245875174706,0.6400675412482529
0,1,0.33269734396785144,0.6673026560321486
1,1,0.3528653508721916,0.6471346491278084
0,1,0.3681575497104458,0.6318424502895542
1,1,0.3412237224748028,0.6587762775251972
1,1,0.3587135312937023,0.6412864687062977
1,1,0.3248988295582812,0.6751011704417188
0,1,0.35342017946016624,0.6465798205398338
0,1,0.3510154589189428,0.6489845410810572
1,1,0.3114325650416794,0.6885674349583206
0,1,0.34771146148293675,0.6522885385170633
1,1,0.3190024467538565,0.6809975532461435
0,1,0.3319075845270266,0.6680924154729734
1,1,0.36129872643008953,0.6387012735699105
0,1,0.39125184795891144,0.6087481520410886
1,1,0.3485809339593323,0.6514190660406677
0,1,0.3399192713254089,0.6600807286745911
0,1,0.31694636082261574,0.6830536391773843
0,1,0.35906214587703145,0.6409378541229686
1,1,0.3394052845078588,0.6605947154921412
1,1,0.31689677944705474,0.6831032205529453
1,1,0.3565379360326595,0.6434620639673405
0,1,0.38283446098101725,0.6171655390189827
0,1,0.34320341071860627,0.6567965892813937
1,1,0.36078137911626107,0.6392186208837389
1,1,0.33232548941442686,0.6676745105855731
0,1,0.3433373333278441,0.6566626666721559
0,1,0.36455799205425,0.63544200794575
1,1,0.377362801756995,0.622637198243005
1,1,0.38401640688110916,0.6159835931188908
1,1,0.39070080312268185,0.6092991968773181
0,1,0.32871175159282917,0.6712882484071708
1,1,0.2896615394859223,0.7103384605140777
0,1,0.3480336870170171,0.6519663129829829
1,1,0.33766326656543566,0.6623367334345643
0,1,0.3371643395334434,0.6628356604665566
0,1,0.34059767764198046,0.6594023223580195
1,1,0.3819208430358736,0.6180791569641264
0,1,0.34900333475382894,0.6509966652461711
0,1,0.3502652453806526,0.6497347546193474
1,1,0.37433245563684825,0.6256675443631518
0,1,0.33120981211056055,0.6687901878894394
0,1,0.37129854564361287,0.6287014543563871
1,1,0.40908080579957795,0.590919194200422
0,1,0.3234839724164581,0.6765160275835419
1,1,0.37111449979487876,0.6288855002051212
0,1,0.3485523939049169,0.6514476060950831
1,1,0.3383040142923355,0.6616959857076645
1,1,0.3441140284616867,0.6558859715383133
1,1,0.32760971273978723,0.6723902872602128
1,1,0.3786592297991477,0.6213407702008523
0,1,0.3291816066762031,0.6708183933237969
1,1,0.33809392976066055,0.6619060702393395
0,1,0.38045721139240185,0.6195427886075981
1,1,0.37716557718029264,0.6228344228197074
0,1,0.37562900975165814,0.6243709902483419
1,1,0.342537766080797,0.657462233919203
1,1,0.3649042090411623,0.6350957909588377
1,1,0.3101775716415057,0.6898224283584943
0,1,0.3570854751971456,0.6429145248028544
1,1,0.33367087049335953,0.6663291295066405
0,1,0.3501862338062537,0.6498137661937463
0,1,0.340024302392385,0.659975697607615
1,1,0.3564429587338954,0.6435570412661046
1,1,0.33989287591099093,0.6601071240890091
1,1,0.3579452376073696,0.6420547623926304
1,1,0.33506521788083576,0.6649347821191642
1,1,0.36406518402941457,0.6359348159705854
0,1,0.3562098045997567,0.6437901954002433
1,1,0.32170675034133334,0.6782932496586667
1,1,0.3499852737506082,0.6500147262493918
1,1,0.34120311513882773,0.6587968848611723
1,1,0.313941254139109,0.686058745860891
0,1,0.35063848832083644,0.6493615116791636
0,1,0.3713886643356643,0.6286113356643357
1,1,0.3416780822878519,0.6583219177121481
1,1,0.3207999404210464,0.6792000595789536
1,1,0.3777157436002535,0.6222842563997465
0,1,0.3649398159355942,0.6350601840644058
0,1,0.3519700240328393,0.6480299759671607
1,1,0.3373326204145417,0.6626673795854583
1,1,0.3171101599721924,0.6828898400278076
1,1,0.33194629688164856,0.6680537031183514
1,1,0.3126398895830357,0.6873601104169643
1,1,0.34917162924225176,0.6508283707577482
1,1,0.34921134200200465,0.6507886579979953
1,1,0.3510814173360485,0.6489185826639515
1,1,0.371477859237338,0.628522140762662
1,1,0.3476013058342182,0.6523986941657818
0,1,0.370901790746734,0.629098209253266
0,1,0.3439217790162532,0.6560782209837468
0,1,0.33903460680315034,0.6609653931968497
1,1,0.3411246312870947,0.6588753687129053
1,1,0.3413273637917684,0.6586726362082316
1,1,0.38102874958385646,0.6189712504161435
0,1,0.3544580082657166,0.6455419917342834
1,1,0.3646115197280113,0.6353884802719887
0,1,0.3808512095490457,0.6191487904509543
1,1,0.37710722885100856,0.6228927711489914
1,1,0.35248152062775295,0.647518479372247
0,1,0.34095262940042426,0.6590473705995757
1,1,0.422395826857219,0.577604173142781
1,1,0.3773517229942618,0.6226482770057382
1,1,0.36451680393396146,0.6354831960660385
1,1,0.31842333441198856,0.6815766655880114
0,1,0.31640438255716785,0.6835956174428321
0,1,0.3364900209624536,0.6635099790375464
1,1,0.342923166017163,0.657076833982837
1,1,0.36193177769214824,0.6380682223078518
0,1,0.3481198248033367,0.6518801751966633
1,1,0.3339318511179753,0.6660681488820247
0,1,0.34200149736336183,0.6579985026366382
1,1,0.32366058913812856,0.6763394108618714
1,1,0.3412922712694617,0.6587077287305383
0,1,0.3339713157090265,0.6660286842909735
0,1,0.35182978056962433,0.6481702194303757
1,1,0.37086676566637566,0.6291332343336243
0,1,0.32175424477492254,0.6782457552250775
1,1,0.35588304965322315,0.6441169503467769
1,1,0.3692761364315964,0.6307238635684036
1,1,0.3284744868937989,0.6715255131062011
1,1,0.3467514756632498,0.6532485243367502
1,1,0.33675948229179575,0.6632405177082042
0,1,0.3527267500229938,0.6472732499770062
1,1,0.3688259248743925,0.6311740751256075
1,1,0.3378324694249196,0.6621675305750804
1,1,0.3274931298401281,0.6725068701598719
0,1,0.3309110167870424,0.6690889832129576
0,1,0.3673898624758688,0.6326101375241312
1,1,0.3759605504035729,0.6240394495964271
1,1,0.37178650246759415,0.6282134975324059
1,1,0.3206484809476362,0.6793515190523638
1,1,0.3399934772802785,0.6600065227197215
1,1,0.35518422379779147,0.6448157762022085
1,1,0.33628779012929166,0.6637122098707083
1,1,0.3691730752357606,0.6308269247642394
1,1,0.35930620081070996,0.64069379918929
1,1,0.3471296398817031,0.6528703601182969
0,1,0.3398527679027673,0.6601472320972327
1,1,0.35109236625814055,0.6489076337418594
1,1,0.3455208322291058,0.6544791677708942
0,1,0.35463338279653345,0.6453666172034666
1,1,0.41484945365062786,0.5851505463493721
1,1,0.346122287107427,0.653877712892573
0,1,0.35571071624119655,0.6442892837588035
1,1,0.32524454297335703,0.674755457026643
0,1,0.35232953399342615,0.6476704660065739
1,1,0.3294359569291663,0.6705640430708337
0,1,0.3261715597175905,0.6738284402824095
0,1,0.34597709795657805,0.654022902043422
0,1,0.38592177849922604,0.614078221500774
1,1,0.3684261951604805,0.6315738048395195
0,1,0.3262835300910617,0.6737164699089383
0,1,0.3912799656965691,0.6087200343034309
1,1,0.3517820724746855,0.6482179275253145
0,1,0.3835203299185753,0.6164796700814247
0,1,0.377845051459355,0.622154948540645
1,1,0.3447232919699601,0.6552767080300399
1,1,0.36234277566753903,0.637657224332461
1,1,0.3415701603952337,0.6584298396047663
1,1,0.3720412500788993,0.6279587499211007
0,1,0.32805647204468724,0.6719435279553128
1,1,0.36671688817532877,0.6332831118246712
0,1,0.3408905380241496,0.6591094619758504
1,1,0.3452143466374795,0.6547856533625205
1,1,0.38550720694648233,0.6144927930535177
0,1,0.31127077920502333,0.6887292207949767
0,1,0.3374160705312663,0.6625839294687337
1,1,0.3259847609289328,0.6740152390710672
1,1,0.35879511204521075,0.6412048879547892
1,1,0.29464372411116857,0.7053562758888314
1,1,0.3552248310239229,0.6447751689760771
1,1,0.37101644922908994,0.6289835507709101
0,1,0.3571836774040106,0.6428163225959894
1,1,0.3108589601238144,0.6891410398761856
1,1,0.34448437990980496,0.655515620090195
1,1,0.36003424320652677,0.6399657567934732
0,1,0.3596728573230198,0.6403271426769802
1,1,0.34494514976385604,0.655054850236144
1,1,0.34822390451814556,0.6517760954818544
0,1,0.3467485085668237,0.6532514914331763
1,1,0.3483382132140883,0.6516617867859117
0,1,0.3033439308982424,0.6966560691017576
1,1,0.3212470919910353,0.6787529080089647
0,1,0.3370191300346602,0.6629808699653398
1,1,0.36106261058537337,0.6389373894146266
0,1,0.36823909864970417,0.6317609013502958
1,1,0.3309178121542744,0.6690821878457256
0,1,0.3541790294130751,0.6458209705869249
1,1,0.3462444417527456,0.6537555582472544
0,1,0.35225541139888494,0.6477445886011151
1,1,0.3379422422889973,0.6620577577110027
0,1,0.31491559817304515,0.6850844018269548
1,1,0.3829482207458621,0.6170517792541379
0,1,0.3826524398080632,0.6173475601919368
1,1,0.3440045722688132,0.6559954277311868
1,1,0.3568373907472031,0.6431626092527969
0,1,0.3656711411460186,0.6343288588539814
1,1,0.34124253088810275,0.6587574691118973
0,1,0.3131168345477895,0.6868831654522105
1,1,0.3648702074649858,0.6351297925350142
0,1,0.31697121369785564,0.6830287863021444
1,1,0.3515612561737288,0.6484387438262712
1,1,0.336896718892872,0.663103281107128
1,1,0.3011043049364286,0.6988956950635714
1,1,0.3418175802154204,0.6581824197845796
1,1,0.3614461528251587,0.6385538471748413
1,1,0.35638324795423926,0.6436167520457607
1,1,0.3610613755945108,0.6389386244054892
1,1,0.35275005969133877,0.6472499403086612
1,1,0.34657136592787274,0.6534286340721273
0,1,0.3895669457151798,0.6104330542848202
1,1,0.3515133053154923,0.6484866946845077
1,1,0.3323167437721858,0.6676832562278142
1,1,0.33217249026304496,0.667827509736955
1,1,0.34117812190435315,0.6588218780956469
0,1,0.36210029467304794,0.6378997053269521
1,1,0.3189747634375262,0.6810252365624738
1,1,0.36948859236563714,0.6305114076343629
1,1,0.34957808762012543,0.6504219123798746
0,1,0.3883624310397771,0.6116375689602229
0,1,0.3280587312245996,0.6719412687754004
1,1,0.34232243620923486,0.6576775637907651
1,1,0.3528817553443697,0.6471182446556303
0,1,0.33058270213225427,0.6694172978677457
1,1,0.3079613897858883,0.6920386102141117
1,1,0.33032059327955576,0.6696794067204442
1,1,0.3646675918456497,0.6353324081543503
1,1,0.38041927269568787,0.6195807273043121
1,1,0.3179506185787272,0.6820493814212728
0,1,0.3798763278178863,0.6201236721821137
0,1,0.3537578960240949,0.6462421039759051
1,1,0.341709660512168,0.658290339487832
0,1,0.3430254044304757,0.6569745955695243
1,1,0.33234965804778005,0.66765034195222
0,1,0.36422200899059054,0.6357779910094095
1,1,0.3151386865006319,0.6848613134993681
1,1,0.3140307171404372,0.6859692828595628
0,1,0.3578499303460222,0.6421500696539778
1,1,0.3537258725032204,0.6462741274967796
1,1,0.32781327024297946,0.6721867297570205
1,1,0.3707873067987216,0.6292126932012784
0,1,0.296396168706645,0.703603831293355
0,1,0.41261377181496506,0.5873862281850349
0,1,0.3460217635754541,0.6539782364245459
0,1,0.35018515444753273,0.6498148455524673
0,1,0.34920987348754495,0.650790126512455
1,1,0.3497879555156048,0.6502120444843952
1,1,0.34128100946467044,0.6587189905353296
1,1,0.3763478274345259,0.6236521725654741
0,1,0.34920755830367,0.65079244169633
0,1,0.3330862587572406,0.6669137412427594
1,1,0.3352065394220938,0.6647934605779062
1,1,0.31117546837490373,0.6888245316250963
1,1,0.3163751922497514,0.6836248077502486
1,1,0.33961827175828463,0.6603817282417154
0,1,0.3082904364378547,0.6917095635621453
0,1,0.3490414840332322,0.6509585159667678
1,1,0.34425793156264783,0.6557420684373522
1,1,0.3058362614578428,0.6941637385421572
1,1,0.37275686706996036,0.6272431329300396
1,1,0.309743392255992,0.690256607744008
1,1,0.35600492082298096,0.643995079177019
1,1,0.378780417480042,0.621219582519958
1,1,0.3297987852563399,0.6702012147436601
1,1,0.3538690929273588,0.6461309070726412
0,1,0.32969578046052905,0.670304219539471
0,1,0.34033118339307133,0.6596688166069287
1,1,0.3344014354783208,0.6655985645216792
1,1,0.3745798756430436,0.6254201243569564
0,1,0.33952341459803304,0.660476585401967
1,1,0.3377574719450829,0.6622425280549171
1,1,0.3296492786568216,0.6703507213431784
1,1,0.35162695659279997,0.6483730434072
0,1,0.39136486638155565,0.6086351336184443
1,1,0.35098204940753674,0.6490179505924633
0,1,0.3204201831630945,0.6795798168369055
1,1,0.3352210337075251,0.6647789662924749
1,1,0.3457130704503556,0.6542869295496444
1,1,0.3358757864611518,0.6641242135388482
1,1,0.3134464502962485,0.6865535497037515
1,1,0.3513153323122613,0.6486846676877387
1,1,0.3609694940351412,0.6390305059648588
1,1,0.3592929670637536,0.6407070329362464
1,1,0.33526387143541403,0.664736128564586
1,1,0.3604297747972198,0.6395702252027802
1,1,0.3670070326657282,0.6329929673342718
0,1,0.35366514764951906,0.6463348523504809
1,1,0.34324106442676816,0.6567589355732318
1,1,0.33012317188094153,0.6698768281190585
1,1,0.37704566088467417,0.6229543391153258
0,1,0.3352671772669136,0.6647328227330864
0,1,0.3280352271308806,0.6719647728691194
1,1,0.3451454459320671,0.6548545540679329
1,1,0.3575671369995319,0.6424328630004681
1,1,0.35375964295235984,0.6462403570476402
0,1,0.32975981706095825,0.6702401829390418
0,1,0.3348202682304168,0.6651797317695832
1,1,0.4005949805586162,0.5994050194413838
1,1,0.33118825730749013,0.6688117426925099
1,1,0.34960992228138066,0.6503900777186193
0,1,0.38366115358023567,0.6163388464197643
1,1,0.3475977413380914,0.6524022586619086
0,1,0.3881323474402012,0.6118676525597988
0,1,0.3422352765662048,0.6577647234337952
0,1,0.35442852914207834,0.6455714708579217
1,1,0.34849096955463554,0.6515090304453645
1,1,0.3310258988685313,0.6689741011314687
0,1,0.3359833712664795,0.6640166287335205
1,1,0.3355653946039233,0.6644346053960767
1,1,0.34060332802649507,0.6593966719735049
1,1,0.3313826711203426,0.6686173288796574
1,1,0.3437046999685094,0.6562953000314906
1,1,0.3513603408801593,0.6486396591198407
1,1,0.36015385140437384,0.6398461485956262
1,1,0.3692508869473802,0.6307491130526198
0,1,0.3554777888833589,0.6445222111166411
1,1,0.38244450338280456,0.6175554966171954
1,1,0.3256002003646422,0.6743997996353578
0,1,0.34156061807595794,0.658439381924042
1,1,0.3532306115861693,0.6467693884138307
0,1,0.36924181923070976,0.6307581807692902
0,1,0.3489402343959642,0.6510597656040358
0,1,0.3591296974770797,0.6408703025229203
1,1,0.340194263849961,0.659805736150039
0,1,0.3434460331458935,0.6565539668541065
1,1,0.3614311536698329,0.6385688463301671
1,1,0.33542543063790253,0.6645745693620975
0,1,0.3475274222558078,0.6524725777441922
1,1,0.33532556274148684,0.6646744372585132
0,1,0.39477214801901583,0.6052278519809842
0,1,0.342344442597446,0.657655557402554
1,1,0.34794950049457074,0.6520504995054293
1,1,0.3766388472892045,0.6233611527107955
1,1,0.3630945407591064,0.6369054592408936
1,1,0.3438550703535279,0.6561449296464721
0,1,0.37701971842257354,0.6229802815774265
1,1,0.37676190397210885,0.6232380960278912
1,1,0.3389713540806578,0.6610286459193422
1,1,0.37080416017953555,0.6291958398204645
0,1,0.34974755348843445,0.6502524465115656
1,1,0.3673021033137849,0.6326978966862151
0,1,0.3530504067736766,0.6469495932263234
1,1,0.34968372550243765,0.6503162744975624
1,1,0.25204894733045735,0.7479510526695426
0,1,0.33851837047803357,0.6614816295219664
1,1,0.34160982367391,0.65839017632609
0,1,0.35359253580698846,0.6464074641930115
1,1,0.33321968693112836,0.6667803130688716
1,1,0.33227416964467527,0.6677258303553247
1,1,0.3427306105509833,0.6572693894490167
1,1,0.3287570291581099,0.6712429708418901
1,1,0.3442139122063588,0.6557860877936412
1,1,0.3870983845162519,0.6129016154837481
0,1,0.3333970510897788,0.6666029489102212
1,1,0.35500338108908835,0.6449966189109116
1,1,0.36097071188395413,0.6390292881160459
0,1,0.36963751512008014,0.6303624848799199
1,1,0.33762527765916106,0.6623747223408389
1,1,0.34208942997958647,0.6579105700204135
0,1,0.3341848470163632,0.6658151529836368
1,1,0.3588764426490946,0.6411235573509054
0,1,0.3309695939417676,0.6690304060582324
1,1,0.3311380911731927,0.6688619088268073
1,1,0.3530242468876005,0.6469757531123995
0,1,0.34522319602389406,0.6547768039761059
1,1,0.36802039384357554,0.6319796061564245
1,1,0.3533901432528824,0.6466098567471176
1,1,0.3467715607824339,0.6532284392175661
1,1,0.3342869945324819,0.6657130054675181
1,1,0.3514759244904134,0.6485240755095866
1,1,0.33914388406985396,0.660856115930146
0,1,0.33834266675414404,0.661657333245856
1,1,0.3496608377665167,0.6503391622334833
0,1,0.3628656363445766,0.6371343636554234
0,1,0.3614904713684559,0.6385095286315441
0,1,0.3551461348760542,0.6448538651239458
1,1,0.31735101171118696,0.682648988288813
1,1,0.36309333304549685,0.6369066669545032
1,1,0.3219146375019002,0.6780853624980998
0,1,0.3497375024993372,0.6502624975006628
0,1,0.34893939760645265,0.6510606023935473
1,1,0.37731578274608335,0.6226842172539166
1,1,0.34836716640358856,0.6516328335964114
1,1,0.3702864994209841,0.6297135005790159
1,1,0.34697872936283625,0.6530212706371638
0,1,0.35106173223885995,0.64893826776114
1,1,0.3762890242950522,0.6237109757049478
1,1,0.3534173895458139,0.6465826104541861
1,1,0.37839406950402676,0.6216059304959732
1,1,0.35528693746095574,0.6447130625390443
1,1,0.3433178800946093,0.6566821199053907
0,1,0.3643829403332831,0.6356170596667169
1,1,0.3919957751444664,0.6080042248555336
1,1,0.33486996019496096,0.665130039805039
1,1,0.2497566756392151,0.7502433243607849
0,1,0.3575306252082444,0.6424693747917556
1,1,0.3699253839610138,0.6300746160389862
1,1,0.3573404039880783,0.6426595960119217
1,1,0.3746894245703888,0.6253105754296112
0,1,0.33894224645247395,0.661057753547526
1,1,0.31525644940165365,0.6847435505983464
1,1,0.37973729818719615,0.6202627018128039
0,1,0.3596597816961187,0.6403402183038813
0,1,0.33638420284566917,0.6636157971543308
1,1,0.3437619653487213,0.6562380346512787
1,1,0.355846657185519,0.644153342814481
0,1,0.36425651140248994,0.6357434885975101
0,1,0.3632804971701612,0.6367195028298388
0,1,0.3475173623598713,0.6524826376401287
1,1,0.3438835805388072,0.6561164194611928
1,1,0.33352758858035725,0.6664724114196428
1,1,0.33800650668642984,0.6619934933135702
1,1,0.3532762228385403,0.6467237771614597
0,1,0.32256705706163813,0.6774329429383619
0,1,0.35613594375614177,0.6438640562438582
1,1,0.3675352702216732,0.6324647297783268
1,1,0.370459685615555,0.629540314384445
1,1,0.32804970113972143,0.6719502988602786
1,1,0.30161454052663883,0.6983854594733612
0,1,0.3204930706662473,0.6795069293337527
0,1,0.33811076789448125,0.6618892321055188
0,1,0.37683481949742414,0.6231651805025759
1,1,0.3382633890490686,0.6617366109509314
1,1,0.35827088409594476,0.6417291159040552
0,1,0.35039622777517276,0.6496037722248272
1,1,0.32899656715611036,0.6710034328438896
1,1,0.3575314731007897,0.6424685268992103
1,1,0.3732941422273529,0.6267058577726471
0,1,0.354426043361009,0.645573956638991
1,1,0.3438055325256585,0.6561944674743415
1,1,0.3504473426362741,0.6495526573637259
1,1,0.3138665761433449,0.6861334238566551
1,1,0.37159943886525026,0.6284005611347497
1,1,0.3533263106315505,0.6466736893684495
1,1,0.3354845112376861,0.6645154887623139
0,1,0.3362358961082005,0.6637641038917995
0,1,0.3143931096646908,0.6856068903353092
0,1,0.3713114971979131,0.6286885028020869
1,1,0.3505767378853808,0.6494232621146192
1,1,0.35045831637898084,0.6495416836210192
0,1,0.35662200107672326,0.6433779989232767
0,1,0.3623266210642164,0.6376733789357836
0,1,0.34666350385916456,0.6533364961408354
1,1,0.3543493142967784,0.6456506857032216
0,1,0.35539671274572593,0.6446032872542741
0,1,0.4068071700468525,0.5931928299531475
0,1,0.3600825869467734,0.6399174130532266
0,1,0.33579080466900124,0.6642091953309988
1,1,0.3464192290625562,0.6535807709374438
0,1,0.29687571879995656,0.7031242812000434
1,1,0.35532118783445066,0.6446788121655493
1,1,0.3099121016825048,0.6900878983174952
1,1,0.3852627352812896,0.6147372647187104
1,1,0.3614696529671123,0.6385303470328877
0,1,0.32504790274177053,0.6749520972582295
1,1,0.35795189677432093,0.6420481032256791
0,1,0.33874672886859714,0.6612532711314029
0,1,0.35643866137869196,0.643561338621308
0,1,0.3606018181021683,0.6393981818978317
1,1,0.3438654091387384,0.6561345908612616
1,1,0.3600152561671355,0.6399847438328645
1,1,0.34334731687855313,0.6566526831214469
0,1,0.3388525214501792,0.6611474785498208
1,1,0.3464935530488872,0.6535064469511128
1,1,0.34935348505932096,0.650646514940679
1,1,0.3434848629598882,0.6565151370401118
1,1,0.4381865726790585,0.5618134273209415
1,1,0.3675550206775098,0.6324449793224902
1,1,0.36540067886585503,0.634599321134145
1,1,0.3514727595534263,0.6485272404465737
1,1,0.33141957190069027,0.6685804280993097
0,1,0.3353993902320871,0.6646006097679129
0,1,0.34294975271015604,0.657050247289844
0,1,0.32809804923576824,0.6719019507642318
1,1,0.33058843544973526,0.6694115645502647
1,1,0.34801515264192595,0.651984847358074
1,1,0.3373767508409533,0.6626232491590467
1,1,0.3814688892480088,0.6185311107519912
0,1,0.33824129030629546,0.6617587096937045
1,1,0.3416904267417019,0.6583095732582981
1,1,0.3570220777007339,0.6429779222992661
1,1,0.3795312797015954,0.6204687202984046
1,1,0.37787520585843215,0.6221247941415678
1,1,0.32859382480757815,0.6714061751924219
0,1,0.3448021990091802,0.6551978009908198
1,1,0.3544230468061721,0.6455769531938279
1,1,0.347989239543257,0.652010760456743
1,1,0.39764520525775005,0.60235479474225
0,1,0.3294933902631719,0.6705066097368281
1,1,0.3375118781237012,0.6624881218762988
1,1,0.351245422998979,0.648754577001021
0,1,0.3308977506573826,0.6691022493426174
1,1,0.3616676628018686,0.6383323371981314
0,1,0.36015308785239475,0.6398469121476053
0,1,0.3392063918739979,0.6607936081260021
0,1,0.36200547669307714,0.6379945233069229
0,1,0.3364996574005251,0.6635003425994749
1,1,0.35899673122779674,0.6410032687722033
1,1,0.4096780189559702,0.5903219810440298
0,1,0.39373928469102404,0.606260715308976
1,1,0.35630001697426217,0.6436999830257378
1,1,0.3466521537866101,0.6533478462133899
0,1,0.3320900657692323,0.6679099342307677
0,1,0.3699614428266763,0.6300385571733237
1,1,0.3094624254019639,0.6905375745980361
1,1,0.3337876816050025,0.6662123183949975
1,1,0.3433600916696984,0.6566399083303016
0,1,0.33243356552614245,0.6675664344738576
0,1,0.38199213377905117,0.6180078662209488
0,1,0.3483954899134736,0.6516045100865264
1,1,0.3732179840176896,0.6267820159823104
1,1,0.34943761943824647,0.6505623805617535
1,1,0.34767872204235273,0.6523212779576473
0,1,0.3323129601978556,0.6676870398021444
1,1,0.32590845655713574,0.6740915434428643
1,1,0.35867480252231876,0.6413251974776812
0,1,0.36962077484399836,0.6303792251560016
1,1,0.3540732642186558,0.6459267357813442
0,1,0.34233175681740735,0.6576682431825926
1,1,0.3736105622428284,0.6263894377571716
1,1,0.3070298094572468,0.6929701905427532
1,1,0.35834884852826243,0.6416511514717376
1,1,0.3673456169131917,0.6326543830868083
1,1,0.37374779616172826,0.6262522038382717
1,1,0.30521683852094905,0.694783161479051
1,1,0.3383068995379409,0.6616931004620591
1,1,0.3297790910871021,0.6702209089128979
0,1,0.38119608518411763,0.6188039148158824
1,1,0.3715749961141387,0.6284250038858613
1,1,0.36268514805562657,0.6373148519443734
1,1,0.3678596591818669,0.6321403408181331
0,1,0.33648369908803555,0.6635163009119645
1,1,0.33576963695221385,0.6642303630477862
0,1,0.35175288500821467,0.6482471149917853
0,1,0.37560090097430776,0.6243990990256922
1,1,0.33470892683357767,0.6652910731664223
1,1,0.32890040524889796,0.671099594751102
1,1,0.33187772094587253,0.6681222790541275
0,1,0.3217113602350069,0.6782886397649931
1,1,0.3410166754962132,0.6589833245037868
1,1,0.3581591228631039,0.6418408771368961
1,1,0.32723173927090377,0.6727682607290962
1,1,0.3448873471509226,0.6551126528490774
0,1,0.34916118953802,0.65083881046198
1,1,0.3454007007736488,0.6545992992263512
1,1,0.374390167884073,0.625609832115927
0,1,0.35918239518355755,0.6408176048164425
1,1,0.36614118369780424,0.6338588163021958
1,1,0.3966946079555802,0.6033053920444198
1,1,0.3118191470506879,0.6881808529493121
1,1,0.3480164403003936,0.6519835596996064
0,1,0.328969921378509,0.671030078621491
1,1,0.3524823239335957,0.6475176760664043
0,1,0.31611214518646613,0.6838878548135339
1,1,0.3222408617535596,0.6777591382464404
0,1,0.3110435739289342,0.6889564260710658
0,1,0.3774556757505927,0.6225443242494073
1,1,0.35294155865404064,0.6470584413459594
1,1,0.3074629421449854,0.6925370578550146
1,1,0.3513116731737387,0.6486883268262613
1,1,0.3500967905102531,0.6499032094897469
0,1,0.3424429829015141,0.6575570170984859
1,1,0.35355265583474627,0.6464473441652537
0,1,0.3239835065947655,0.6760164934052345
1,1,0.3486680423278087,0.6513319576721913
1,1,0.3624568662817863,0.6375431337182137
0,1,0.3260980039868606,0.6739019960131394
0,1,0.34882107147600505,0.651178928523995
1,1,0.3440762880224849,0.6559237119775151
1,1,0.3351249054877883,0.6648750945122117
1,1,0.3284016547811516,0.6715983452188484
1,1,0.3986980772001546,0.6013019227998454
1,1,0.38708704536146465,0.6129129546385353
1,1,0.34256007171646774,0.6574399282835323
1,1,0.3256155939747055,0.6743844060252945
0,1,0.3435823507265664,0.6564176492734336
1,1,0.3660220299278757,0.6339779700721243
1,1,0.3375026376325764,0.6624973623674236
0,1,0.34801007589747135,0.6519899241025287
1,1,0.35942932596097277,0.6405706740390272
1,1,0.3515287708431615,0.6484712291568385
0,1,0.3445034887048465,0.6554965112951535
1,1,0.3070962172749153,0.6929037827250847
1,1,0.3855897746825381,0.6144102253174619
1,1,0.36842517146474596,0.631574828535254
0,1,0.3386702108867744,0.6613297891132256
0,1,0.3332726990421797,0.6667273009578203
1,1,0.37562587766103783,0.6243741223389622
0,1,0.37457145080453924,0.6254285491954608
1,1,0.352764888671496,0.647235111328504
0,1,0.33593906302497223,0.6640609369750278
1,1,0.35835067825182276,0.6416493217481772
0,1,0.35066569992573937,0.6493343000742606
1,1,0.3763941794205464,0.6236058205794536
1,1,0.3323116858276056,0.6676883141723944
0,1,0.33869110457051066,0.6613088954294893
1,1,0.34632300254336734,0.6536769974566327
1,1,0.3364657578220558,0.6635342421779442
1,1,0.40300155872039833,0.5969984412796017
1,1,0.3764832735755044,0.6235167264244956
1,1,0.3465138061941291,0.6534861938058709
1,1,0.34520837944891336,0.6547916205510866
0,1,0.3626517076686475,0.6373482923313525
1,1,0.3632334396475392,0.6367665603524608
1,1,0.2550091561387472,0.7449908438612528
0,1,0.3313852448467216,0.6686147551532784
1,1,0.31747030886725147,0.6825296911327485
0,1,0.4073719852402534,0.5926280147597466
1,1,0.3552682287015744,0.6447317712984256
1,1,0.3398477094496609,0.6601522905503391
1,1,0.32195558328381446,0.6780444167161855
1,1,0.3137714128062161,0.6862285871937839
1,1,0.3798961986985576,0.6201038013014424
1,1,0.36008508790542715,0.6399149120945729
1,1,0.31571009902218605,0.684289900977814
1,1,0.3343172504834381,0.6656827495165619
1,1,0.36222950379095464,0.6377704962090454
1,1,0.32862301992546183,0.6713769800745382
0,1,0.36142390635451394,0.6385760936454861
1,1,0.3422740197800117,0.6577259802199883
0,1,0.3315950901035243,0.6684049098964757
0,1,0.37222925050763145,0.6277707494923686
1,1,0.36277005775546556,0.6372299422445344
1,1,0.3454796510180884,0.6545203489819116
1,1,0.31243802039693047,0.6875619796030695
0,1,0.3684779208512464,0.6315220791487536
1,1,0.34297353825917365,0.6570264617408264
1,1,0.35060676491846177,0.6493932350815382
1,1,0.35827424271102926,0.6417257572889707
0,1,0.3158944903633095,0.6841055096366905
0,1,0.3566982687820913,0.6433017312179087
1,1,0.33140962918599626,0.6685903708140037
0,1,0.352182609598938,0.647817390401062
1,1,0.3596751795696379,0.6403248204303621
1,1,0.35597952422320334,0.6440204757767967
1,1,0.3382994632324432,0.6617005367675568
1,1,0.3571623069080829,0.6428376930919171
0,1,0.34293341706185254,0.6570665829381475
1,1,0.3390103587311396,0.6609896412688604
1,1,0.3415102184788349,0.6584897815211651
1,1,0.3578346282700906,0.6421653717299094
1,1,0.334426018663901,0.665573981336099
1,1,0.3515140669495723,0.6484859330504277
0,1,0.3411244622138626,0.6588755377861374
1,1,0.3526559810187391,0.6473440189812609
1,1,0.3237071028220466,0.6762928971779534
1,1,0.3351107814592099,0.6648892185407901
0,1,0.3531356682306859,0.6468643317693141
1,1,0.3422039950682565,0.6577960049317435
1,1,0.3334511783294216,0.6665488216705784
1,1,0.36595325259421163,0.6340467474057884
0,1,0.32700760053334244,0.6729923994666576
1,1,0.34917449544466694,0.6508255045553331
1,1,0.34467153388476046,0.6553284661152395
1,1,0.28439643286310046,0.7156035671368995
1,1,0.3269343898321744,0.6730656101678256
1,1,0.35582125737450254,0.6441787426254975
1,1,0.35407833289850665,0.6459216671014933
1,1,0.32986652726575294,0.6701334727342471
1,1,0.3686899014689409,0.6313100985310591
0,1,0.34561037923084936,0.6543896207691506
1,1,0.33754175828886046,0.6624582417111395
0,1,0.35822059192436806,0.6417794080756319
0,1,0.3317208020459649,0.6682791979540351
0,1,0.3357017755497126,0.6642982244502874
0,1,0.37857690084216833,0.6214230991578317
1,1,0.3978905394522827,0.6021094605477173
1,1,0.34214450277661135,0.6578554972233887
0,1,0.36603409096773976,0.6339659090322602
1,1,0.35437195170802815,0.6456280482919718
1,1,0.33097947165777775,0.6690205283422223
0,1,0.3411515558181685,0.6588484441818315
0,1,0.3297110081655267,0.6702889918344733
1,1,0.3802100487829482,0.6197899512170518
1,1,0.3647360861885701,0.6352639138114299
0,1,0.35760930350706177,0.6423906964929382
0,1,0.3405609825597792,0.6594390174402208
1,1,0.42434097968631357,0.5756590203136864
1,1,0.32874724550763124,0.6712527544923688
1,1,0.3569298731428959,0.6430701268571041
0,1,0.34644006272406513,0.6535599372759349
1,1,0.36235246728815795,0.637647532711842
1,1,0.3685953287982304,0.6314046712017696
1,1,0.3441364854791553,0.6558635145208447
1,1,0.3558295136464893,0.6441704863535107
1,1,0.33994162092425617,0.6600583790757438
0,1,0.3707748417945895,0.6292251582054105
1,1,0.3575072326860246,0.6424927673139754
1,1,0.34307841852029297,0.656921581479707
0,1,0.34307223663391484,0.6569277633660852
1,1,0.3491622294174326,0.6508377705825674
1,1,0.3743969645388706,0.6256030354611294
0,1,0.33007181044977674,0.6699281895502233
0,1,0.3249201027860221,0.6750798972139779
0,1,0.30204650181302206,0.6979534981869779
1,1,0.3987034168842507,0.6012965831157493
1,1,0.3516472398383552,0.6483527601616448
0,1,0.35793232624125493,0.6420676737587451
1,1,0.3431052158960649,0.6568947841039351
0,1,0.3718080321699524,0.6281919678300476
0,1,0.3275625479830694,0.6724374520169306
1,1,0.35331312090247724,0.6466868790975228
1,1,0.3402108148295563,0.6597891851704437
0,1,0.37107599368741695,0.628924006312583
1,1,0.3954632180785652,0.6045367819214348
0,1,0.3857218855570034,0.6142781144429966
1,1,0.33409179962434155,0.6659082003756585
1,1,0.34454476510631304,0.655455234893687
1,1,0.35115674950012454,0.6488432504998755
0,1,0.3632277042015468,0.6367722957984532
1,1,0.37160592419188554,0.6283940758081145
1,1,0.34337547260966794,0.6566245273903321
0,1,0.32769414179392,0.67230585820608
0,1,0.36823061989505546,0.6317693801049445
1,1,0.35339714822156887,0.6466028517784311
1,1,0.3394134723681278,0.6605865276318722
0,1,0.3184702041231092,0.6815297958768908
1,1,0.3252406973293488,0.6747593026706512
0,1,0.3256774988045078,0.6743225011954922
1,1,0.33678423010683256,0.6632157698931674
1,1,0.3709716148632064,0.6290283851367936
1,1,0.2724379989238157,0.7275620010761843
0,1,0.3334278316189251,0.6665721683810749
1,1,0.36297182768935354,0.6370281723106465
0,1,0.3484731540797349,0.6515268459202651
1,1,0.35137472458794927,0.6486252754120507
0,1,0.3657833690663962,0.6342166309336038
1,1,0.334712973108531,0.665287026891469
1,1,0.3280845404174201,0.6719154595825799
1,1,0.34391087652501295,0.656089123474987
0,1,0.341119209076273,0.658880790923727
1,1,0.3679254015632597,0.6320745984367403
1,1,0.34997807868923203,0.650021921310768
1,1,0.34849635456327654,0.6515036454367235
1,1,0.3022035634252248,0.6977964365747752
0,1,0.31925889215586445,0.6807411078441356
1,1,0.36521647974455895,0.634783520255441
1,1,0.34552388398990264,0.6544761160100974
1,1,0.3579382983631436,0.6420617016368564
0,1,0.32297671281917384,0.6770232871808262
1,1,0.34790585077278613,0.6520941492272139
1,1,0.3790780349202486,0.6209219650797514
1,1,0.3753000132902442,0.6246999867097558
1,1,0.365485800492805,0.634514199507195
1,1,0.4311285795070261,0.5688714204929739
1,1,0.3824638542063933,0.6175361457936067
1,1,0.3411632281673499,0.6588367718326501
1,1,0.3668076102772614,0.6331923897227386
0,1,0.3304425564652601,0.6695574435347399
0,1,0.33868730890406296,0.661312691095937
0,1,0.33329968324798254,0.6667003167520175
0,1,0.3428980196304401,0.6571019803695599
0,1,0.3537985596694825,0.6462014403305175
1,1,0.3376308275307134,0.6623691724692866
1,1,0.288836773843998,0.711163226156002
0,1,0.3211777703135468,0.6788222296864532
0,1,0.33830274843157926,0.6616972515684207
1,1,0.38951364889162865,0.6104863511083714
0,1,0.2972707043627876,0.7027292956372124
1,1,0.3299713956068612,0.6700286043931388
0,1,0.369550598826175,0.630449401173825
1,1,0.40378157958860283,0.5962184204113972
0,1,0.34171622609380414,0.6582837739061959
1,1,0.3562657914602291,0.6437342085397709
1,1,0.3501764272818517,0.6498235727181483
1,1,0.3350834815319559,0.6649165184680441
1,1,0.34274455775207113,0.6572554422479289
1,1,0.36529908046088955,0.6347009195391105
1,1,0.3539053745425156,0.6460946254574844
0,1,0.35622297120208557,0.6437770287979144
0,1,0.29902437575261887,0.7009756242473811
1,1,0.334807400430874,0.665192599569126
1,1,0.33553251745993307,0.6644674825400669
1,1,0.3326214138844459,0.6673785861155541
1,1,0.3348799848875159,0.6651200151124841
1,1,0.3496429587938089,0.6503570412061911
1,1,0.33479106896255517,0.6652089310374448
0,1,0.34512399192982246,0.6548760080701775
1,1,0.375291429654931,0.624708570345069
1,1,0.38597953036116917,0.6140204696388308
0,1,0.3673557317202263,0.6326442682797737
1,1,0.4131796351790389,0.5868203648209611
0,1,0.37444063566218,0.62555936433782
1,1,0.3328534408509749,0.6671465591490251
1,1,0.33708940274670074,0.6629105972532993
1,1,0.33792751695528134,0.6620724830447187
1,1,0.28080750133730514,0.7191924986626949
0,1,0.34185924331313433,0.6581407566868657
0,1,0.322768794866212,0.677231205133788
0,1,0.34188210283450704,0.658117897165493
1,1,0.2933528572693195,0.7066471427306805
1,1,0.3390179931792191,0.6609820068207809
1,1,0.4111628676105096,0.5888371323894904
0,1,0.3474193287455706,0.6525806712544294
1,1,0.31610093152078667,0.6838990684792133
0,1,0.3421955635513557,0.6578044364486443
1,1,0.3312422650728437,0.6687577349271563
1,1,0.3700365189503656,0.6299634810496344
1,1,0.36119145528155117,0.6388085447184488
1,1,0.321047987697213,0.678952012302787
1,1,0.3274030808399212,0.6725969191600788
1,1,0.34008783071041093,0.6599121692895891
0,1,0.33206288890141444,0.6679371110985856
0,1,0.361851972119802,0.638148027880198
0,1,0.3452778940184761,0.6547221059815239
1,1,0.340281163415763,0.659718836584237
1,1,0.33624094188865306,0.663759058111347
1,1,0.317886756965044,0.682113243034956
1,1,0.3360028576317665,0.6639971423682335
0,1,0.3761336921181544,0.6238663078818456
1,1,0.3668839292565371,0.6331160707434629
1,1,0.3383552710095501,0.6616447289904499
1,1,0.37558644366892635,0.6244135563310736
1,1,0.35193043396984447,0.6480695660301555
1,1,0.34584380504530177,0.6541561949546982
1,1,0.3532448581461791,0.6467551418538209
1,1,0.402234672480692,0.597765327519308
1,1,0.34739139108221273,0.6526086089177873
0,1,0.34312674967817647,0.6568732503218235
0,1,0.3683642090386692,0.6316357909613308
0,1,0.34066944239774155,0.6593305576022584
1,1,0.3472313122249968,0.6527686877750032
1,1,0.3205891786266627,0.6794108213733373
1,1,0.3510348873390947,0.6489651126609053
1,1,0.33314375529641227,0.6668562447035877
1,1,0.3620169460142778,0.6379830539857222
1,1,0.31796603301464776,0.6820339669853522
1,1,0.30104762944118835,0.6989523705588117
1,1,0.28757647998209623,0.7124235200179038
0,1,0.37709564025345843,0.6229043597465416
1,1,0.3538431838516939,0.6461568161483061
1,1,0.3413130341081999,0.6586869658918001
0,1,0.32481071148213325,0.6751892885178667
1,1,0.33125324625115815,0.6687467537488418
0,1,0.34763192752035754,0.6523680724796425
1,1,0.3386239555581777,0.6613760444418223
1,1,0.3521655943836586,0.6478344056163414
0,1,0.35192281315704377,0.6480771868429562
1,1,0.32374882634669044,0.6762511736533096
0,1,0.3326109819316958,0.6673890180683042
1,1,0.344075743060997,0.655924256939003
1,1,0.36563294193875395,0.634367058061246
1,1,0.30807393099423597,0.691926069005764
1,1,0.31204859698509646,0.6879514030149035
1,1,0.35630410297976844,0.6436958970202316
0,1,0.33552214099991307,0.6644778590000869
0,1,0.34904673553978716,0.6509532644602128
1,1,0.351692875365721,0.648307124634279
1,1,0.3386142379878938,0.6613857620121062
0,1,0.32978579488588866,0.6702142051141113
1,1,0.34206913589257326,0.6579308641074267
1,1,0.3745762920889567,0.6254237079110433
1,1,0.35690599990793226,0.6430940000920677
1,1,0.36391919821028207,0.6360808017897179
1,1,0.34641344851447464,0.6535865514855254
1,1,0.3657617371806047,0.6342382628193953
1,1,0.3493563613370687,0.6506436386629313
0,1,0.3400873689752374,0.6599126310247626
0,1,0.33528545009066624,0.6647145499093338
0,1,0.33831180802569294,0.6616881919743071
1,1,0.34466425616255003,0.65533574383745
1,1,0.3253758928528935,0.6746241071471065
0,1,0.33559422132995553,0.6644057786700445
1,1,0.37199914382004207,0.6280008561799579
1,1,0.367697759864583,0.632302240135417
0,1,0.3760484779554083,0.6239515220445917
1,1,0.3369651535989413,0.6630348464010587
0,1,0.3606200202131117,0.6393799797868883
0,1,0.36177881949664337,0.6382211805033566
1,1,0.3765231527464967,0.6234768472535033
1,1,0.319890641503664,0.680109358496336
0,1,0.32234471692532063,0.6776552830746794
0,1,0.3998001842424158,0.6001998157575842
1,1,0.32463799405765237,0.6753620059423476
1,1,0.359312956770521,0.640687043229479
0,1,0.3562246962254405,0.6437753037745595
1,1,0.3795153373972553,0.6204846626027447
1,1,0.4001678958177801,0.5998321041822199
0,1,0.3612530625249266,0.6387469374750734
1,1,0.3769652271790045,0.6230347728209955
1,1,0.338643242757913,0.661356757242087
0,1,0.3633295905487939,0.6366704094512061
1,1,0.35347027869374437,0.6465297213062556
1,1,0.3521587757836311,0.6478412242163689
0,1,0.35962707071358346,0.6403729292864165
1,1,0.3676487963437648,0.6323512036562352
0,1,0.3110699500085312,0.6889300499914688
0,1,0.3205639706949899,0.6794360293050101
0,1,0.35145915798627625,0.6485408420137238
1,1,0.3144783452406773,0.6855216547593227
1,1,0.36891741574113435,0.6310825842588657
1,1,0.3067142710517774,0.6932857289482226
0,1,0.36160157653991276,0.6383984234600872
1,1,0.3715774621283765,0.6284225378716235
1,1,0.39697127956013667,0.6030287204398633
1,1,0.34446062074589845,0.6555393792541016
1,1,0.3649428439978679,0.6350571560021321
0,1,0.3607698012257562,0.6392301987742438
1,1,0.3416576074419755,0.6583423925580245
0,1,0.3411758725155608,0.6588241274844392
1,1,0.3428626179071578,0.6571373820928422
0,1,0.3291471073399015,0.6708528926600985
1,1,0.34822624185550854,0.6517737581444915
0,1,0.34249489773773345,0.6575051022622665
1,1,0.3619075384029703,0.6380924615970297
1,1,0.40474245005084686,0.5952575499491531
1,1,0.34791223218809797,0.652087767811902
1,1,0.3898842469176562,0.6101157530823438
0,1,0.36811113878161006,0.6318888612183899
1,1,0.38299037678516634,0.6170096232148337
1,1,0.2850347933594942,0.7149652066405058
1,1,0.402974721424856,0.597025278575144
1,1,0.3133369716442007,0.6866630283557993
1,1,0.4009807995858926,0.5990192004141074
1,1,0.3527929978304174,0.6472070021695826
1,1,0.3593526923178034,0.6406473076821966
0,1,0.3431962397836207,0.6568037602163793
1,1,0.35608665086226376,0.6439133491377362
1,1,0.30435412518743776,0.6956458748125622
0,1,0.3416367182811705,0.6583632817188295
0,1,0.34582048954479927,0.6541795104552007
0,1,0.346267174572214,0.653732825427786
0,1,0.3257864400604349,0.6742135599395651
1,1,0.37533828680491976,0.6246617131950802
0,1,0.34505256939114104,0.654947430608859
1,1,0.33402524745740825,0.6659747525425918
1,1,0.3403632906749815,0.6596367093250185
0,1,0.3614052262624178,0.6385947737375822
0,1,0.3512202173198924,0.6487797826801076
1,1,0.3533735265424145,0.6466264734575855
1,1,0.3599061999162986,0.6400938000837014
1,1,0.33850020404856895,0.661499795951431
0,1,0.3174570144125196,0.6825429855874804
1,1,0.3407415892060247,0.6592584107939753
1,1,0.3240426930286867,0.6759573069713133
1,1,0.35173890659702367,0.6482610934029763
1,1,0.33701846320679574,0.6629815367932043
1,1,0.3461257201478737,0.6538742798521263
1,1,0.3171204127917725,0.6828795872082275
0,1,0.36140776182343726,0.6385922381765627
1,1,0.352831168157151,0.647168831842849
1,1,0.37935103513935764,0.6206489648606424
1,1,0.35774288380608754,0.6422571161939125
1,1,0.35719906980733174,0.6428009301926683
0,1,0.332240404443072,0.667759595556928
0,1,0.3321805151883005,0.6678194848116995
0,1,0.361420345480581,0.638579654519419
0,1,0.3382380668259598,0.6617619331740402
1,1,0.3250803863828108,0.6749196136171892
1,1,0.35349464538528064,0.6465053546147194
1,1,0.40269300365074767,0.5973069963492523
1,1,0.3310024145968111,0.6689975854031889
1,1,0.39913921666023544,0.6008607833397646
0,1,0.34926311908597285,0.6507368809140271
0,1,0.3658564786002324,0.6341435213997676
0,1,0.3854847593252283,0.6145152406747717
1,1,0.3498299970518548,0.6501700029481452
0,1,0.34485606855493844,0.6551439314450616
1,1,0.3947233092097824,0.6052766907902176
0,1,0.34640779586166837,0.6535922041383316
1,1,0.35966547911771707,0.6403345208822829
1,1,0.3753991479903783,0.6246008520096217
0,1,0.36707496930273187,0.6329250306972681
1,1,0.33815848693132544,0.6618415130686746
1,1,0.35411240256187493,0.6458875974381251
0,1,0.3470230184980798,0.6529769815019202
0,1,0.3491704579902183,0.6508295420097817
1,1,0.3550619898227023,0.6449380101772977
0,1,0.3471274015706197,0.6528725984293803
0,1,0.3767946322892899,0.6232053677107101
0,1,0.373705461759836,0.626294538240164
1,1,0.3277621090786481,0.6722378909213519
0,1,0.34558623243674147,0.6544137675632585
1,1,0.38990602031319976,0.6100939796868002
1,1,0.36005740329100766,0.6399425967089923
0,1,0.34921450668952236,0.6507854933104776
1,1,0.35597266653793125,0.6440273334620688
0,1,0.39503044942668886,0.6049695505733111
1,1,0.35997966710299456,0.6400203328970054
1,1,0.3344745946030864,0.6655254053969136
0,1,0.3573271462173824,0.6426728537826176
1,1,0.3527186141515932,0.6472813858484068
1,1,0.3599461520941546,0.6400538479058454
0,1,0.3332998672443652,0.6667001327556348
0,1,0.36844382369796835,0.6315561763020316
1,1,0.38201530930907956,0.6179846906909204
1,1,0.33620252220225977,0.6637974777977402
0,1,0.32425716375416014,0.6757428362458399
1,1,0.3351186715859902,0.6648813284140098
1,1,0.35615141505135817,0.6438485849486418
1,1,0.3207382971240379,0.6792617028759621
1,1,0.3531770725897597,0.6468229274102403
0,1,0.3753170017946107,0.6246829982053893
1,1,0.3207838171436139,0.6792161828563861
0,1,0.3386258517004104,0.6613741482995896
1,1,0.3358472751097964,0.6641527248902036
1,1,0.34429829049886773,0.6557017095011323
0,1,0.34015659162643364,0.6598434083735664
0,1,0.35740540548739586,0.6425945945126041
1,1,0.3394482440118505,0.6605517559881495
1,1,0.3630188812548266,0.6369811187451734
0,1,0.34148793508292097,0.658512064917079
1,1,0.3581244467086798,0.6418755532913202
1,1,0.3224112483646473,0.6775887516353527
0,1,0.35683333039372,0.64316666960628
1,1,0.34570046323033643,0.6542995367696636
1,1,0.3653993264128127,0.6346006735871873
0,1,0.33219377304294273,0.6678062269570573
0,1,0.4171886609823481,0.5828113390176519
1,1,0.3460930026227832,0.6539069973772168
0,1,0.35170286447930965,0.6482971355206903
1,1,0.3358296416998844,0.6641703583001156
0,1,0.38231928836581497,0.617680711634185
1,1,0.332801177968274,0.667198822031726
1,1,0.33786983428082273,0.6621301657191773
1,1,0.355054538801427,0.644945461198573
1,1,0.3426397558124201,0.6573602441875799
0,1,0.3427569554640688,0.6572430445359312
0,1,0.34765854555638154,0.6523414544436185
1,1,0.3395888045837322,0.6604111954162678
1,1,0.3599019470266456,0.6400980529733544
0,1,0.336555103998061,0.663444896001939
1,1,0.3780241612150924,0.6219758387849076
0,1,0.3984338407308261,0.6015661592691739
1,1,0.3489229079618946,0.6510770920381054
0,1,0.3369518452256478,0.6630481547743522
0,1,0.331642468797019,0.668357531202981
1,1,0.3301958993166304,0.6698041006833696
1,1,0.3563631359392707,0.6436368640607293
1,1,0.2933521071016898,0.7066478928983102
1,1,0.33954063594880746,0.6604593640511925
0,1,0.3187930026369278,0.6812069973630722
0,1,0.2979746503233295,0.7020253496766705
1,1,0.34325190478686796,0.656748095213132
0,1,0.3500960168526339,0.6499039831473661
1,1,0.3346947062733847,0.6653052937266153
1,1,0.35709366089780814,0.6429063391021919
1,1,0.32880403581145146,0.6711959641885485
1,1,0.3281689396917804,0.6718310603082196
1,1,0.31324368508166767,0.6867563149183323
1,1,0.35291245746488,0.64708754253512
0,1,0.35646789774251386,0.6435321022574861
1,1,0.3735324921578177,0.6264675078421823
0,1,0.3381938202572008,0.6618061797427992
1,1,0.3246808023877126,0.6753191976122874
0,1,0.3644041765142788,0.6355958234857212
1,1,0.3981363924641217,0.6018636075358783
1,1,0.35653301834863516,0.6434669816513648
1,1,0.36365054485769166,0.6363494551423083
1,1,0.3364630349755505,0.6635369650244495
1,1,0.3483435017928598,0.6516564982071402
0,1,0.3350283667126307,0.6649716332873693
0,1,0.3470008804817858,0.6529991195182142
1,1,0.3808436693282312,0.6191563306717688
1,1,0.38678745257409264,0.6132125474259074
1,1,0.3071823551092181,0.6928176448907819
1,1,0.3073586019328791,0.6926413980671209
0,1,0.3508341130638982,0.6491658869361018
0,1,0.37552594500997327,0.6244740549900267
1,1,0.36601145128016355,0.6339885487198365
1,1,0.3692553235571089,0.6307446764428911
0,1,0.36139109300330086,0.6386089069966991
1,1,0.33235454779753315,0.6676454522024668
0,1,0.3387621708777453,0.6612378291222547
0,1,0.4107399872357359,0.5892600127642641
0,1,0.33062418057358023,0.6693758194264198
0,1,0.33371263200817913,0.6662873679918209
1,1,0.3219388053226897,0.6780611946773103
1,1,0.3099548032220866,0.6900451967779134
1,1,0.32589094401714525,0.6741090559828548
1,1,0.3284881163598755,0.6715118836401245
1,1,0.33415432233817,0.66584567766183
0,1,0.32537706971419633,0.6746229302858037
1,1,0.33336431432044533,0.6666356856795547
1,1,0.3492151373303637,0.6507848626696363
1,1,0.3598612851893984,0.6401387148106016
1,1,0.3556237709644846,0.6443762290355154
1,1,0.34234839142987805,0.657651608570122
0,1,0.3166489778575443,0.6833510221424557
0,1,0.35659975342442873,0.6434002465755713
1,1,0.35568304089642655,0.6443169591035735
1,1,0.3565812166593111,0.6434187833406889
0,1,0.35711503797071464,0.6428849620292854
0,1,0.3252871364949288,0.6747128635050712
1,1,0.35989460521722116,0.6401053947827788
0,1,0.3203972012282159,0.6796027987717841
1,1,0.35145376822338514,0.6485462317766149
1,1,0.3913981777731298,0.6086018222268702
1,1,0.3638605053188302,0.6361394946811698
1,1,0.37462574255363024,0.6253742574463698
0,1,0.3419514003383409,0.6580485996616591
1,1,0.3182399072629104,0.6817600927370896
1,1,0.33747800399232375,0.6625219960076763
0,1,0.35958530049396353,0.6404146995060365
0,1,0.37803968890721085,0.6219603110927892
0,1,0.3514989462835354,0.6485010537164646
1,1,0.3516627819128334,0.6483372180871666
1,1,0.3623219335987521,0.6376780664012479
0,1,0.34964583777191127,0.6503541622280887
1,1,0.346512719721605,0.653487280278395
1,1,0.34481848562800965,0.6551815143719903
1,1,0.35521437568482417,0.6447856243151758
1,1,0.355159989257408,0.644840010742592
0,1,0.3609827622660121,0.6390172377339879
0,1,0.33411292677263016,0.6658870732273698
1,1,0.33537858655621877,0.6646214134437812
0,1,0.34250759591151725,0.6574924040884828
0,1,0.38593860164829485,0.6140613983517051
1,1,0.3230959644320065,0.6769040355679935
1,1,0.3148388978395782,0.6851611021604218
0,1,0.34948548799558765,0.6505145120044123
1,1,0.35971152259336425,0.6402884774066357
0,1,0.33136156198020084,0.6686384380197992
1,1,0.33867363464744804,0.661326365352552
1,1,0.3729500849886176,0.6270499150113824
1,1,0.35449143503954894,0.6455085649604511
0,1,0.3311184176987779,0.6688815823012221
1,1,0.38740149578209737,0.6125985042179026
0,1,0.3566301272981025,0.6433698727018975
0,1,0.37274768376889944,0.6272523162311006
0,1,0.366376042889064,0.633623957110936
0,1,0.3398191907589271,0.6601808092410729
1,1,0.365581490665567,0.634418509334433
1,1,0.3400423048409644,0.6599576951590356
0,1,0.3323970595353891,0.6676029404646109
1,1,0.3606920488967541,0.6393079511032459
1,1,0.33003582399896036,0.6699641760010396
1,1,0.3735765543758722,0.6264234456241278
0,1,0.3452390421395233,0.6547609578604767
1,1,0.33990137369133244,0.6600986263086676
1,1,0.3523058064717913,0.6476941935282087
1,1,0.3398570717784446,0.6601429282215554
1,1,0.38040656787516736,0.6195934321248326
1,1,0.3499642517317434,0.6500357482682566
1,1,0.35840187933390455,0.6415981206660955
1,1,0.3495474099484761,0.6504525900515239
1,1,0.35339404554614984,0.6466059544538502
0,1,0.34542367637600735,0.6545763236239927
1,1,0.32411430356744486,0.6758856964325551
1,1,0.3204060570600369,0.6795939429399631
1,1,0.36236436704630326,0.6376356329536967
1,1,0.334074990122024,0.665925009877976
0,1,0.37666318742502447,0.6233368125749755
1,1,0.32675362151642506,0.6732463784835749
1,1,0.34247132355476817,0.6575286764452318
1,1,0.3418410604165327,0.6581589395834673
1,1,0.3286089166543894,0.6713910833456106
0,1,0.3337944030053951,0.6662055969946049
1,1,0.3392400679549824,0.6607599320450176
1,1,0.3509925278831867,0.6490074721168133
1,1,0.338619661525292,0.661380338474708
1,1,0.3538295902486731,0.6461704097513269
1,1,0.36506620745073737,0.6349337925492626
0,1,0.3299245432061312,0.6700754567938688
1,1,0.34107030240786174,0.6589296975921383
1,1,0.3228029241698007,0.6771970758301993
0,1,0.3375217020636261,0.6624782979363739
1,1,0.3671053250226767,0.6328946749773233
1,1,0.3622661474673369,0.6377338525326631
1,1,0.33642478284510857,0.6635752171548914
1,1,0.3238110799587648,0.6761889200412352
1,1,0.3579817963432711,0.6420182036567289
1,1,0.34097126162017233,0.6590287383798277
0,1,0.3623991821718021,0.6376008178281979
0,1,0.329514570659566,0.670485429340434
1,1,0.36429889248807146,0.6357011075119285
0,1,0.36866412809761895,0.631335871902381
0,1,0.35053851414781956,0.6494614858521804
0,1,0.37097448312280146,0.6290255168771985
1,1,0.36418476198734273,0.6358152380126573
0,1,0.3571119802873145,0.6428880197126855
0,1,0.3559612537636193,0.6440387462363807
0,1,0.33310576065282627,0.6668942393471737
1,1,0.33078882238740115,0.6692111776125989
1,1,0.30899124088984575,0.6910087591101542
1,1,0.38473301170049,0.61526698829951
1,1,0.3335989902503156,0.6664010097496844
1,1,0.31809238611245194,0.6819076138875481
0,1,0.3356601683645729,0.6643398316354271
0,1,0.35665405644850834,0.6433459435514917
1,1,0.3220754948155037,0.6779245051844963
0,1,0.34963227244732875,0.6503677275526712
1,1,0.33699508535808864,0.6630049146419114
0,1,0.33643207325589697,0.663567926744103
1,1,0.3402068608762411,0.6597931391237589
0,1,0.39894155856102986,0.6010584414389701
1,1,0.33807617960744896,0.661923820392551
0,1,0.33749982006055335,0.6625001799394467
1,1,0.35552642210488017,0.6444735778951198
0,1,0.34995922180166983,0.6500407781983302
1,1,0.30835787916578916,0.6916421208342108
0,1,0.3503588440182396,0.6496411559817604
1,1,0.3320730944636171,0.6679269055363829
1,1,0.366290045931863,0.633709954068137
1,1,0.3593462612064853,0.6406537387935147
1,1,0.3376174405522886,0.6623825594477114
1,1,0.35228939280529425,0.6477106071947057
1,1,0.325456678302821,0.674543321697179
0,1,0.3597345059926389,0.6402654940073611
1,1,0.3517693063006163,0.6482306936993837
0,1,0.3406048959712573,0.6593951040287427
1,1,0.36286702403987037,0.6371329759601296
0,1,0.33926609156485554,0.6607339084351445
0,1,0.40790050104640085,0.5920994989535991
1,1,0.3826561003945338,0.6173438996054662
1,1,0.320759686398542,0.679240313601458
1,1,0.3560774335982071,0.6439225664017929
1,1,0.3297797977800402,0.6702202022199598
1,1,0.3387365456910798,0.6612634543089202
1,1,0.340666089466073,0.659333910533927
1,1,0.330490496030172,0.669509503969828
0,1,0.3596372215230419,0.6403627784769581
0,1,0.3441520850094739,0.6558479149905261
1,1,0.35604255974692456,0.6439574402530754
1,1,0.34667862373074676,0.6533213762692532
1,1,0.34308339752706707,0.6569166024729329
0,1,0.3478659000076799,0.6521340999923201
1,1,0.35137304044293205,0.648626959557068
1,1,0.33186881223541187,0.6681311877645881
0,1,0.35015480347493466,0.6498451965250653
0,1,0.3318810191337046,0.6681189808662954
1,1,0.33790857059356194,0.6620914294064381
1,1,0.3348550515069916,0.6651449484930084
1,1,0.3634616308283145,0.6365383691716855
1,1,0.35696746757493547,0.6430325324250645
1,1,0.3314285594618478,0.6685714405381522
1,1,0.38535408629734724,0.6146459137026528
1,1,0.3518396357490612,0.6481603642509388
0,1,0.3590490142284579,0.6409509857715421
0,1,0.3985748019044011,0.6014251980955989
0,1,0.38705799602998336,0.6129420039700166
1,1,0.3839990179247619,0.6160009820752381
1,1,0.35956977113677846,0.6404302288632215
1,1,0.3199831338690077,0.6800168661309923
1,1,0.3264320272548472,0.6735679727451528
1,1,0.33973841525812287,0.6602615847418771
1,1,0.3666395079640238,0.6333604920359762
0,1,0.3799984555887902,0.6200015444112098
1,1,0.36308116895654974,0.6369188310434503
0,1,0.34973152662857276,0.6502684733714272
1,1,0.27655662711367357,0.7234433728863264
1,1,0.36176386891614143,0.6382361310838586
0,1,0.45976288267399257,0.5402371173260074
1,1,0.34095882680370626,0.6590411731962937
1,1,0.3238844526672032,0.6761155473327968
1,1,0.3521405494728205,0.6478594505271795
0,1,0.3444996098022798,0.6555003901977202
1,1,0.3276294632393938,0.6723705367606062
1,1,0.3812202195647503,0.6187797804352497
0,1,0.3484367926776253,0.6515632073223747
1,1,0.3376329500266204,0.6623670499733796
1,1,0.3281458937840581,0.6718541062159419
1,1,0.3531595397108209,0.6468404602891791
1,1,0.35847077455945464,0.6415292254405454
1,1,0.36051158628521796,0.639488413714782
0,1,0.3639331008405695,0.6360668991594305
0,1,0.36153349990274086,0.6384665000972591
1,1,0.3695125004499914,0.6304874995500086
0,1,0.3825224626899024,0.6174775373100976
1,1,0.32892271522575633,0.6710772847742437
1,1,0.34268187288533225,0.6573181271146677
1,1,0.37218161650117587,0.6278183834988241
0,1,0.36027443336409004,0.63972556663591
1,1,0.3689679602193062,0.6310320397806938
0,1,0.373764730525329,0.626235269474671
1,1,0.33431465929903903,0.665685340700961
1,1,0.34916318414295666,0.6508368158570433
0,1,0.34242500748770044,0.6575749925122996
0,1,0.31246051486057913,0.6875394851394209
1,1,0.36213822759078684,0.6378617724092132
1,1,0.3285936274374779,0.6714063725625221
1,1,0.33401231168144185,0.6659876883185581
0,1,0.35820839700612694,0.6417916029938731
0,1,0.3427617611285839,0.6572382388714161
1,1,0.35834138197649723,0.6416586180235028
1,1,0.3399098724470536,0.6600901275529464
0,1,0.3506114390330043,0.6493885609669957
1,1,0.3321730252442978,0.6678269747557022
1,1,0.33173630015297884,0.6682636998470212
1,1,0.357424412761818,0.642575587238182
1,1,0.3693378011532992,0.6306621988467008
1,1,0.33494446044603543,0.6650555395539646
0,1,0.33383967072626586,0.6661603292737341
1,1,0.36795850215405834,0.6320414978459417
0,1,0.34932186801557186,0.6506781319844281
1,1,0.36846956344349213,0.6315304365565079
0,1,0.34422080774385055,0.6557791922561494
1,1,0.3189921875979004,0.6810078124020996
1,1,0.3301255777271396,0.6698744222728604
1,1,0.33721693407988407,0.6627830659201159
1,1,0.35233576481606577,0.6476642351839342
0,1,0.3460086103150881,0.6539913896849119
1,1,0.3742148470475799,0.6257851529524201
1,1,0.33395957508466945,0.6660404249153306
1,1,0.3252924634838831,0.6747075365161169
0,1,0.4289727000687047,0.5710272999312953
0,1,0.36746144048461515,0.6325385595153848
0,1,0.3258896351433821,0.6741103648566179
0,1,0.3022885109597703,0.6977114890402297
1,0,0.5146408853496709,0.48535911465032916
1,1,0.3379315162628558,0.6620684837371442
1,1,0.3885764158625258,0.6114235841374742
1,1,0.3206693869034333,0.6793306130965667
1,1,0.36429371541648636,0.6357062845835136
0,1,0.3302370557930533,0.6697629442069467
1,1,0.3237770700387753,0.6762229299612247
1,1,0.35615345922170205,0.643846540778298
1,1,0.3402657361223428,0.6597342638776572
1,1,0.36475241990817464,0.6352475800918254
0,1,0.3710164410993614,0.6289835589006386
1,1,0.38305587519708717,0.6169441248029128
0,1,0.3523247820718448,0.6476752179281552
1,1,0.3752512674559296,0.6247487325440704
0,1,0.36070896692856713,0.6392910330714329
1,1,0.3404523044590354,0.6595476955409646
0,1,0.36580658183473325,0.6341934181652668
0,1,0.3312919525920627,0.6687080474079373
1,1,0.33954595951237243,0.6604540404876276
1,1,0.3530651153285489,0.6469348846714511
1,1,0.35465900791770444,0.6453409920822956
0,1,0.34342721722063474,0.6565727827793653
1,1,0.3420579177028169,0.6579420822971831
0,1,0.3631844502004449,0.6368155497995551
0,1,0.36768682236646466,0.6323131776335353
1,1,0.37514172344316266,0.6248582765568373
1,1,0.4153272565317536,0.5846727434682464
1,1,0.34584695035816404,0.654153049641836
1,1,0.3756870680365114,0.6243129319634886
1,1,0.40651346682512257,0.5934865331748774
1,1,0.3198322707650182,0.6801677292349818
1,1,0.39278268996791743,0.6072173100320826
0,1,0.3596056106755816,0.6403943893244184
0,1,0.360244842041081,0.639755157958919
1,1,0.3797065501210646,0.6202934498789354
1,1,0.35372760328116404,0.646272396718836
1,1,0.3384979929754959,0.6615020070245041
1,1,0.3430878779126304,0.6569121220873696
0,1,0.3291853576692455,0.6708146423307545
1,1,0.3246654840971688,0.6753345159028312
1,1,0.3580551604689003,0.6419448395310997
0,1,0.36626261698208273,0.6337373830179173
0,1,0.3589739747431655,0.6410260252568345
0,1,0.33281178732111094,0.6671882126788891
1,1,0.3849198749475672,0.6150801250524328
1,1,0.3281335392036634,0.6718664607963366
1,1,0.37300358991965044,0.6269964100803496
1,1,0.29775002160698705,0.702249978393013
0,1,0.38095653829465603,0.619043461705344
0,1,0.3146476269649182,0.6853523730350818
1,1,0.3470761106170599,0.6529238893829401
1,1,0.33926324228497673,0.6607367577150233
1,1,0.34163032529253057,0.6583696747074694
1,1,0.3439202000752982,0.6560797999247018
1,1,0.33024112508247383,0.6697588749175262
0,1,0.41381066716622517,0.5861893328337748
0,1,0.3454702370950753,0.6545297629049247
0,1,0.3761211448098851,0.6238788551901149
1,1,0.3511505933461758,0.6488494066538242
0,1,0.34226154093309713,0.6577384590669029
1,1,0.3609519869669394,0.6390480130330606
0,1,0.34704082879673315,0.6529591712032669
0,1,0.359080157816278,0.640919842183722
1,1,0.3526099453641631,0.6473900546358369
0,1,0.3493474812455093,0.6506525187544907
1,1,0.3467893061596291,0.6532106938403709
0,1,0.37946464567564053,0.6205353543243595
1,1,0.34367592216339826,0.6563240778366017
1,1,0.3324216081084732,0.6675783918915268
1,1,0.35149888322253087,0.6485011167774691
0,1,0.3261667901735865,0.6738332098264135
1,1,0.35116087076856217,0.6488391292314378
1,1,0.3432196395146503,0.6567803604853497
0,1,0.35341642921860306,0.6465835707813969
1,1,0.3366821086813975,0.6633178913186025
1,1,0.3583803039183451,0.6416196960816549
0,1,0.3269821351241017,0.6730178648758983
0,1,0.34762863725880566,0.6523713627411943
1,1,0.3355835353402652,0.6644164646597348
1,1,0.36997734505599766,0.6300226549440023
1,1,0.31807204738954875,0.6819279526104512
1,1,0.35891513805733366,0.6410848619426663
1,1,0.3527061809768439,0.6472938190231561
1,1,0.3626772718475594,0.6373227281524406
1,1,0.30498818223087987,0.6950118177691201
0,1,0.35824132946794607,0.6417586705320539
0,1,0.3426386160539715,0.6573613839460285
1,1,0.3351160167869658,0.6648839832130342
1,1,0.3462614766276133,0.6537385233723867
1,1,0.3253717210164997,0.6746282789835003
0,1,0.3485200920390725,0.6514799079609275
1,1,0.34642869904816564,0.6535713009518344
1,1,0.36802717119210904,0.631972828807891
1,1,0.3926759884600082,0.6073240115399918
1,1,0.34328955824571505,0.656710441754285
0,1,0.3512151916726325,0.6487848083273675
1,1,0.3494691148847412,0.6505308851152588
0,1,0.35751557903922326,0.6424844209607767
1,1,0.35215095420802645,0.6478490457919736
1,1,0.3399819710929056,0.6600180289070944
0,1,0.3031117183870622,0.6968882816129378
1,1,0.33165069627025134,0.6683493037297487
1,1,0.3444184518863892,0.6555815481136108
1,1,0.3633283249904188,0.6366716750095812
0,1,0.4102493090172885,0.5897506909827115
0,1,0.31399207119285977,0.6860079288071402
1,1,0.35980896372236504,0.640191036277635
0,1,0.37307382991327587,0.6269261700867241
1,1,0.29853149412095126,0.7014685058790487
1,1,0.3053862214457015,0.6946137785542985
1,1,0.3103697009198667,0.6896302990801333
1,1,0.33425235813950915,0.6657476418604908
1,1,0.34944856541455305,0.650551434585447
1,1,0.3500713319533276,0.6499286680466724
1,1,0.3454159548351866,0.6545840451648134
1,1,0.36377308924844254,0.6362269107515575
1,1,0.3513861212813497,0.6486138787186503
1,1,0.35817473815258094,0.6418252618474191
1,1,0.3675680821422064,0.6324319178577936
1,1,0.33463740888702775,0.6653625911129722
1,1,0.3472270040102472,0.6527729959897528
1,1,0.3791462315060725,0.6208537684939275
1,1,0.31183582122528275,0.6881641787747173
0,1,0.3578997540797547,0.6421002459202453
1,1,0.4102069209275023,0.5897930790724977
0,1,0.3240526557357791,0.6759473442642209
1,1,0.3556106784753642,0.6443893215246358
1,1,0.33240608580802944,0.6675939141919706
1,1,0.3525139616885613,0.6474860383114387
1,1,0.3525365994423296,0.6474634005576704
1,1,0.35311190110931356,0.6468880988906864
1,1,0.37484913946091336,0.6251508605390866
0,1,0.3317418701827427,0.6682581298172573
1,1,0.36841498759792957,0.6315850124020704
1,1,0.3399160801965987,0.6600839198034013
1,1,0.3471226243851323,0.6528773756148677
1,1,0.3456343385055246,0.6543656614944754
0,1,0.3533613832331848,0.6466386167668152
0,1,0.34951563457261714,0.6504843654273829
1,1,0.3657215861711942,0.6342784138288058
0,1,0.35454920392742006,0.6454507960725799
1,1,0.3210058128448885,0.6789941871551115
0,1,0.32765911705927886,0.6723408829407211
0,1,0.33480844013470856,0.6651915598652914
0,1,0.34204276180327153,0.6579572381967285
1,1,0.34052880555694676,0.6594711944430532
1,1,0.3791985154154073,0.6208014845845927
0,1,0.33387036428551087,0.6661296357144891
1,1,0.3569652900101695,0.6430347099898305
0,1,0.3327015943144179,0.6672984056855821
1,1,0.3745738612892361,0.6254261387107639
1,1,0.3519432877743095,0.6480567122256905
1,1,0.33937725006438224,0.6606227499356178
0,1,0.32359163007978975,0.6764083699202103
0,1,0.34682970144537595,0.653170298554624
1,1,0.36531026387826837,0.6346897361217316
1,1,0.3706734339436505,0.6293265660563495
1,1,0.32762593584051014,0.6723740641594899
1,1,0.3417857842649613,0.6582142157350387
1,1,0.37926372958311916,0.6207362704168808
1,1,0.3431687369794725,0.6568312630205275
1,1,0.37928118694000323,0.6207188130599968
1,1,0.3284161498043524,0.6715838501956476
1,1,0.335012482892164,0.664987517107836
0,1,0.33760759195502554,0.6623924080449745
0,1,0.3675250934889084,0.6324749065110916
1,1,0.3894187149175865,0.6105812850824135
0,1,0.3578954804110318,0.6421045195889682
1,1,0.3262560287611782,0.6737439712388218
1,1,0.3588190957885259,0.6411809042114741
1,1,0.2897760381667004,0.7102239618332996
1,1,0.35251812195965737,0.6474818780403426
0,1,0.35772291481981067,0.6422770851801893
0,1,0.3740942310819375,0.6259057689180625
0,1,0.3382206874365514,0.6617793125634486
0,1,0.3875863723116083,0.6124136276883917
0,1,0.3561322871736722,0.6438677128263278
0,1,0.3583976977480614,0.6416023022519386
1,1,0.35898970222124993,0.6410102977787501
1,1,0.393162378478657,0.606837621521343
1,1,0.35478317686857574,0.6452168231314243
1,1,0.3438655783992337,0.6561344216007663
0,1,0.37320163160227826,0.6267983683977217
1,1,0.34140426245238464,0.6585957375476154
0,1,0.3199168913185707,0.6800831086814293
1,1,0.31713657228022374,0.6828634277197763
0,1,0.34882899294404124,0.6511710070559588
1,1,0.36613619592145474,0.6338638040785453
0,1,0.3487249352834223,0.6512750647165777
0,1,0.3431228974994156,0.6568771025005844
1,1,0.38928493267699404,0.610715067323006
1,1,0.3553468900243135,0.6446531099756865
0,1,0.3062030781196017,0.6937969218803983
0,1,0.3379500774160813,0.6620499225839187
1,1,0.33715717103436416,0.6628428289656358
1,1,0.3362141128497388,0.6637858871502612
1,1,0.35852876546307644,0.6414712345369236
0,1,0.34362822129778847,0.6563717787022115
0,1,0.3906157690193902,0.6093842309806098
0,1,0.3778751937467242,0.6221248062532758
0,1,0.32146352653036536,0.6785364734696346
1,1,0.36438175847385623,0.6356182415261438
1,1,0.3248471412812781,0.6751528587187219
1,1,0.348697981921105,0.651302018078895
1,1,0.4154079360192624,0.5845920639807376
0,1,0.3940770719694213,0.6059229280305787
1,1,0.3453927401015341,0.6546072598984659
1,1,0.35007697882506295,0.649923021174937
1,1,0.3721678718866015,0.6278321281133985
1,1,0.3584924742424853,0.6415075257575147
0,1,0.3204190362332576,0.6795809637667424
0,1,0.3447026949695823,0.6552973050304177
1,1,0.3681451366724573,0.6318548633275427
1,1,0.2955983495702065,0.7044016504297935
1,1,0.3999265547151838,0.6000734452848162
1,1,0.30621881134026596,0.693781188659734
1,1,0.3337874683061891,0.6662125316938109
1,1,0.36092489816301654,0.6390751018369835
0,1,0.3595756787169099,0.6404243212830901
1,1,0.37076985497399106,0.6292301450260089
1,1,0.35236843921879035,0.6476315607812096
1,1,0.35277250059502685,0.6472274994049732
1,1,0.35971674186371283,0.6402832581362872
0,1,0.31514491653254273,0.6848550834674573
1,1,0.3643971184642424,0.6356028815357576
1,1,0.39477243685172503,0.605227563148275
1,1,0.3481272560468339,0.6518727439531661
1,1,0.36081995760939534,0.6391800423906047
1,1,0.34211143492160345,0.6578885650783965
0,1,0.3468408088412298,0.6531591911587702
1,1,0.3393677901467501,0.6606322098532499
1,1,0.32369497911044975,0.6763050208895502
1,1,0.35506382203312137,0.6449361779668786
1,1,0.32490169476801123,0.6750983052319888
1,1,0.3482571923986343,0.6517428076013657
1,1,0.2852216946099959,0.7147783053900041
1,1,0.2996100321525078,0.7003899678474922
0,1,0.3865370305620418,0.6134629694379582
1,1,0.3771874605789899,0.6228125394210101
1,1,0.32813527109192575,0.6718647289080742
0,1,0.3459798450956796,0.6540201549043204
1,1,0.35118992003988114,0.6488100799601189
1,1,0.33892642384084537,0.6610735761591546
0,1,0.3501310752278124,0.6498689247721876
1,1,0.35298397013783456,0.6470160298621654
1,1,0.35592248471285515,0.6440775152871449
1,1,0.35429658106963324,0.6457034189303668
0,1,0.33282851655435486,0.6671714834456451
0,1,0.3493731412568626,0.6506268587431374
0,1,0.3266018604743093,0.6733981395256907
1,1,0.3645991533395997,0.6354008466604003
0,1,0.33411105996584434,0.6658889400341557
0,1,0.3484548133026204,0.6515451866973796
1,1,0.32313975252405247,0.6768602474759475
0,1,0.35674311950448934,0.6432568804955107
0,1,0.3661730945533366,0.6338269054466634
0,1,0.3474432459868928,0.6525567540131072
1,1,0.35071607045302555,0.6492839295469744
1,1,0.3675781885023577,0.6324218114976423
0,1,0.3179678634994495,0.6820321365005505
0,1,0.3365343946218242,0.6634656053781758
0,1,0.35672116447307034,0.6432788355269297
1,1,0.3164075049615206,0.6835924950384794
1,1,0.3946278293822385,0.6053721706177615
0,1,0.34548323104402723,0.6545167689559728
0,1,0.35189183809563784,0.6481081619043622
1,1,0.3321239205588289,0.6678760794411711
1,1,0.3772249220341751,0.6227750779658249
1,1,0.4055840120228468,0.5944159879771532
1,1,0.3513243639888938,0.6486756360111062
1,1,0.30292857069347057,0.6970714293065294
1,1,0.3229391357931386,0.6770608642068614
1,1,0.34506197062115285,0.6549380293788472
1,1,0.3441702490339875,0.6558297509660125
1,1,0.3617348715229931,0.6382651284770069
0,1,0.3367944924586762,0.6632055075413238
1,1,0.3555879650684599,0.6444120349315401
0,1,0.37260601646233993,0.6273939835376601
1,1,0.3955182645966483,0.6044817354033517
1,1,0.3216656820761131,0.6783343179238869
1,1,0.3246525083667189,0.6753474916332811
1,1,0.3614510264997145,0.6385489735002855
1,1,0.3433911287955044,0.6566088712044956
1,1,0.3729104754385173,0.6270895245614827
0,1,0.36913809771987616,0.6308619022801238
1,1,0.33051530743450763,0.6694846925654924
1,1,0.359815551530581,0.640184448469419
1,1,0.3420773682197813,0.6579226317802187
1,1,0.3547992992669301,0.6452007007330699
1,1,0.38725334939324263,0.6127466506067574
1,1,0.3284100596236106,0.6715899403763894
1,1,0.33898656626022716,0.6610134337397728
0,1,0.3515764795170977,0.6484235204829023
1,1,0.32747255523019114,0.6725274447698089
0,1,0.35131866287830793,0.6486813371216921
1,1,0.35208633336847805,0.647913666631522
1,1,0.34568260264625306,0.6543173973537469
1,1,0.3337599502657629,0.6662400497342371
0,1,0.36719145185935287,0.6328085481406471
0,1,0.3484965618524739,0.6515034381475261
1,1,0.3411998287702822,0.6588001712297178
0,1,0.3294712060810132,0.6705287939189868
0,1,0.33109792580180764,0.6689020741981924
1,1,0.34789000280113136,0.6521099971988686
1,1,0.3299683838099675,0.6700316161900325
0,1,0.3472601744224938,0.6527398255775062
1,1,0.35718536217676644,0.6428146378232336
0,1,0.345986187579287,0.654013812420713
1,1,0.3409841664468466,0.6590158335531534
0,1,0.3358025440142959,0.6641974559857041
0,1,0.3370239392150177,0.6629760607849823
1,1,0.31938125123486816,0.6806187487651318
1,1,0.33557202366016514,0.6644279763398349
1,1,0.3544933077637673,0.6455066922362327
1,1,0.34632729710573384,0.6536727028942662
1,1,0.33200661316109636,0.6679933868389036
1,1,0.3468258207661735,0.6531741792338265
1,1,0.34140494629562734,0.6585950537043727
1,1,0.3505041227717953,0.6494958772282047
0,1,0.34191674138343586,0.6580832586165641
1,1,0.31151893044586243,0.6884810695541376
1,1,0.4113840102337124,0.5886159897662876
1,1,0.34639965178158594,0.6536003482184141
0,1,0.3665436646428404,0.6334563353571596
1,1,0.35012575710757643,0.6498742428924236
1,1,0.38293148078688455,0.6170685192131155
1,1,0.3447371789485054,0.6552628210514946
1,1,0.3675287810178711,0.6324712189821289
1,1,0.3462472230732123,0.6537527769267877
0,1,0.37280898444690747,0.6271910155530925
0,1,0.3519442110823068,0.6480557889176932
1,1,0.3569609975610737,0.6430390024389263
0,1,0.35452619863274815,0.6454738013672519
1,1,0.3304917719024896,0.6695082280975104
1,1,0.3332059397068514,0.6667940602931486
1,1,0.35385322350467197,0.646146776495328
1,1,0.3959384541765024,0.6040615458234976
0,1,0.35499060700639573,0.6450093929936043
1,1,0.35435930208714916,0.6456406979128508
0,1,0.35752096032483804,0.642479039675162
0,1,0.3478597408795422,0.6521402591204578
1,1,0.33085052748404287,0.6691494725159571
1,1,0.3031857920230363,0.6968142079769637
0,1,0.33859956297293503,0.661400437027065
1,1,0.39193554111004636,0.6080644588899536
0,1,0.34771716751863824,0.6522828324813618
1,1,0.340455712571599,0.659544287428401
0,1,0.33544305756493364,0.6645569424350664
1,1,0.3374587247437909,0.6625412752562091
0,1,0.31061938705174874,0.6893806129482513
0,1,0.3291388055090916,0.6708611944909084
0,1,0.3527486925141652,0.6472513074858348
1,1,0.34540272319885823,0.6545972768011418
0,1,0.3592798432057601,0.6407201567942399
0,1,0.3759175298513091,0.6240824701486909
1,1,0.3386251618539722,0.6613748381460278
0,1,0.3365852966758984,0.6634147033241016
1,1,0.3223674914606486,0.6776325085393514
1,1,0.3392184793947747,0.6607815206052253
0,1,0.34578142544152235,0.6542185745584777
0,1,0.3466845760176598,0.6533154239823402
0,1,0.40207896568491064,0.5979210343150894
0,1,0.352063419361466,0.647936580638534
1,1,0.36733360328298637,0.6326663967170136
1,1,0.3849023053898082,0.6150976946101918
1,1,0.3404467196830745,0.6595532803169255
1,1,0.3581576464070698,0.6418423535929302
1,1,0.37170101551806367,0.6282989844819363
1,1,0.44175422062806036,0.5582457793719396
1,1,0.3281228911131203,0.6718771088868797
0,1,0.33421138226593705,0.665788617734063
0,1,0.32436846158796173,0.6756315384120383
1,1,0.35468837068691617,0.6453116293130838
0,1,0.3779568991259349,0.6220431008740651
0,1,0.36337276116431505,0.636627238835685
1,1,0.3395721576963807,0.6604278423036193
1,1,0.3725083430018249,0.6274916569981751
1,1,0.3659243403410064,0.6340756596589936
0,1,0.36553154658665044,0.6344684534133496
1,1,0.313213219470037,0.686786780529963
1,1,0.3299656558089842,0.6700343441910158
1,1,0.3320913646175001,0.6679086353824999
1,1,0.32534385176070046,0.6746561482392995
0,1,0.3346091015158531,0.6653908984841469
1,1,0.3398029788045248,0.6601970211954752
1,1,0.3344436918275686,0.6655563081724314
0,1,0.33371552968066887,0.6662844703193311
1,1,0.3274720774951443,0.6725279225048557
1,1,0.3573265428167316,0.6426734571832684
1,1,0.3574096936137068,0.6425903063862932
1,1,0.36981971254333157,0.6301802874566684
0,1,0.3548043541437057,0.6451956458562943
1,1,0.3785791125711455,0.6214208874288545
1,1,0.35512298313607815,0.6448770168639218
1,1,0.3539226852883145,0.6460773147116855
1,1,0.3473034403064441,0.6526965596935559
1,1,0.3690031928431933,0.6309968071568067
1,1,0.35430839752930177,0.6456916024706982
1,1,0.32601355374441865,0.6739864462555814
0,1,0.36544461581247756,0.6345553841875224
1,1,0.3497836695091803,0.6502163304908197
1,1,0.33232241879414326,0.6676775812058567
0,1,0.3146030792067921,0.6853969207932079
1,1,0.34695910974689936,0.6530408902531006
0,1,0.33433513830624406,0.6656648616937559
1,1,0.40218109499029153,0.5978189050097085
0,1,0.3557735693370604,0.6442264306629396
1,1,0.3158895964154439,0.6841104035845561
0,1,0.3624769954566247,0.6375230045433753
0,1,0.36101125751591545,0.6389887424840845
1,1,0.3628682435431865,0.6371317564568135
1,1,0.3322386305786804,0.6677613694213196
1,1,0.3421533388752811,0.6578466611247189
1,1,0.3623462398612841,0.6376537601387159
1,1,0.37851570785394295,0.621484292146057
1,1,0.32649487084083284,0.6735051291591672
1,1,0.3441298014422245,0.6558701985577755
1,1,0.3454210943597207,0.6545789056402793
0,1,0.3258993500314533,0.6741006499685467
0,1,0.3681798678224817,0.6318201321775183
1,1,0.3856026036928887,0.6143973963071113
1,1,0.37111174522569945,0.6288882547743005
1,1,0.35734673564956576,0.6426532643504342
0,1,0.3337043882669327,0.6662956117330673
1,1,0.3333975775983401,0.6666024224016599
1,1,0.32578729830779096,0.674212701692209
0,1,0.3346469883644605,0.6653530116355395
1,1,0.36134524373995836,0.6386547562600416
1,1,0.3662905956267173,0.6337094043732827
0,1,0.3605338722944085,0.6394661277055915
1,1,0.351588868158472,0.648411131841528
1,1,0.3745016747278762,0.6254983252721238
1,1,0.33792048591039625,0.6620795140896037
0,1,0.35863125495833803,0.641368745041662
1,1,0.33888529918365773,0.6611147008163423
0,1,0.3482403679614695,0.6517596320385305
1,1,0.3373150730160316,0.6626849269839684
1,1,0.3399668750535664,0.6600331249464336
1,1,0.30082173517452104,0.699178264825479
0,1,0.30126342666100026,0.6987365733389997
1,1,0.36901209806414825,0.6309879019358517
0,1,0.3602414215814518,0.6397585784185482
1,1,0.30100175650216754,0.6989982434978325
0,1,0.35080247870729275,0.6491975212927072
1,1,0.35216895250959535,0.6478310474904047
1,1,0.3341956535399834,0.6658043464600166
1,1,0.3722640341161094,0.6277359658838906
1,1,0.3754851203152555,0.6245148796847445
0,1,0.37098764070499857,0.6290123592950014
1,1,0.3715371134778358,0.6284628865221642
1,1,0.34447975095845773,0.6555202490415423
0,1,0.36603688432570314,0.6339631156742969
1,1,0.3430347145144641,0.6569652854855359
0,1,0.34450318275628633,0.6554968172437137
1,1,0.3407803539159452,0.6592196460840548
1,1,0.3534840774873512,0.6465159225126488
0,1,0.3280733037359913,0.6719266962640087
1,1,0.29937456637424276,0.7006254336257572
0,1,0.3578089378255557,0.6421910621744443
0,1,0.3263564076625124,0.6736435923374876
1,1,0.34256842900362816,0.6574315709963718
1,1,0.3368751224826245,0.6631248775173755
1,1,0.3514321380103943,0.6485678619896057
0,1,0.3187083452512922,0.6812916547487078
1,1,0.3223996157459367,0.6776003842540633
1,1,0.34449546953552723,0.6555045304644728
1,1,0.32301275859066114,0.6769872414093389
0,1,0.35026204022721774,0.6497379597727823
1,1,0.3498421685873693,0.6501578314126307
1,1,0.3469278419108811,0.6530721580891189
1,1,0.3510366569118757,0.6489633430881243
1,1,0.34900915234894725,0.6509908476510528
1,1,0.3353815579224878,0.6646184420775122
0,1,0.37433865273237144,0.6256613472676286
1,1,0.36159887088156295,0.638401129118437
1,1,0.32779795060086003,0.67220204939914
1,1,0.3840358365148868,0.6159641634851132
1,1,0.33430021810806876,0.6656997818919312
1,1,0.3354794329445139,0.6645205670554861
0,1,0.36123883758500286,0.6387611624149971
0,1,0.3207984668065229,0.6792015331934771
0,1,0.34472034186938194,0.6552796581306181
1,1,0.3558219410564504,0.6441780589435496
1,1,0.33855902403072,0.66144097596928
0,1,0.33762869697222164,0.6623713030277784
1,1,0.34403966004098907,0.6559603399590109
0,1,0.31486461379577535,0.6851353862042247
0,1,0.32248147825980356,0.6775185217401964
1,1,0.35238079729498784,0.6476192027050122
1,1,0.35584884183428156,0.6441511581657184
1,1,0.3459804064863551,0.6540195935136449
1,1,0.36759308589676365,0.6324069141032364
1,1,0.3571628088154609,0.6428371911845391
1,1,0.363899624837849,0.636100375162151
1,1,0.3622431191091895,0.6377568808908105
1,1,0.344949617811784,0.655050382188216
1,1,0.37016747872738476,0.6298325212726152
1,1,0.36885077722540816,0.6311492227745918
1,1,0.2977261106025543,0.7022738893974457
1,1,0.34286076079847205,0.657139239201528
1,1,0.3538198300719263,0.6461801699280737
0,1,0.34693481630126255,0.6530651836987375
0,1,0.35651231990988175,0.6434876800901183
1,1,0.3441963013255346,0.6558036986744654
1,1,0.3611386654613864,0.6388613345386136
1,1,0.34068472437240627,0.6593152756275937
1,1,0.3530293607245055,0.6469706392754945
1,1,0.3255725986942295,0.6744274013057705
1,1,0.3872966851559577,0.6127033148440423
0,1,0.34493532330241483,0.6550646766975852
0,1,0.3353008387195796,0.6646991612804204
0,1,0.3206538846413266,0.6793461153586734
1,1,0.34851733382212546,0.6514826661778745
1,1,0.3533660523887603,0.6466339476112397
1,1,0.3283061389739541,0.6716938610260459
1,1,0.37553074441364775,0.6244692555863522
1,1,0.35614489618436085,0.6438551038156392
0,1,0.34832089700754365,0.6516791029924563
1,1,0.33230290785738537,0.6676970921426146
1,1,0.34113140676125764,0.6588685932387424
1,1,0.3522117718565517,0.6477882281434483
1,1,0.3744524965594619,0.6255475034405381
0,1,0.3495915811420319,0.6504084188579681
0,1,0.31853286868938213,0.6814671313106179
0,1,0.36417670051030937,0.6358232994896906
1,1,0.3267981351461189,0.6732018648538811
0,1,0.3480553876217253,0.6519446123782747
1,1,0.35300043424250127,0.6469995657574987
0,0,0.5239861365611211,0.4760138634388788
1,1,0.34162484286944494,0.658375157130555
0,1,0.3715803202183551,0.6284196797816449
0,1,0.3547181688661949,0.6452818311338051
0,1,0.3947236062175926,0.6052763937824074
1,1,0.326705669864752,0.673294330135248
1,1,0.3680438285278326,0.6319561714721674
1,1,0.34497537836944947,0.6550246216305505
0,1,0.3262815203422248,0.6737184796577752
1,1,0.3542519901786665,0.6457480098213335
1,1,0.32138004420167676,0.6786199557983232
0,1,0.33486726314640813,0.6651327368535919
1,1,0.3471241944739888,0.6528758055260112
1,1,0.32799964946536975,0.6720003505346303
1,1,0.35657679817195154,0.6434232018280485
1,1,0.3619933772833205,0.6380066227166795
0,1,0.3789744553100548,0.6210255446899452
1,1,0.3553880542515777,0.6446119457484223
1,1,0.3349173374183264,0.6650826625816736
0,1,0.33554677963216395,0.664453220367836
1,1,0.3284006349653872,0.6715993650346128
1,1,0.3579816956550662,0.6420183043449338
1,1,0.3386922631907874,0.6613077368092126
0,1,0.35603069085329053,0.6439693091467095
1,1,0.4230195167284154,0.5769804832715846
1,1,0.3384408120088064,0.6615591879911936
1,1,0.32321838349818965,0.6767816165018103
1,1,0.3157555029290493,0.6842444970709507
1,1,0.37637330131072344,0.6236266986892766
1,1,0.3238350115776327,0.6761649884223673
0,1,0.341067503993864,0.658932496006136
1,1,0.3521596888474907,0.6478403111525093
1,1,0.3462905152634589,0.6537094847365411
1,1,0.35103312149823396,0.648966878501766
0,1,0.32600596043362107,0.6739940395663789
1,1,0.3304075865634185,0.6695924134365815
1,1,0.3352805267447245,0.6647194732552755
1,1,0.3592754213735152,0.6407245786264848
0,1,0.3803398669805893,0.6196601330194107
1,1,0.3202283197486897,0.6797716802513103
1,1,0.36295404283285726,0.6370459571671427
1,1,0.3436232716322808,0.6563767283677192
0,1,0.3506008676286094,0.6493991323713906
1,1,0.3717385238510089,0.6282614761489911
0,1,0.35837067248739274,0.6416293275126073
1,1,0.3294989068450539,0.6705010931549461
1,1,0.34330323625576264,0.6566967637442374
0,1,0.35299911676689544,0.6470008832331046
1,1,0.363806071830704,0.636193928169296
1,1,0.3568973714133151,0.6431026285866849
0,1,0.34610086887879676,0.6538991311212032
0,1,0.33671461674255365,0.6632853832574463
1,1,0.32804982458038445,0.6719501754196155
1,1,0.3617242171526037,0.6382757828473963
1,1,0.3427383768206703,0.6572616231793297
0,1,0.3574986560316513,0.6425013439683487
0,1,0.37962071108580964,0.6203792889141904
0,1,0.37290681128571845,0.6270931887142815
1,1,0.3257357947257621,0.6742642052742379
1,1,0.32470627445687805,0.675293725543122
0,1,0.35835898468298344,0.6416410153170166
0,1,0.37906218331757857,0.6209378166824214
1,1,0.43249529681194554,0.5675047031880545
0,1,0.3419302722168176,0.6580697277831824
0,1,0.39022048663738096,0.609779513362619
0,1,0.3588106985538746,0.6411893014461254
1,1,0.32460787839550487,0.6753921216044951
0,1,0.3498267479564995,0.6501732520435005
1,1,0.3198382505016012,0.6801617494983988
1,1,0.35963333014842214,0.6403666698515779
0,1,0.33413864077796684,0.6658613592220332
0,1,0.3460965010897722,0.6539034989102278
0,1,0.36257462357377956,0.6374253764262204
0,1,0.3427031684711179,0.6572968315288821
1,1,0.3713312927714284,0.6286687072285716
1,1,0.3485766298689118,0.6514233701310882
1,1,0.3404404895391777,0.6595595104608223
0,1,0.33093200812193635,0.6690679918780637
1,1,0.36610511501564325,0.6338948849843568
1,1,0.36284059493324083,0.6371594050667592
1,1,0.3381343802688769,0.6618656197311231
1,1,0.347920285202971,0.652079714797029
1,1,0.3665981674866574,0.6334018325133426
1,1,0.3498097058545674,0.6501902941454326
0,1,0.3512854486043635,0.6487145513956365
1,1,0.3777325816506072,0.6222674183493928
0,1,0.36053287898482256,0.6394671210151774
1,1,0.3358390813745432,0.6641609186254568
1,1,0.32294920218457945,0.6770507978154205
0,1,0.3597448219166087,0.6402551780833913
1,1,0.3735655658123783,0.6264344341876217
1,1,0.3538155409134104,0.6461844590865896
0,1,0.359484509756554,0.640515490243446
1,1,0.36282994699514015,0.6371700530048598
1,1,0.34701530163861194,0.6529846983613881
0,1,0.34575671191247326,0.6542432880875267
1,1,0.32886930288924054,0.6711306971107595
1,1,0.36353051411518944,0.6364694858848106
1,1,0.352869305459371,0.647130694540629
1,1,0.371787388642545,0.628212611357455
0,1,0.3396657288099503,0.6603342711900497
0,1,0.37539251802000906,0.6246074819799909
1,1,0.335682681386835,0.664317318613165
1,1,0.3240401640571533,0.6759598359428467
1,1,0.3720752340842317,0.6279247659157683
0,1,0.42176689031697656,0.5782331096830234
0,1,0.3587277310182554,0.6412722689817446
0,1,0.3216367459362671,0.6783632540637329
1,1,0.3735507609301728,0.6264492390698272
0,1,0.35555218281328815,0.6444478171867118
0,1,0.3336600802094951,0.6663399197905049
1,1,0.35306821994984805,0.646931780050152
1,1,0.3727611033562739,0.6272388966437261
1,1,0.34502850317646006,0.65497149682354
0,1,0.31825911975475685,0.6817408802452432
1,1,0.3470823901874822,0.6529176098125178
1,1,0.366956608929105,0.633043391070895
0,1,0.38229344789853525,0.6177065521014647
1,1,0.34626194963416823,0.6537380503658318
0,1,0.3310617096806673,0.6689382903193327
1,1,0.32007363899017016,0.6799263610098298
1,1,0.3687399740959888,0.6312600259040112
1,1,0.3331987333020543,0.6668012666979457
0,1,0.3307794146759482,0.6692205853240518
1,1,0.3440556054021713,0.6559443945978287
0,1,0.36102997291509364,0.6389700270849064
1,1,0.34831605847588676,0.6516839415241132
1,1,0.35119141756144046,0.6488085824385595
0,1,0.35916632443033114,0.6408336755696689
1,1,0.3853873697692257,0.6146126302307743
1,1,0.34865604361249203,0.651343956387508
1,1,0.31158198585533525,0.6884180141446647
1,1,0.3405134624108138,0.6594865375891862
0,1,0.3700672958772496,0.6299327041227504
1,1,0.3897922815212319,0.6102077184787681
0,1,0.3806281383064183,0.6193718616935817
0,1,0.361221163744627,0.638778836255373
1,1,0.31927586912777184,0.6807241308722282
0,1,0.4126156612396362,0.5873843387603638
1,1,0.35365205360506224,0.6463479463949378
1,1,0.3067344074998797,0.6932655925001203
1,1,0.36925933333101724,0.6307406666689828
1,1,0.33821179366403553,0.6617882063359645
1,1,0.3580994307052521,0.6419005692947479
0,1,0.33353452338842504,0.666465476611575
0,1,0.3532300467391224,0.6467699532608776
1,1,0.3501468058953986,0.6498531941046014
1,1,0.3480200092436183,0.6519799907563817
0,1,0.3619441072473638,0.6380558927526362
0,1,0.37432557018678025,0.6256744298132197
1,1,0.3362999934167282,0.6637000065832718
1,1,0.30173237198393066,0.6982676280160693
1,1,0.3530616773039045,0.6469383226960955
0,1,0.3670507043479514,0.6329492956520486
1,1,0.3578519209246551,0.6421480790753449
1,1,0.3554158023578595,0.6445841976421405
1,1,0.3600455486707992,0.6399544513292008
1,1,0.3797096941733199,0.6202903058266801
1,1,0.32000978917764666,0.6799902108223533
1,1,0.35405857958126885,0.6459414204187311
1,1,0.3277032312882663,0.6722967687117337
0,1,0.33847346413900803,0.661526535860992
1,1,0.36921159282077476,0.6307884071792252
1,1,0.34793730593928607,0.6520626940607139
0,1,0.36110162520822975,0.6388983747917703
0,1,0.3463139800732866,0.6536860199267134
1,1,0.3324003009029669,0.6675996990970331
1,1,0.3694808329955638,0.6305191670044362
1,1,0.4306854847175723,0.5693145152824277
1,1,0.36614450800890697,0.633855491991093
0,1,0.35398076015311064,0.6460192398468894
1,1,0.34556710370946986,0.6544328962905301
1,1,0.34311791059160546,0.6568820894083945
1,1,0.30195455184988373,0.6980454481501163
0,1,0.3480184439194347,0.6519815560805653
1,1,0.34037391949336027,0.6596260805066397
1,1,0.37501513038604284,0.6249848696139572
1,1,0.34178423299028426,0.6582157670097157
1,1,0.3584371214446862,0.6415628785553138
1,1,0.3637578996117068,0.6362421003882932
1,1,0.3476060433001572,0.6523939566998428
0,1,0.3350987755092866,0.6649012244907134
0,1,0.40659280354886085,0.5934071964511392
0,1,0.34413493987833355,0.6558650601216665
1,1,0.37206321770283135,0.6279367822971686
1,1,0.35447291158688965,0.6455270884131104
0,1,0.3699844156497709,0.6300155843502291
0,1,0.3212699348098639,0.6787300651901361
1,1,0.3353200116610757,0.6646799883389243
1,1,0.3818374288555699,0.6181625711444301
0,1,0.3413494078505733,0.6586505921494267
1,1,0.39456544587478615,0.6054345541252139
0,1,0.4067823553087946,0.5932176446912054
0,1,0.3611967330384831,0.6388032669615169
1,1,0.355381590331983,0.644618409668017
1,1,0.33982964195745835,0.6601703580425416
1,1,0.35824437743440674,0.6417556225655933
1,1,0.36891163845499797,0.631088361545002
1,1,0.32004078165290994,0.67995921834709
1,1,0.35008066202172927,0.6499193379782707
0,1,0.336448243472393,0.663551756527607
1,1,0.34127438985915226,0.6587256101408477
1,1,0.32975882199408724,0.6702411780059128
1,1,0.3299933053569939,0.6700066946430061
0,1,0.3600480374842293,0.6399519625157707
0,1,0.3389831341909949,0.6610168658090051
0,1,0.3116035095623476,0.6883964904376524
0,1,0.3862879632605336,0.6137120367394664
1,1,0.353359343657642,0.646640656342358
0,1,0.3814446645215983,0.6185553354784017
0,1,0.35024529445705455,0.6497547055429455
1,1,0.30313786269670173,0.6968621373032983
0,1,0.38770445416204713,0.6122955458379529
0,1,0.34425668343336924,0.6557433165666308
1,1,0.36470430909978957,0.6352956909002104
0,1,0.35410300145768536,0.6458969985423146
1,1,0.34695919498514594,0.6530408050148541
1,1,0.3237976482480839,0.6762023517519161
1,1,0.3330513709880073,0.6669486290119927
1,1,0.36204909454033396,0.637950905459666
1,1,0.3324339488553121,0.6675660511446879
1,1,0.338533036133143,0.661466963866857
1,1,0.34194252691439186,0.6580574730856081
1,1,0.3730079507172438,0.6269920492827562
1,1,0.35984610318669663,0.6401538968133034
1,1,0.3533674654680704,0.6466325345319296
1,1,0.3568727961941154,0.6431272038058846
0,1,0.3820934200736702,0.6179065799263298
0,1,0.3193420862095975,0.6806579137904025
1,1,0.3542173253999883,0.6457826746000117
1,1,0.3510093669063268,0.6489906330936732
1,1,0.3620626239579898,0.6379373760420102
1,1,0.3786318970885041,0.6213681029114959
1,1,0.35040704909606646,0.6495929509039335
0,1,0.39640838840299863,0.6035916115970014
1,1,0.36600501934260476,0.6339949806573952
1,1,0.38024307067936336,0.6197569293206366
1,1,0.3559866410898851,0.6440133589101149
0,1,0.3949289539384051,0.6050710460615949
0,1,0.35505349756961213,0.6449465024303879
1,1,0.3630470559717196,0.6369529440282804
1,1,0.27135584476002317,0.7286441552399768
0,1,0.34069884801887074,0.6593011519811293
0,1,0.35326493987151675,0.6467350601284833
1,1,0.37420830406609973,0.6257916959339003
1,1,0.2857481227257297,0.7142518772742703
1,1,0.31164025585677047,0.6883597441432295
0,1,0.3522602083861984,0.6477397916138016
0,1,0.3452589451257725,0.6547410548742275
0,1,0.37396117263065365,0.6260388273693464
0,1,0.33846250303522585,0.6615374969647742
1,1,0.3243943998390244,0.6756056001609756
1,1,0.4351201172459743,0.5648798827540257
1,1,0.34651143477135105,0.653488565228649
1,1,0.3380892568548116,0.6619107431451884
1,1,0.36220065449486805,0.637799345505132
1,1,0.3457636801070325,0.6542363198929675
1,1,0.3673193044789623,0.6326806955210377
1,1,0.3414154903629989,0.6585845096370011
1,1,0.32689079556042977,0.6731092044395702
0,1,0.34675269764499794,0.6532473023550021
0,1,0.3262852385685999,0.6737147614314001
1,1,0.3688030991329865,0.6311969008670135
0,1,0.33803863608722085,0.6619613639127792
1,1,0.34458111559618154,0.6554188844038185
0,1,0.38596341992161,0.61403658007839
1,1,0.33849465220015684,0.6615053477998432
1,1,0.3268552595252925,0.6731447404747075
1,1,0.3386410329470664,0.6613589670529336
0,1,0.3501329876200683,0.6498670123799317
0,1,0.3462468271868503,0.6537531728131497
1,1,0.37412108127969046,0.6258789187203095
1,1,0.3408672758459351,0.6591327241540649
0,1,0.385371482370354,0.614628517629646
1,1,0.3641590146475716,0.6358409853524284
1,1,0.3736099673986114,0.6263900326013886
1,1,0.35132217724401915,0.6486778227559808
1,1,0.36282794883765523,0.6371720511623448
1,1,0.3473644363614883,0.6526355636385117
0,1,0.3918415383094166,0.6081584616905834
0,1,0.3755183589997355,0.6244816410002645
1,1,0.34250720850127236,0.6574927914987276
0,1,0.3739880902271864,0.6260119097728136
0,1,0.34360220034168865,0.6563977996583114
1,1,0.369662420375253,0.630337579624747
0,1,0.3480028470153369,0.6519971529846631
1,1,0.3561436165078439,0.6438563834921561
1,1,0.3816481229957692,0.6183518770042308
0,1,0.33462749739077713,0.6653725026092229
1,1,0.3409025157023309,0.6590974842976691
1,1,0.3501692657655242,0.6498307342344758
1,1,0.33068619453540615,0.6693138054645938
1,1,0.3235158863446128,0.6764841136553872
1,1,0.35898816684835433,0.6410118331516457
1,1,0.3670086681962893,0.6329913318037107
0,1,0.3716694326323349,0.6283305673676651
0,1,0.37458852664906606,0.6254114733509339
1,1,0.35908148156249153,0.6409185184375085
1,1,0.34801453413983596,0.651985465860164
1,1,0.33420692985967204,0.665793070140328
1,1,0.339206490062846,0.660793509937154
1,1,0.3480644994894547,0.6519355005105453
0,1,0.3569603557124371,0.6430396442875629
1,1,0.35110872665228976,0.6488912733477102
1,1,0.3437326599865014,0.6562673400134986
1,1,0.40794796943082134,0.5920520305691787
1,1,0.3436989206659846,0.6563010793340154
1,1,0.3663873827683083,0.6336126172316917
1,1,0.3194744087703675,0.6805255912296325
1,1,0.3135684000085055,0.6864315999914945
1,1,0.35419882849264295,0.645801171507357
1,1,0.35891755699689054,0.6410824430031095
0,1,0.3468152285712276,0.6531847714287724
0,1,0.30542360102017496,0.694576398979825
1,1,0.3395976369647862,0.6604023630352138
1,1,0.35833578502886276,0.6416642149711372
1,1,0.3809730381366856,0.6190269618633144
1,1,0.3417873762807426,0.6582126237192574
0,1,0.3496846026694609,0.6503153973305391
0,1,0.3625065214722082,0.6374934785277918
1,1,0.34752311530334523,0.6524768846966548
1,1,0.35451503098078696,0.645484969019213
1,1,0.34279851014544194,0.6572014898545581
1,1,0.3308756310269857,0.6691243689730143
1,1,0.31886590825847083,0.6811340917415292
1,1,0.3475494182573615,0.6524505817426385
1,1,0.319898577418849,0.680101422581151
0,1,0.3392845052541317,0.6607154947458683
1,1,0.37338254069354637,0.6266174593064536
1,1,0.3322301922326294,0.6677698077673706
0,1,0.34572100399670835,0.6542789960032916
1,1,0.33298158375402254,0.6670184162459775
0,1,0.3231885794939042,0.6768114205060958
1,1,0.3193820964273689,0.6806179035726311
1,1,0.3504332874337901,0.6495667125662099
0,1,0.34220876879558026,0.6577912312044197
1,1,0.31190512271331394,0.6880948772866861
1,1,0.4276731683093673,0.5723268316906327
1,1,0.35681072896838106,0.6431892710316189
1,1,0.3347240452014367,0.6652759547985633
1,1,0.29068315122971555,0.7093168487702844
1,1,0.33702125382893533,0.6629787461710647
0,1,0.3536282011184718,0.6463717988815282
0,1,0.3374943423658814,0.6625056576341186
1,1,0.31235622913151795,0.687643770868482
0,1,0.35555550746249154,0.6444444925375085
1,1,0.3487993076774927,0.6512006923225073
0,1,0.37359686629580635,0.6264031337041936
0,1,0.3307102407631973,0.6692897592368027
1,1,0.36290218172388466,0.6370978182761153
0,1,0.32625999047049536,0.6737400095295046
1,1,0.33828006110612674,0.6617199388938733
0,1,0.3354755232702491,0.6645244767297509
0,1,0.3846084434803574,0.6153915565196426
1,1,0.3538959486187605,0.6461040513812395
0,1,0.36431315211594206,0.6356868478840579
1,1,0.36179634122244086,0.6382036587775591
1,1,0.3475919748982551,0.6524080251017449
0,1,0.38506235392773935,0.6149376460722606
0,1,0.3534177007430106,0.6465822992569894
0,1,0.3788666165828648,0.6211333834171352
1,1,0.3603091892636179,0.6396908107363821
1,1,0.32932454816470846,0.6706754518352915
1,1,0.3533113689031614,0.6466886310968386
1,1,0.33779828636426257,0.6622017136357374
0,1,0.3650323565300787,0.6349676434699213
1,1,0.3988815074091733,0.6011184925908267
1,1,0.35156794304669725,0.6484320569533027
0,1,0.3418875781928109,0.6581124218071891
1,1,0.33243059421094123,0.6675694057890588
1,1,0.3746196170914897,0.6253803829085103
1,1,0.37974913408729416,0.6202508659127058
1,1,0.3863532162503195,0.6136467837496805
1,1,0.3385338940797302,0.6614661059202698
1,1,0.33896842400819815,0.6610315759918018
1,1,0.32682935646800815,0.6731706435319919
1,1,0.3129596047740135,0.6870403952259865
0,1,0.32845920870598,0.67154079129402
0,1,0.360656637816658,0.639343362183342
1,1,0.3561907708093772,0.6438092291906228
1,1,0.3485082784951147,0.6514917215048853
1,1,0.3577121830481991,0.6422878169518009
0,1,0.34668618821463215,0.6533138117853678
1,1,0.37436089953994434,0.6256391004600557
1,1,0.3542351460368922,0.6457648539631078
1,1,0.3902205680436791,0.6097794319563209
1,1,0.35397832410909247,0.6460216758909075
1,1,0.3316510478908624,0.6683489521091376
1,1,0.3773403115335763,0.6226596884664237
1,1,0.357721418820641,0.642278581179359
1,1,0.36782377660767585,0.6321762233923242
0,1,0.35344004441372057,0.6465599555862794
1,1,0.3303284370454226,0.6696715629545774
1,1,0.3358927347170557,0.6641072652829443
1,1,0.34569062519610005,0.6543093748039
1,1,0.3596711369499914,0.6403288630500086
0,1,0.29854830301977453,0.7014516969802255
0,1,0.3679231104081899,0.6320768895918101
1,1,0.36655141646028155,0.6334485835397184
0,1,0.3357359970395306,0.6642640029604694
0,1,0.37300036926969504,0.626999630730305
0,1,0.3545732031599169,0.6454267968400831
0,1,0.3541343388246425,0.6458656611753575
1,1,0.3339920740041782,0.6660079259958218
1,1,0.35063629320376644,0.6493637067962336
1,1,0.3623811561929423,0.6376188438070577
1,1,0.33688336442399835,0.6631166355760016
1,1,0.36884580090960306,0.6311541990903969
0,1,0.3512814854016282,0.6487185145983718
1,1,0.3427705805240867,0.6572294194759133
1,1,0.356893405419793,0.643106594580207
1,1,0.3477073452699755,0.6522926547300245
1,1,0.3692166538617281,0.6307833461382719
1,1,0.3645214633970113,0.6354785366029887
1,1,0.39859972303746816,0.6014002769625318
1,1,0.3642555313685579,0.6357444686314421
1,1,0.41953616825208107,0.5804638317479189
1,1,0.3784994966518913,0.6215005033481087
0,1,0.3534186273840285,0.6465813726159715
1,1,0.3103895571288705,0.6896104428711295
1,1,0.34473641300628055,0.6552635869937194
0,1,0.33087887309603237,0.6691211269039676
0,1,0.3651820583054991,0.6348179416945009
1,1,0.347745210184213,0.652254789815787
1,1,0.3114249057837143,0.6885750942162857
0,1,0.35305521023674824,0.6469447897632518
1,1,0.3701860423930585,0.6298139576069415
1,1,0.37507830174230594,0.6249216982576941
1,1,0.311880771306141,0.688119228693859
0,1,0.3834667580779445,0.6165332419220555
1,1,0.3372685585790369,0.6627314414209631
1,1,0.32939362420396734,0.6706063757960327
0,1,0.35706039624608465,0.6429396037539153
1,1,0.32408982578411083,0.6759101742158892
1,1,0.3974791954298299,0.6025208045701701
0,1,0.35960763314670763,0.6403923668532924
0,1,0.3721184951787383,0.6278815048212617
1,1,0.3237150444006369,0.6762849555993631
1,1,0.32643636838339163,0.6735636316166084
0,1,0.39158859549943814,0.6084114045005619
0,1,0.37676754062677087,0.6232324593732291
1,1,0.3761002553435331,0.6238997446564669
0,1,0.3525351500023126,0.6474648499976874
1,1,0.3652047553500837,0.6347952446499163
1,1,0.3538799083754499,0.6461200916245501
0,1,0.32378320973236707,0.6762167902676329
1,1,0.3300799587672333,0.6699200412327667
1,1,0.3582884306301798,0.6417115693698202
0,1,0.3417304646397107,0.6582695353602893
0,1,0.34598362859932363,0.6540163714006764
1,1,0.35892039098085715,0.6410796090191428
1,1,0.3307611163824826,0.6692388836175174
1,1,0.3816015310509794,0.6183984689490206
0,1,0.33693849854042734,0.6630615014595727
1,1,0.33874947919075094,0.6612505208092491
0,1,0.31519481627483004,0.68480518372517
1,1,0.34874040851731614,0.6512595914826839
0,1,0.3357534149901502,0.6642465850098498
0,1,0.33721222473987544,0.6627877752601246
1,1,0.30556870765024147,0.6944312923497585
0,1,0.3658748033815492,0.6341251966184508
0,1,0.35264614013240325,0.6473538598675967
1,1,0.3477868947492746,0.6522131052507254
1,1,0.3399083994561706,0.6600916005438294
1,1,0.3254871232268589,0.6745128767731411
1,1,0.3946744238140635,0.6053255761859365
1,1,0.35428781119765984,0.6457121888023402
1,1,0.3653472532418558,0.6346527467581442
1,1,0.3427330390618527,0.6572669609381473
0,1,0.35310687598053403,0.646893124019466
1,1,0.3552369318838692,0.6447630681161308
1,1,0.3330630258490086,0.6669369741509914
0,1,0.3636371258708656,0.6363628741291344
1,1,0.36310566894304264,0.6368943310569574
1,1,0.32622084009757346,0.6737791599024265
0,1,0.3526501504251015,0.6473498495748985
0,1,0.34844689608079615,0.6515531039192038
0,1,0.3421371608631716,0.6578628391368284
0,1,0.3287285801368234,0.6712714198631766
0,1,0.35222837196153955,0.6477716280384604
0,1,0.3409280025760091,0.6590719974239909
1,1,0.3563237858657886,0.6436762141342114
0,1,0.3716494853905298,0.6283505146094702
0,1,0.37729632384555023,0.6227036761544498
0,1,0.34722595995397343,0.6527740400460266
1,1,0.32650192511866605,0.673498074881334
1,1,0.2763237543198852,0.7236762456801148
1,1,0.3874517292900811,0.6125482707099189
1,1,0.3538338237866907,0.6461661762133093
1,1,0.3490787314979067,0.6509212685020933
1,1,0.33911135159077577,0.6608886484092242
1,1,0.4077740704795656,0.5922259295204344
0,1,0.34838205660925026,0.6516179433907497
1,1,0.3701479068266821,0.6298520931733179
1,1,0.3390334124763955,0.6609665875236045
0,1,0.3537128550403468,0.6462871449596532
1,1,0.34109362849306946,0.6589063715069305
1,1,0.3587302063502952,0.6412697936497048
1,1,0.31959696358759737,0.6804030364124026
0,1,0.3870908321743953,0.6129091678256047
1,1,0.3345607624510114,0.6654392375489886
1,1,0.3279839735780854,0.6720160264219146
1,1,0.32539714533912656,0.6746028546608734
1,1,0.34039003691626235,0.6596099630837376
1,1,0.35675220610768077,0.6432477938923192
1,1,0.3591677713221192,0.6408322286778808
1,1,0.3359309262721508,0.6640690737278492
0,1,0.3359564910280335,0.6640435089719665
1,1,0.3996781007482586,0.6003218992517414
0,1,0.3460928250721791,0.6539071749278209
1,1,0.31020575808390216,0.6897942419160978
1,1,0.36600906542295986,0.6339909345770401
1,1,0.37134122964246263,0.6286587703575374
1,1,0.3798105937752624,0.6201894062247376
0,1,0.36126514555876565,0.6387348544412343
1,1,0.3385832440509703,0.6614167559490297
0,1,0.34590311687552766,0.6540968831244723
1,1,0.35321658943231693,0.6467834105676831
1,1,0.34533763868442147,0.6546623613155785
1,1,0.3401511592257489,0.6598488407742511
1,1,0.32411949206918533,0.6758805079308147
0,1,0.3336129951300426,0.6663870048699574
0,1,0.32241507326820296,0.677584926731797
0,1,0.3631881067434044,0.6368118932565956
0,1,0.3524396482550607,0.6475603517449393
1,1,0.32321620069473556,0.6767837993052644
1,1,0.3549375647940539,0.6450624352059461
1,1,0.34082150530988387,0.6591784946901161
1,1,0.3542335867469135,0.6457664132530865
1,1,0.3709500452199749,0.6290499547800251
1,1,0.3248635364655691,0.6751364635344309
0,1,0.3428755734994956,0.6571244265005044
0,1,0.3383857893536445,0.6616142106463555
1,1,0.3252282425284603,0.6747717574715397
1,1,0.3798297691036361,0.6201702308963639
1,1,0.35933861329094274,0.6406613867090573
1,1,0.32779281253644443,0.6722071874635556
0,1,0.3742828354460661,0.6257171645539339
1,1,0.37414251399080267,0.6258574860091973
1,1,0.33555238866618187,0.6644476113338181
0,1,0.3392077281871535,0.6607922718128465
0,1,0.37570966015000684,0.6242903398499932
0,1,0.3408362111175952,0.6591637888824048
0,1,0.26813138143252835,0.7318686185674717
1,1,0.33258606641163413,0.6674139335883659
1,1,0.31702959599015257,0.6829704040098474
1,1,0.3428270699335879,0.6571729300664121
1,1,0.4652575603624235,0.5347424396375765
1,1,0.3300179344651136,0.6699820655348864
1,1,0.34953411252158784,0.6504658874784122
0,1,0.3777993866439985,0.6222006133560015
0,1,0.346265889529342,0.653734110470658
1,1,0.3387402331504169,0.6612597668495831
1,1,0.32667249512165286,0.6733275048783471
1,1,0.3372172615603821,0.6627827384396179
1,1,0.35665165792700937,0.6433483420729906
1,1,0.34728474269077936,0.6527152573092206
1,1,0.3648846358793998,0.6351153641206002
1,1,0.38094464579161624,0.6190553542083838
1,1,0.3433263014792015,0.6566736985207985
1,1,0.36311061315355464,0.6368893868464454
1,1,0.2906617477847111,0.7093382522152889
1,1,0.36452558693355896,0.635474413066441
0,1,0.3366911405888334,0.6633088594111666
1,1,0.3239344725092782,0.6760655274907218
1,1,0.3479983808748215,0.6520016191251785
1,1,0.32999164674797765,0.6700083532520223
1,1,0.3069520869500926,0.6930479130499074
1,1,0.3228114191332663,0.6771885808667337
1,1,0.3819476908773355,0.6180523091226645
1,1,0.3632311748298743,0.6367688251701257
0,1,0.3414791399004544,0.6585208600995456
0,1,0.36532266246185063,0.6346773375381494
1,1,0.3733061274957632,0.6266938725042368
1,1,0.36175793167383596,0.638242068326164
1,1,0.33131005601298713,0.6686899439870129
1,1,0.34058138477596933,0.6594186152240307
0,1,0.38819649074268825,0.6118035092573118
1,1,0.321534552594159,0.678465447405841
0,1,0.3480993366837858,0.6519006633162142
1,1,0.3352689470697212,0.6647310529302788
1,1,0.36339616609921144,0.6366038339007886
1,1,0.3435792438584553,0.6564207561415447
1,1,0.32779264989078516,0.6722073501092148
1,1,0.3486455656699352,0.6513544343300648
1,1,0.350651041744347,0.649348958255653
1,1,0.33554863882922414,0.6644513611707759
1,1,0.33983580920682377,0.6601641907931762
1,1,0.3360735624102015,0.6639264375897985
1,1,0.43594257184301943,0.5640574281569806
0,1,0.3437513818493131,0.6562486181506869
1,1,0.36223846126479753,0.6377615387352025
0,1,0.33775559046483794,0.6622444095351621
1,1,0.3290217844873178,0.6709782155126822
1,1,0.3322540737425701,0.6677459262574299
1,1,0.3346753209380595,0.6653246790619405
0,1,0.36227668253641443,0.6377233174635856
1,1,0.34093215410409894,0.6590678458959011
1,1,0.37818675014330005,0.6218132498567
0,1,0.3888319019962141,0.6111680980037859
1,1,0.3832798933370113,0.6167201066629887
0,1,0.4047754782110987,0.5952245217889013
0,1,0.35379448531828805,0.646205514681712
1,1,0.35579036753853144,0.6442096324614686
1,1,0.3609938823045815,0.6390061176954185
1,1,0.3537247227972594,0.6462752772027406
1,1,0.3864504880158053,0.6135495119841947
1,1,0.35594530076937836,0.6440546992306216
1,1,0.31546623911815275,0.6845337608818473
1,1,0.3605386869896281,0.6394613130103719
1,1,0.3586840477058406,0.6413159522941594
1,1,0.35317024338878533,0.6468297566112147
1,1,0.3059385589918311,0.6940614410081689
0,1,0.3704445647073812,0.6295554352926188
1,1,0.3619324422624768,0.6380675577375232
0,1,0.3517678562166573,0.6482321437833427
1,1,0.37699343986131695,0.623006560138683
0,1,0.427952539787127,0.572047460212873
1,1,0.3902193178751433,0.6097806821248567
1,1,0.3517603543324762,0.6482396456675238
1,1,0.3378431730090039,0.6621568269909961
0,1,0.32718821237172435,0.6728117876282756
1,1,0.31927716416699636,0.6807228358330036
1,1,0.36943454592496394,0.6305654540750361
0,1,0.3603732599564299,0.6396267400435701
0,1,0.3183772073605955,0.6816227926394045
1,1,0.3783918278245787,0.6216081721754213
0,1,0.3543714661874142,0.6456285338125858
0,1,0.33836803832290163,0.6616319616770984
1,1,0.3685778452164431,0.6314221547835569
1,1,0.37882104372795844,0.6211789562720416
0,1,0.3549929172765738,0.6450070827234262
1,1,0.3399629555052771,0.6600370444947229
1,1,0.3679977610533338,0.6320022389466662
1,1,0.31324144984334235,0.6867585501566577
1,1,0.36517270899426724,0.6348272910057328
1,1,0.35157089387591733,0.6484291061240827
1,1,0.3323805262765025,0.6676194737234975
1,1,0.3719056642244616,0.6280943357755384
1,1,0.3402904473414672,0.6597095526585328
1,1,0.356120919321132,0.643879080678868
1,1,0.3811919714073623,0.6188080285926377
0,1,0.38775880880052394,0.6122411911994761
1,1,0.34166725271837206,0.6583327472816279
1,1,0.3467124027950085,0.6532875972049915
1,1,0.35865011900913857,0.6413498809908614
0,1,0.3498838007843379,0.6501161992156621
0,1,0.35358588550555325,0.6464141144944467
1,1,0.3510418234260564,0.6489581765739436
1,1,0.357062208225582,0.642937791774418
1,1,0.3462049546197129,0.6537950453802871
1,1,0.33246785375080967,0.6675321462491903
0,1,0.38837528176472136,0.6116247182352786
1,1,0.3294041508749239,0.6705958491250761
0,1,0.3547485611620732,0.6452514388379268
1,1,0.350258379312294,0.649741620687706
1,1,0.35038023156900977,0.6496197684309902
0,1,0.3272199534031701,0.6727800465968299
1,1,0.37342683945603716,0.6265731605439628
1,1,0.37885016823249074,0.6211498317675093
1,1,0.3251825876492209,0.6748174123507791
0,1,0.3576933302615871,0.6423066697384129
0,1,0.32286106947492355,0.6771389305250765
0,1,0.3656827016093426,0.6343172983906574
1,1,0.3642356291383838,0.6357643708616162
1,1,0.3124370793361041,0.6875629206638959
1,1,0.3267615693009367,0.6732384306990633
0,1,0.34809483404419095,0.651905165955809
0,1,0.3524092366637034,0.6475907633362966
1,1,0.31918863077082493,0.6808113692291751
0,1,0.36224880104601764,0.6377511989539824
0,1,0.35395855210576,0.64604144789424
0,1,0.31091744074152927,0.6890825592584707
1,1,0.3317423348105083,0.6682576651894917
1,1,0.345454243909711,0.654545756090289
1,1,0.40253990615075363,0.5974600938492464
0,1,0.3503530060545179,0.6496469939454821
1,1,0.33289021061703905,0.667109789382961
1,1,0.3231113119136917,0.6768886880863083
0,1,0.32580245493133475,0.6741975450686652
1,1,0.3526652028524272,0.6473347971475728
1,1,0.359889711246817,0.640110288753183
1,1,0.35831232728356843,0.6416876727164316
0,1,0.36527844414804467,0.6347215558519553
1,1,0.33224399048227127,0.6677560095177287
1,1,0.3575648740798105,0.6424351259201895
1,1,0.3697465536361598,0.6302534463638402
0,1,0.34988046987921284,0.6501195301207872
1,1,0.36039239541660284,0.6396076045833972
0,1,0.3650201355358751,0.6349798644641249
1,1,0.43995572926371973,0.5600442707362803
1,1,0.35668452351642843,0.6433154764835716
1,1,0.35167841837714764,0.6483215816228524
1,1,0.39246104316562536,0.6075389568343746
0,1,0.3255568386070563,0.6744431613929437
0,1,0.3631942915848636,0.6368057084151364
1,1,0.3560199745664778,0.6439800254335222
1,1,0.4069491446533746,0.5930508553466254
1,1,0.3829450858328024,0.6170549141671976
1,1,0.36989219211914737,0.6301078078808526
0,1,0.3753503305634057,0.6246496694365943
0,1,0.3812095276445493,0.6187904723554507
1,1,0.37449211533047866,0.6255078846695213
1,1,0.3411586779243677,0.6588413220756323
1,1,0.36116442090598533,0.6388355790940147
1,1,0.4216959611075618,0.5783040388924382
0,1,0.39170709422697503,0.608292905773025
0,1,0.3546895070334696,0.6453104929665304
1,1,0.39026372806339016,0.6097362719366098
0,1,0.341040501675167,0.658959498324833
0,1,0.35971942040826144,0.6402805795917386
1,1,0.36154242564812655,0.6384575743518734
0,1,0.37419321112972237,0.6258067888702776
1,1,0.32804187626704817,0.6719581237329518
1,1,0.3496737221222417,0.6503262778777583
1,1,0.3688301710037565,0.6311698289962435
0,1,0.33259072485772145,0.6674092751422785
1,1,0.3105625105251283,0.6894374894748717
0,1,0.37526946980840803,0.624730530191592
0,1,0.39198966102549115,0.6080103389745088
1,1,0.3456896906237261,0.6543103093762739
1,1,0.30779090154196065,0.6922090984580394
0,1,0.36769742075766054,0.6323025792423395
1,1,0.3283452344554012,0.6716547655445988
1,1,0.4403202028910911,0.5596797971089089
1,1,0.3169686529998884,0.6830313470001116
0,1,0.32525940615531557,0.6747405938446844
1,1,0.32971874929660905,0.670281250703391
1,1,0.3430721755761811,0.6569278244238189
1,1,0.38418643028209465,0.6158135697179054
0,1,0.3473269869654765,0.6526730130345235
1,1,0.3633856971512024,0.6366143028487976
1,1,0.34794111557387264,0.6520588844261274
1,1,0.33776232276366436,0.6622376772363356
1,1,0.34660529237118953,0.6533947076288105
1,1,0.37451834715189514,0.6254816528481049
1,1,0.343311987561987,0.656688012438013
0,1,0.34463930219468164,0.6553606978053184
0,1,0.35328354309036825,0.6467164569096318
1,1,0.3524877251273263,0.6475122748726737
0,1,0.340019328029859,0.659980671970141
1,1,0.3525121833437671,0.6474878166562329
1,1,0.33951344433510333,0.6604865556648967
1,1,0.33693967256102264,0.6630603274389774
0,1,0.34440149666555553,0.6555985033344445
1,1,0.3643255035589672,0.6356744964410328
1,1,0.3712045139696778,0.6287954860303222
0,1,0.3489608863514094,0.6510391136485906
0,1,0.34136044929284126,0.6586395507071587
1,1,0.3456631324433528,0.6543368675566472
0,1,0.35601563651932344,0.6439843634806766
1,1,0.3324561945659982,0.6675438054340018
0,1,0.3324864185720561,0.6675135814279439
1,1,0.3597467032250302,0.6402532967749698
1,1,0.32729157877729664,0.6727084212227034
1,1,0.35040416179043266,0.6495958382095673
1,1,0.35365183098755226,0.6463481690124477
1,1,0.30706183495889483,0.6929381650411052
1,1,0.3662050341805697,0.6337949658194303
0,1,0.3540524147050945,0.6459475852949055
1,1,0.32801284051250224,0.6719871594874978
0,1,0.342817791311795,0.657182208688205
1,1,0.36346721680462135,0.6365327831953786
1,1,0.331990893385094,0.668009106614906
0,1,0.3357824644186781,0.6642175355813219
1,1,0.332398945358919,0.667601054641081
1,1,0.3784532130325873,0.6215467869674127
0,1,0.33294083286432974,0.6670591671356703
1,1,0.316614380068169,0.683385619931831
1,1,0.3529017051551552,0.6470982948448448
0,1,0.3513839269125737,0.6486160730874263
0,1,0.33499338776228593,0.6650066122377141
1,1,0.35637671306915863,0.6436232869308414
0,1,0.34491321753077364,0.6550867824692264
0,1,0.33271178355239783,0.6672882164476022
0,1,0.35118430916931387,0.6488156908306861
1,1,0.31938588860354133,0.6806141113964587
1,1,0.34343705081577813,0.6565629491842219
1,1,0.3727671048529978,0.6272328951470022
1,1,0.35597951527150673,0.6440204847284933
1,1,0.36267121328330154,0.6373287867166985
1,1,0.3018731745423121,0.6981268254576879
0,1,0.3733837813521659,0.6266162186478341
1,1,0.36772994642106605,0.632270053578934
0,1,0.37432874859300946,0.6256712514069905
0,1,0.36286555522101926,0.6371344447789807
1,1,0.33163027988340077,0.6683697201165992
1,1,0.3552949208516156,0.6447050791483844
1,1,0.40175425908264484,0.5982457409173552
1,1,0.3373602762951061,0.6626397237048939
0,1,0.37066857313817203,0.629331426861828
1,1,0.34678294753319194,0.6532170524668081
1,1,0.36349145020565754,0.6365085497943425
0,1,0.3340555206694509,0.6659444793305491
1,1,0.354143871428521,0.645856128571479
1,1,0.32857545135134936,0.6714245486486506
0,1,0.3362044884300933,0.6637955115699067
0,1,0.35051850881718216,0.6494814911828178
0,1,0.25665441899364894,0.7433455810063511
1,1,0.3506108199797021,0.6493891800202979
1,1,0.337325187543984,0.662674812456016
1,1,0.3233315887492758,0.6766684112507242
0,1,0.29535694406098967,0.7046430559390103
0,1,0.37162190920865623,0.6283780907913438
1,1,0.33440867192051127,0.6655913280794887
1,1,0.344845643644035,0.655154356355965
0,1,0.36753771183853134,0.6324622881614687
1,1,0.36811317105475516,0.6318868289452448
0,1,0.3424047317905857,0.6575952682094143
0,1,0.33687539465867167,0.6631246053413283
1,1,0.3760759042550075,0.6239240957449925
1,1,0.3608916730330626,0.6391083269669374
0,1,0.31133774242210177,0.6886622575778982
0,1,0.3222810442756381,0.6777189557243619
0,1,0.3489723406636164,0.6510276593363836
1,1,0.3371872945772324,0.6628127054227676
1,1,0.34328930091904275,0.6567106990809572
1,1,0.3499964742274455,0.6500035257725545
1,1,0.3549360044515403,0.6450639955484597
1,1,0.383340359661681,0.616659640338319
1,1,0.33069020545757455,0.6693097945424255
0,1,0.3444092650418622,0.6555907349581378
1,1,0.3627900253166333,0.6372099746833667
1,1,0.3662714043425668,0.6337285956574332
0,1,0.42652557995616125,0.5734744200438388
1,1,0.3545064940565884,0.6454935059434116
0,1,0.34443100105141744,0.6555689989485826
0,1,0.36878160801046156,0.6312183919895384
0,1,0.3611196791084106,0.6388803208915894
1,1,0.3553364416286967,0.6446635583713033
1,1,0.35931152149097245,0.6406884785090275
1,1,0.3551495159342045,0.6448504840657955
1,1,0.3161665073741893,0.6838334926258107
0,1,0.32299372330431697,0.677006276695683
1,1,0.427664921253758,0.572335078746242
1,1,0.3287136555019624,0.6712863444980376
0,1,0.34879297175573,0.65120702824427
0,1,0.3860127840500531,0.6139872159499469
1,1,0.37061577654389677,0.6293842234561032
1,1,0.328522286025418,0.671477713974582
0,1,0.35837475140159747,0.6416252485984025
1,1,0.3589698393221413,0.6410301606778587
1,1,0.36572527628086404,0.634274723719136
0,1,0.35915960091744203,0.640840399082558
1,1,0.3896138711788536,0.6103861288211464
1,1,0.311117972482741,0.688882027517259
1,1,0.35357810491756947,0.6464218950824305
0,1,0.36815147207832855,0.6318485279216715
1,1,0.3684842501401353,0.6315157498598647
0,1,0.3249850456941641,0.6750149543058359
1,1,0.3795959445411563,0.6204040554588437
0,1,0.34971401382271894,0.6502859861772811
1,1,0.3555604784390921,0.6444395215609079
1,1,0.33929061339332345,0.6607093866066766
1,1,0.3374534083222842,0.6625465916777158
1,1,0.3343905100554162,0.6656094899445838
0,1,0.34378709827626996,0.65621290172373
1,1,0.3411742963063228,0.6588257036936772
1,1,0.3481659220937422,0.6518340779062578
0,1,0.3576954091592258,0.6423045908407742
1,1,0.3522451314164743,0.6477548685835257
1,1,0.3377706919593656,0.6622293080406344
1,1,0.3771796159898321,0.6228203840101679
0,1,0.3789096816092987,0.6210903183907013
1,1,0.3389549208068151,0.6610450791931849
0,1,0.37565375593861183,0.6243462440613882
1,1,0.3151523925643587,0.6848476074356413
0,1,0.35937323252556364,0.6406267674744364
1,1,0.3309382585250852,0.6690617414749148
1,1,0.34118091509948356,0.6588190849005164
1,1,0.338096761553202,0.661903238446798
1,1,0.3419781593650578,0.6580218406349422
0,1,0.34597580093954927,0.6540241990604507
1,1,0.33600230209972615,0.6639976979002739
0,1,0.3643366304262321,0.6356633695737679
1,1,0.3827855391090863,0.6172144608909137
1,1,0.34848997456452246,0.6515100254354775
0,1,0.429892142986942,0.570107857013058
0,1,0.34608868451748576,0.6539113154825142
0,1,0.42939468789028834,0.5706053121097117
0,1,0.35978293609126555,0.6402170639087345
1,1,0.2994435755761049,0.7005564244238951
1,1,0.34463629349806124,0.6553637065019388
0,1,0.31811742298658763,0.6818825770134124
1,1,0.34602462559506997,0.65397537440493
1,1,0.3387135595280708,0.6612864404719292
1,1,0.31233478438861284,0.6876652156113872
0,1,0.3407891192680639,0.6592108807319361
0,1,0.33568228139124134,0.6643177186087587
1,1,0.3623609825416313,0.6376390174583687
1,1,0.35695159358434403,0.643048406415656
1,1,0.36931944467247924,0.6306805553275208
0,1,0.34311129214269576,0.6568887078573042
1,1,0.3667917917475403,0.6332082082524597
1,1,0.3561906416221,0.6438093583779
1,1,0.33752891931937845,0.6624710806806215
1,1,0.3384230473789914,0.6615769526210086
0,1,0.36719958269212505,0.632800417307875
1,1,0.32112209652324464,0.6788779034767554
0,1,0.33712776705602154,0.6628722329439785
1,1,0.3290644493941165,0.6709355506058835
0,1,0.29850016550425074,0.7014998344957493
0,1,0.3102480534111298,0.6897519465888702
0,1,0.36423671756495457,0.6357632824350454
1,1,0.3554943212327686,0.6445056787672314
0,1,0.3713160822128655,0.6286839177871345
1,1,0.29373038479047187,0.7062696152095281
1,1,0.3738196371977557,0.6261803628022443
0,1,0.39747164929714496,0.602528350702855
1,1,0.33738977359105327,0.6626102264089467
1,1,0.41043428038074303,0.589565719619257
1,1,0.33305673614157627,0.6669432638584237
1,1,0.3588694661092672,0.6411305338907328
0,1,0.38379282806289594,0.6162071719371041
1,1,0.3412537065952541,0.6587462934047459
1,1,0.34730761270043453,0.6526923872995655
1,1,0.33908573607677617,0.6609142639232238
1,1,0.34500546565075063,0.6549945343492494
0,1,0.3670766712449547,0.6329233287550453
1,1,0.3718835132503594,0.6281164867496406
1,1,0.34068072524501947,0.6593192747549805
1,1,0.33772639345402977,0.6622736065459702
0,1,0.33423371416907344,0.6657662858309266
1,1,0.33699048818328803,0.663009511816712
1,1,0.33008448023213743,0.6699155197678626
0,1,0.33844294044953394,0.6615570595504661
0,1,0.3365465495285149,0.6634534504714851
0,1,0.33310510889889433,0.6668948911011057
1,1,0.34155600084286564,0.6584439991571344
1,1,0.3223796823481334,0.6776203176518666
1,1,0.3174144244710182,0.6825855755289818
0,1,0.3427175893736182,0.6572824106263818
0,1,0.37827627149550047,0.6217237285044995
1,1,0.3551528405933183,0.6448471594066817
0,1,0.344764318455995,0.655235681544005
0,1,0.3491302745135648,0.6508697254864352
1,1,0.34619099656379315,0.6538090034362068
0,1,0.36070511189530396,0.639294888104696
1,1,0.3927784601619586,0.6072215398380414
0,1,0.2964104012741887,0.7035895987258113
1,1,0.35999607870645145,0.6400039212935485
1,1,0.3614613396805487,0.6385386603194513
1,1,0.3405161583860884,0.6594838416139116
1,1,0.38435907985912265,0.6156409201408773
1,1,0.33579043826736255,0.6642095617326375
0,1,0.34694435650014765,0.6530556434998523
1,1,0.3577351411455816,0.6422648588544184
1,1,0.40052742917377304,0.599472570826227
0,1,0.31708527658592267,0.6829147234140773
0,1,0.33375463966074026,0.6662453603392597
1,1,0.3379385605593461,0.6620614394406539
1,1,0.36894247614869824,0.6310575238513018
0,1,0.35416824165175487,0.6458317583482451
0,1,0.33067188299688755,0.6693281170031125
1,1,0.3101482916260174,0.6898517083739826
0,1,0.34352361608717974,0.6564763839128203
0,1,0.3399403396242914,0.6600596603757086
1,1,0.3274536603590279,0.6725463396409721
1,1,0.3240638334566437,0.6759361665433563
1,1,0.35413562991272673,0.6458643700872733
0,1,0.3611805760458102,0.6388194239541898
1,1,0.35725455302063525,0.6427454469793648
0,1,0.33733879607748307,0.6626612039225169
1,1,0.3457226280884389,0.6542773719115611
0,1,0.3669637040755508,0.6330362959244492
1,1,0.34129000234704987,0.6587099976529501
1,1,0.3593232107736043,0.6406767892263957
1,1,0.3605570675247646,0.6394429324752354
1,1,0.31999810792105143,0.6800018920789486
0,1,0.36929275030712416,0.6307072496928758
1,1,0.3699115372941173,0.6300884627058827
0,1,0.35470385936343707,0.6452961406365629
1,1,0.37909319516658324,0.6209068048334168
1,1,0.3398101763945576,0.6601898236054424
0,1,0.38905887704147035,0.6109411229585296
0,1,0.357853349590621,0.642146650409379
0,1,0.37763821286872334,0.6223617871312767
1,1,0.33184348044125367,0.6681565195587463
1,1,0.33838663895894483,0.6616133610410552
1,1,0.3634231881296127,0.6365768118703873
1,1,0.3213961053394929,0.6786038946605071
1,1,0.3946711598305326,0.6053288401694674
1,1,0.35470979633828925,0.6452902036617107
0,1,0.3039591054326558,0.6960408945673442
0,1,0.3644438162137795,0.6355561837862205
1,1,0.3440552655096877,0.6559447344903123
0,1,0.36582498696925725,0.6341750130307428
1,1,0.35522747141242494,0.6447725285875751
0,1,0.3502662491393811,0.6497337508606189
0,1,0.34257206809764695,0.657427931902353
0,1,0.33327107905494435,0.6667289209450556
0,1,0.35009763737874044,0.6499023626212596
0,1,0.36568964889128774,0.6343103511087123
0,1,0.3459242574891228,0.6540757425108772
0,1,0.35261549400302294,0.647384505996977
0,1,0.3603677370092183,0.6396322629907817
1,1,0.37058226161995933,0.6294177383800407
0,1,0.316343796417464,0.683656203582536
1,1,0.3527588180018686,0.6472411819981314
1,1,0.3669016460559805,0.6330983539440195
1,1,0.3364001667941937,0.6635998332058063
0,1,0.3556403240143612,0.6443596759856388
0,1,0.33914807117990076,0.6608519288200992
1,1,0.32536710210517783,0.6746328978948222
1,1,0.34614849719074714,0.6538515028092529
1,1,0.34026691529185193,0.6597330847081481
1,1,0.34759278876453537,0.6524072112354646
1,1,0.3415407403487327,0.6584592596512673
0,1,0.3691309709993694,0.6308690290006306
1,1,0.3285365036598761,0.6714634963401239
0,1,0.3524814682139975,0.6475185317860025
0,1,0.33372019229997907,0.6662798077000209
0,1,0.3527381756850523,0.6472618243149477
1,1,0.3557135608237799,0.6442864391762201
1,1,0.35528826120930324,0.6447117387906968
0,1,0.34367956943305034,0.6563204305669497
1,1,0.3276085537302901,0.6723914462697099
0,1,0.34542605311447994,0.6545739468855201
0,1,0.3585616193781578,0.6414383806218422
1,1,0.3422253370952333,0.6577746629047667
0,1,0.320697189122366,0.679302810877634
0,1,0.365859356937673,0.634140643062327
0,1,0.3555954308821997,0.6444045691178003
1,1,0.290785173171896,0.709214826828104
0,1,0.3558828236541236,0.6441171763458764
1,1,0.3345764809839853,0.6654235190160147
1,1,0.332345903563662,0.667654096436338
1,1,0.3295484151245063,0.6704515848754937
0,1,0.33760581061413786,0.6623941893858621
1,1,0.3379057554967887,0.6620942445032113
1,1,0.33113571696890665,0.6688642830310934
1,1,0.37223687303701847,0.6277631269629815
0,1,0.3211755917190475,0.6788244082809525
0,1,0.368528983641347,0.631471016358653
1,1,0.34626210766581134,0.6537378923341887
1,1,0.35300131784117217,0.6469986821588278
0,1,0.35383961462873514,0.6461603853712649
0,1,0.36000291658899997,0.639997083411
1,1,0.3382719003804673,0.6617280996195327
0,1,0.3407053976579322,0.6592946023420678
0,1,0.3996454132608884,0.6003545867391116
0,1,0.3586107352631406,0.6413892647368594
0,1,0.3256173203599195,0.6743826796400805
0,1,0.32968923963580443,0.6703107603641956
0,1,0.3778353795551813,0.6221646204448187
1,1,0.3433724080060999,0.6566275919939001
0,1,0.3550292456374644,0.6449707543625356
1,1,0.3483760631427528,0.6516239368572472
0,1,0.351950313871057,0.648049686128943
1,1,0.35086335681321335,0.6491366431867867
0,1,0.3399112977537687,0.6600887022462313
0,1,0.3455973573034752,0.6544026426965248
1,1,0.3675426596184531,0.6324573403815469
1,1,0.34688486058379997,0.6531151394162
1,1,0.3781129682025455,0.6218870317974545
1,1,0.3639224685210011,0.6360775314789989
1,1,0.35119238855219703,0.648807611447803
1,1,0.3667287853381147,0.6332712146618853
1,1,0.3574823719711403,0.6425176280288597
0,1,0.36747449628617,0.63252550371383
1,1,0.33225830766151465,0.6677416923384853
1,1,0.3534892576173295,0.6465107423826705
1,1,0.34710375822051787,0.6528962417794821
0,1,0.3491891986391088,0.6508108013608912
0,1,0.32602536274287264,0.6739746372571274
1,1,0.39291667195700275,0.6070833280429973
0,1,0.3292152945727045,0.6707847054272955
1,1,0.32682945772305816,0.6731705422769418
0,1,0.3582913856224318,0.6417086143775682
1,1,0.3298386674520932,0.6701613325479068
1,1,0.36186129555603097,0.638138704443969
0,1,0.3564133720991227,0.6435866279008773
1,1,0.3792745637088635,0.6207254362911365
1,1,0.3404965165225414,0.6595034834774586
1,1,0.3815660365156446,0.6184339634843554
0,1,0.3479917519303861,0.6520082480696139
0,1,0.36309173664442806,0.6369082633555719
0,1,0.3837921696003458,0.6162078303996542
0,1,0.3356966392605052,0.6643033607394948
1,1,0.39945391881800596,0.600546081181994
0,1,0.3625342309424273,0.6374657690575727
1,1,0.3239314517421772,0.6760685482578228
0,1,0.35031118925266735,0.6496888107473326
1,1,0.39604101171454353,0.6039589882854565
0,1,0.3241534662651969,0.6758465337348031
1,1,0.36483312983657246,0.6351668701634275
0,1,0.34408412577818615,0.6559158742218139
1,1,0.36641887790372385,0.6335811220962762
1,1,0.3268015178176338,0.6731984821823662
1,1,0.32224416221793906,0.6777558377820609
1,1,0.3742039805384024,0.6257960194615976
1,1,0.32851005629017105,0.671489943709829
1,1,0.32983668887934114,0.6701633111206589
1,1,0.3209780296844481,0.6790219703155519
1,1,0.3669704927842504,0.6330295072157496
1,1,0.35455192253110324,0.6454480774688968
0,1,0.30467708123780013,0.6953229187621999
1,1,0.35320477539556716,0.6467952246044328
0,1,0.34063154584563093,0.6593684541543691
0,1,0.4218246946062031,0.5781753053937969
1,1,0.3547391884601575,0.6452608115398425
1,1,0.33222086718768684,0.6677791328123132
1,1,0.3911106775027149,0.6088893224972851
0,1,0.33202560726506736,0.6679743927349326
0,1,0.35929535188758965,0.6407046481124103
0,1,0.3362117597779013,0.6637882402220987
0,1,0.3567465014074964,0.6432534985925036
0,1,0.3912569351953158,0.6087430648046842
1,1,0.3648843171583376,0.6351156828416624
0,1,0.36886114940631254,0.6311388505936875
1,1,0.33086106025745377,0.6691389397425462
1,1,0.3337676025314401,0.6662323974685599
0,1,0.3531715381471432,0.6468284618528568
1,1,0.40501094528376225,0.5949890547162378
0,1,0.35210670833467195,0.647893291665328
1,1,0.3866084008591648,0.6133915991408352
1,1,0.3087621924771834,0.6912378075228166
1,1,0.39563363609352176,0.6043663639064782
1,1,0.3677197629384441,0.6322802370615559
0,1,0.31884783811967765,0.6811521618803223
1,1,0.3508100687235657,0.6491899312764343
1,1,0.3421608832407146,0.6578391167592854
1,1,0.3476785886044882,0.6523214113955118
1,1,0.33771875381611016,0.6622812461838898
0,1,0.3287632166095984,0.6712367833904016
1,1,0.38298531863400387,0.6170146813659961
0,1,0.38033993301576774,0.6196600669842323
0,1,0.38683488277897016,0.6131651172210298
0,1,0.3267679004226067,0.6732320995773933
1,1,0.33705811440053457,0.6629418855994654
1,1,0.4048702670607469,0.5951297329392531
1,1,0.3587194501676928,0.6412805498323072
1,1,0.3645469256271312,0.6354530743728688
0,1,0.33903721804808573,0.6609627819519143
0,1,0.34537095443006327,0.6546290455699367
0,1,0.405289248239292,0.594710751760708
1,1,0.33186246247376505,0.668137537526235
0,1,0.3616428575045212,0.6383571424954788
1,1,0.35026915476332476,0.6497308452366752
1,1,0.33576584797873454,0.6642341520212655
1,1,0.33879165705733083,0.6612083429426692
1,1,0.3538399745698595,0.6461600254301405
0,1,0.30231263226592475,0.6976873677340752
0,1,0.3259359844127152,0.6740640155872848
0,1,0.3745652143950231,0.6254347856049769
0,1,0.3308883558704282,0.6691116441295718
1,1,0.3327958991396901,0.6672041008603099
1,1,0.36811166892135627,0.6318883310786437
0,1,0.33352026994706974,0.6664797300529303
0,1,0.3448012522678958,0.6551987477321042
1,1,0.33818976723965277,0.6618102327603472
0,1,0.34984787247414273,0.6501521275258573
1,1,0.37330728140145686,0.6266927185985431
1,1,0.3263317905641677,0.6736682094358323
0,1,0.33077248064934595,0.669227519350654
1,1,0.3713636995960936,0.6286363004039064
1,1,0.3303608073110639,0.6696391926889361
0,1,0.37952517382744066,0.6204748261725593
0,1,0.3160289865643494,0.6839710134356506
0,1,0.36110268882525665,0.6388973111747434
1,1,0.34099767486442123,0.6590023251355788
1,1,0.3917556938946798,0.6082443061053202
0,1,0.33427569884855446,0.6657243011514455
1,1,0.3539503582597522,0.6460496417402478
0,1,0.3142284993266339,0.6857715006733661
1,1,0.3411703638779232,0.6588296361220768
1,1,0.3734195025087391,0.6265804974912609
1,1,0.34164884847452215,0.6583511515254779
1,1,0.34963026150533416,0.6503697384946658
1,1,0.33011317167617527,0.6698868283238247
1,1,0.3385597757674308,0.6614402242325692
0,1,0.3378311242178924,0.6621688757821076
0,1,0.30454686622595717,0.6954531337740428
1,1,0.3251390383709777,0.6748609616290223
1,1,0.34589967233535945,0.6541003276646405
0,1,0.32604461527186057,0.6739553847281394
0,1,0.34453018310546835,0.6554698168945317
0,1,0.3276160511997297,0.6723839488002703
0,1,0.3776869311690485,0.6223130688309515
0,1,0.3585246750852613,0.6414753249147387
1,1,0.32732771486842227,0.6726722851315777
1,1,0.35392163184965375,0.6460783681503462
1,1,0.3610898601973207,0.6389101398026793
1,1,0.33872228227676393,0.6612777177232361
1,1,0.35008002184283027,0.6499199781571697
0,1,0.35944360877429604,0.640556391225704
0,1,0.3158450488686867,0.6841549511313133
1,1,0.3384010418354656,0.6615989581645344
1,1,0.37959036741240915,0.6204096325875909
1,1,0.37054749438145007,0.6294525056185499
0,1,0.3442564869700635,0.6557435130299365
1,1,0.3466314862353237,0.6533685137646763
1,1,0.37337329762403937,0.6266267023759606
1,1,0.32621507178032305,0.673784928219677
0,1,0.3640604492163044,0.6359395507836956
1,1,0.36080617135937143,0.6391938286406286
0,1,0.35933328338189807,0.6406667166181019
1,1,0.3232001045880525,0.6767998954119475
0,1,0.3583793404623975,0.6416206595376025
1,1,0.35711067655862516,0.6428893234413748
1,1,0.32936786895937575,0.6706321310406242
1,1,0.32618352108573445,0.6738164789142655
0,1,0.3634907390974893,0.6365092609025107
1,1,0.364100618052132,0.635899381947868
0,1,0.3350874219192186,0.6649125780807814
1,1,0.33536082900654973,0.6646391709934503
1,1,0.32817529081980534,0.6718247091801947
1,1,0.3636963344442875,0.6363036655557125
1,1,0.39244216769314666,0.6075578323068533
0,1,0.32901758633637,0.67098241366363
0,1,0.35807315987752397,0.641926840122476
1,1,0.3353878922502571,0.6646121077497429
1,1,0.33581382812277494,0.6641861718772251
1,1,0.35341753976011203,0.646582460239888
0,1,0.327182337628916,0.672817662371084
1,1,0.3599944158935755,0.6400055841064245
1,1,0.32315827088440674,0.6768417291155933
1,1,0.3598103269193852,0.6401896730806148
1,1,0.3819635467125827,0.6180364532874173
0,1,0.32622663627233695,0.673773363727663
0,1,0.3649583095722918,0.6350416904277082
0,1,0.3496759435260718,0.6503240564739282
1,1,0.34631493802745184,0.6536850619725482
0,1,0.35978392443637863,0.6402160755636214
1,1,0.32998895027562547,0.6700110497243745
1,1,0.4240924240799564,0.5759075759200436
1,1,0.3712970448674977,0.6287029551325023
1,1,0.36862789328570744,0.6313721067142926
0,1,0.3659336210774792,0.6340663789225208
1,1,0.37771127661238724,0.6222887233876128
1,1,0.37268666975482434,0.6273133302451757
0,1,0.35882267594556294,0.6411773240544371
1,1,0.33813247860978646,0.6618675213902135
1,1,0.3617507910043074,0.6382492089956926
0,1,0.3291007588211018,0.6708992411788982
0,1,0.3416968019481965,0.6583031980518035
1,1,0.3096856072456692,0.6903143927543308
0,1,0.3253477065786591,0.6746522934213409
0,1,0.35285592197042814,0.6471440780295719
1,1,0.3261693774981499,0.6738306225018501
1,1,0.3399081034752818,0.6600918965247182
0,1,0.3788385616303255,0.6211614383696745
1,1,0.38437638667692153,0.6156236133230785
0,1,0.3630247595439926,0.6369752404560074
0,1,0.36490700629002293,0.6350929937099771
0,1,0.34010768215682396,0.659892317843176
1,1,0.3525576293155481,0.6474423706844519
1,1,0.3687175689160077,0.6312824310839923
1,1,0.3540637368801107,0.6459362631198893
1,1,0.36209024772195875,0.6379097522780413
1,1,0.3618973655426785,0.6381026344573215
1,1,0.35508608271607156,0.6449139172839284
1,1,0.3300008526060271,0.6699991473939729
1,1,0.3237132375888876,0.6762867624111124
1,1,0.35200418852971993,0.6479958114702801
1,1,0.3400642074369279,0.6599357925630721
1,1,0.32781586908910987,0.6721841309108901
1,1,0.3417353341484226,0.6582646658515774
1,1,0.33228247567042113,0.6677175243295789
1,1,0.34079087691967336,0.6592091230803266
1,1,0.29377760071029624,0.7062223992897038
1,1,0.3251040013563251,0.6748959986436749
1,1,0.36230265010425133,0.6376973498957487
1,1,0.353321793417431,0.646678206582569
0,1,0.353858651526439,0.646141348473561
1,1,0.3390937426088323,0.6609062573911677
1,1,0.3433936981304193,0.6566063018695807
0,1,0.3735579371543756,0.6264420628456244
0,1,0.32555489019622397,0.674445109803776
0,1,0.2745638458544558,0.7254361541455442
1,1,0.3277839226242558,0.6722160773757442
0,1,0.3802211643383925,0.6197788356616075
1,1,0.405236786177678,0.594763213822322
1,1,0.36056084749392414,0.6394391525060759
0,1,0.30503486191661155,0.6949651380833884
1,1,0.3384345046424996,0.6615654953575004
1,1,0.35551280400667074,0.6444871959933293
1,1,0.341795957422773,0.658204042577227
0,1,0.3432117460471841,0.6567882539528159
0,1,0.34913498437058865,0.6508650156294113
1,1,0.35325998538248404,0.646740014617516
1,1,0.36067949716136793,0.6393205028386321
1,1,0.26895921068237105,0.731040789317629
1,1,0.35810856144621594,0.641891438553784
0,1,0.3601430180715034,0.6398569819284966
1,1,0.32783639860221325,0.6721636013977867
0,1,0.3269478874729641,0.6730521125270359
1,1,0.4033409722674274,0.5966590277325726
1,1,0.3654448296178404,0.6345551703821596
1,1,0.39598949115040194,0.6040105088495981
0,1,0.3324489091010939,0.6675510908989061
0,1,0.3812003172395504,0.6187996827604496
0,1,0.3736425665286922,0.6263574334713078
1,1,0.3554807776751451,0.6445192223248549
0,1,0.3713247966111278,0.6286752033888722
1,1,0.4013371105909752,0.5986628894090248
1,1,0.36594184660229945,0.6340581533977006
1,1,0.3381854694290548,0.6618145305709452
1,1,0.3659123366837428,0.6340876633162572
0,1,0.334653728777915,0.665346271222085
1,1,0.35664436663713595,0.643355633362864
0,1,0.4073884638996027,0.5926115361003973
1,1,0.3608648546442954,0.6391351453557046
1,1,0.30691300160745405,0.693086998392546
0,1,0.3413774811065594,0.6586225188934406
0,1,0.3457775848876221,0.6542224151123779
1,1,0.32549277510629715,0.6745072248937029
1,1,0.34733261820829553,0.6526673817917045
1,1,0.4147636959062472,0.5852363040937528
1,1,0.3127719821749373,0.6872280178250627
1,1,0.34799542598791144,0.6520045740120886
1,1,0.3438411637512935,0.6561588362487065
1,1,0.3423130390981636,0.6576869609018364
0,1,0.34531961317485127,0.6546803868251487
0,1,0.40975003155591627,0.5902499684440837
1,1,0.35832859538123296,0.641671404618767
0,1,0.35179282461151573,0.6482071753884843
1,1,0.3396184058698132,0.6603815941301868
1,1,0.35941962981236575,0.6405803701876343
1,1,0.3393565980128853,0.6606434019871147
0,1,0.34096198418638946,0.6590380158136105
1,1,0.3407382577897975,0.6592617422102025
1,1,0.3794447039423531,0.6205552960576469
0,1,0.314029332158162,0.685970667841838
0,1,0.3173567269223425,0.6826432730776575
0,1,0.3321725837235451,0.6678274162764549
0,1,0.3279082775092329,0.6720917224907671
1,1,0.33903350734352755,0.6609664926564724
1,1,0.3512022171225556,0.6487977828774444
1,1,0.34988088405885576,0.6501191159411442
1,1,0.3869502709502304,0.6130497290497696
0,1,0.3210622892875752,0.6789377107124248
0,1,0.3566841399663182,0.6433158600336818
1,1,0.3405864356025664,0.6594135643974336
1,1,0.3398499446826315,0.6601500553173685
1,1,0.33790533299341463,0.6620946670065854
0,1,0.3538997191122232,0.6461002808877768
1,1,0.35779949236593467,0.6422005076340653
0,1,0.3667697041179352,0.6332302958820648
1,1,0.32898413873764476,0.6710158612623552
1,1,0.35240357875897976,0.6475964212410202
1,1,0.34380295971785346,0.6561970402821465
1,1,0.35734902567382765,0.6426509743261724
0,1,0.35784076609525084,0.6421592339047492
0,1,0.3612290403301064,0.6387709596698936
1,1,0.3813705643195334,0.6186294356804666
1,1,0.3288382513008319,0.6711617486991681
1,1,0.3557605349837517,0.6442394650162483
0,1,0.34242848818648786,0.6575715118135121
1,1,0.3765894504726319,0.6234105495273681
0,1,0.34847614799999427,0.6515238520000057
1,1,0.34586439475862196,0.654135605241378
0,1,0.34440242590243264,0.6555975740975674
1,1,0.3452140480421785,0.6547859519578215
0,1,0.3400710651950899,0.6599289348049101
1,1,0.30601399145007935,0.6939860085499207
1,1,0.3851918043839855,0.6148081956160145
1,1,0.4615099838060276,0.5384900161939724
1,1,0.3660549682252341,0.6339450317747659
0,1,0.31902102008060695,0.680978979919393
0,1,0.3271419976462432,0.6728580023537568
1,1,0.3365461932020761,0.6634538067979239
1,1,0.3646438010850025,0.6353561989149975
1,1,0.3284358964123095,0.6715641035876905
1,1,0.36149450158234964,0.6385054984176504
1,1,0.2914532935387446,0.7085467064612554
1,1,0.31895590369328275,0.6810440963067173
1,1,0.35494476142221876,0.6450552385777812
0,1,0.36009951504429183,0.6399004849557082
1,1,0.3831509165330651,0.6168490834669349
1,1,0.35561618623034774,0.6443838137696523
0,1,0.3389289629570438,0.6610710370429562
1,1,0.34344767114763786,0.6565523288523621
0,1,0.36963629200267767,0.6303637079973223
0,1,0.3691128171438033,0.6308871828561967
1,1,0.3817241782689059,0.6182758217310941
1,1,0.36018389532346706,0.6398161046765329
1,1,0.31025715508559226,0.6897428449144077
0,1,0.3378962733064568,0.6621037266935432
1,1,0.32976042217724955,0.6702395778227505
1,1,0.35106219456099863,0.6489378054390014
0,1,0.3274042282483244,0.6725957717516756
1,1,0.35265292819669625,0.6473470718033038
1,1,0.34178198109156244,0.6582180189084376
1,1,0.3410880959857103,0.6589119040142897
1,1,0.3311445524784761,0.6688554475215239
1,1,0.3549989768202998,0.6450010231797002
1,1,0.36423175820606213,0.6357682417939379
1,1,0.3866648781517934,0.6133351218482066
1,1,0.41180177125137496,0.588198228748625
1,1,0.3144120151676657,0.6855879848323343
1,1,0.34416558574117395,0.655834414258826
1,1,0.3235864069680594,0.6764135930319406
0,1,0.3133680574469909,0.6866319425530091
0,1,0.3835216804680798,0.6164783195319202
1,1,0.31597356040735236,0.6840264395926476
0,1,0.31534977124113184,0.6846502287588682
1,1,0.34833435539883695,0.651665644601163
1,1,0.3525397120942334,0.6474602879057666
1,1,0.3509731719757908,0.6490268280242092
1,1,0.381237480252695,0.618762519747305
0,1,0.30637934646282483,0.6936206535371752
0,1,0.3892634474729022,0.6107365525270978
1,1,0.35637099712009324,0.6436290028799068
1,1,0.3511361643354898,0.6488638356645102
1,1,0.36640573640807905,0.633594263591921
1,1,0.3353504357047966,0.6646495642952034
0,1,0.3563273985654678,0.6436726014345322
1,1,0.32822844892836545,0.6717715510716346
1,1,0.3891003558475695,0.6108996441524305
0,1,0.3427440167799458,0.6572559832200542
1,1,0.3902252766713411,0.6097747233286589
0,1,0.3318214462134216,0.6681785537865784
0,1,0.3434792775952329,0.6565207224047671
0,1,0.35262670249273786,0.6473732975072621
1,1,0.37823694459045754,0.6217630554095425
0,1,0.363773353321445,0.636226646678555
1,1,0.3600314952603937,0.6399685047396063
1,1,0.3557288344300583,0.6442711655699417
0,1,0.33864158229862196,0.661358417701378
0,1,0.3226973358978905,0.6773026641021095
1,1,0.357707143498202,0.642292856501798
1,1,0.316010500313435,0.683989499686565
0,1,0.34265385702280826,0.6573461429771917
0,1,0.35070200242122707,0.6492979975787729
1,1,0.36084977288789666,0.6391502271121033
1,1,0.3526631604102781,0.6473368395897219
1,1,0.3765657747659332,0.6234342252340668
0,1,0.3307334492340248,0.6692665507659752
0,1,0.3419977288345104,0.6580022711654896
0,1,0.36743218084066476,0.6325678191593352
1,1,0.3477040923798912,0.6522959076201088
1,1,0.3526901072303018,0.6473098927696982
1,1,0.36259488803924045,0.6374051119607596
1,1,0.3400737203404546,0.6599262796595454
0,1,0.35239442560466017,0.6476055743953398
1,1,0.3472049776920245,0.6527950223079755
1,1,0.36739461732372725,0.6326053826762728
0,1,0.3370147448900276,0.6629852551099724
0,1,0.3371514152556564,0.6628485847443436
1,1,0.34304366201114533,0.6569563379888547
0,1,0.35725439502478296,0.642745604975217
1,1,0.36328339223754424,0.6367166077624558
1,1,0.3397381330983983,0.6602618669016017
1,1,0.40663646917008933,0.5933635308299107
1,1,0.321678345772622,0.678321654227378
0,1,0.3445206837277712,0.6554793162722288
1,1,0.35841971788112303,0.641580282118877
1,1,0.3771561966917537,0.6228438033082463
0,1,0.34819013528310383,0.6518098647168962
0,1,0.35190671976916865,0.6480932802308313
0,1,0.3446598583628596,0.6553401416371404
1,1,0.3874565472113485,0.6125434527886515
1,1,0.35188765103899944,0.6481123489610006
1,1,0.3683875695024147,0.6316124304975853
1,1,0.3833459299140668,0.6166540700859332
1,1,0.335468468537531,0.664531531462469
1,1,0.3533165083204788,0.6466834916795212
0,1,0.36291044945398276,0.6370895505460172
0,1,0.34320833617510327,0.6567916638248967
0,1,0.30764057776257314,0.6923594222374269
1,1,0.32587192332986537,0.6741280766701346
0,1,0.31394926314666693,0.6860507368533331
1,1,0.35843874327626,0.64156125672374
1,1,0.3646358142402203,0.6353641857597797
1,1,0.3352349080386595,0.6647650919613405
1,1,0.3262910937378518,0.6737089062621482
1,1,0.38604599595388855,0.6139540040461114
1,1,0.37159952430210963,0.6284004756978904
0,1,0.32430405617742464,0.6756959438225754
1,1,0.3391852964105304,0.6608147035894696
1,1,0.37359902866133343,0.6264009713386666
0,1,0.3518262502476004,0.6481737497523996
1,1,0.362895268225228,0.637104731774772
0,1,0.3615674624672963,0.6384325375327037
1,1,0.37298898469662,0.62701101530338
0,1,0.36738210089800916,0.6326178991019908
1,1,0.34729609324086785,0.6527039067591321
1,1,0.3238101617566509,0.6761898382433491
0,1,0.3973431844339007,0.6026568155660993
1,1,0.3422213870576194,0.6577786129423806
1,1,0.32382579335150385,0.6761742066484961
1,1,0.3545650834662005,0.6454349165337995
1,1,0.32327908602863187,0.6767209139713681
0,1,0.35415060042705526,0.6458493995729447
0,1,0.34140807567406184,0.6585919243259382
0,1,0.35463185602279057,0.6453681439772094
1,1,0.36298278909322335,0.6370172109067767
1,1,0.338006497440028,0.661993502559972
1,1,0.35784875063600596,0.642151249363994
0,1,0.34911382845040306,0.6508861715495969
0,1,0.3658966839704314,0.6341033160295686
1,1,0.3472383988917478,0.6527616011082522
0,1,0.36218162399139053,0.6378183760086095
0,1,0.378336843870152,0.621663156129848
1,1,0.36729564307380624,0.6327043569261938
1,1,0.37036638884869344,0.6296336111513066
0,1,0.3298472861595373,0.6701527138404627
0,1,0.36739480341292685,0.6326051965870731
0,1,0.33203296656153647,0.6679670334384635
1,1,0.3534034147174896,0.6465965852825104
1,1,0.33561668950716006,0.6643833104928399
1,1,0.34857159654473335,0.6514284034552666
1,1,0.369451959017294,0.630548040982706
0,1,0.35327024014301633,0.6467297598569837
0,1,0.36221714063878785,0.6377828593612122
1,1,0.38852783740403707,0.6114721625959629
0,1,0.324745504393268,0.675254495606732
1,1,0.33481209172838544,0.6651879082716146
0,1,0.3556976608556264,0.6443023391443736
1,1,0.35890415229681105,0.641095847703189
1,1,0.3489968221592148,0.6510031778407852
1,1,0.3021414365131214,0.6978585634868786
1,1,0.33359945828163073,0.6664005417183693
0,1,0.35747850552498917,0.6425214944750108
1,1,0.3481987819640249,0.6518012180359751
1,1,0.3478848307741702,0.6521151692258298
1,1,0.3581062047844089,0.6418937952155911
1,1,0.34217377301750773,0.6578262269824923
0,1,0.3895835412548877,0.6104164587451123
1,1,0.3520090967628605,0.6479909032371395
1,1,0.3509503971974547,0.6490496028025453
1,1,0.33959058867596403,0.660409411324036
0,1,0.30548092006197136,0.6945190799380286
0,1,0.3381236320345551,0.6618763679654449
1,1,0.302791547327402,0.697208452672598
0,1,0.350593368529602,0.649406631470398
0,1,0.3463856595800875,0.6536143404199125
1,1,0.3454195619158026,0.6545804380841974
1,1,0.35765010211077675,0.6423498978892233
0,1,0.35589806639510857,0.6441019336048914
1,1,0.3840815233790039,0.6159184766209961
0,1,0.39058041252374365,0.6094195874762564
1,1,0.3564991833582669,0.6435008166417331
0,1,0.38159217719869776,0.6184078228013022
1,1,0.3698254660668129,0.6301745339331871
0,1,0.34762958399198296,0.652370416008017
0,1,0.35694262829573453,0.6430573717042655
1,1,0.36902848705064895,0.630971512949351
1,1,0.36398299752191976,0.6360170024780802
1,1,0.40860351407740114,0.5913964859225989
0,1,0.3450074884017985,0.6549925115982015
0,1,0.34820352491691353,0.6517964750830865
1,1,0.31967351674574596,0.680326483254254
1,1,0.41983727333370435,0.5801627266662956
1,1,0.3552235741129798,0.6447764258870202
1,1,0.34467862301048835,0.6553213769895117
1,1,0.3415746256419596,0.6584253743580404
1,1,0.34545009619809597,0.654549903801904
1,1,0.3381620522572174,0.6618379477427826
0,1,0.3499119499883927,0.6500880500116073
0,1,0.34450043189070456,0.6554995681092954
1,1,0.3630745941609157,0.6369254058390843
0,1,0.33457539226060873,0.6654246077393913
0,1,0.3546078330867667,0.6453921669132333
1,1,0.34741490996516855,0.6525850900348314
1,1,0.3707311130868213,0.6292688869131787
0,1,0.36474767268127184,0.6352523273187282
1,1,0.3737512528440321,0.6262487471559679
1,1,0.3378178662065595,0.6621821337934405
1,1,0.32515059094210474,0.6748494090578953
1,1,0.36242616820011153,0.6375738317998885
1,1,0.36948095410374693,0.6305190458962531
0,1,0.3431075300299512,0.6568924699700488
1,1,0.3400477938102747,0.6599522061897253
1,1,0.3648760119607376,0.6351239880392624
0,1,0.3422356229455724,0.6577643770544276
0,1,0.34263024676155374,0.6573697532384463
1,1,0.32330679041828303,0.676693209581717
0,1,0.3500235877436547,0.6499764122563453
0,1,0.35600986989755357,0.6439901301024464
0,1,0.349717353477742,0.650282646522258
0,1,0.35431080935999726,0.6456891906400027
0,1,0.3587244016930754,0.6412755983069246
1,1,0.3326115008011511,0.6673884991988489
1,1,0.3834207557002245,0.6165792442997755
1,1,0.3481148371011652,0.6518851628988348
0,1,0.3772114132481763,0.6227885867518237
1,1,0.3934593539940212,0.6065406460059788
1,1,0.33545673320126457,0.6645432667987354
1,1,0.35737872974957874,0.6426212702504213
1,1,0.35415018070110826,0.6458498192988917
0,1,0.36897091346894006,0.6310290865310599
0,1,0.32137798828658537,0.6786220117134146
0,1,0.35054988496085526,0.6494501150391447
0,1,0.32947074510374685,0.6705292548962531
1,1,0.3819525590177957,0.6180474409822043
0,1,0.35255857540596225,0.6474414245940378
1,1,0.3417572490318195,0.6582427509681805
0,1,0.35488234718379863,0.6451176528162014
1,1,0.34174549702455426,0.6582545029754457
0,1,0.36291895627587323,0.6370810437241268
1,1,0.34312317071491083,0.6568768292850892
1,1,0.4173723011960283,0.5826276988039717
1,1,0.3492909904958249,0.6507090095041751
1,1,0.3630246663136345,0.6369753336863655
1,1,0.3612241871889198,0.6387758128110802
1,1,0.2761546663477763,0.7238453336522237
0,1,0.35856630644672727,0.6414336935532727
1,1,0.3414491229212818,0.6585508770787182
1,1,0.390872711031363,0.609127288968637
1,1,0.39877823764277265,0.6012217623572274
0,1,0.3190540266919739,0.6809459733080261
1,1,0.32092801488995315,0.6790719851100468
1,1,0.3330173574135177,0.6669826425864823
1,1,0.3511525694254438,0.6488474305745562
1,1,0.35425177737284785,0.6457482226271521
0,1,0.36811281156505704,0.631887188434943
0,1,0.33835519604787667,0.6616448039521233
1,1,0.3695489702683834,0.6304510297316166
1,1,0.3708740461017471,0.6291259538982529
1,1,0.33163849284901903,0.668361507150981
0,1,0.3416629656546992,0.6583370343453008
0,1,0.35457250838615495,0.645427491613845
0,1,0.3606206115072659,0.6393793884927341
1,1,0.31734581011491303,0.682654189885087
1,1,0.3375212293969124,0.6624787706030876
0,1,0.32436384312921185,0.6756361568707882
1,1,0.34082333164881484,0.6591766683511852
1,1,0.3179071779172382,0.6820928220827618
0,1,0.33877735611186177,0.6612226438881382
1,1,0.3513895076820134,0.6486104923179866
1,1,0.34249318370495063,0.6575068162950494
1,1,0.36847584358853336,0.6315241564114666
1,1,0.3644177630376073,0.6355822369623927
0,1,0.3564149312027227,0.6435850687972773
1,1,0.38095725731351704,0.619042742686483
1,1,0.35736791276493285,0.6426320872350672
1,1,0.3561464905171434,0.6438535094828566
0,1,0.36404151282168595,0.635958487178314
1,1,0.35268107544148586,0.6473189245585141
1,1,0.3533235423061194,0.6466764576938806
1,1,0.3465921159769194,0.6534078840230806
1,1,0.33629549694503325,0.6637045030549668
0,1,0.3181967840701726,0.6818032159298274
1,1,0.329667976001242,0.670332023998758
0,1,0.3665457602353608,0.6334542397646392
0,1,0.36653141945413514,0.6334685805458649
0,1,0.34226075819804447,0.6577392418019555
1,1,0.36565229671691457,0.6343477032830854
1,1,0.32990019321222386,0.6700998067877761
1,1,0.36960023419395105,0.630399765806049
1,1,0.3283447839027236,0.6716552160972764
0,1,0.3361936153650129,0.6638063846349871
1,1,0.3419356744443037,0.6580643255556963
0,1,0.3235695344806816,0.6764304655193184
0,1,0.35037588452684143,0.6496241154731586
0,1,0.38309119176973894,0.6169088082302611
1,1,0.33950594869852113,0.6604940513014789
1,1,0.38073055792908095,0.619269442070919
1,1,0.3712815194155533,0.6287184805844467
0,1,0.33072200920829653,0.6692779907917035
1,1,0.33777358635217336,0.6622264136478266
0,1,0.3522287458118888,0.6477712541881112
1,1,0.3638568316733697,0.6361431683266303
0,1,0.3425088798900249,0.6574911201099751
1,1,0.34685664297545016,0.6531433570245498
1,1,0.33933583144885227,0.6606641685511477
0,1,0.35988064634956973,0.6401193536504303
0,1,0.3102664973467544,0.6897335026532456
0,1,0.3264842667494402,0.6735157332505598
0,1,0.34778261325804716,0.6522173867419528
1,1,0.33831011148042167,0.6616898885195783
1,1,0.33363119308498224,0.6663688069150178
0,1,0.36226700439895265,0.6377329956010473
1,1,0.33988826896552926,0.6601117310344707
1,1,0.32681573070159387,0.6731842692984061
0,1,0.3293554395694097,0.6706445604305903
1,1,0.38332371156627454,0.6166762884337255
0,1,0.37898228282912183,0.6210177171708782
0,1,0.36721769942312366,0.6327823005768763
0,1,0.31723742046662073,0.6827625795333793
0,1,0.3746363896481212,0.6253636103518788
1,1,0.3882391928190475,0.6117608071809525
1,1,0.33077893189618546,0.6692210681038145
0,1,0.3269831204328093,0.6730168795671907
0,1,0.3412268123812582,0.6587731876187418
1,1,0.3953268772434415,0.6046731227565585
1,1,0.2992991607799256,0.7007008392200744
1,1,0.37721054587058345,0.6227894541294166
1,1,0.36109100321198817,0.6389089967880118
1,1,0.37837364715093136,0.6216263528490686
1,1,0.34124226974623506,0.6587577302537649
0,1,0.33488223652108795,0.665117763478912
1,1,0.34290317071941656,0.6570968292805834
1,1,0.34964458692835676,0.6503554130716432
1,1,0.3798520312743151,0.6201479687256849
0,1,0.35568887496711943,0.6443111250328806
1,1,0.32025802227777034,0.6797419777222297
0,1,0.3574923945639569,0.6425076054360431
1,1,0.375025792499716,0.624974207500284
1,1,0.36896775875645416,0.6310322412435458
1,1,0.32386819902494346,0.6761318009750565
1,1,0.3621232376518281,0.6378767623481719
1,1,0.317770119211494,0.682229880788506
1,1,0.3512185469713348,0.6487814530286652
0,1,0.3365420480411875,0.6634579519588125
0,1,0.3711531402969571,0.6288468597030429
1,1,0.36204474538469267,0.6379552546153073
1,1,0.3144339380689639,0.6855660619310361
0,1,0.32905510265641236,0.6709448973435876
0,1,0.32743706770418657,0.6725629322958134
0,1,0.35763420892212117,0.6423657910778788
0,1,0.3393803200286257,0.6606196799713743
1,1,0.3519844175836304,0.6480155824163696
1,1,0.3236671456241277,0.6763328543758723
0,1,0.35805981993776104,0.641940180062239
1,1,0.37493156828296814,0.6250684317170319
0,1,0.3536051239030352,0.6463948760969648
1,1,0.3306535991947396,0.6693464008052604
0,1,0.34895781032149176,0.6510421896785082
1,1,0.30637244733778124,0.6936275526622188
0,1,0.31766188148182006,0.6823381185181799
1,1,0.36806469544778186,0.6319353045522181
0,1,0.35177074683030873,0.6482292531696913
1,1,0.34185614264161546,0.6581438573583845
0,1,0.324451474132763,0.675548525867237
1,1,0.3680379797797485,0.6319620202202515
1,1,0.36662682807522096,0.633373171924779
1,1,0.32657631465227555,0.6734236853477245
1,1,0.33618611256561315,0.6638138874343869
0,1,0.35029638854904843,0.6497036114509516
1,1,0.3719977294345824,0.6280022705654176
1,1,0.3345343470428004,0.6654656529571996
1,1,0.3832412584194136,0.6167587415805864
1,1,0.35015742050921017,0.6498425794907898
0,1,0.3468003075489001,0.6531996924510999
1,1,0.36453363057658805,0.635466369423412
0,1,0.38608216372873094,0.6139178362712691
1,1,0.36635899473842526,0.6336410052615747
0,1,0.3307493836790638,0.6692506163209362
1,1,0.3612411282146586,0.6387588717853414
1,1,0.35050436443469424,0.6494956355653058
1,1,0.340883471755533,0.659116528244467
0,1,0.36447082465970326,0.6355291753402967
1,1,0.3430332996686254,0.6569667003313746
1,1,0.33594708731070644,0.6640529126892936
0,1,0.3245629078761598,0.6754370921238402
0,1,0.35010613597685947,0.6498938640231405
0,1,0.3400988778313251,0.6599011221686749
0,1,0.3550756924034194,0.6449243075965806
1,1,0.31427742469781506,0.685722575302185
1,1,0.33147356969711816,0.6685264303028818
1,1,0.3558101914690398,0.6441898085309602
1,1,0.34531681053790064,0.6546831894620994
0,1,0.3363416136883641,0.6636583863116359
1,1,0.35722085388185343,0.6427791461181466
1,1,0.3605289314224077,0.6394710685775923
1,1,0.3563868795886814,0.6436131204113186
1,1,0.346827278121264,0.653172721878736
1,1,0.36456362149573507,0.6354363785042649
1,1,0.3658307956864666,0.6341692043135334
0,1,0.36420455095489446,0.6357954490451055
1,1,0.3625680599474749,0.6374319400525251
0,1,0.36761227567277144,0.6323877243272286
0,1,0.3733262275554414,0.6266737724445586
0,1,0.38526526789543003,0.61473473210457
0,1,0.3669435660637955,0.6330564339362045
0,1,0.36247247519117565,0.6375275248088244
1,1,0.34313913764650594,0.6568608623534941
1,1,0.3519240287367873,0.6480759712632127
0,1,0.37084073708959164,0.6291592629104084
1,1,0.3533365308601226,0.6466634691398774
1,1,0.36045712454619594,0.6395428754538041
1,1,0.36260299736228085,0.6373970026377191
0,1,0.31036570046636003,0.68963429953364
1,1,0.3429601840916606,0.6570398159083394
0,1,0.3765226752620978,0.6234773247379022
0,1,0.33508223057760056,0.6649177694223994
1,1,0.34678158992641694,0.6532184100735831
0,1,0.335074093315744,0.664925906684256
1,1,0.3691899916422632,0.6308100083577368
1,1,0.341973011717693,0.658026988282307
0,1,0.3349660678996276,0.6650339321003724
1,1,0.32098685384448666,0.6790131461555133
0,1,0.33351646184347095,0.666483538156529
0,1,0.339369621552696,0.660630378447304
1,1,0.3524492004203805,0.6475507995796195
1,1,0.3399450218883119,0.6600549781116881
1,1,0.36651730241646774,0.6334826975835323
1,1,0.36690750763397284,0.6330924923660272
1,1,0.31444282422753056,0.6855571757724694
1,1,0.39283633542712404,0.607163664572876
1,1,0.34439242082382926,0.6556075791761707
1,1,0.3351732304848922,0.6648267695151078
0,1,0.3594840136950347,0.6405159863049653
1,1,0.3390792287057478,0.6609207712942522
1,1,0.3292560459044169,0.6707439540955831
1,1,0.32598084556793094,0.6740191544320691
0,1,0.3236781276597315,0.6763218723402685
0,1,0.3682067853670026,0.6317932146329974
1,1,0.3299533604456626,0.6700466395543374
1,1,0.3496709669630521,0.6503290330369479
0,1,0.35267816012575615,0.6473218398742439
1,1,0.354099540538545,0.645900459461455
0,1,0.32655585941213794,0.6734441405878621
1,1,0.3683716358554473,0.6316283641445527
1,1,0.3039428852846925,0.6960571147153075
0,1,0.3545642625931642,0.6454357374068358
1,1,0.33888270656357344,0.6611172934364266
0,1,0.3746959885998844,0.6253040114001156
0,1,0.3371281280090238,0.6628718719909762
0,1,0.36539234138274335,0.6346076586172567
0,1,0.3282723278693206,0.6717276721306794
0,1,0.3508333843733553,0.6491666156266447
1,1,0.35765270822155415,0.6423472917784459
0,1,0.3413537710177369,0.6586462289822631
1,1,0.3356548291159547,0.6643451708840453
1,1,0.31754541346096954,0.6824545865390305
1,1,0.3461295842005214,0.6538704157994786
1,1,0.3374366488439353,0.6625633511560647
0,1,0.34974209895805397,0.650257901041946
1,1,0.35228976072275175,0.6477102392772482
0,1,0.314591130550678,0.685408869449322
0,1,0.2863669555473065,0.7136330444526935
0,1,0.3497274627856908,0.6502725372143092
1,1,0.35278683620832796,0.647213163791672
1,1,0.3656221758697181,0.6343778241302819
0,1,0.3332441906764566,0.6667558093235434
1,1,0.38046677101162263,0.6195332289883774
0,1,0.38363503941347343,0.6163649605865266
0,1,0.3363245381698933,0.6636754618301067
1,1,0.34937346909400113,0.6506265309059989
0,1,0.32730545103054054,0.6726945489694595
0,1,0.33874435177421514,0.6612556482257849
0,1,0.35199071585617525,0.6480092841438247
0,1,0.34465072897109816,0.6553492710289018
0,1,0.3707338874556888,0.6292661125443112
0,1,0.32875943990777745,0.6712405600922225
1,1,0.35336347219021114,0.6466365278097889
1,1,0.33982457912120956,0.6601754208787904
1,1,0.3497145180044112,0.6502854819955888
1,1,0.37712402145579293,0.6228759785442071
1,1,0.3409935805806631,0.6590064194193369
1,1,0.35682744426530033,0.6431725557346997
0,1,0.3050999132368627,0.6949000867631373
1,1,0.3033347640930659,0.6966652359069341
1,1,0.35523233703505097,0.644767662964949
1,1,0.3748486741282808,0.6251513258717192
1,1,0.33210581832092756,0.6678941816790724
1,1,0.34477494343468595,0.655225056565314
0,1,0.34885375454999157,0.6511462454500084
0,1,0.3579314980292625,0.6420685019707375
0,1,0.3579125139413005,0.6420874860586995
1,1,0.37230816863353966,0.6276918313664603
1,1,0.3477934211656587,0.6522065788343413
1,1,0.35569794452174996,0.64430205547825
1,1,0.36875162371851933,0.6312483762814807
1,1,0.3440344171809554,0.6559655828190446
1,1,0.3420725405287166,0.6579274594712834
1,1,0.34799783802455164,0.6520021619754484
1,1,0.32421710983636864,0.6757828901636314
1,1,0.371738952907551,0.628261047092449
0,1,0.33097027793051015,0.6690297220694899
1,1,0.3254513877316021,0.6745486122683979
1,1,0.360526472079263,0.639473527920737
0,1,0.3436744353458052,0.6563255646541948
0,1,0.3456284589535339,0.6543715410464661
0,1,0.35587459224107654,0.6441254077589235
0,1,0.353270077140578,0.646729922859422
1,1,0.35540038000791885,0.6445996199920812
1,1,0.34417715614704836,0.6558228438529516
1,1,0.3471599538749428,0.6528400461250572
1,1,0.3051400997686513,0.6948599002313487
1,1,0.3954270049702775,0.6045729950297225
1,1,0.3405297900667478,0.6594702099332522
0,1,0.3383661790385847,0.6616338209614153
1,1,0.37595188086890596,0.624048119131094
0,1,0.28323258905548365,0.7167674109445163
1,1,0.3638422780391971,0.6361577219608029
1,1,0.33984431647657776,0.6601556835234222
1,1,0.3248039529911203,0.6751960470088797
0,1,0.3645455070093979,0.6354544929906021
0,1,0.3371290540166779,0.6628709459833221
0,1,0.32759379115291853,0.6724062088470815
1,1,0.36437051608773996,0.63562948391226
1,1,0.3631210355817298,0.6368789644182702
1,1,0.36716321878314995,0.63283678121685
1,1,0.3337003303771118,0.6662996696228882
1,1,0.3600126236007404,0.6399873763992596
0,1,0.3408320233581653,0.6591679766418347
1,1,0.355519934692227,0.644480065307773
0,1,0.27630156258841754,0.7236984374115825
1,1,0.3364339547395496,0.6635660452604504
0,1,0.36572766641120147,0.6342723335887985
1,1,0.36167454870904026,0.6383254512909597
0,1,0.33868116686957084,0.6613188331304292
0,1,0.3469252003687532,0.6530747996312468
1,1,0.3416886761367196,0.6583113238632804
1,1,0.33282882270727177,0.6671711772927282
1,1,0.3611062355505007,0.6388937644494993
1,1,0.33563460099672426,0.6643653990032757
1,1,0.3724278837296794,0.6275721162703206
0,1,0.34156555335501826,0.6584344466449817
1,1,0.3969047856339901,0.6030952143660099
1,1,0.3731335610235098,0.6268664389764902
1,1,0.3419333966021204,0.6580666033978796
0,1,0.3190183579984541,0.6809816420015459
0,1,0.36315802869596414,0.6368419713040359
1,1,0.3535260240701381,0.6464739759298619
1,1,0.3526363303444071,0.6473636696555929
1,1,0.31405599461609224,0.6859440053839078
1,1,0.3354162895385814,0.6645837104614186
0,1,0.3457690693073392,0.6542309306926608
1,1,0.3580312257086452,0.6419687742913548
1,1,0.36654392385648615,0.6334560761435138
1,1,0.3430660101087023,0.6569339898912977
1,1,0.34091671244997,0.65908328755003
0,1,0.39943423789077304,0.600565762109227
0,1,0.3288279998888789,0.6711720001111211
1,1,0.36570309357093467,0.6342969064290653
0,1,0.33314867034654194,0.6668513296534581
1,1,0.3571729361218845,0.6428270638781155
0,1,0.35690654423748347,0.6430934557625165
1,1,0.3367104286629634,0.6632895713370366
1,1,0.35463237967154226,0.6453676203284577
1,1,0.3627811033122682,0.6372188966877318
1,1,0.38161432350778934,0.6183856764922107
1,1,0.3658910394470666,0.6341089605529334
1,1,0.3496403759548353,0.6503596240451647
0,1,0.34091418347847424,0.6590858165215258
0,1,0.3514330378184095,0.6485669621815905
1,1,0.4014030618961636,0.5985969381038364
1,1,0.31773678605019784,0.6822632139498022
1,1,0.3056575519430096,0.6943424480569904
1,1,0.32740714762761125,0.6725928523723887
1,1,0.34712849888924646,0.6528715011107535
1,1,0.3526384486041504,0.6473615513958496
1,1,0.3392191309232867,0.6607808690767133
1,1,0.3313161577039503,0.6686838422960497
1,1,0.35004229997250336,0.6499577000274966
0,1,0.3618308778913162,0.6381691221086838
1,1,0.3496161562414305,0.6503838437585695
1,1,0.35881623609360436,0.6411837639063956
1,1,0.3303723216194776,0.6696276783805224
0,1,0.33930051179991283,0.6606994882000872
1,1,0.30779014969602125,0.6922098503039787
1,1,0.3400849189197622,0.6599150810802378
1,1,0.3932459724818367,0.6067540275181633
0,1,0.32980307618980687,0.6701969238101931
1,1,0.3338548031068279,0.6661451968931721
1,1,0.37217416132264514,0.6278258386773549
1,1,0.33911171110779903,0.660888288892201
1,1,0.3478085817825237,0.6521914182174763
1,1,0.3328737576966484,0.6671262423033516
0,1,0.3331287547310604,0.6668712452689396
1,1,0.3360047044494937,0.6639952955505063
0,1,0.36320196093018975,0.6367980390698103
1,1,0.3647447340568972,0.6352552659431028
1,1,0.33420804620652445,0.6657919537934756
1,1,0.3643000406871155,0.6356999593128845
0,1,0.34677380103137756,0.6532261989686224
1,1,0.33964057711559126,0.6603594228844087
0,1,0.3646398556548408,0.6353601443451592
1,1,0.3364802811747162,0.6635197188252838
1,1,0.31189906858589445,0.6881009314141056
0,1,0.3625928741655422,0.6374071258344578
0,1,0.3623132232143671,0.6376867767856329
0,1,0.39364104514481435,0.6063589548551857
0,1,0.3425409313685367,0.6574590686314633
1,1,0.39097791699927575,0.6090220830007242
1,1,0.33914400020673496,0.660855999793265
1,1,0.3996139166279151,0.6003860833720849
1,1,0.35561805402665403,0.644381945973346
0,1,0.3802493929529456,0.6197506070470544
1,1,0.3698131235661415,0.6301868764338585
1,1,0.3224847917460594,0.6775152082539406
1,1,0.327096453322809,0.672903546677191
0,1,0.32370700360168114,0.6762929963983189
0,1,0.34235194092429233,0.6576480590757077
1,1,0.34352865696940504,0.656471343030595
1,1,0.37172528725416043,0.6282747127458396
0,1,0.3603572603019769,0.6396427396980231
1,1,0.35040045753950233,0.6495995424604977
1,1,0.34728925034945735,0.6527107496505427
1,1,0.3558344972483086,0.6441655027516914
0,1,0.3579488099158148,0.6420511900841852
1,1,0.31971208249867045,0.6802879175013296
1,1,0.39152940735815234,0.6084705926418477
1,1,0.35558694641418664,0.6444130535858134
0,1,0.36208338708788834,0.6379166129121117
0,1,0.351256812546616,0.648743187453384
1,1,0.36673443956434215,0.6332655604356578
0,1,0.3182691483176797,0.6817308516823203
1,1,0.3570214876911193,0.6429785123088807
1,1,0.3485090330131072,0.6514909669868928
1,1,0.3595631893842015,0.6404368106157985
1,1,0.34537534707838624,0.6546246529216138
0,1,0.34377183046273263,0.6562281695372674
1,1,0.35338828630118324,0.6466117136988168
1,1,0.35565402797472834,0.6443459720252717
0,1,0.31280385623510676,0.6871961437648932
1,1,0.3650417941164651,0.6349582058835349
1,1,0.2978676456647703,0.7021323543352297
1,1,0.3592027720408574,0.6407972279591426
1,1,0.3433994914635946,0.6566005085364054
1,1,0.2864197876615193,0.7135802123384807
1,1,0.33749899037506603,0.662501009624934
1,1,0.3348019012929,0.6651980987071
1,1,0.32314957440060443,0.6768504255993956
0,1,0.3401209958815582,0.6598790041184418
0,1,0.3505442298807866,0.6494557701192134
0,1,0.3466716962148061,0.6533283037851939
1,1,0.3215068899130764,0.6784931100869236
1,1,0.3516656574925737,0.6483343425074263
0,1,0.3498594454088415,0.6501405545911585
1,1,0.34283961019830833,0.6571603898016917
0,1,0.3404093417007972,0.6595906582992028
0,1,0.3470952942231764,0.6529047057768236
1,1,0.3459768694993127,0.6540231305006873
0,1,0.36927138682926675,0.6307286131707333
1,1,0.342158796560437,0.657841203439563
0,1,0.32122328940079303,0.678776710599207
0,1,0.36661057640926564,0.6333894235907344
1,1,0.36243876367294137,0.6375612363270586
1,1,0.3570658188085172,0.6429341811914828
1,1,0.3535375293079944,0.6464624706920056
1,1,0.3621828764076074,0.6378171235923926
1,1,0.37610610524722643,0.6238938947527736
1,1,0.32768799031878004,0.67231200968122
0,1,0.3747610309361572,0.6252389690638428
1,1,0.33382056496336054,0.6661794350366395
1,1,0.36831405090382596,0.631685949096174
1,1,0.35437570570947063,0.6456242942905294
1,1,0.3602372503587461,0.6397627496412539
0,1,0.3604774079304689,0.6395225920695311
0,1,0.3689903300646251,0.6310096699353749
0,1,0.3247855955710497,0.6752144044289503
0,1,0.33810006516658686,0.6618999348334131
1,1,0.36139546386716004,0.63860453613284
0,1,0.35119483861936307,0.6488051613806369
1,1,0.3522513236377114,0.6477486763622886
0,1,0.4657315387261971,0.5342684612738029
1,1,0.33532351753261225,0.6646764824673878
0,1,0.37331931590142853,0.6266806840985715
1,1,0.3469606141607291,0.6530393858392709
0,1,0.322985152276406,0.677014847723594
0,1,0.3673157179569667,0.6326842820430333
0,1,0.3653667019468442,0.6346332980531558
0,1,0.4086475582116156,0.5913524417883844
1,1,0.3305975601842329,0.6694024398157671
0,1,0.3271454245739872,0.6728545754260128
0,1,0.3638393955268666,0.6361606044731334
0,1,0.30325634713339233,0.6967436528666077
1,1,0.34195727298932976,0.6580427270106702
1,1,0.36069353265354775,0.6393064673464522
1,1,0.3290398337768895,0.6709601662231105
1,1,0.33780983784150587,0.6621901621584941
1,1,0.34610325287640986,0.6538967471235901
1,1,0.30690927361128273,0.6930907263887173
1,1,0.36945134094244636,0.6305486590575536
0,1,0.3433502991355242,0.6566497008644758
1,1,0.39457015739066026,0.6054298426093397
1,1,0.3797143535405748,0.6202856464594252
0,1,0.32130476608622704,0.678695233913773
1,1,0.3261768734780526,0.6738231265219474
1,1,0.35079294301574415,0.6492070569842558
1,1,0.3288134431340989,0.6711865568659011
1,1,0.36381025011008816,0.6361897498899118
0,1,0.34534332571878545,0.6546566742812145
1,1,0.3727921930495377,0.6272078069504623
1,1,0.33833570732187757,0.6616642926781224
0,1,0.33887245209765493,0.6611275479023451
0,1,0.3249736997587169,0.6750263002412831
1,1,0.3624682815304382,0.6375317184695618
1,1,0.30617775282785065,0.6938222471721494
1,1,0.3807574368466168,0.6192425631533832
0,1,0.3513213185454561,0.6486786814545439
0,1,0.32363047718826643,0.6763695228117336
0,1,0.33451382448643185,0.6654861755135681
0,1,0.347383149674399,0.652616850325601
0,1,0.34870300685878686,0.6512969931412131
1,1,0.3670476335059135,0.6329523664940865
0,1,0.3721936728774563,0.6278063271225437
1,1,0.3285414696120277,0.6714585303879723
0,1,0.3453738069118548,0.6546261930881452
1,1,0.3372230303850762,0.6627769696149238
1,1,0.3613591033039033,0.6386408966960967
1,1,0.3507494629496294,0.6492505370503706
1,1,0.38378982813756135,0.6162101718624386
0,1,0.33895638324342237,0.6610436167565776
0,1,0.3608374587821753,0.6391625412178247
1,1,0.33421089660691206,0.6657891033930879
1,1,0.34745627610532737,0.6525437238946726
0,1,0.310471091195371,0.689528908804629
1,1,0.3556802876751507,0.6443197123248493
1,1,0.3510656297814988,0.6489343702185012
1,1,0.3633020542389478,0.6366979457610522
1,1,0.3248861359921983,0.6751138640078017
1,1,0.32206642055485746,0.6779335794451425
1,1,0.3455600487011059,0.6544399512988941
1,1,0.3406938980450923,0.6593061019549077
1,1,0.3357662920411554,0.6642337079588446
1,1,0.34150121009557977,0.6584987899044202
0,1,0.34552493935742423,0.6544750606425758
0,1,0.35356328153842365,0.6464367184615764
0,1,0.3481388945977286,0.6518611054022714
1,1,0.32689247845679015,0.6731075215432099
0,1,0.36448249577167335,0.6355175042283266
1,1,0.34369941988409125,0.6563005801159087
1,1,0.3608397018922126,0.6391602981077874
1,1,0.31893317584828185,0.6810668241517182
1,1,0.33384337950951304,0.666156620490487
1,1,0.34816623852151585,0.6518337614784842
1,1,0.34932701874345795,0.650672981256542
1,1,0.3525164622619926,0.6474835377380074
0,1,0.34908335027995696,0.650916649720043
0,1,0.35106382594744057,0.6489361740525594
1,1,0.34603558503663934,0.6539644149633607
1,1,0.3348939579702922,0.6651060420297078
0,1,0.42647409244568735,0.5735259075543127
0,1,0.34412359341621634,0.6558764065837837
1,1,0.3244389517824202,0.6755610482175798
1,1,0.34312671484927004,0.65687328515073
1,1,0.35805617672662604,0.641943823273374
1,1,0.33724922889229625,0.6627507711077038
1,1,0.3858795220086646,0.6141204779913354
1,1,0.3599104273348359,0.6400895726651641
1,1,0.3611234174288377,0.6388765825711623
1,1,0.31078476221897966,0.6892152377810203
1,1,0.3452101921662909,0.6547898078337091
0,1,0.3163169481619965,0.6836830518380035
1,1,0.3584771919579628,0.6415228080420372
1,1,0.3551562981528298,0.6448437018471702
0,1,0.354729168159572,0.645270831840428
1,1,0.3876058565399041,0.6123941434600959
0,1,0.337993093823472,0.662006906176528
0,1,0.3368470448202243,0.6631529551797757
0,1,0.3153160198751125,0.6846839801248875
1,1,0.3530098866611445,0.6469901133388555
1,1,0.35817441646947057,0.6418255835305294
0,1,0.39868412373916706,0.6013158762608329
1,1,0.37239346273662954,0.6276065372633705
1,1,0.34784627983257965,0.6521537201674203
1,1,0.34825425140680777,0.6517457485931922
1,1,0.36146620528399165,0.6385337947160084
1,1,0.3484404813921077,0.6515595186078923
1,1,0.3472229999323284,0.6527770000676716
1,1,0.35003723810624376,0.6499627618937562
1,1,0.36145716633825764,0.6385428336617424
1,1,0.34195413959731635,0.6580458604026836
1,1,0.3303896149231559,0.6696103850768441
0,1,0.3520590663645531,0.6479409336354469
1,1,0.346827471766167,0.653172528233833
1,1,0.35430090157975724,0.6456990984202428
0,1,0.35215373059198185,0.6478462694080181
0,1,0.35598206154768275,0.6440179384523173
0,1,0.35349605287101427,0.6465039471289857
1,1,0.3479097060455897,0.6520902939544103
0,1,0.34753960975792253,0.6524603902420775
0,1,0.34394185506692065,0.6560581449330793
1,1,0.34381116535928125,0.6561888346407188
1,1,0.3310189684805842,0.6689810315194158
0,1,0.3549490900466271,0.6450509099533729
0,1,0.35526675558453935,0.6447332444154606
1,1,0.34391585754666254,0.6560841424533375
0,1,0.32399168860476235,0.6760083113952376
0,1,0.3603660236712001,0.6396339763287999
1,1,0.34505711354284474,0.6549428864571553
0,1,0.37345160354242224,0.6265483964575778
0,1,0.3504626105988249,0.6495373894011751
0,1,0.3518426545265946,0.6481573454734054
1,1,0.36528654528014304,0.634713454719857
1,1,0.3606577969907846,0.6393422030092154
1,1,0.3555518599515657,0.6444481400484343
1,1,0.3667267549776364,0.6332732450223636
1,1,0.33991033676014937,0.6600896632398506
1,1,0.30360368642951796,0.696396313570482
1,1,0.3503763788154902,0.6496236211845098
1,1,0.32708513853732024,0.6729148614626798
1,1,0.3419793652501082,0.6580206347498918
1,1,0.3608058695815751,0.6391941304184249
1,1,0.32257158259925156,0.6774284174007484
0,1,0.3470548383092199,0.6529451616907801
1,1,0.3328212725741879,0.6671787274258121
1,1,0.31186055327969053,0.6881394467203095
0,1,0.34615924440188617,0.6538407555981138
0,1,0.35807425062366893,0.6419257493763311
1,1,0.33259713306246985,0.6674028669375301
1,1,0.3576407078070417,0.6423592921929583
1,1,0.35764888187758215,0.6423511181224179
0,1,0.36457047584758195,0.635429524152418
1,1,0.3556579001132457,0.6443420998867543
0,1,0.3806235604281084,0.6193764395718916
1,1,0.33983529682182045,0.6601647031781795
1,1,0.3481080740544079,0.6518919259455921
1,1,0.319370349653041,0.680629650346959
1,1,0.36018830017367554,0.6398116998263245
1,1,0.33292021937715177,0.6670797806228482
1,1,0.3515577017955076,0.6484422982044924
1,1,0.3461544269270084,0.6538455730729916
1,1,0.37422614178927804,0.625773858210722
1,1,0.40519617731219604,0.594803822687804
1,1,0.3691877684767395,0.6308122315232605
1,1,0.31687798579111415,0.6831220142088859
1,1,0.35979425979566637,0.6402057402043336
0,1,0.3478989198649406,0.6521010801350594
0,1,0.3200839357084727,0.6799160642915273
1,1,0.3814879560325115,0.6185120439674885
0,1,0.3247570752912201,0.6752429247087799
0,1,0.38675342338167484,0.6132465766183252
1,1,0.36242495158282984,0.6375750484171702
0,1,0.3778456413836181,0.6221543586163819
1,1,0.36662403552661393,0.6333759644733861
1,1,0.34892971556018726,0.6510702844398127
1,1,0.3516493660510702,0.6483506339489298
0,1,0.362465112892319,0.637534887107681
1,1,0.3594051196603918,0.6405948803396082
1,1,0.3263883947421018,0.6736116052578982
1,1,0.3766953883976395,0.6233046116023605
1,1,0.35516676860311236,0.6448332313968876
1,1,0.35080786936457786,0.6491921306354221
1,1,0.3382354128378152,0.6617645871621848
1,1,0.3340565634683381,0.6659434365316619
1,1,0.3172715005424479,0.6827284994575521
1,1,0.3693211527955388,0.6306788472044612
1,1,0.3776554962196108,0.6223445037803892
1,1,0.32372586557818095,0.676274134421819
1,1,0.33951393187315926,0.6604860681268407
0,1,0.33739166596233294,0.6626083340376671
0,1,0.3518266407731171,0.6481733592268829
1,1,0.33048339601662313,0.6695166039833769
1,1,0.3575273932346774,0.6424726067653226
1,1,0.34211273847907087,0.6578872615209291
1,1,0.3694256729429747,0.6305743270570253
1,1,0.3801522999321866,0.6198477000678134
0,1,0.3603435368967569,0.6396564631032431
1,1,0.34855679887645974,0.6514432011235403
1,1,0.3694971416634001,0.6305028583365999
1,1,0.35231041467504487,0.6476895853249551
1,1,0.33527542777894426,0.6647245722210557
0,1,0.3292195988144836,0.6707804011855164
0,1,0.353494931464281,0.646505068535719
1,1,0.3691557140655066,0.6308442859344934
1,1,0.42610974035880866,0.5738902596411913
1,1,0.3323846076263821,0.6676153923736179
1,1,0.3497853866647692,0.6502146133352308
1,1,0.3530293652584344,0.6469706347415656
1,1,0.3343493906710344,0.6656506093289656
1,1,0.3747284580421143,0.6252715419578857
0,1,0.3580083799639706,0.6419916200360294
0,1,0.37300953374409496,0.626990466255905
1,1,0.36685221658203204,0.633147783417968
1,1,0.3442295227334762,0.6557704772665238
1,1,0.3436859166533498,0.6563140833466502
0,1,0.3382702707103392,0.6617297292896608
1,1,0.37907866761954856,0.6209213323804514
1,1,0.34873363001792756,0.6512663699820724
1,1,0.3613755451845463,0.6386244548154537
1,1,0.3174584127507448,0.6825415872492552
1,1,0.34284716102069657,0.6571528389793034
0,1,0.3300858682869541,0.6699141317130459
0,1,0.3358357227684039,0.6641642772315961
1,1,0.35116732901152437,0.6488326709884756
0,1,0.3468037775395496,0.6531962224604504
1,1,0.3399904279145354,0.6600095720854646
1,1,0.34876157720223233,0.6512384227977677
1,1,0.3821526593548882,0.6178473406451118
1,1,0.36964219039629775,0.6303578096037022
0,1,0.3364858491492245,0.6635141508507755
1,1,0.33687823502376,0.66312176497624
1,1,0.3686088122976675,0.6313911877023325
1,1,0.3268206456669204,0.6731793543330796
1,1,0.32608409502844304,0.673915904971557
1,1,0.36275865825256937,0.6372413417474306
0,1,0.3197083737652381,0.6802916262347619
1,1,0.3451768258891671,0.6548231741108329
0,1,0.35604834049505774,0.6439516595049423
0,1,0.3652169815523727,0.6347830184476273
0,1,0.3628593582438746,0.6371406417561254
1,1,0.3520935918982925,0.6479064081017075
1,1,0.34910696141180153,0.6508930385881985
1,1,0.3221692226456273,0.6778307773543727
1,1,0.32831696633276386,0.6716830336672361
1,1,0.3627617364705229,0.6372382635294771
0,1,0.32780648054619266,0.6721935194538073
1,1,0.3551664180866566,0.6448335819133434
1,1,0.33966892930130055,0.6603310706986995
0,1,0.34697429504506583,0.6530257049549342
1,1,0.35378747186746706,0.6462125281325329
1,1,0.34462853697947415,0.6553714630205258
0,1,0.33696014480692726,0.6630398551930727
1,1,0.33486550064786735,0.6651344993521326
1,1,0.3550914552378468,0.6449085447621532
1,1,0.38048656265768976,0.6195134373423102
0,1,0.3442432339495113,0.6557567660504887
1,1,0.35006845317084523,0.6499315468291548
0,1,0.32646879747712143,0.6735312025228786
1,1,0.331334708245857,0.668665291754143
1,1,0.36275894906025463,0.6372410509397454
0,1,0.36238484230635715,0.6376151576936429
1,1,0.3635500931961182,0.6364499068038818
1,1,0.3413219285829301,0.6586780714170699
1,1,0.33275821868648603,0.667241781313514
1,1,0.35078413053786106,0.6492158694621389
1,1,0.32836025380964606,0.6716397461903539
0,1,0.36117500176715966,0.6388249982328403
1,1,0.33508361714098955,0.6649163828590104
1,1,0.34518550245087765,0.6548144975491224
1,1,0.3637296938582911,0.6362703061417089
1,1,0.32571258860011587,0.6742874113998841
0,1,0.312118312954934,0.687881687045066
0,1,0.3250804632552554,0.6749195367447446
1,1,0.3194716512015977,0.6805283487984023
1,1,0.3590964855970593,0.6409035144029407
1,1,0.37546219574228723,0.6245378042577128
0,1,0.3549109303410759,0.6450890696589241
0,1,0.3458571261191641,0.6541428738808359
1,1,0.3203361161075795,0.6796638838924205
1,1,0.37246244982616095,0.627537550173839
1,1,0.3540892921503245,0.6459107078496755
0,1,0.32939469165272517,0.6706053083472748
0,1,0.32823238478252903,0.671767615217471
1,1,0.35051738014047396,0.649482619859526
1,1,0.324794994985376,0.675205005014624
1,1,0.34243747106552125,0.6575625289344788
1,1,0.3433897280036198,0.6566102719963802
1,1,0.3414097438404303,0.6585902561595697
1,1,0.3784514099779789,0.6215485900220211
1,1,0.35245930988129526,0.6475406901187047
1,1,0.34014454133923155,0.6598554586607684
0,1,0.3360250731165826,0.6639749268834174
1,1,0.35740080160935694,0.6425991983906431
0,1,0.4060843925718912,0.5939156074281088
1,1,0.3684076634426512,0.6315923365573488
0,1,0.3373489089555384,0.6626510910444616
1,1,0.37375322832006985,0.6262467716799301
1,1,0.3474983531959819,0.6525016468040181
0,1,0.294008318561102,0.705991681438898
0,1,0.3602478396269011,0.6397521603730989
1,1,0.32202426564689834,0.6779757343531017
1,1,0.3728412595085018,0.6271587404914982
1,1,0.37390087055711974,0.6260991294428803
0,1,0.38714488869854724,0.6128551113014528
0,1,0.32958015163480836,0.6704198483651916
0,1,0.3415163276431802,0.6584836723568198
1,1,0.34772727808060877,0.6522727219193912
1,1,0.3306318716738156,0.6693681283261844
1,1,0.33463363232461807,0.6653663676753819
0,1,0.328122185597451,0.671877814402549
1,1,0.35037971484210717,0.6496202851578928
0,1,0.34943065910503013,0.6505693408949699
0,1,0.3419263417895402,0.6580736582104598
0,1,0.3775709766466788,0.6224290233533212
0,1,0.33796192649389245,0.6620380735061075
1,1,0.3674245096894172,0.6325754903105828
1,1,0.3253942420939817,0.6746057579060183
0,1,0.3652301057304169,0.6347698942695831
1,1,0.3405963781768103,0.6594036218231897
0,1,0.3297501356054726,0.6702498643945274
0,1,0.30164347721890017,0.6983565227810998
1,1,0.3267998362998509,0.6732001637001491
1,1,0.3419468125757269,0.6580531874242731
0,1,0.38286942594814544,0.6171305740518546
1,1,0.34878988087501683,0.6512101191249832
1,1,0.35430270390852303,0.645697296091477
1,1,0.3519898907574076,0.6480101092425924
1,1,0.3601959451328026,0.6398040548671974
0,1,0.35072935020703955,0.6492706497929605
0,1,0.37066912043956146,0.6293308795604385
1,1,0.3382415184524199,0.6617584815475801
1,1,0.3624570292808825,0.6375429707191175
0,1,0.34252925247613697,0.657470747523863
1,1,0.37796537381852047,0.6220346261814795
1,1,0.3432174401974457,0.6567825598025543
0,1,0.32485544956857004,0.67514455043143
0,1,0.31438386548789976,0.6856161345121002
0,1,0.3574972327138942,0.6425027672861058
0,1,0.34880753022194133,0.6511924697780587
0,1,0.34113181845504537,0.6588681815449546
0,1,0.38013754919040166,0.6198624508095983
1,1,0.35328798036676123,0.6467120196332388
1,1,0.34020403187208303,0.659795968127917
1,1,0.3806877605054432,0.6193122394945568
1,1,0.33964894729942663,0.6603510527005734
0,1,0.34718793073865417,0.6528120692613458
1,1,0.34697497856974147,0.6530250214302585
1,1,0.35639207986143207,0.6436079201385679
1,1,0.34800963551503206,0.6519903644849679
0,1,0.33916144844974105,0.660838551550259
1,1,0.34290950345711346,0.6570904965428865
1,1,0.365725824570988,0.634274175429012
0,1,0.3528511279127944,0.6471488720872056
1,1,0.3503410625897827,0.6496589374102173
1,1,0.2945445400901513,0.7054554599098487
1,1,0.3609240222375725,0.6390759777624275
0,1,0.34944137107049966,0.6505586289295003
1,1,0.30841713219938227,0.6915828678006177
0,1,0.34677759090353344,0.6532224090964666
1,1,0.37731169206319215,0.6226883079368078
1,1,0.35806310890207804,0.641936891097922
1,1,0.3352722735239124,0.6647277264760876
0,1,0.32605235426867374,0.6739476457313263
1,1,0.34481287047769515,0.6551871295223048
1,1,0.34589796907992887,0.6541020309200711
1,1,0.332114627094209,0.667885372905791
1,1,0.3569068448210292,0.6430931551789708
1,1,0.3695806898053835,0.6304193101946165
1,1,0.3898659616728891,0.6101340383271109
1,1,0.35720458489853246,0.6427954151014675
0,1,0.3464727981164668,0.6535272018835332
1,1,0.3323174718182479,0.6676825281817521
1,1,0.3894777915837302,0.6105222084162698
1,1,0.3531993619547734,0.6468006380452266
1,1,0.40275403959578515,0.5972459604042148
0,1,0.34795369173531876,0.6520463082646812
1,1,0.3350122629041543,0.6649877370958457
1,1,0.3943283254259977,0.6056716745740023
0,1,0.34976885402846514,0.6502311459715349
1,1,0.35613230686770003,0.6438676931323
1,1,0.3289585354934854,0.6710414645065146
0,1,0.4064598440862701,0.5935401559137299
1,1,0.37968703811900906,0.6203129618809909
1,1,0.3423250648812667,0.6576749351187333
1,1,0.33474834373373996,0.66525165626626
1,1,0.3556950157983465,0.6443049842016535
0,1,0.3412735036294051,0.6587264963705949
0,1,0.3185514211162609,0.6814485788837391
0,1,0.32725006418659275,0.6727499358134073
0,1,0.3477428018315585,0.6522571981684415
0,1,0.33178556425415473,0.6682144357458453
0,1,0.34725963326797404,0.652740366732026
1,1,0.3748689698846974,0.6251310301153026
1,1,0.36444540308946693,0.6355545969105331
0,1,0.3796433414675334,0.6203566585324666
0,1,0.2790490235584231,0.7209509764415769
1,1,0.43344249763654186,0.5665575023634581
1,1,0.3397914587563132,0.6602085412436868
1,1,0.34433614595927864,0.6556638540407214
1,1,0.39952496577415186,0.6004750342258481
0,1,0.3318511821369412,0.6681488178630588
0,1,0.34187357364864646,0.6581264263513535
0,1,0.3237366794971842,0.6762633205028158
1,1,0.34330347994258414,0.6566965200574159
1,1,0.3480570555521584,0.6519429444478416
1,1,0.3514012519554476,0.6485987480445524
1,1,0.3817088776652843,0.6182911223347157
1,1,0.31049050503277753,0.6895094949672225
0,1,0.3111804092563695,0.6888195907436305
0,1,0.3036488668130721,0.6963511331869279
1,1,0.3704131455114211,0.6295868544885789
1,1,0.3349986738739732,0.6650013261260268
1,1,0.3325150167152058,0.6674849832847942
1,1,0.32373450400924186,0.6762654959907581
1,1,0.35183826690200026,0.6481617330979997
1,1,0.35012725268358036,0.6498727473164196
0,1,0.32373851760109373,0.6762614823989063
1,1,0.3302513899824955,0.6697486100175045
1,1,0.35568761620829337,0.6443123837917066
1,1,0.3614226416821622,0.6385773583178378
1,1,0.31039910446827146,0.6896008955317285
1,1,0.36836580258616447,0.6316341974138355
0,1,0.37902779272515097,0.620972207274849
1,1,0.38653457057758434,0.6134654294224157
1,1,0.3339039809550636,0.6660960190449364
0,1,0.34011198376054175,0.6598880162394583
1,1,0.3719871027987932,0.6280128972012068
1,1,0.3405292168151187,0.6594707831848813
1,1,0.36291928497648207,0.6370807150235179
1,1,0.3517054049021576,0.6482945950978424
1,1,0.382946477188569,0.617053522811431
0,1,0.34261609090371004,0.65738390909629
1,1,0.3687348506102869,0.6312651493897131
1,1,0.38195443642630544,0.6180455635736946
1,1,0.35873701917532264,0.6412629808246774
1,1,0.36194267330828156,0.6380573266917184
0,1,0.34067045842339594,0.6593295415766041
0,1,0.36171478032115933,0.6382852196788407
1,1,0.32620151946783804,0.673798480532162
0,1,0.38086627028132536,0.6191337297186746
1,1,0.3580138513034028,0.6419861486965972
1,1,0.3600007608466448,0.6399992391533552
1,1,0.3687308867681255,0.6312691132318745
0,1,0.362008926438809,0.637991073561191
1,1,0.3718643805238613,0.6281356194761387
0,1,0.39241096335721526,0.6075890366427847
1,1,0.3673644531204028,0.6326355468795972
0,1,0.36786645732115086,0.6321335426788491
1,1,0.32113840704787333,0.6788615929521267
1,1,0.3412644631857674,0.6587355368142326
1,1,0.35034823970126483,0.6496517602987352
1,1,0.31152678377902876,0.6884732162209712
1,1,0.33252182973706823,0.6674781702629318
0,1,0.3560566546256114,0.6439433453743886
0,1,0.31821053754692563,0.6817894624530744
0,1,0.36091967705565975,0.6390803229443403
0,1,0.3615064455949416,0.6384935544050584
1,1,0.3684151849989118,0.6315848150010882
0,1,0.36388241881497185,0.6361175811850281
1,1,0.3477645297351608,0.6522354702648392
1,1,0.3453714908158748,0.6546285091841252
0,1,0.3561680436605822,0.6438319563394178
0,1,0.381351208814908,0.618648791185092
1,1,0.33649232242591964,0.6635076775740804
1,1,0.32999022691043656,0.6700097730895634
0,1,0.3396849454865637,0.6603150545134363
1,1,0.32796213474151237,0.6720378652584876
1,1,0.37761060342931885,0.6223893965706812
1,1,0.3907678791090853,0.6092321208909147
1,1,0.3481816571555235,0.6518183428444765
0,1,0.3595498703658311,0.6404501296341689
1,1,0.4006986814946677,0.5993013185053323
0,1,0.3722873576962781,0.6277126423037219
0,1,0.3524610136611066,0.6475389863388934
0,1,0.35510451029464296,0.644895489705357
1,1,0.3390958325480673,0.6609041674519327
1,1,0.3287403653406482,0.6712596346593518
1,1,0.381243577176425,0.618756422823575
0,1,0.3786761886569867,0.6213238113430133
0,1,0.336407557716234,0.663592442283766
0,1,0.3771570807862389,0.6228429192137611
1,1,0.33460205089710604,0.665397949102894
1,1,0.322124728535236,0.677875271464764
1,1,0.3656749842831448,0.6343250157168552
1,1,0.3451261982826451,0.6548738017173549
0,1,0.3238089633446892,0.6761910366553108
1,1,0.344835099272063,0.655164900727937
0,1,0.3708563200093623,0.6291436799906377
0,1,0.3395219479203746,0.6604780520796254
1,1,0.2982993129019047,0.7017006870980953
0,1,0.36919988945275417,0.6308001105472458
1,1,0.34441091585680683,0.6555890841431932
0,1,0.35072548225717726,0.6492745177428227
0,1,0.345783729403783,0.654216270596217
0,1,0.35553492197430514,0.6444650780256949
1,1,0.3700764776226749,0.6299235223773251
1,1,0.3508913602627872,0.6491086397372128
0,1,0.36574948669886287,0.6342505133011371
1,1,0.3542885779444501,0.6457114220555499
1,1,0.32899408411405584,0.6710059158859442
1,1,0.37118574205488397,0.628814257945116
1,1,0.4059801430715767,0.5940198569284233
0,1,0.32196220061146086,0.6780377993885391
0,1,0.35701513528430073,0.6429848647156993
1,1,0.3357378795453805,0.6642621204546195
1,1,0.3485175992285465,0.6514824007714535
0,1,0.3533642449570841,0.6466357550429159
0,1,0.33346625039210365,0.6665337496078964
0,1,0.35519545814173614,0.6448045418582639
1,1,0.3611652332141876,0.6388347667858124
0,1,0.3609622994277054,0.6390377005722946
1,1,0.36054267314409894,0.6394573268559011
0,1,0.2907234946748637,0.7092765053251363
1,1,0.35755372616183434,0.6424462738381657
1,1,0.32838346686011666,0.6716165331398833
1,1,0.36366276461016966,0.6363372353898303
1,1,0.37082506427396067,0.6291749357260393
1,1,0.36534469380656576,0.6346553061934342
1,1,0.3486819978251309,0.6513180021748691
1,1,0.374952701771189,0.625047298228811
1,1,0.35315403534555323,0.6468459646544468
0,1,0.38427794003833493,0.6157220599616651
0,1,0.34147272621433533,0.6585272737856647
1,1,0.3411189186311112,0.6588810813688888
1,1,0.32027745462335333,0.6797225453766467
0,1,0.34182612929697853,0.6581738707030215
0,1,0.3496185749696189,0.6503814250303811
1,1,0.347081152263121,0.652918847736879
1,1,0.3229467380430838,0.6770532619569162
0,1,0.3488493161120012,0.6511506838879988
1,1,0.3363624189117679,0.6636375810882321
0,1,0.361567846708704,0.638432153291296
1,1,0.32639210433508925,0.6736078956649107
1,1,0.3526966230727856,0.6473033769272144
0,1,0.3380558824384241,0.6619441175615759
0,1,0.3597450832783099,0.6402549167216901
1,1,0.3175974092161521,0.6824025907838479
0,1,0.37078839554433507,0.6292116044556649
1,1,0.32836022965886347,0.6716397703411365
1,1,0.3414537955504414,0.6585462044495586
0,1,0.3552918216543721,0.6447081783456279
0,1,0.35365612533616086,0.6463438746638391
1,1,0.34686892572023453,0.6531310742797655
1,1,0.31546876733245277,0.6845312326675472
1,1,0.33738436742419453,0.6626156325758055
0,1,0.35303451707869005,0.64696548292131
0,1,0.32632980785706645,0.6736701921429336
1,1,0.35450435211108644,0.6454956478889136
0,1,0.34924275483069933,0.6507572451693007
1,1,0.33206793134720014,0.6679320686527999
1,1,0.36145420046086096,0.638545799539139
0,1,0.36518246905606155,0.6348175309439384
0,1,0.32153007744757633,0.6784699225524237
1,1,0.32395799507710643,0.6760420049228936
1,1,0.3893370714262918,0.6106629285737082
1,1,0.3752064164359722,0.6247935835640278
1,1,0.36844550313923696,0.631554496860763
0,1,0.35390849392102397,0.646091506078976
1,1,0.3616839351866602,0.6383160648133398
1,1,0.3686828632965148,0.6313171367034852
1,1,0.36578778703345616,0.6342122129665438
0,1,0.34099567584826573,0.6590043241517343
1,1,0.30183874916939357,0.6981612508306064
1,1,0.3531751691409183,0.6468248308590817
0,1,0.36745903816128933,0.6325409618387107
0,1,0.3699726915977015,0.6300273084022985
1,1,0.35909449953109496,0.640905500468905
1,1,0.3647938009414604,0.6352061990585396
1,1,0.33329875876853954,0.6667012412314605
0,1,0.3576096768385828,0.6423903231614172
0,1,0.34232132150218597,0.657678678497814
0,1,0.38567650809820997,0.61432349190179
1,1,0.36853495458034347,0.6314650454196565
1,1,0.35922905924214366,0.6407709407578563
1,1,0.34315336032669874,0.6568466396733013
1,1,0.33875833886594087,0.6612416611340591
1,1,0.3423742222539511,0.6576257777460489
1,1,0.3606423260719688,0.6393576739280312
1,1,0.3903596135346098,0.6096403864653902
1,1,0.3399161691216438,0.6600838308783562
0,1,0.34421790388264517,0.6557820961173548
1,1,0.35731551082017443,0.6426844891798256
0,1,0.33241373568257027,0.6675862643174297
1,1,0.3250174333942486,0.6749825666057514
0,1,0.34737050431050764,0.6526294956894924
1,1,0.36704177485286105,0.632958225147139
0,1,0.32984599883417476,0.6701540011658252
0,1,0.34663331193921887,0.6533666880607811
1,1,0.33266762661509053,0.6673323733849095
1,1,0.3615192196349749,0.6384807803650251
1,1,0.37172176825739345,0.6282782317426066
1,1,0.3365439804612741,0.6634560195387259
1,1,0.3590814687882429,0.6409185312117571
0,1,0.3572512448627585,0.6427487551372415
1,1,0.3431002833762048,0.6568997166237952
0,1,0.3484673858986719,0.6515326141013281
0,1,0.3276194157681901,0.6723805842318099
1,1,0.31876321825644083,0.6812367817435592
1,1,0.30790148976902754,0.6920985102309725
1,1,0.31721414272229953,0.6827858572777005
1,1,0.34091249721977424,0.6590875027802258
1,1,0.3639459135385863,0.6360540864614137
0,1,0.34762569062275106,0.6523743093772489
1,1,0.3368613624380383,0.6631386375619617
0,1,0.3988467147170939,0.6011532852829061
1,1,0.3643819368534764,0.6356180631465236
0,1,0.3459125418899751,0.6540874581100249
1,1,0.33798409096682247,0.6620159090331775
0,1,0.3516928009467539,0.6483071990532461
1,1,0.36181168624793747,0.6381883137520625
1,1,0.2806047993611963,0.7193952006388037
1,1,0.34009522481812937,0.6599047751818706
1,1,0.3389701512877499,0.6610298487122501
1,1,0.34803586849119994,0.6519641315088001
0,1,0.2930931058592956,0.7069068941407044
1,1,0.33847042524593773,0.6615295747540623
0,1,0.32103688152037235,0.6789631184796276
1,1,0.3500347896026226,0.6499652103973774
1,1,0.3344898942957407,0.6655101057042593
1,1,0.3726370691780051,0.6273629308219949
1,1,0.38621321346141224,0.6137867865385878
1,1,0.33427356082112925,0.6657264391788708
1,1,0.3449297898938609,0.6550702101061391
1,1,0.3450175719638776,0.6549824280361224
1,1,0.34588053260274265,0.6541194673972573
0,1,0.35738334413513184,0.6426166558648682
1,1,0.3241885585297827,0.6758114414702173
1,1,0.3405768393887577,0.6594231606112423
0,1,0.3271016045051838,0.6728983954948162
1,1,0.33313477155812565,0.6668652284418743
1,1,0.31936309275971,0.68063690724029
0,1,0.352132759305831,0.647867240694169
1,1,0.3615451076415196,0.6384548923584804
1,1,0.3714033820333005,0.6285966179666995
1,1,0.36545118538992816,0.6345488146100718
1,1,0.3620853224906222,0.6379146775093778
1,1,0.34126653402466545,0.6587334659753346
1,1,0.37649954814545183,0.6235004518545482
1,1,0.3603950070483867,0.6396049929516133
0,1,0.3466657333877379,0.6533342666122621
0,1,0.35853024211340745,0.6414697578865926
1,1,0.3273930233733018,0.6726069766266982
0,1,0.38589226083372596,0.614107739166274
1,1,0.3367688683159026,0.6632311316840974
1,1,0.363270274968553,0.636729725031447
0,1,0.3382155681605298,0.6617844318394702
0,1,0.33501160532933616,0.6649883946706638
1,1,0.3735728144799747,0.6264271855200253
0,1,0.35977404016721426,0.6402259598327857
1,1,0.371261366641115,0.628738633358885
1,1,0.37631592330972086,0.6236840766902791
1,1,0.3486472249292064,0.6513527750707936
1,1,0.367507788557226,0.632492211442774
1,1,0.36453350097410364,0.6354664990258964
0,1,0.34957766908182897,0.650422330918171
1,1,0.3591951881863177,0.6408048118136823
1,1,0.35271461282407746,0.6472853871759225
1,1,0.3266507712111997,0.6733492287888003
1,1,0.3698045047162799,0.6301954952837201
1,1,0.36549367904373486,0.6345063209562651
0,1,0.36253911644022074,0.6374608835597793
0,1,0.3280937956103288,0.6719062043896712
0,1,0.35064336831415366,0.6493566316858463
0,1,0.34571722379377046,0.6542827762062295
1,1,0.3347193450066628,0.6652806549933372
0,1,0.32449432102916587,0.6755056789708341
0,1,0.374023673749143,0.625976326250857
0,1,0.36520396001183264,0.6347960399881674
1,1,0.3264020515112859,0.6735979484887141
0,1,0.36922262788209503,0.630777372117905
0,1,0.34665848559519563,0.6533415144048044
1,1,0.3609262809792837,0.6390737190207163
0,1,0.3335849470250296,0.6664150529749704
0,1,0.33577041261156493,0.6642295873884351
1,1,0.32352849934597816,0.6764715006540218
1,1,0.31216036884725384,0.6878396311527462
1,1,0.3374752264573535,0.6625247735426465
1,1,0.40351878047046286,0.5964812195295371
0,1,0.3424079953222128,0.6575920046777872
0,1,0.35690777574693167,0.6430922242530683
0,1,0.3182770038534205,0.6817229961465795
0,1,0.3426568611973019,0.6573431388026981
1,1,0.347006651405535,0.652993348594465
1,1,0.36929297619231694,0.6307070238076831
0,1,0.3468098055814698,0.6531901944185302
1,1,0.35105276564891164,0.6489472343510884
0,1,0.34459629610047615,0.6554037038995238
1,1,0.3804638405127896,0.6195361594872104
1,1,0.33000778295090405,0.669992217049096
0,1,0.33752784426352767,0.6624721557364723
1,1,0.38851846192849604,0.611481538071504
0,1,0.31869991048934765,0.6813000895106524
1,1,0.35854056401063816,0.6414594359893618
1,1,0.33996132527477996,0.66003867472522
0,1,0.355645290262938,0.644354709737062
1,1,0.394008879155506,0.605991120844494
1,1,0.358061859466956,0.641938140533044
0,1,0.3284545687244357,0.6715454312755643
0,1,0.3480621802005709,0.6519378197994291
1,1,0.34591356034183385,0.6540864396581662
1,1,0.349518612690633,0.650481387309367
1,1,0.36982111375309656,0.6301788862469034
1,1,0.3665298394744222,0.6334701605255778
1,1,0.3457366074255316,0.6542633925744684
1,1,0.31292084315576996,0.68707915684423
1,1,0.33728722443129866,0.6627127755687013
1,1,0.3905818426935188,0.6094181573064812
1,1,0.34885908656412457,0.6511409134358754
0,1,0.3307419803513838,0.6692580196486162
0,1,0.35012026250666395,0.649879737493336
1,1,0.34348769699385473,0.6565123030061453
1,1,0.34275609811083063,0.6572439018891694
1,1,0.35386713896904265,0.6461328610309574
0,1,0.36256684249924864,0.6374331575007514
1,1,0.34667670570860143,0.6533232942913986
1,1,0.32866901162438056,0.6713309883756194
1,1,0.350011378462991,0.649988621537009
0,1,0.34138923213668526,0.6586107678633147
1,1,0.3822889958614293,0.6177110041385707
1,1,0.41971727133269243,0.5802827286673076
1,1,0.34808575764301664,0.6519142423569834
1,1,0.3548608269422532,0.6451391730577468
1,1,0.3296512642496955,0.6703487357503045
0,1,0.34220052388253486,0.6577994761174651
0,1,0.33380203801799624,0.6661979619820038
1,1,0.39660880187531633,0.6033911981246837
1,1,0.3566438128947722,0.6433561871052278
1,1,0.3527695258241035,0.6472304741758965
0,1,0.34073933040313076,0.6592606695968692
0,1,0.3314784035465369,0.6685215964534631
1,1,0.32179616344105577,0.6782038365589442
0,1,0.36834048731999525,0.6316595126800048
1,1,0.3290686953824188,0.6709313046175812
1,1,0.3125221858743199,0.6874778141256801
0,1,0.35405223824721654,0.6459477617527835
0,1,0.3643450592972566,0.6356549407027434
1,1,0.3657441720815624,0.6342558279184376
1,1,0.3817582189140737,0.6182417810859263
1,1,0.3478357594871385,0.6521642405128615
1,1,0.30973606526803643,0.6902639347319636
0,1,0.3379353136512837,0.6620646863487163
1,1,0.3631750207826363,0.6368249792173637
1,1,0.36441454642839277,0.6355854535716072
1,1,0.35646701416432036,0.6435329858356796
0,1,0.3184802449525638,0.6815197550474362
0,1,0.35257103045605465,0.6474289695439454
0,1,0.36701365281976284,0.6329863471802372
1,1,0.3143142431726227,0.6856857568273773
0,1,0.3470155382415574,0.6529844617584426
1,1,0.3534117953694468,0.6465882046305532
1,1,0.34571407962871537,0.6542859203712846
1,1,0.40506558983574037,0.5949344101642596
0,1,0.3522232982787049,0.6477767017212951
1,1,0.35064786743646015,0.6493521325635399
1,1,0.33316140321190313,0.6668385967880969
0,1,0.39421849144427934,0.6057815085557207
1,1,0.34258352312170914,0.6574164768782909
1,1,0.35220927232249954,0.6477907276775005
0,1,0.3929472313130944,0.6070527686869056
1,1,0.3614764697295031,0.6385235302704969
1,1,0.3218459547428344,0.6781540452571656
1,1,0.38030305481579163,0.6196969451842084
1,1,0.3625417630950828,0.6374582369049172
1,1,0.34453535598177887,0.6554646440182211
1,1,0.35350326571158897,0.646496734288411
0,1,0.3470189998929243,0.6529810001070757
1,1,0.32837732480218507,0.6716226751978149
1,1,0.3632864843912813,0.6367135156087187
1,1,0.35799629226715146,0.6420037077328485
0,1,0.3626177011275573,0.6373822988724427
1,1,0.335877347578858,0.664122652421142
0,1,0.3608726485046245,0.6391273514953755
0,1,0.37544767037094073,0.6245523296290593
0,1,0.3700233319661824,0.6299766680338176
1,1,0.3279865767901857,0.6720134232098143
1,1,0.3356662200538093,0.6643337799461907
0,1,0.3360429576030275,0.6639570423969725
1,1,0.32995646251153876,0.6700435374884612
0,1,0.3265031902022736,0.6734968097977264
1,1,0.3358504494681548,0.6641495505318452
0,1,0.31894117986034887,0.6810588201396511
1,1,0.35756881340357227,0.6424311865964277
1,1,0.3814973875498944,0.6185026124501056
1,1,0.35466256800193297,0.645337431998067
1,1,0.35211070913360476,0.6478892908663952
1,1,0.33218201406156556,0.6678179859384344
0,1,0.3367219460924683,0.6632780539075317
0,1,0.3463115350725945,0.6536884649274055
1,1,0.34942633635498344,0.6505736636450166
0,1,0.3860954991119592,0.6139045008880408
0,1,0.3704651020861649,0.6295348979138351
0,1,0.3905726581716549,0.6094273418283451
0,1,0.34171403999983874,0.6582859600001613
0,1,0.3201575821017483,0.6798424178982517
1,1,0.32621342650267693,0.6737865734973231
0,1,0.3168441041592701,0.6831558958407299
0,1,0.3059776566794986,0.6940223433205014
0,1,0.326145059756647,0.673854940243353
1,1,0.3418325386747193,0.6581674613252807
0,1,0.33722627330898336,0.6627737266910166
0,1,0.3552085083793213,0.6447914916206787
1,1,0.3357960307872503,0.6642039692127497
1,1,0.3804902442357442,0.6195097557642558
1,1,0.349003592561447,0.650996407438553
1,1,0.3717249533412479,0.6282750466587521
1,1,0.33008958905357777,0.6699104109464222
0,1,0.36287744297337343,0.6371225570266266
1,1,0.31144589483093477,0.6885541051690652
0,1,0.3492829885151221,0.6507170114848779
1,1,0.3371840492774715,0.6628159507225285
0,1,0.3764613350795486,0.6235386649204514
1,1,0.3569098265258026,0.6430901734741974
0,1,0.3610866208402611,0.6389133791597389
1,1,0.3619478035072551,0.6380521964927449
1,1,0.34201414016278997,0.65798585983721
1,1,0.3519871849220447,0.6480128150779553
1,1,0.3546714524285677,0.6453285475714323
1,1,0.3195942804844605,0.6804057195155395
1,1,0.38214744998483985,0.6178525500151602
1,1,0.37623137155243314,0.6237686284475669
1,1,0.32619226636986753,0.6738077336301325
0,1,0.3391226851458359,0.6608773148541641
1,1,0.3220424649711985,0.6779575350288015
1,1,0.35788701589310035,0.6421129841068997
0,1,0.35843516739540693,0.6415648326045931
0,1,0.3427039619485156,0.6572960380514844
1,1,0.3680906751856998,0.6319093248143002
0,1,0.34468789377103204,0.655312106228968
0,1,0.3907751696329188,0.6092248303670812
1,1,0.3694326510086615,0.6305673489913385
0,1,0.3348872668629592,0.6651127331370408
1,1,0.322807056374379,0.677192943625621
1,1,0.3359288267948054,0.6640711732051946
0,1,0.39403265083500383,0.6059673491649962
0,1,0.370555580741472,0.629444419258528
0,1,0.3756075406924365,0.6243924593075635
1,1,0.3311708090918093,0.6688291909081907
1,1,0.35257533668656926,0.6474246633134307
1,1,0.37102985631039787,0.6289701436896021
0,1,0.35282902862737264,0.6471709713726274
1,1,0.31628401616998747,0.6837159838300125
1,1,0.357366391124071,0.642633608875929
1,1,0.33741421975367214,0.6625857802463279
0,1,0.34700634903330785,0.6529936509666922
1,1,0.367446585325818,0.632553414674182
1,1,0.35115970581433176,0.6488402941856682
0,1,0.3539329405491206,0.6460670594508794
0,1,0.39476410026810427,0.6052358997318957
0,1,0.31867182713950826,0.6813281728604917
1,1,0.3460682849711907,0.6539317150288093
1,1,0.35014669738181703,0.649853302618183
1,1,0.33711267886352225,0.6628873211364777
1,1,0.335861983536628,0.664138016463372
1,1,0.36558255842278764,0.6344174415772124
0,1,0.3646379297855279,0.6353620702144721
1,1,0.3528964467473038,0.6471035532526962
0,1,0.34295840197178196,0.657041598028218
0,1,0.32336608644871445,0.6766339135512855
1,1,0.3102373744426026,0.6897626255573974
0,1,0.30552937991207285,0.6944706200879271
1,1,0.3115187723737616,0.6884812276262384
1,1,0.33207159617604143,0.6679284038239586
0,1,0.32267314287349413,0.6773268571265059
1,1,0.3596320343390844,0.6403679656609156
1,1,0.35630233901538544,0.6436976609846146
1,1,0.3380858029295062,0.6619141970704938
0,1,0.33414792643777946,0.6658520735622205
0,1,0.33489653029257915,0.6651034697074208
1,1,0.3613726862336565,0.6386273137663435
1,1,0.3902130534691427,0.6097869465308573
1,1,0.3187877652910166,0.6812122347089834
1,1,0.3340835818721225,0.6659164181278775
1,1,0.3335643548922529,0.6664356451077471
0,1,0.3616529125784559,0.6383470874215441
1,1,0.37200959573144077,0.6279904042685592
0,1,0.36491830091273203,0.635081699087268
1,1,0.3109129856551318,0.6890870143448682
1,1,0.33260471830153715,0.6673952816984628
1,1,0.3702119698701649,0.6297880301298351
0,1,0.3316641395830848,0.6683358604169152
0,1,0.35783419023037744,0.6421658097696226
0,1,0.33727063923885847,0.6627293607611415
0,1,0.35495913899069054,0.6450408610093095
1,1,0.390942248390332,0.609057751609668
0,1,0.34757589250381904,0.652424107496181
1,1,0.358159565491703,0.641840434508297
1,1,0.35460344007137157,0.6453965599286284
1,1,0.3547319001702256,0.6452680998297744
0,1,0.29845732333816977,0.7015426766618302
1,1,0.38563540809846153,0.6143645919015385
1,1,0.36629829250195967,0.6337017074980403
1,1,0.3325413686906621,0.6674586313093379
1,1,0.35462249502821186,0.6453775049717881
0,1,0.3798975899539615,0.6201024100460385
1,1,0.34525362757411715,0.6547463724258828
1,1,0.36090685937527045,0.6390931406247295
1,1,0.3397037793247718,0.6602962206752282
1,1,0.3323349480669039,0.6676650519330961
0,1,0.33738522378845914,0.6626147762115409
1,1,0.3198389781721457,0.6801610218278543
0,1,0.338107285477126,0.661892714522874
0,1,0.34955611416782206,0.6504438858321779
0,1,0.3222442417905257,0.6777557582094743
1,1,0.3604028647953743,0.6395971352046257
1,1,0.35510550205850777,0.6448944979414922
1,1,0.35297839960757627,0.6470216003924237
0,1,0.3573172790943804,0.6426827209056196
1,1,0.3761630283418309,0.6238369716581691
1,1,0.34230766348753716,0.6576923365124628
1,1,0.3185542811121206,0.6814457188878794
1,1,0.3524115461888824,0.6475884538111176
0,1,0.32932280981389106,0.6706771901861089
1,1,0.3549022268621156,0.6450977731378844
1,1,0.37261066741847104,0.627389332581529
0,1,0.3581049849684119,0.6418950150315881
1,1,0.35920651048521324,0.6407934895147868
0,1,0.3647828909143386,0.6352171090856614
1,1,0.33792971024122564,0.6620702897587744
1,1,0.3446414981134849,0.6553585018865151
1,1,0.32690469416231305,0.673095305837687
0,1,0.33832261148774434,0.6616773885122557
1,1,0.3771186363770088,0.6228813636229912
1,1,0.32206380627341413,0.6779361937265859
0,1,0.35006999345019885,0.6499300065498012
1,1,0.3304235693676294,0.6695764306323706
1,1,0.29579254572877833,0.7042074542712217
1,1,0.35997094340137237,0.6400290565986276
1,1,0.3031280293761178,0.6968719706238822
1,1,0.3692022568281649,0.6307977431718351
1,1,0.34075610457290684,0.6592438954270932
1,1,0.3503867713450829,0.6496132286549171
1,1,0.3459379640149005,0.6540620359850995
1,1,0.32799754755009114,0.6720024524499089
1,1,0.3437773584585556,0.6562226415414444
1,1,0.3426370875321113,0.6573629124678887
0,1,0.33548450740232416,0.6645154925976758
1,1,0.36561382738768633,0.6343861726123137
1,1,0.3774673000484621,0.6225326999515379
1,1,0.33503728275704603,0.664962717242954
1,1,0.35695261541662215,0.6430473845833778
1,1,0.35418079046982676,0.6458192095301732
1,1,0.3533943705803685,0.6466056294196315
1,1,0.39793652051553363,0.6020634794844664
1,1,0.3696113562575961,0.6303886437424039
1,1,0.3528919994599372,0.6471080005400628
1,1,0.40063008221384866,0.5993699177861513
1,1,0.3045378947501928,0.6954621052498072
1,1,0.35017237631404674,0.6498276236859533
1,1,0.3925670278367883,0.6074329721632117
1,1,0.3263956033305393,0.6736043966694607
0,1,0.36339522201653407,0.6366047779834659
1,1,0.3310851004797769,0.6689148995202231
0,1,0.3993985563881891,0.6006014436118109
0,1,0.3298641243202136,0.6701358756797864
0,1,0.3278731866210959,0.6721268133789041
0,1,0.3289981831446357,0.6710018168553643
1,1,0.32929471132323473,0.6707052886767653
1,1,0.3820768016078834,0.6179231983921166
0,1,0.3464495522956106,0.6535504477043894
0,1,0.34669560489701445,0.6533043951029855
0,1,0.3422570369561876,0.6577429630438124
1,1,0.3285724739018442,0.6714275260981558
0,1,0.3014608978683875,0.6985391021316125
0,1,0.3751396308086983,0.6248603691913017
1,1,0.3536212094305895,0.6463787905694105
1,1,0.3463254783638162,0.6536745216361838
0,1,0.3358113001737898,0.6641886998262102
1,1,0.35396432108219,0.64603567891781
1,1,0.32085835344343416,0.6791416465565658
1,1,0.36990355575716527,0.6300964442428347
1,1,0.3251251068787985,0.6748748931212015
1,1,0.3671085497172335,0.6328914502827665
0,1,0.3607110889067021,0.6392889110932979
0,1,0.34854336607844405,0.651456633921556
1,1,0.3323579876775782,0.6676420123224218
0,1,0.3476606448217847,0.6523393551782153
1,1,0.36293935545392697,0.637060644546073
0,1,0.36519506832100046,0.6348049316789995
1,1,0.33089011519861944,0.6691098848013806
1,1,0.3717040009260675,0.6282959990739325
0,1,0.3705934180276209,0.6294065819723791
1,1,0.35495959968689916,0.6450404003131008
1,1,0.33057060268264093,0.6694293973173591
1,1,0.43093831637476454,0.5690616836252355
0,1,0.3443346071444088,0.6556653928555912
1,1,0.40170569427164626,0.5982943057283537
1,1,0.3560524571116045,0.6439475428883955
0,1,0.32423293193602465,0.6757670680639754
0,1,0.35242785739739313,0.6475721426026069
1,1,0.4211358807613256,0.5788641192386744
0,1,0.3895615151051156,0.6104384848948844
1,1,0.3346953835747203,0.6653046164252797
1,1,0.3433701006655149,0.6566298993344851
0,1,0.33523839495461727,0.6647616050453827
0,1,0.34966065728558904,0.650339342714411
0,1,0.3401686373852836,0.6598313626147164
0,1,0.33782224715608,0.66217775284392
0,1,0.39723377832511353,0.6027662216748865
1,1,0.3450697187954713,0.6549302812045287
1,1,0.33990197341545947,0.6600980265845405
0,1,0.3146768210656109,0.6853231789343891
1,1,0.35736935018906746,0.6426306498109325
0,1,0.33262526286188376,0.6673747371381162
1,1,0.35562243597996324,0.6443775640200368
0,1,0.3363673070630716,0.6636326929369284
0,1,0.3784731304376454,0.6215268695623546
0,1,0.35918391373145664,0.6408160862685434
1,1,0.3739184646772472,0.6260815353227528
0,1,0.33210926455768963,0.6678907354423104
0,1,0.33540193258964013,0.6645980674103599
0,1,0.35941053822934454,0.6405894617706555
1,1,0.32833151189193754,0.6716684881080625
1,1,0.30721387935365563,0.6927861206463444
0,1,0.3842519724024547,0.6157480275975453
1,1,0.3646111529196461,0.6353888470803539
1,1,0.33451369043203294,0.6654863095679671
0,1,0.36144069803742307,0.6385593019625769
1,1,0.3257150275321833,0.6742849724678167
1,1,0.350793136806258,0.649206863193742
0,1,0.3146657286207091,0.6853342713792909
1,1,0.3283168229553245,0.6716831770446755
1,1,0.3192617734148284,0.6807382265851716
0,1,0.3447773415570542,0.6552226584429458
0,1,0.3324067632198626,0.6675932367801374
1,1,0.3690718277119195,0.6309281722880805
1,1,0.3200109390839415,0.6799890609160585
1,1,0.33273023428289117,0.6672697657171088
0,1,0.39928241909048245,0.6007175809095175
1,1,0.3876596403766359,0.6123403596233641
0,1,0.36586772623972297,0.634132273760277
0,1,0.37696336917353035,0.6230366308264697
0,1,0.3759652895118629,0.6240347104881371
0,1,0.36712773921773556,0.6328722607822644
1,1,0.354008575963625,0.645991424036375
1,1,0.3377365642228569,0.6622634357771431
1,1,0.35677802667079284,0.6432219733292072
1,1,0.3599611292388545,0.6400388707611455
0,1,0.3326248697147558,0.6673751302852442
1,1,0.33410787535660924,0.6658921246433908
0,1,0.34859428607771503,0.651405713922285
1,1,0.37537333210750545,0.6246266678924945
1,1,0.3301657480478626,0.6698342519521374
0,1,0.34318226943494334,0.6568177305650567
1,1,0.3815981278136824,0.6184018721863176
1,1,0.3458009486685769,0.6541990513314231
1,1,0.35211466359065113,0.6478853364093489
1,1,0.3525594534587009,0.6474405465412991
1,1,0.32937548269457395,0.670624517305426
0,1,0.36137651365571843,0.6386234863442816
1,1,0.35556026601693647,0.6444397339830635
1,1,0.3671358703328076,0.6328641296671924
1,1,0.3458186185297749,0.6541813814702251
0,1,0.3713182233794168,0.6286817766205832
1,1,0.355740479165493,0.644259520834507
1,1,0.36554888728812784,0.6344511127118722
1,1,0.3526270282124637,0.6473729717875363
0,1,0.3773123315690483,0.6226876684309517
1,1,0.3630550567039219,0.6369449432960781
1,1,0.3424146640296085,0.6575853359703915
1,1,0.33650456892635006,0.6634954310736499
1,1,0.33296837579650784,0.6670316242034922
0,1,0.3479042875660131,0.6520957124339869
1,1,0.3740927680518725,0.6259072319481275
0,1,0.33135718208565845,0.6686428179143415
1,1,0.3171724899623073,0.6828275100376927
1,1,0.3377714956676914,0.6622285043323086
0,1,0.32978719687401004,0.67021280312599
1,1,0.3414457456098763,0.6585542543901237
1,1,0.33282689000393273,0.6671731099960673
0,1,0.3706540634425074,0.6293459365574926
0,1,0.37157888202143874,0.6284211179785613
0,1,0.35962323782258476,0.6403767621774152
1,1,0.32179385447230024,0.6782061455276998
1,1,0.3187623214090103,0.6812376785909897
1,1,0.32857550682309655,0.6714244931769034
0,1,0.3691284429197399,0.6308715570802601
1,1,0.33607238167906206,0.6639276183209379
1,1,0.361015311781845,0.638984688218155
1,1,0.33648900983260266,0.6635109901673973
1,1,0.3927236726064849,0.6072763273935151
1,1,0.31928884843082306,0.6807111515691769
1,1,0.33038243939871337,0.6696175606012866
1,1,0.3473483452296444,0.6526516547703556
1,1,0.3921926367372566,0.6078073632627434
1,1,0.3398194448536538,0.6601805551463462
1,1,0.34965786071294047,0.6503421392870595
1,1,0.3840567611979111,0.6159432388020889
1,1,0.3792994715572565,0.6207005284427435
0,1,0.34801647089475274,0.6519835291052473
0,1,0.3450210238615693,0.6549789761384307
1,1,0.33387304701537057,0.6661269529846294
1,1,0.3801773341007407,0.6198226658992593
1,1,0.3223882407207541,0.6776117592792459
1,1,0.34570177734813123,0.6542982226518688
1,1,0.3508679648949151,0.6491320351050849
0,1,0.35678567617266055,0.6432143238273395
1,1,0.35078533905340203,0.649214660946598
0,1,0.3340883881107114,0.6659116118892886
1,1,0.34447088878536414,0.6555291112146359
1,1,0.37982823811864397,0.620171761881356
1,1,0.33251230944860044,0.6674876905513996
0,1,0.354222946769153,0.645777053230847
0,1,0.33350972785867417,0.6664902721413258
1,1,0.3422248273577314,0.6577751726422686
0,1,0.3898963166053856,0.6101036833946144
0,1,0.3425511093154746,0.6574488906845254
1,1,0.3762092032625156,0.6237907967374844
1,1,0.3449865992596174,0.6550134007403826
1,1,0.35995061774751624,0.6400493822524838
1,1,0.41123479541716534,0.5887652045828347
0,1,0.33816902417829875,0.6618309758217013
0,1,0.37848694904507685,0.6215130509549232
1,1,0.40479948814620936,0.5952005118537906
1,1,0.3683350952913481,0.6316649047086519
1,1,0.31987403041885376,0.6801259695811462
1,1,0.35200766893669677,0.6479923310633032
1,1,0.3558069007452671,0.6441930992547329
1,1,0.3596233190835282,0.6403766809164718
1,1,0.3482268622167801,0.6517731377832199
1,1,0.32172318013429,0.67827681986571
1,1,0.3626263027582769,0.6373736972417231
1,1,0.306690502947335,0.693309497052665
0,1,0.3447916008992935,0.6552083991007065
1,1,0.3266390336006503,0.6733609663993497
1,1,0.36745216677773707,0.6325478332222629
1,1,0.4056969445243831,0.5943030554756169
0,1,0.32056707642202953,0.6794329235779705
0,1,0.3460051995853529,0.6539948004146471
1,1,0.3625858152978826,0.6374141847021174
1,1,0.3355379119076184,0.6644620880923816
1,1,0.3323302658325268,0.6676697341674732
1,1,0.34696068625265253,0.6530393137473475
0,1,0.35771522800266775,0.6422847719973322
0,1,0.344595668000803,0.655404331999197
1,1,0.39385384036162907,0.6061461596383709
1,1,0.3450439689551619,0.6549560310448381
0,1,0.3419417463606861,0.6580582536393139
1,1,0.36401641361561454,0.6359835863843855
0,1,0.3433057092667473,0.6566942907332527
1,1,0.33808959731959487,0.6619104026804051
1,1,0.34545073185843767,0.6545492681415623
1,1,0.33198166802994755,0.6680183319700524
1,1,0.34087422152427027,0.6591257784757297
0,1,0.32738027729444374,0.6726197227055563
1,1,0.3281130486089623,0.6718869513910377
1,1,0.34233674319080276,0.6576632568091972
1,1,0.32906856766616355,0.6709314323338365
1,1,0.32279331644940523,0.6772066835505948
0,1,0.37784456188367677,0.6221554381163232
0,1,0.3565335125864775,0.6434664874135225
1,1,0.36097833468039,0.63902166531961
1,1,0.36411800719045306,0.6358819928095469
0,1,0.33778493719044755,0.6622150628095524
1,1,0.36525530372098236,0.6347446962790176
1,1,0.37561407363248,0.62438592636752
1,1,0.3542571894904276,0.6457428105095724
0,1,0.3319473834814537,0.6680526165185463
1,1,0.3541789421062421,0.6458210578937579
1,1,0.36533477359812283,0.6346652264018772
1,1,0.34491691588289164,0.6550830841171084
1,1,0.36455678345919684,0.6354432165408032
1,1,0.35688184916537136,0.6431181508346286
1,1,0.34522506445151235,0.6547749355484876
1,1,0.3501767966743593,0.6498232033256407
1,1,0.337175589594069,0.662824410405931
1,1,0.3702594785504414,0.6297405214495586
1,1,0.3425605289383419,0.6574394710616581
1,1,0.3574338309392612,0.6425661690607388
0,1,0.35491852044627625,0.6450814795537237
1,1,0.3847407510524614,0.6152592489475386
1,1,0.33064992029254714,0.6693500797074529
1,1,0.37574587219908906,0.6242541278009109
0,1,0.3405907873608718,0.6594092126391282
1,1,0.3324668820876646,0.6675331179123354
0,1,0.37788103999784206,0.6221189600021579
1,1,0.3446726845903094,0.6553273154096906
1,1,0.3661831327817485,0.6338168672182515
1,1,0.3543412081704732,0.6456587918295268
1,1,0.3597370614562855,0.6402629385437145
1,1,0.3386060792544936,0.6613939207455064
1,1,0.36562313237038735,0.6343768676296127
1,1,0.37045511870406955,0.6295448812959304
1,1,0.3398089756710182,0.6601910243289818
1,1,0.31733608121275503,0.682663918787245
1,1,0.33014888853548097,0.669851111464519
1,1,0.35697657688322015,0.6430234231167798
0,1,0.31724848907296577,0.6827515109270342
1,1,0.32112586284492084,0.6788741371550792
1,1,0.3161882978903504,0.6838117021096496
1,1,0.3170499671112771,0.6829500328887229
1,1,0.3173950534873756,0.6826049465126244
0,1,0.3520630574633993,0.6479369425366007
1,1,0.35977653481970495,0.640223465180295
1,1,0.40551500612343094,0.5944849938765691
0,1,0.31268105634011123,0.6873189436598888
1,1,0.36426900477616464,0.6357309952238354
0,1,0.33556443003937897,0.664435569960621
1,1,0.3252101674751816,0.6747898325248184
0,1,0.33339391578357036,0.6666060842164296
0,1,0.36236163813253097,0.637638361867469
1,1,0.3434944671718211,0.6565055328281789
1,1,0.3373053750310756,0.6626946249689244
0,1,0.345404779514609,0.654595220485391
0,1,0.32541817093604386,0.6745818290639561
1,1,0.371725963343036,0.628274036656964
1,1,0.3381720825467903,0.6618279174532097
0,1,0.3439060105765782,0.6560939894234218
1,1,0.36365459669884237,0.6363454033011576
1,1,0.36054725013050337,0.6394527498694966
1,1,0.35912877660156917,0.6408712233984308
1,1,0.3116814927514928,0.6883185072485072
1,1,0.3355108831190283,0.6644891168809717
0,1,0.3475596869377009,0.6524403130622991
0,1,0.34569151911638907,0.6543084808836109
1,1,0.3524596595769579,0.6475403404230421
1,1,0.3511531260070281,0.6488468739929719
1,1,0.3664339971907101,0.6335660028092899
1,1,0.33154659527289254,0.6684534047271075
0,1,0.3591725299089322,0.6408274700910678
1,1,0.35114194412417843,0.6488580558758216
0,1,0.334160449411115,0.665839550588885
0,1,0.3196328931762814,0.6803671068237186
1,1,0.32432376750891345,0.6756762324910865
0,1,0.35425441567475835,0.6457455843252417
1,1,0.3425791135570332,0.6574208864429668
1,1,0.35479779152324165,0.6452022084767584
1,1,0.3352867211978767,0.6647132788021233
1,1,0.3564763003910869,0.6435236996089131
0,1,0.3606503302997809,0.6393496697002191
1,1,0.3579522452093431,0.6420477547906569
1,1,0.3719851507251095,0.6280148492748905
1,1,0.32836299626807963,0.6716370037319204
1,1,0.343721584936167,0.656278415063833
1,1,0.34920250987827617,0.6507974901217238
1,1,0.3270059341658692,0.6729940658341308
1,1,0.35259278157425755,0.6474072184257424
1,1,0.3467708879190119,0.6532291120809881
0,1,0.3384908237797247,0.6615091762202753
0,1,0.3932663093454537,0.6067336906545463
1,1,0.36211074890318184,0.6378892510968182
1,1,0.32755675780827864,0.6724432421917214
0,1,0.35092478399550353,0.6490752160044965
1,1,0.37293481108785054,0.6270651889121495
1,1,0.34119167124426053,0.6588083287557395
1,1,0.3472825248182121,0.6527174751817879
1,1,0.3510090622122569,0.6489909377877431
1,1,0.317424791179137,0.682575208820863
0,1,0.3410610032248389,0.6589389967751611
1,1,0.36239493387731325,0.6376050661226867
0,1,0.3687099826638085,0.6312900173361915
0,1,0.358297299350254,0.641702700649746
1,1,0.3421133000828721,0.6578866999171279
1,1,0.32862058310968567,0.6713794168903143
1,1,0.3999150449994311,0.6000849550005689
0,1,0.38520651812153495,0.614793481878465
1,1,0.3517832051044698,0.6482167948955302
1,1,0.3610405550954784,0.6389594449045216
0,1,0.3527679370357565,0.6472320629642435
1,1,0.3425464101111979,0.6574535898888021
0,1,0.34486184182263924,0.6551381581773608
1,1,0.3232865371553343,0.6767134628446657
1,1,0.3426980417686444,0.6573019582313556
1,1,0.3553683090915919,0.6446316909084081
0,1,0.38203019771990454,0.6179698022800955
1,1,0.3365617838614722,0.6634382161385278
1,1,0.33070421948805717,0.6692957805119428
1,1,0.3756413104815586,0.6243586895184414
1,1,0.33961875267900477,0.6603812473209952
1,1,0.3402989429036125,0.6597010570963875
1,1,0.348825484263257,0.651174515736743
1,1,0.3515238263345951,0.6484761736654049
0,1,0.34760397194984805,0.652396028050152
1,1,0.3644545932130314,0.6355454067869686
1,1,0.35450805558327114,0.6454919444167289
0,1,0.36133905551945533,0.6386609444805447
1,1,0.3195861328394507,0.6804138671605493
0,1,0.3342595129426541,0.6657404870573459
0,1,0.3664138854396195,0.6335861145603805
0,1,0.333141896322915,0.666858103677085
0,1,0.3438727038901527,0.6561272961098473
1,1,0.3526812226226337,0.6473187773773663
1,1,0.3684238238861124,0.6315761761138876
1,1,0.34559863307068783,0.6544013669293122
1,1,0.34292133733330477,0.6570786626666952
1,1,0.36881965398066263,0.6311803460193374
1,1,0.3775331492939542,0.6224668507060458
0,1,0.33788543052184705,0.662114569478153
1,1,0.34939715735059307,0.6506028426494069
0,1,0.3703927085780214,0.6296072914219786
0,1,0.33522086505233306,0.6647791349476669
1,1,0.35635889429312684,0.6436411057068732
0,1,0.359975474358345,0.640024525641655
1,1,0.38326253738569116,0.6167374626143088
1,1,0.334419767651813,0.665580232348187
1,1,0.39975282398612566,0.6002471760138743
1,1,0.37971026654533857,0.6202897334546614
1,1,0.3447687648338317,0.6552312351661683
1,1,0.3428924929305932,0.6571075070694068
1,1,0.37705749007978195,0.622942509920218
0,1,0.39433987397723314,0.6056601260227669
0,1,0.41272010723600616,0.5872798927639938
0,1,0.39667637360774,0.60332362639226
0,1,0.3422064332438427,0.6577935667561573
1,1,0.35946271866467194,0.6405372813353281
1,1,0.32015772837877543,0.6798422716212246
1,1,0.3960012864347494,0.6039987135652506
1,1,0.3538821462575763,0.6461178537424237
1,1,0.31616259927260926,0.6838374007273907
1,1,0.2691582893634804,0.7308417106365196
0,1,0.35452032081821394,0.6454796791817861
0,1,0.3208389902974941,0.6791610097025059
1,1,0.3842193941344887,0.6157806058655113
0,1,0.3603021365499971,0.6396978634500029
1,1,0.38316291092206,0.61683708907794
1,1,0.3382070919999409,0.6617929080000591
1,1,0.33642121041348694,0.6635787895865131
1,1,0.35555882277888584,0.6444411772211142
1,1,0.4060490243499387,0.5939509756500613
1,1,0.32904828742355574,0.6709517125764443
1,1,0.33400329024228226,0.6659967097577177
1,1,0.3343903717971767,0.6656096282028233
1,1,0.3372195918024118,0.6627804081975882
1,1,0.3364188923898782,0.6635811076101218
0,1,0.3195657096923886,0.6804342903076114
1,1,0.36613885615619357,0.6338611438438064
1,1,0.33342199483848245,0.6665780051615176
0,1,0.3736991369631779,0.6263008630368221
0,1,0.35385716578583226,0.6461428342141677
0,1,0.36169151220456497,0.638308487795435
1,1,0.356482831919706,0.643517168080294
0,1,0.38312279864813337,0.6168772013518666
1,1,0.3879818335491836,0.6120181664508164
1,1,0.3733953308185649,0.6266046691814351
0,1,0.35364819598314445,0.6463518040168555
1,1,0.3753107319321458,0.6246892680678542
1,1,0.3237000693925409,0.6762999306074591
1,1,0.3798335400002063,0.6201664599997937
1,1,0.31074164054793096,0.689258359452069
0,1,0.37518971996475914,0.6248102800352409
1,1,0.35354594588179233,0.6464540541182077
1,1,0.33510303424644394,0.6648969657535561
1,1,0.3384599082087739,0.6615400917912261
1,1,0.33255662351903503,0.667443376480965
1,1,0.35497887419699836,0.6450211258030016
1,1,0.3480025814544615,0.6519974185455385
1,1,0.3466277161599459,0.6533722838400541
0,1,0.3593633604582519,0.6406366395417481
1,1,0.34991180177433623,0.6500881982256638
1,1,0.3408655529801975,0.6591344470198025
1,1,0.389707703058617,0.610292296941383
0,1,0.32936417431054676,0.6706358256894532
1,1,0.3310349054874119,0.6689650945125881
0,1,0.34337055499545177,0.6566294450045482
0,1,0.3343325842816687,0.6656674157183313
1,1,0.3332499599487765,0.6667500400512235
1,1,0.3680622643811181,0.6319377356188819
0,1,0.3319559656270249,0.6680440343729751
0,1,0.3273100782461431,0.6726899217538569
1,1,0.3592792884695065,0.6407207115304935
0,1,0.3517977537148588,0.6482022462851412
1,1,0.34106653032121403,0.658933469678786
0,1,0.3653965382378691,0.6346034617621309
1,1,0.3404122300344188,0.6595877699655812
0,1,0.3164307982213138,0.6835692017786862
1,1,0.37530126101373873,0.6246987389862613
0,1,0.3246739102688383,0.6753260897311617
0,1,0.3427039078321208,0.6572960921678792
0,1,0.3407087782847007,0.6592912217152993
1,1,0.3126477090151164,0.6873522909848836
0,1,0.3778720815532891,0.6221279184467109
1,1,0.3478268578399072,0.6521731421600928
1,1,0.34652855034147356,0.6534714496585264
1,1,0.3640177150893906,0.6359822849106094
0,1,0.3590398868835707,0.6409601131164293
0,1,0.3471920118265234,0.6528079881734766
1,1,0.34153460438329575,0.6584653956167043
1,1,0.35495524657061783,0.6450447534293822
1,1,0.3190367249943724,0.6809632750056276
1,1,0.38649633550998863,0.6135036644900114
1,1,0.34418732891369863,0.6558126710863014
1,1,0.35373701325439455,0.6462629867456054
1,1,0.3345431043820013,0.6654568956179987
1,1,0.3614483922975774,0.6385516077024226
1,1,0.34546870461462253,0.6545312953853775
1,1,0.39573140637012527,0.6042685936298747
0,1,0.3408166978964583,0.6591833021035417
0,1,0.38663102734203225,0.6133689726579677
1,1,0.3579531142254889,0.6420468857745111
1,1,0.33117940998590734,0.6688205900140927
1,1,0.33368932312155297,0.666310676878447
0,1,0.31708902249707926,0.6829109775029207
1,1,0.3838331522065296,0.6161668477934704
1,1,0.3291266453391697,0.6708733546608303
1,1,0.34329346090453405,0.656706539095466
0,1,0.32598238740193863,0.6740176125980614
0,1,0.336224139339397,0.663775860660603
1,1,0.3465878779625605,0.6534121220374395
1,1,0.37534795757086925,0.6246520424291307
0,1,0.3287724568492044,0.6712275431507956
1,1,0.34580394282139604,0.654196057178604
1,1,0.35301385078150826,0.6469861492184917
1,1,0.36338496451039437,0.6366150354896056
0,1,0.3492336413962205,0.6507663586037795
0,1,0.3449564647065292,0.6550435352934708
0,1,0.34376769172821964,0.6562323082717804
1,1,0.36519546393676816,0.6348045360632318
1,1,0.4037479439898649,0.5962520560101351
1,1,0.3623591933193724,0.6376408066806276
0,1,0.35767549095915097,0.642324509040849
1,1,0.3314554044128184,0.6685445955871816
1,1,0.3360494347144437,0.6639505652855563
1,1,0.3545578289867768,0.6454421710132232
1,1,0.34255028817277455,0.6574497118272254
0,1,0.34371594456512944,0.6562840554348706
1,1,0.34217738351276084,0.6578226164872392
1,1,0.3165933156958227,0.6834066843041773
0,1,0.34673328803335923,0.6532667119666408
1,1,0.30823975026404005,0.69176024973596
0,1,0.34939328136222614,0.6506067186377739
1,1,0.36816943340880826,0.6318305665911917
1,1,0.33792056050614394,0.6620794394938561
0,1,0.3483626943772926,0.6516373056227074
1,1,0.369160846609335,0.630839153390665
0,1,0.3310945479717391,0.6689054520282609
1,1,0.39267441495839595,0.607325585041604
1,1,0.39086328854474117,0.6091367114552588
1,1,0.3417139267537198,0.6582860732462802
0,1,0.3431126361220752,0.6568873638779248
1,1,0.3955145826520332,0.6044854173479668
1,1,0.35780004558835,0.64219995441165
1,1,0.37170990337678855,0.6282900966232114
0,1,0.344413441874027,0.655586558125973
1,1,0.34238359133816365,0.6576164086618363
1,1,0.3820899445919542,0.6179100554080458
1,1,0.34487929277374907,0.6551207072262509
1,1,0.3438922396589522,0.6561077603410478
1,1,0.36678414492219436,0.6332158550778056
0,1,0.3586517116393677,0.6413482883606323
0,1,0.33941769578619485,0.6605823042138051
1,1,0.3158538897624914,0.6841461102375086
1,1,0.3002065933713327,0.6997934066286673
1,1,0.3420609945065354,0.6579390054934646
0,1,0.3533502386848981,0.6466497613151019
0,1,0.34269688052646397,0.657303119473536
1,1,0.34230486687785866,0.6576951331221413
1,1,0.3664321493995374,0.6335678506004626
1,1,0.3733059284341351,0.6266940715658649
0,1,0.35512524929855993,0.6448747507014401
0,1,0.35255437890211483,0.6474456210978852
0,1,0.3182284842287122,0.6817715157712878
1,1,0.3410457675058538,0.6589542324941462
0,1,0.32072074921507165,0.6792792507849283
1,1,0.35590658239959827,0.6440934176004017
1,1,0.34918747910328096,0.650812520896719
0,1,0.40130315404075345,0.5986968459592465
1,1,0.2969646399449347,0.7030353600550653
1,1,0.34643947511337714,0.6535605248866229
0,1,0.30903154770267016,0.6909684522973298
1,1,0.33631187929843587,0.6636881207015641
0,1,0.3529947907861235,0.6470052092138765
1,1,0.3675741174332203,0.6324258825667797
0,1,0.338962674381019,0.661037325618981
1,1,0.3913340204992236,0.6086659795007764
0,1,0.351597397883863,0.648402602116137
0,1,0.3282568567095333,0.6717431432904667
1,1,0.3194931777842873,0.6805068222157127
1,1,0.34156527451281193,0.6584347254871881
0,1,0.340731840887329,0.659268159112671
0,1,0.3565743857683905,0.6434256142316095
1,1,0.3364547656985848,0.6635452343014152
1,1,0.35652333757717836,0.6434766624228216
1,1,0.3532383452386627,0.6467616547613373
1,1,0.3380668426407567,0.6619331573592433
1,1,0.36531748549667975,0.6346825145033202
1,1,0.3365516209106456,0.6634483790893544
0,1,0.3387490779294018,0.6612509220705982
1,1,0.3579128993871664,0.6420871006128336
1,1,0.34092262948610386,0.6590773705138961
1,1,0.35097418198881203,0.649025818011188
1,1,0.31441897923252027,0.6855810207674797
1,1,0.33995942784709976,0.6600405721529002
1,1,0.3449907620441137,0.6550092379558863
1,1,0.35776682928281645,0.6422331707171836
1,1,0.35781181219460756,0.6421881878053924
0,1,0.33449596232332857,0.6655040376766714
0,1,0.35437047205587746,0.6456295279441225
1,1,0.3492453577583564,0.6507546422416436
1,1,0.372907171250879,0.627092828749121
1,1,0.35269201072238,0.64730798927762
1,1,0.3098946677751607,0.6901053322248393
0,1,0.35019614266737886,0.6498038573326211
1,1,0.33306334967494877,0.6669366503250512
0,1,0.3592529729458016,0.6407470270541984
1,1,0.3603837417626492,0.6396162582373508
1,1,0.29451187717642424,0.7054881228235758
1,1,0.36265964469965095,0.637340355300349
1,1,0.31815100845825883,0.6818489915417412
1,1,0.36208626792322485,0.6379137320767752
1,1,0.376919901416204,0.623080098583796
1,1,0.37637648126599066,0.6236235187340093
0,1,0.36167322276690617,0.6383267772330938
1,1,0.37787060026265684,0.6221293997373432
0,1,0.3272136709235398,0.6727863290764602
0,1,0.3242599063617182,0.6757400936382818
0,1,0.3684155656307254,0.6315844343692746
1,1,0.3521048919776636,0.6478951080223364
1,1,0.3218835931418794,0.6781164068581206
1,1,0.32247474333322745,0.6775252566667725
1,1,0.39042131423099624,0.6095786857690038
0,1,0.36675603658138045,0.6332439634186195
1,1,0.3379960388993707,0.6620039611006293
1,1,0.36147155846741164,0.6385284415325884
1,1,0.37871501057904133,0.6212849894209587
1,1,0.34004964920847736,0.6599503507915226
1,1,0.34397969374292303,0.656020306257077
1,1,0.3909589312542515,0.6090410687457485
1,1,0.3219886793451895,0.6780113206548105
0,1,0.362067442806458,0.637932557193542
1,1,0.34956325078483175,0.6504367492151683
1,1,0.34454517619199465,0.6554548238080053
1,1,0.3468733287611565,0.6531266712388435
1,1,0.3669383548676085,0.6330616451323915
0,1,0.32774815978056526,0.6722518402194347
1,1,0.34489797223021623,0.6551020277697838
1,1,0.33665199535985524,0.6633480046401448
0,1,0.35573986831584836,0.6442601316841516
1,1,0.31369638250917886,0.6863036174908211
1,1,0.3605051563927876,0.6394948436072124
1,1,0.40297391281864203,0.597026087181358
1,1,0.36254677558547643,0.6374532244145236
1,1,0.34046120815278524,0.6595387918472148
1,1,0.35727867024874405,0.642721329751256
1,1,0.3367806553589988,0.6632193446410012
0,1,0.36078127961178375,0.6392187203882163
0,1,0.3347109486631389,0.6652890513368611
1,1,0.3904633841789735,0.6095366158210265
1,1,0.341932225727719,0.658067774272281
1,1,0.35632939670577635,0.6436706032942237
1,1,0.34456194653556016,0.6554380534644398
0,1,0.32293744045250117,0.6770625595474988
1,1,0.365129052392685,0.634870947607315
0,1,0.35295973674993686,0.6470402632500631
1,1,0.3700299908361643,0.6299700091638357
1,1,0.3573653466312169,0.6426346533687831
1,1,0.32677586702217576,0.6732241329778242
1,1,0.38768094275760023,0.6123190572423998
1,1,0.40327320355269447,0.5967267964473055
1,1,0.42682746646472536,0.5731725335352746
1,1,0.36936368040542844,0.6306363195945716
1,1,0.36073328446417197,0.639266715535828
1,1,0.3500924658804281,0.6499075341195719
0,1,0.38371280935476126,0.6162871906452387
1,1,0.36017340524691366,0.6398265947530863
1,1,0.33060920846440256,0.6693907915355974
1,1,0.3524111471852237,0.6475888528147763
0,1,0.30506824160148893,0.6949317583985111
1,1,0.3824134430474425,0.6175865569525575
0,1,0.34302877475744253,0.6569712252425575
1,1,0.3806347897262051,0.6193652102737949
1,1,0.33232751403764704,0.667672485962353
0,1,0.34725104946284346,0.6527489505371565
0,1,0.35090605495532856,0.6490939450446714
1,1,0.41382223036111343,0.5861777696388866
1,1,0.40530876470325194,0.594691235296748
1,1,0.2585977367768505,0.7414022632231495
0,1,0.3514573943566761,0.6485426056433239
1,1,0.3471874325759675,0.6528125674240325
1,1,0.34954709439900356,0.6504529056009964
1,1,0.3546607012082398,0.6453392987917602
1,1,0.34719934802347296,0.652800651976527
0,1,0.31310258840931415,0.6868974115906858
1,1,0.3498793266574326,0.6501206733425674
0,1,0.3297564129227768,0.6702435870772232
1,1,0.33931813777508113,0.6606818622249189
1,1,0.36369039596473174,0.6363096040352683
1,1,0.3431546373801566,0.6568453626198434
1,1,0.35146280268731056,0.6485371973126894
0,1,0.338652540701178,0.661347459298822
0,1,0.3666211773870257,0.6333788226129743
1,1,0.34062778124105697,0.659372218758943
0,1,0.34464137737856193,0.6553586226214381
0,1,0.3156380299806639,0.6843619700193361
1,1,0.3510183777972361,0.6489816222027639
1,1,0.33631325273117396,0.663686747268826
0,1,0.35829420953419056,0.6417057904658094
0,1,0.33706422919845935,0.6629357708015406
0,1,0.31659701905517,0.68340298094483
1,1,0.34061960596494667,0.6593803940350533
1,1,0.32909646999105435,0.6709035300089456
1,1,0.32329718388041506,0.6767028161195849
1,1,0.3696733116899863,0.6303266883100137
1,1,0.32972537604502217,0.6702746239549778
1,1,0.34760189920477413,0.6523981007952259
1,1,0.3143895173859146,0.6856104826140854
1,1,0.3558294198436984,0.6441705801563016
1,1,0.34508831496818126,0.6549116850318187
0,1,0.35037890666525506,0.6496210933347449
1,1,0.345011089653228,0.654988910346772
0,1,0.37080060948628524,0.6291993905137148
1,1,0.34487147903177984,0.6551285209682202
0,1,0.3587000675463804,0.6412999324536196
1,1,0.3272113104671971,0.6727886895328029
0,1,0.326780337128327,0.673219662871673
1,1,0.3642618266616505,0.6357381733383495
1,1,0.359927153858029,0.640072846141971
0,1,0.33962858564602527,0.6603714143539747
1,1,0.3882110181252577,0.6117889818747423
1,1,0.34647289555100425,0.6535271044489958
1,1,0.34889118258684915,0.6511088174131509
1,1,0.34085907831996143,0.6591409216800386
0,1,0.3602079567700681,0.6397920432299319
1,1,0.32922188657134743,0.6707781134286526
1,1,0.4008211872346269,0.5991788127653731
1,1,0.36264884443049716,0.6373511555695028
1,1,0.3518163248629331,0.6481836751370669
1,1,0.3526332393681687,0.6473667606318313
1,1,0.3532139955114888,0.6467860044885112
1,1,0.3457938374766909,0.6542061625233091
1,1,0.3035384837827947,0.6964615162172053
1,1,0.4225930564545831,0.5774069435454169
0,1,0.3542194006862115,0.6457805993137885
0,1,0.3302706267570146,0.6697293732429854
1,1,0.3367780626358009,0.6632219373641991
1,1,0.36598820765779494,0.6340117923422051
1,1,0.3624297617172052,0.6375702382827948
1,1,0.32706400664281066,0.6729359933571893
1,1,0.3547039999794225,0.6452960000205775
0,1,0.3497322329907506,0.6502677670092494
1,1,0.3508746387751872,0.6491253612248128
1,1,0.341933880553287,0.658066119446713
1,1,0.31092934817403406,0.6890706518259659
1,1,0.3577841906462006,0.6422158093537994
1,1,0.36707758160941684,0.6329224183905832
1,1,0.37588000811941347,0.6241199918805865
1,1,0.3309810899243406,0.6690189100756594
1,1,0.34978788488900625,0.6502121151109937
0,1,0.34846888304015844,0.6515311169598416
0,1,0.3321249858620744,0.6678750141379256
1,1,0.35411779487323636,0.6458822051267636
1,1,0.36001081975186955,0.6399891802481305
1,1,0.3030637161340991,0.6969362838659009
1,1,0.34234964356597286,0.6576503564340271
0,1,0.3557843068532305,0.6442156931467695
1,1,0.35286542365117,0.64713457634883
0,1,0.31805111322226964,0.6819488867777304
0,1,0.2730058687965393,0.7269941312034607
1,1,0.3529529560141652,0.6470470439858348
1,1,0.34480194946924736,0.6551980505307526
0,1,0.423497719534613,0.576502280465387
1,1,0.33735608145501617,0.6626439185449838
1,1,0.32989103743644144,0.6701089625635586
1,1,0.3463853275706964,0.6536146724293036
0,1,0.3199593140619308,0.6800406859380692
1,1,0.3547649254425741,0.6452350745574259
1,1,0.3308224367025612,0.6691775632974388
0,1,0.3331786246667585,0.6668213753332415
1,1,0.38899675760766805,0.611003242392332
0,1,0.34466385155582324,0.6553361484441768
1,1,0.3633069470079344,0.6366930529920656
1,1,0.36527023436502015,0.6347297656349798
1,1,0.3624586325229694,0.6375413674770306
1,1,0.3533429606541342,0.6466570393458658
0,1,0.3389237432705048,0.6610762567294952
1,1,0.34346543503188065,0.6565345649681193
1,1,0.40249676137854185,0.5975032386214582
1,1,0.38419240753986894,0.6158075924601311
0,1,0.34563011701784385,0.6543698829821561
1,1,0.3435849045474222,0.6564150954525778
1,1,0.3996305626103285,0.6003694373896715
1,1,0.3818434453298871,0.6181565546701129
1,1,0.3043123478985632,0.6956876521014368
1,1,0.27678631395476316,0.7232136860452368
0,1,0.38857915430413836,0.6114208456958616
1,1,0.3571248159245315,0.6428751840754685
1,1,0.3552426626625751,0.6447573373374249
1,1,0.31267099260859477,0.6873290073914052
1,1,0.34076176283687953,0.6592382371631205
1,1,0.393070089255514,0.606929910744486
1,1,0.3715458479535795,0.6284541520464205
1,1,0.371463420485587,0.628536579514413
1,1,0.39408609506378567,0.6059139049362143
1,1,0.3273013583511062,0.6726986416488938
1,1,0.3620700191018199,0.6379299808981801
0,1,0.37355176907863896,0.626448230921361
0,1,0.34356659707599746,0.6564334029240025
0,1,0.3176147943621813,0.6823852056378187
1,1,0.3330436504235329,0.6669563495764671
1,1,0.37590288084284995,0.62409711915715
0,1,0.3348800104846079,0.6651199895153921
1,1,0.34372422780238654,0.6562757721976135
1,1,0.3758009830653575,0.6241990169346425
0,1,0.32412087016378377,0.6758791298362162
0,1,0.3492021100596444,0.6507978899403556
0,1,0.35631430063637914,0.6436856993636209
1,1,0.34413953865006053,0.6558604613499395
1,1,0.31867364541523435,0.6813263545847656
0,1,0.3261526033242489,0.6738473966757511
1,1,0.3637990734303632,0.6362009265696368
0,1,0.3412233025284245,0.6587766974715755
1,1,0.3671148363841237,0.6328851636158763
0,1,0.37902822476077636,0.6209717752392236
1,1,0.3745420621170199,0.6254579378829801
1,1,0.320966453890857,0.679033546109143
1,1,0.37004992033748263,0.6299500796625174
0,1,0.3382422546463514,0.6617577453536486
1,1,0.37544737893211066,0.6245526210678893
0,1,0.3359657221516956,0.6640342778483044
1,1,0.3550641604607706,0.6449358395392294
1,1,0.386902157712842,0.613097842287158
1,1,0.37245673686417136,0.6275432631358286
1,1,0.3545821431520104,0.6454178568479896
1,1,0.3628304946814387,0.6371695053185613
0,1,0.35230366749127473,0.6476963325087253
0,1,0.34503810952981884,0.6549618904701812
1,1,0.3323669958955293,0.6676330041044707
1,1,0.3229292518330408,0.6770707481669592
0,1,0.3220542706786148,0.6779457293213852
1,1,0.3606243078328897,0.6393756921671103
0,1,0.34374664105790587,0.6562533589420941
1,1,0.3421271131452601,0.6578728868547399
1,1,0.33316180582935906,0.6668381941706409
1,1,0.3368115382987882,0.6631884617012118
0,1,0.3317286100125604,0.6682713899874396
1,1,0.3218409660398521,0.6781590339601479
0,1,0.34103529351498274,0.6589647064850173
1,1,0.32811006193311465,0.6718899380668854
1,1,0.3152021732273652,0.6847978267726348
1,1,0.3578391372057843,0.6421608627942157
1,1,0.3434489652470548,0.6565510347529452
1,1,0.3682923388839654,0.6317076611160346
0,1,0.37754654877734906,0.6224534512226509
1,1,0.2982159903176902,0.7017840096823098
0,1,0.34761054229958377,0.6523894577004162
0,1,0.36306836144494015,0.6369316385550599
0,1,0.33598133670963803,0.664018663290362
1,1,0.37748778939574235,0.6225122106042577
1,1,0.3358706056263936,0.6641293943736064
1,1,0.34820501198944365,0.6517949880105564
1,1,0.3579071616665982,0.6420928383334018
0,1,0.3271903665941376,0.6728096334058624
0,1,0.3848148716502243,0.6151851283497757
1,1,0.34100543083690527,0.6589945691630947
0,1,0.350954306732686,0.649045693267314
0,1,0.3629463670308265,0.6370536329691735
1,1,0.38592755293417846,0.6140724470658215
0,1,0.3383178727795957,0.6616821272204043
1,1,0.3291080051550881,0.6708919948449119
0,1,0.34109185034808975,0.6589081496519102
1,1,0.34856873555122747,0.6514312644487725
1,1,0.3554689283985579,0.6445310716014421
1,1,0.3631767431973414,0.6368232568026586
1,1,0.33797034025852535,0.6620296597414747
0,1,0.31924245314799193,0.6807575468520081
1,1,0.32249966546780306,0.6775003345321969
1,1,0.36842245514728345,0.6315775448527166
0,1,0.3597561884407079,0.6402438115592921
1,1,0.3525954769350419,0.6474045230649581
0,1,0.3384159361792276,0.6615840638207724
1,1,0.3249904486815185,0.6750095513184815
0,1,0.34254909870436123,0.6574509012956388
1,1,0.32008250067829225,0.6799174993217078
1,1,0.31065748742276933,0.6893425125772307
0,1,0.34525496334916306,0.6547450366508369
0,1,0.33999459341730365,0.6600054065826964
1,1,0.34359433107260406,0.6564056689273959
1,1,0.39718226332663376,0.6028177366733662
0,1,0.34042040462113676,0.6595795953788632
1,1,0.38140047649854436,0.6185995235014556
1,1,0.3620227073092792,0.6379772926907208
0,1,0.33564173276747333,0.6643582672325267
0,1,0.3168505986107347,0.6831494013892653
0,1,0.40371180714051835,0.5962881928594816
1,1,0.3371461266202851,0.6628538733797149
1,1,0.33624813227120987,0.6637518677287901
0,1,0.34869836701711954,0.6513016329828805
1,1,0.34307885947756,0.65692114052244
0,1,0.34950811482462696,0.650491885175373
0,1,0.3477496147488711,0.6522503852511289
1,1,0.366717626580486,0.633282373419514
1,1,0.3570990526057847,0.6429009473942153
0,1,0.3180814112552246,0.6819185887447754
1,1,0.35520383227759,0.64479616772241
1,1,0.3367107423077411,0.6632892576922589
1,1,0.3367076619372805,0.6632923380627195
0,1,0.333220797433048,0.666779202566952
1,1,0.37132794943861314,0.6286720505613869
1,1,0.3830474396511696,0.6169525603488304
1,1,0.3611176891596246,0.6388823108403754
0,1,0.34911268717180977,0.6508873128281902
0,1,0.3616084257835612,0.6383915742164388
1,1,0.36337562867046513,0.6366243713295349
0,1,0.3924787836778266,0.6075212163221734
1,1,0.35925014245885334,0.6407498575411467
1,1,0.365235145323476,0.634764854676524
1,1,0.3428256699048151,0.6571743300951849
1,1,0.33910015885123534,0.6608998411487647
1,1,0.353966612727712,0.646033387272288
0,1,0.3254395218986682,0.6745604781013318
1,1,0.3817100281229804,0.6182899718770196
1,1,0.36105870535451,0.63894129464549
1,1,0.3681536327840488,0.6318463672159512
0,1,0.34484334508747483,0.6551566549125252
1,1,0.34566642858675733,0.6543335714132427
1,1,0.3782239009267021,0.6217760990732979
0,1,0.341301352711028,0.658698647288972
0,1,0.36862594421388684,0.6313740557861132
1,1,0.34092687459034865,0.6590731254096514
1,1,0.3587398546957171,0.6412601453042829
0,1,0.3389514104503808,0.6610485895496192
1,1,0.3466733881747671,0.6533266118252329
1,1,0.37721881034007076,0.6227811896599292
1,1,0.37106971292791013,0.6289302870720899
1,1,0.34511698963107895,0.654883010368921
1,1,0.3331539869064347,0.6668460130935653
1,1,0.3506567985037484,0.6493432014962516
1,1,0.34867488561136895,0.651325114388631
1,1,0.3205857430980139,0.6794142569019861
1,1,0.34908120206854143,0.6509187979314586
0,1,0.3717189068325897,0.6282810931674103
1,1,0.37783007348187025,0.6221699265181297
0,1,0.3704311301403066,0.6295688698596934
1,1,0.388593127650676,0.611406872349324
0,1,0.33467769033468986,0.6653223096653101
0,1,0.3728385339432797,0.6271614660567203
1,1,0.3597400390594828,0.6402599609405172
0,1,0.3506860665977668,0.6493139334022332
1,1,0.401675002472766,0.598324997527234
0,1,0.3474547960734605,0.6525452039265395
1,1,0.3375666385249606,0.6624333614750394
0,1,0.3475142663794405,0.6524857336205595
0,1,0.335261091292101,0.664738908707899
0,1,0.35431615403888495,0.645683845961115
1,1,0.3441724317278364,0.6558275682721636
0,1,0.3379066554047274,0.6620933445952726
1,1,0.35851810602623124,0.6414818939737688
1,1,0.36386377275130866,0.6361362272486913
0,1,0.3677549210367772,0.6322450789632228
1,1,0.3494218508421342,0.6505781491578658
1,1,0.33601536204876137,0.6639846379512386
1,1,0.34303360598358934,0.6569663940164107
1,1,0.3609980472513997,0.6390019527486003
1,1,0.35400457306984223,0.6459954269301578
0,1,0.32359197315064914,0.6764080268493509
0,1,0.34143768316831524,0.6585623168316848
0,1,0.3981336962645353,0.6018663037354647
1,1,0.3173007760998221,0.6826992239001779
0,1,0.355057847553212,0.644942152446788
1,1,0.4175944733262168,0.5824055266737832
0,1,0.3830929464827112,0.6169070535172888
0,1,0.3578750456296479,0.6421249543703521
1,1,0.3484567583945367,0.6515432416054633
1,1,0.3791171092164476,0.6208828907835524
1,1,0.32337486647809244,0.6766251335219076
0,1,0.38756249786414243,0.6124375021358576
0,1,0.32080200581627083,0.6791979941837292
1,1,0.40033576189753606,0.5996642381024639
0,1,0.37047857393461736,0.6295214260653826
1,1,0.36922851165823123,0.6307714883417688
1,1,0.34471952838777,0.65528047161223
1,1,0.36630965162892093,0.6336903483710791
0,1,0.3677056041537502,0.6322943958462498
1,1,0.34906049331007116,0.6509395066899288
0,1,0.3499155756291603,0.6500844243708397
1,1,0.37041425249310156,0.6295857475068984
1,1,0.32456519341104517,0.6754348065889548
1,1,0.3567782373860787,0.6432217626139213
0,1,0.3552339660764011,0.6447660339235989
1,1,0.3563197674976665,0.6436802325023335
0,1,0.3210460032786552,0.6789539967213448
1,1,0.36131622045851297,0.638683779541487
1,1,0.34592536976467625,0.6540746302353238
1,1,0.34733457360828823,0.6526654263917118
0,1,0.3635341907041596,0.6364658092958404
0,1,0.34736778045672767,0.6526322195432723
0,1,0.32811902990337694,0.6718809700966231
1,1,0.35253089416605443,0.6474691058339456
0,1,0.3746353405789181,0.6253646594210819
1,1,0.3676651802120158,0.6323348197879842
1,1,0.3310517495337779,0.6689482504662221
1,1,0.341103730291225,0.658896269708775
0,1,0.358042981163585,0.641957018836415
0,1,0.3334796028504162,0.6665203971495838
0,1,0.3158087141812165,0.6841912858187835
1,1,0.32752743807764795,0.672472561922352
1,1,0.357162280597247,0.642837719402753
1,1,0.36737167298932927,0.6326283270106707
0,1,0.3544302651269634,0.6455697348730366
1,1,0.3711650401981891,0.6288349598018109
0,1,0.37627459548818387,0.6237254045118161
1,1,0.3615903123793055,0.6384096876206945
0,1,0.34939033497515504,0.650609665024845
1,1,0.3571739407138599,0.6428260592861401
1,1,0.36099429048651466,0.6390057095134853
1,1,0.4218085044771317,0.5781914955228683
1,1,0.3111034417745958,0.6888965582254042
1,1,0.3343817899793632,0.6656182100206368
1,1,0.35778370841744633,0.6422162915825537
0,1,0.35978106862818815,0.6402189313718119
1,1,0.3614315830599414,0.6385684169400586
1,1,0.37247495257114716,0.6275250474288528
1,1,0.3518590398574517,0.6481409601425483
0,1,0.3578092853566106,0.6421907146433894
0,1,0.3478768495838138,0.6521231504161862
0,1,0.3816983739875508,0.6183016260124492
0,1,0.3908206530930861,0.6091793469069139
1,1,0.35206290034572274,0.6479370996542773
0,1,0.338043720010329,0.661956279989671
1,1,0.3640709102467754,0.6359290897532246
0,1,0.3424331502654475,0.6575668497345525
1,1,0.33330302306105974,0.6666969769389403
1,1,0.3865168658000513,0.6134831341999487
0,1,0.356815363603889,0.643184636396111
0,1,0.34890162930917645,0.6510983706908235
1,1,0.3463703128266242,0.6536296871733758
0,1,0.354902572121097,0.645097427878903
0,1,0.3389728320801775,0.6610271679198225
1,1,0.34333638491954765,0.6566636150804523
1,1,0.32881967713106874,0.6711803228689313
1,1,0.37431571917473416,0.6256842808252658
0,1,0.3641664860649083,0.6358335139350917
1,1,0.3569394275176456,0.6430605724823544
0,1,0.366042601085407,0.633957398914593
1,1,0.34776303909284456,0.6522369609071554
1,1,0.37700286704611785,0.6229971329538821
0,1,0.3435714867470725,0.6564285132529275
0,1,0.38256943967121326,0.6174305603287867
1,1,0.317401454570027,0.682598545429973
1,1,0.45752086498607636,0.5424791350139236
1,1,0.33819620541259077,0.6618037945874092
1,1,0.32254701514414186,0.6774529848558581
0,1,0.35336412370306913,0.6466358762969309
1,1,0.38453359441868806,0.6154664055813119
0,1,0.33312559081352333,0.6668744091864767
1,1,0.32996256191202,0.67003743808798
1,1,0.37367607167368155,0.6263239283263184
0,1,0.3053912593181136,0.6946087406818864
0,1,0.35843387581478037,0.6415661241852196
1,1,0.2797059620242438,0.7202940379757562
0,1,0.3377198735477417,0.6622801264522583
0,1,0.32694386438893575,0.6730561356110643
1,1,0.32824953216371233,0.6717504678362877
1,1,0.3343306188865941,0.6656693811134059
0,1,0.35034592119348906,0.6496540788065109
1,1,0.3872174919666105,0.6127825080333895
1,1,0.3421279395301521,0.6578720604698479
1,1,0.35451210259904364,0.6454878974009564
1,1,0.31830915369283697,0.681690846307163
1,1,0.37873241885071673,0.6212675811492833
0,1,0.3105821264262474,0.6894178735737526
1,1,0.3577597156381611,0.6422402843618389
0,1,0.35824089613941745,0.6417591038605825
0,1,0.3841461451942024,0.6158538548057976
1,1,0.3509726838103029,0.6490273161896971
1,1,0.3626027274679151,0.6373972725320849
0,1,0.35450545170131664,0.6454945482986834
1,1,0.34008483778834153,0.6599151622116585
1,1,0.3579212143670427,0.6420787856329573
1,1,0.3597348771675347,0.6402651228324653
1,1,0.30818492335132974,0.6918150766486703
1,1,0.35767534673276524,0.6423246532672348
1,1,0.3638784386060211,0.6361215613939789
1,1,0.3497145710198696,0.6502854289801304
1,1,0.34766568869477044,0.6523343113052296
1,1,0.3311640106657753,0.6688359893342247
0,1,0.3297358400661461,0.6702641599338539
0,1,0.32428809812756376,0.6757119018724362
1,1,0.35425354783409113,0.6457464521659089
0,1,0.34600115501863193,0.6539988449813681
0,1,0.37787981530951975,0.6221201846904802
1,1,0.3407351206177419,0.6592648793822581
0,1,0.3450200557652552,0.6549799442347448
0,1,0.3527491249367073,0.6472508750632927
0,1,0.35232055099373505,0.647679449006265
1,1,0.4303802196103864,0.5696197803896136
1,1,0.4063056667143349,0.5936943332856651
1,1,0.3363956863629505,0.6636043136370495
1,1,0.3744255263541967,0.6255744736458033
1,1,0.3813680979103793,0.6186319020896207
0,1,0.3450351086947808,0.6549648913052192
0,1,0.3569556707980298,0.6430443292019702
0,1,0.3412472268749226,0.6587527731250774
1,1,0.38432540097668455,0.6156745990233154
0,1,0.35853517533418955,0.6414648246658105
1,1,0.37412176826640264,0.6258782317335974
1,1,0.3528669822903757,0.6471330177096243
1,1,0.3351700791835772,0.6648299208164228
0,1,0.3560559977574258,0.6439440022425742
0,1,0.3619953516456571,0.6380046483543429
1,1,0.3355737253185518,0.6644262746814482
1,1,0.3354630411304167,0.6645369588695833
0,1,0.3644116621450685,0.6355883378549315
1,1,0.31162652011997394,0.6883734798800261
1,1,0.33906413750294573,0.6609358624970543
0,1,0.38654251343821566,0.6134574865617843
1,1,0.34806460358323077,0.6519353964167692
1,1,0.30686294615349463,0.6931370538465054
1,1,0.3491181062539036,0.6508818937460964
1,1,0.3134612914617052,0.6865387085382948
0,1,0.40754233155481023,0.5924576684451898
1,1,0.3898496839106038,0.6101503160893962
1,1,0.34299335388537544,0.6570066461146246
1,1,0.3667706528481175,0.6332293471518825
0,1,0.33682092535321717,0.6631790746467828
1,1,0.3498575245547879,0.6501424754452121
0,1,0.2864052120541266,0.7135947879458734
1,1,0.36613110445903085,0.6338688955409691
1,1,0.319339771150536,0.680660228849464
0,1,0.3462377547357225,0.6537622452642775
0,1,0.3496391534191945,0.6503608465808055
0,1,0.35459881912663416,0.6454011808733658
1,1,0.34640503059010475,0.6535949694098953
0,1,0.34830031189071753,0.6516996881092825
0,1,0.3351696970641689,0.6648303029358311
0,1,0.360864246157763,0.639135753842237
0,1,0.34900349585065027,0.6509965041493497
1,1,0.3301268773863172,0.6698731226136828
0,1,0.3829771915108091,0.6170228084891909
1,1,0.3825537270217273,0.6174462729782727
0,1,0.36503258344289213,0.6349674165571079
0,1,0.3490022248156087,0.6509977751843913
1,1,0.36982280491689856,0.6301771950831014
1,1,0.3436003819479029,0.6563996180520971
1,1,0.403539270738441,0.596460729261559
1,1,0.37375025874554935,0.6262497412544507
1,1,0.36015810412498184,0.6398418958750182
0,1,0.335627457291762,0.664372542708238
0,1,0.34927042451114665,0.6507295754888534
0,1,0.3604556328735704,0.6395443671264296
0,1,0.3225892105162437,0.6774107894837563
1,1,0.32169231652334596,0.678307683476654
0,1,0.344412519496749,0.655587480503251
1,1,0.334219501004572,0.665780498995428
1,1,0.3544548222212095,0.6455451777787905
1,1,0.34344013896994907,0.6565598610300509
0,1,0.4092988362055552,0.5907011637944448
0,1,0.32972240745781656,0.6702775925421834
1,1,0.34143432846058674,0.6585656715394133
1,1,0.32384724748944316,0.6761527525105568
0,1,0.342402329471596,0.657597670528404
1,1,0.36744997046633754,0.6325500295336625
0,1,0.30269369759243314,0.6973063024075669
1,1,0.37954336176595926,0.6204566382340407
1,1,0.3228489368724572,0.6771510631275428
1,1,0.3525032533343202,0.6474967466656798
1,1,0.31603165351806906,0.6839683464819309
0,1,0.3557296680056178,0.6442703319943822
1,1,0.35370523828343803,0.646294761716562
0,1,0.30976081064784255,0.6902391893521574
1,1,0.319608801462716,0.680391198537284
1,1,0.35245778837714026,0.6475422116228597
1,1,0.3977471714834907,0.6022528285165093
1,1,0.3210660117198503,0.6789339882801497
1,1,0.3515990940384587,0.6484009059615413
1,1,0.33383911653118126,0.6661608834688187
1,1,0.3850151026195471,0.6149848973804529
0,1,0.35904554817460643,0.6409544518253936
1,1,0.3418874960351149,0.6581125039648851
1,1,0.2987395034278315,0.7012604965721685
1,1,0.34539633068887987,0.6546036693111201
1,1,0.3615316638924585,0.6384683361075415
1,1,0.3556902740179436,0.6443097259820564
0,1,0.3364612965866789,0.6635387034133211
0,1,0.3523877648110447,0.6476122351889553
1,1,0.3465950743562307,0.6534049256437693
1,1,0.32751621528322494,0.6724837847167751
1,1,0.32896886930635916,0.6710311306936408
0,1,0.31750132793249264,0.6824986720675074
1,1,0.35021322403441624,0.6497867759655838
1,1,0.35119520829800843,0.6488047917019916
1,1,0.359633174603202,0.640366825396798
1,1,0.3123737555774897,0.6876262444225103
0,1,0.37629744375353047,0.6237025562464695
1,1,0.361430980012058,0.638569019987942
1,1,0.3542425468328082,0.6457574531671918
0,1,0.34844239545182076,0.6515576045481792
1,1,0.3521058171979322,0.6478941828020678
1,1,0.3195046325664863,0.6804953674335137
1,1,0.3631025281250363,0.6368974718749637
0,1,0.35071452673288295,0.649285473267117
0,1,0.34489749768956135,0.6551025023104387
1,1,0.36709993827346,0.63290006172654
1,1,0.33751361153807447,0.6624863884619255
1,1,0.32228441992593315,0.6777155800740668
1,1,0.3424985301078616,0.6575014698921384
1,1,0.4089594835055943,0.5910405164944057
1,1,0.36659061863616127,0.6334093813638387
1,1,0.3433085429968402,0.6566914570031598
1,1,0.3360099697614275,0.6639900302385725
1,1,0.33811267573465376,0.6618873242653462
0,1,0.31001658562111756,0.6899834143788824
1,1,0.3362555340792326,0.6637444659207674
0,1,0.3348867558658518,0.6651132441341482
0,1,0.33666098546868795,0.663339014531312
0,1,0.40286956383978356,0.5971304361602164
0,1,0.3490182821145158,0.6509817178854842
1,1,0.35556925370180503,0.644430746298195
1,1,0.38448390233095575,0.6155160976690442
0,1,0.33807395268133367,0.6619260473186663
0,1,0.3587213515733825,0.6412786484266175
0,1,0.2991791885275673,0.7008208114724327
0,1,0.35433722489609776,0.6456627751039022
1,1,0.35169518047144177,0.6483048195285582
1,1,0.3638309566718112,0.6361690433281888
0,1,0.36638543692224845,0.6336145630777515
1,1,0.33755688957163654,0.6624431104283635
0,1,0.35745662065276873,0.6425433793472313
0,1,0.3339310878781949,0.6660689121218051
1,1,0.39242585481048,0.60757414518952
1,1,0.31389162985291486,0.6861083701470851
1,1,0.33930382637002043,0.6606961736299796
0,1,0.3438517269889986,0.6561482730110014
0,1,0.33567748093191674,0.6643225190680833
1,1,0.3633157643686592,0.6366842356313408
0,1,0.3404070054680973,0.6595929945319027
1,1,0.33583201939815144,0.6641679806018486
0,1,0.33878946112712605,0.661210538872874
1,1,0.3687952492037875,0.6312047507962125
1,1,0.3244201160453445,0.6755798839546555
1,1,0.3535957795692395,0.6464042204307605
1,1,0.33202848473641056,0.6679715152635894
1,1,0.3388559942445405,0.6611440057554595
1,1,0.3820831175123287,0.6179168824876713
1,1,0.3330154664303765,0.6669845335696235
1,1,0.33771210723991874,0.6622878927600813
0,1,0.35241282321384326,0.6475871767861567
0,1,0.3416919197603101,0.6583080802396899
1,1,0.3323507820184296,0.6676492179815704
1,1,0.34468379348533984,0.6553162065146602
1,1,0.3435842814292168,0.6564157185707832
0,1,0.3633266378731731,0.6366733621268269
0,1,0.33781168848396204,0.662188311516038
0,1,0.33758446574735224,0.6624155342526478
1,1,0.3460965247494491,0.6539034752505509
1,1,0.3521756432951515,0.6478243567048485
1,1,0.3600653610402925,0.6399346389597075
1,1,0.3586478608406266,0.6413521391593734
0,1,0.35294426547330104,0.647055734526699
1,1,0.31772797770027383,0.6822720222997262
1,1,0.329265796205207,0.670734203794793
1,1,0.33323070035989033,0.6667692996401097
1,1,0.3504509780110693,0.6495490219889307
0,1,0.3281073956286277,0.6718926043713723
1,1,0.38263726752483906,0.6173627324751609
1,1,0.3560794045839646,0.6439205954160354
0,1,0.34217300305264986,0.6578269969473501
1,1,0.34794577411984884,0.6520542258801512
0,1,0.3440777637604574,0.6559222362395426
1,1,0.3534510522673122,0.6465489477326878
0,1,0.33774508488063315,0.6622549151193668
1,1,0.37866183833168077,0.6213381616683192
1,1,0.35673351865773784,0.6432664813422622
1,1,0.3387428210997486,0.6612571789002514
1,1,0.31949172699589146,0.6805082730041085
1,1,0.3592637163922707,0.6407362836077293
1,1,0.3821493988820387,0.6178506011179613
1,1,0.3403555077759476,0.6596444922240524
1,1,0.35408975676873333,0.6459102432312667
0,1,0.3183520728307455,0.6816479271692545
1,1,0.34096102767072756,0.6590389723292724
0,1,0.3677241918251557,0.6322758081748443
1,1,0.3408393827974514,0.6591606172025486
1,1,0.3360568810413146,0.6639431189586854
0,1,0.3505806532688698,0.6494193467311302
1,1,0.37416886531656857,0.6258311346834314
1,1,0.35756990719000226,0.6424300928099977
1,1,0.33254580283693636,0.6674541971630636
1,1,0.3352206582018369,0.6647793417981631
1,1,0.353869059605582,0.646130940394418
0,1,0.36420461913714386,0.6357953808628561
1,1,0.3442544123746465,0.6557455876253535
1,1,0.3336460452653116,0.6663539547346884
1,1,0.33657048646126175,0.6634295135387382
1,1,0.36065919976925265,0.6393408002307474
0,1,0.30599126546258026,0.6940087345374197
1,1,0.37009730462257606,0.6299026953774239
1,1,0.38691766077335077,0.6130823392266492
0,1,0.3208033269955224,0.6791966730044776
1,1,0.3632149371778658,0.6367850628221342
1,1,0.3747515449907648,0.6252484550092352
1,1,0.33725275858165815,0.6627472414183418
0,1,0.3571073383677542,0.6428926616322458
1,1,0.32136484333237814,0.6786351566676219
1,1,0.35695765105915434,0.6430423489408457
1,1,0.3365285645346867,0.6634714354653133
0,1,0.35191562210358784,0.6480843778964122
1,1,0.3534620469170833,0.6465379530829167
0,1,0.33716205882415917,0.6628379411758408
1,1,0.35141814606331334,0.6485818539366867
1,1,0.3432588157823254,0.6567411842176746
0,1,0.36563595613237976,0.6343640438676202
0,1,0.33747959925790705,0.662520400742093
1,1,0.36189634245796887,0.6381036575420311
0,1,0.37233590164529295,0.627664098354707
0,1,0.3567949528768142,0.6432050471231858
1,1,0.3541988134103272,0.6458011865896728
1,1,0.33452642995781623,0.6654735700421838
1,1,0.3391851583386579,0.6608148416613421
1,1,0.35734510626286553,0.6426548937371345
1,1,0.3777674684099578,0.6222325315900422
0,1,0.31659689275281677,0.6834031072471832
0,1,0.33907116517235836,0.6609288348276416
1,1,0.35761357335126387,0.6423864266487361
0,1,0.3549491439114596,0.6450508560885404
1,1,0.36989804032892015,0.6301019596710798
1,1,0.3610880847490956,0.6389119152509044
1,1,0.3491735364612958,0.6508264635387042
0,1,0.3418212457443224,0.6581787542556776
0,1,0.34570300018064504,0.654296999819355
1,1,0.44906826782552445,0.5509317321744756
1,1,0.3647945313281272,0.6352054686718728
0,1,0.3879412132732759,0.6120587867267241
1,1,0.34498664442768434,0.6550133555723157
0,1,0.35733081730202865,0.6426691826979714
0,1,0.3567361048026436,0.6432638951973564
0,1,0.3635814921773237,0.6364185078226763
1,1,0.3429770897131067,0.6570229102868933
0,1,0.33298507942325706,0.6670149205767429
1,1,0.3353456149493875,0.6646543850506125
1,1,0.34876444263467854,0.6512355573653215
0,1,0.3417616039953325,0.6582383960046675
1,1,0.3378581265276195,0.6621418734723805
1,1,0.3245489223384288,0.6754510776615712
1,1,0.32350110843324464,0.6764988915667554
0,1,0.3545766862291725,0.6454233137708275
0,1,0.3499808393923598,0.6500191606076402
1,1,0.3525704096708159,0.6474295903291841
1,1,0.3185943110544186,0.6814056889455814
0,1,0.33365362927432074,0.6663463707256793
1,1,0.377198506780818,0.622801493219182
1,1,0.36426872348675654,0.6357312765132435
1,1,0.35070916467234037,0.6492908353276596
1,1,0.35177395251631893,0.6482260474836811
0,1,0.33063028544470674,0.6693697145552933
0,1,0.3529796567423382,0.6470203432576618
0,1,0.36537657883461694,0.6346234211653831
0,1,0.34568697973082063,0.6543130202691794
1,1,0.34279015698811766,0.6572098430118823
1,1,0.35799648217229363,0.6420035178277064
1,1,0.351202419788742,0.648797580211258
0,1,0.3433107750570277,0.6566892249429723
1,1,0.32804741954164585,0.6719525804583542
1,1,0.3416703810180314,0.6583296189819686
1,1,0.3368813689947202,0.6631186310052798
0,1,0.3457694890484946,0.6542305109515054
1,1,0.3640814895444352,0.6359185104555648
0,1,0.35417345451489146,0.6458265454851085
1,1,0.3652398568355014,0.6347601431644986
1,1,0.32349258969568206,0.6765074103043179
1,1,0.3510651454540221,0.6489348545459779
1,1,0.34543293865443603,0.654567061345564
0,1,0.3629632453863777,0.6370367546136223
0,1,0.3440204655210308,0.6559795344789692
1,1,0.36929370847068,0.63070629152932
1,1,0.3409661868901296,0.6590338131098704
1,1,0.3480831890372589,0.6519168109627411
0,1,0.405528365412266,0.594471634587734
1,1,0.3536255495744107,0.6463744504255893
1,1,0.37551978965885713,0.6244802103411429
0,1,0.34970805294625573,0.6502919470537443
1,1,0.3172838041245799,0.6827161958754201
0,1,0.3573826653059289,0.6426173346940711
1,1,0.36210296363612304,0.637897036363877
0,1,0.353987393408672,0.646012606591328
0,1,0.4038362704389533,0.5961637295610467
0,1,0.3595405479984253,0.6404594520015747
1,1,0.35295581535490983,0.6470441846450902
0,1,0.3698802344429758,0.6301197655570242
0,1,0.3833106046406938,0.6166893953593062
0,1,0.34953862235650324,0.6504613776434968
1,1,0.3692467206390537,0.6307532793609463
0,1,0.38587959948557715,0.6141204005144228
1,1,0.35439712411028124,0.6456028758897188
1,1,0.3481170333618758,0.6518829666381242
1,1,0.36245399681696266,0.6375460031830373
0,1,0.34690458381446476,0.6530954161855352
0,1,0.3265012742220541,0.6734987257779459
1,1,0.35407635713907604,0.645923642860924
1,1,0.36222373726966894,0.6377762627303311
0,1,0.35533300214654595,0.644666997853454
1,1,0.32645581108926813,0.6735441889107319
1,1,0.31059584810563134,0.6894041518943687
1,1,0.35187131995778864,0.6481286800422114
1,1,0.37384820997651247,0.6261517900234875
0,1,0.39218786028755515,0.6078121397124449
0,1,0.33303705202273026,0.6669629479772697
0,1,0.388389467311279,0.611610532688721
1,1,0.3573795165156808,0.6426204834843192
0,1,0.34001229771048513,0.6599877022895149
0,1,0.3390181486105156,0.6609818513894844
1,1,0.3450363657526203,0.6549636342473797
1,1,0.362938568287822,0.637061431712178
0,1,0.3484615712258544,0.6515384287741456
0,1,0.3430524905835165,0.6569475094164835
1,1,0.3963803254590852,0.6036196745409148
1,1,0.3281241934038762,0.6718758065961238
1,1,0.35399337113045315,0.6460066288695469
0,1,0.34492885052985656,0.6550711494701434
1,1,0.4321725720560695,0.5678274279439305
1,1,0.41521436341229156,0.5847856365877084
1,1,0.361894450964518,0.638105549035482
1,1,0.3584027720716837,0.6415972279283163
1,1,0.3579296232780481,0.6420703767219519
1,1,0.3941809081886931,0.6058190918113069
1,1,0.3662595641947275,0.6337404358052725
0,1,0.33713795262353174,0.6628620473764683
0,1,0.33487688406705174,0.6651231159329483
1,1,0.335410609273484,0.664589390726516
1,1,0.3687111591063066,0.6312888408936934
0,1,0.35463571375736425,0.6453642862426358
0,1,0.33359979412719276,0.6664002058728072
0,1,0.35128199987562403,0.648718000124376
1,1,0.3577036432022517,0.6422963567977483
0,1,0.33465451996231843,0.6653454800376816
1,1,0.360493398321183,0.639506601678817
0,1,0.3708151966263187,0.6291848033736813
0,1,0.34923311226056253,0.6507668877394375
0,1,0.36069203839863095,0.639307961601369
1,1,0.3047138433087304,0.6952861566912696
1,1,0.33670408418775366,0.6632959158122463
0,1,0.3636036972482585,0.6363963027517415
1,1,0.3497904597020606,0.6502095402979394
1,1,0.34972474655969943,0.6502752534403006
1,1,0.35876703612087646,0.6412329638791235
0,1,0.3355174132465568,0.6644825867534432
1,1,0.33218861647676845,0.6678113835232315
0,1,0.34529072071021216,0.6547092792897878
0,1,0.34683890896822667,0.6531610910317733
1,1,0.34165881350177074,0.6583411864982293
1,1,0.30763856082758534,0.6923614391724147
1,1,0.3581036005863808,0.6418963994136192
0,1,0.35322212045981727,0.6467778795401827
1,1,0.3317055873799408,0.6682944126200592
1,1,0.3622596108964916,0.6377403891035084
1,1,0.3527991612519872,0.6472008387480128
0,1,0.4188471840916189,0.5811528159083811
0,1,0.3301138534310787,0.6698861465689213
0,1,0.3360148801477444,0.6639851198522556
0,1,0.34897964073424226,0.6510203592657577
1,1,0.3399715436885695,0.6600284563114305
1,1,0.3567137676122428,0.6432862323877572
0,1,0.3697336622015379,0.6302663377984621
1,1,0.4048707772503163,0.5951292227496837
1,1,0.4432848291132101,0.5567151708867899
1,1,0.3710220323912178,0.6289779676087822
0,1,0.3686342490162452,0.6313657509837548
1,1,0.33841390307552044,0.6615860969244796
1,1,0.3280979002039718,0.6719020997960282
1,1,0.37164063908755984,0.6283593609124402
0,1,0.35002613138497285,0.6499738686150272
1,1,0.36635300558352435,0.6336469944164757
1,1,0.3424713396440474,0.6575286603559526
0,1,0.34924213561962447,0.6507578643803755
1,1,0.3000295815687336,0.6999704184312664
0,1,0.32651514762332046,0.6734848523766795
0,1,0.3620568478238366,0.6379431521761634
0,1,0.3538192115459774,0.6461807884540226
1,1,0.33339748565129634,0.6666025143487037
1,1,0.3546984856140083,0.6453015143859917
1,1,0.3378707094800937,0.6621292905199063
1,1,0.3608929419346242,0.6391070580653758
0,1,0.38059646779069467,0.6194035322093053
0,1,0.3342287891183774,0.6657712108816226
1,1,0.3500599489980154,0.6499400510019846
0,1,0.3874427776714636,0.6125572223285364
1,1,0.34596432613186534,0.6540356738681347
0,1,0.348166381856285,0.651833618143715
1,1,0.3413931012469854,0.6586068987530146
0,1,0.3375915479934808,0.6624084520065192
1,1,0.38161811542661894,0.6183818845733811
1,1,0.3312944923951112,0.6687055076048888
1,1,0.38777205217573385,0.6122279478242661
0,1,0.3630908024635565,0.6369091975364435
0,1,0.3535159262195463,0.6464840737804537
1,1,0.389854807987976,0.610145192012024
1,1,0.3190871004403091,0.6809128995596909
1,1,0.3251092817709712,0.6748907182290288
0,1,0.354690298901706,0.645309701098294
0,1,0.3436313682900328,0.6563686317099672
1,1,0.3327739297435588,0.6672260702564412
1,1,0.38808011938964204,0.611919880610358
0,1,0.3860987815576814,0.6139012184423186
0,1,0.2859545672700562,0.7140454327299438
1,1,0.3640322813988769,0.6359677186011231
1,1,0.31612922640514085,0.6838707735948591
0,1,0.3564360676603854,0.6435639323396146
1,1,0.35674007446389544,0.6432599255361046
1,1,0.3451096119586553,0.6548903880413447
1,1,0.37619534721586034,0.6238046527841397
1,1,0.36801866782028203,0.631981332179718
0,1,0.3586313471085698,0.6413686528914302
1,1,0.3178294587326518,0.6821705412673482
0,1,0.33140316548587634,0.6685968345141237
0,1,0.3527253939152776,0.6472746060847224
1,1,0.398844571729964,0.601155428270036
1,1,0.3330256042250225,0.6669743957749775
1,1,0.32400694623305226,0.6759930537669477
0,1,0.3342511368597849,0.6657488631402151
0,1,0.3656240651422483,0.6343759348577517
1,1,0.33887469904143785,0.6611253009585621
1,1,0.36864530178934374,0.6313546982106563
1,1,0.3494000513622898,0.6505999486377102
1,1,0.3919985922390309,0.6080014077609691
0,1,0.37206799064111473,0.6279320093588853
1,1,0.34742374219770156,0.6525762578022984
1,1,0.3760064719067048,0.6239935280932952
1,1,0.33537913954379084,0.6646208604562092
1,1,0.3277009496969484,0.6722990503030516
1,1,0.334004577375848,0.665995422624152
1,1,0.35146000603627237,0.6485399939637276
0,1,0.34702377862774214,0.6529762213722579
1,1,0.36093367063583814,0.6390663293641619
1,1,0.37791694867421655,0.6220830513257835
0,1,0.35814296412411883,0.6418570358758812
1,1,0.37321148384250347,0.6267885161574965
0,1,0.3913064822460409,0.6086935177539591
0,1,0.41233283524097597,0.587667164759024
0,1,0.3325528189620329,0.6674471810379671
1,1,0.3440166700776368,0.6559833299223632
1,1,0.3497288502928806,0.6502711497071194
1,1,0.37192759767906547,0.6280724023209345
1,1,0.37742746432365526,0.6225725356763447
1,1,0.3509249916454368,0.6490750083545632
0,1,0.3363933320848347,0.6636066679151653
1,1,0.36624005673004445,0.6337599432699556
1,1,0.3619674722819237,0.6380325277180763
0,1,0.34293635481896423,0.6570636451810358
0,1,0.34407975321095674,0.6559202467890433
1,1,0.3603873311418734,0.6396126688581266
1,1,0.37715000778992747,0.6228499922100725
1,1,0.33664011991758247,0.6633598800824175
1,1,0.3423558701215199,0.6576441298784801
1,1,0.33950102420324657,0.6604989757967534
0,1,0.33700748506580946,0.6629925149341905
0,1,0.36222096963943407,0.6377790303605659
1,1,0.3635286114842544,0.6364713885157456
1,1,0.3341110013721573,0.6658889986278427
0,1,0.35188353271064254,0.6481164672893575
1,1,0.34803785901705064,0.6519621409829494
1,1,0.3661284147522992,0.6338715852477008
1,1,0.3650227399622973,0.6349772600377027
0,1,0.3636862531700078,0.6363137468299922
1,1,0.3532505226524958,0.6467494773475042
1,1,0.33967203411442215,0.6603279658855779
0,1,0.3665861724668581,0.6334138275331419
1,1,0.32529479715787957,0.6747052028421204
1,1,0.3304485558588013,0.6695514441411987
1,1,0.35277553329606115,0.6472244667039388
1,1,0.373772664407508,0.626227335592492
1,1,0.4324688926418373,0.5675311073581627
1,1,0.36940386317597884,0.6305961368240212
1,1,0.35225545866909036,0.6477445413309096
0,1,0.3535364834944903,0.6464635165055097
1,1,0.3525655029312922,0.6474344970687078
1,1,0.36135692854883394,0.6386430714511661
1,1,0.34667562686854725,0.6533243731314528
0,1,0.3367766115472177,0.6632233884527823
1,1,0.37423153158547806,0.6257684684145219
0,1,0.32350303203700737,0.6764969679629926
1,1,0.33877239976264484,0.6612276002373552
1,1,0.3723231263875505,0.6276768736124495
1,1,0.35755729282477267,0.6424427071752273
0,1,0.3363764636689167,0.6636235363310833
0,1,0.3794242435051802,0.6205757564948198
1,1,0.35821722039782744,0.6417827796021726
1,1,0.3485412884881023,0.6514587115118977
1,1,0.3310299730339358,0.6689700269660642
1,1,0.40273402064893404,0.597265979351066
1,1,0.31364583732455864,0.6863541626754414
1,1,0.363404982537638,0.636595017462362
1,1,0.335182209405828,0.664817790594172
1,1,0.32729929298518523,0.6727007070148148
1,1,0.33161541173209297,0.668384588267907
1,1,0.3621679466856814,0.6378320533143186
1,1,0.3485801496258235,0.6514198503741765
1,1,0.364619305010076,0.635380694989924
1,1,0.30538101283337016,0.6946189871666298
1,1,0.37728972226714796,0.622710277732852
1,1,0.35163842117587285,0.6483615788241271
0,1,0.3432193075739015,0.6567806924260985
0,1,0.3706361965929249,0.6293638034070751
0,1,0.31057877506020426,0.6894212249397957
0,1,0.3177622476998714,0.6822377523001286
0,1,0.36503659090066176,0.6349634090993382
0,1,0.3256085587053106,0.6743914412946894
0,1,0.3748436374025864,0.6251563625974136
1,1,0.36040813392484605,0.639591866075154
1,1,0.37862528778480664,0.6213747122151934
0,1,0.4409707581350426,0.5590292418649574
1,1,0.34586254616342327,0.6541374538365767
0,1,0.3565337814643609,0.6434662185356391
0,1,0.3539188332324511,0.6460811667675489
0,1,0.33670971066866384,0.6632902893313362
1,1,0.34249691364249324,0.6575030863575068
1,1,0.3368353046097271,0.6631646953902729
0,1,0.4270053232793227,0.5729946767206773
1,1,0.35698158934180946,0.6430184106581905
0,1,0.3423284380128303,0.6576715619871697
1,1,0.3482986529665999,0.6517013470334001
0,1,0.3685315232537779,0.6314684767462221
1,1,0.3326655029300719,0.6673344970699281
0,1,0.334186900797412,0.665813099202588
0,1,0.3159343579913605,0.6840656420086395
1,1,0.34536312563115223,0.6546368743688478
1,1,0.30860802622858996,0.69139197377141
1,1,0.34969543186737306,0.6503045681326269
0,1,0.35349101865108856,0.6465089813489114
0,1,0.37591563354942237,0.6240843664505776
0,1,0.34693895011212295,0.653061049887877
1,1,0.313753174511738,0.686246825488262
1,1,0.31589127367220515,0.6841087263277948
0,1,0.3708211670441893,0.6291788329558107
1,1,0.33468559560776834,0.6653144043922317
1,1,0.31570974489669423,0.6842902551033058
0,1,0.3340481301545747,0.6659518698454253
0,1,0.34339620519791425,0.6566037948020857
1,1,0.3513356002579674,0.6486643997420326
1,1,0.35408173136213694,0.6459182686378631
1,1,0.3691522521169648,0.6308477478830352
0,1,0.3095476030063872,0.6904523969936128
0,1,0.3466270648502029,0.6533729351497971
1,1,0.3535962538303433,0.6464037461696567
1,1,0.36521680955998803,0.634783190440012
1,1,0.3705216237225971,0.6294783762774029
1,1,0.35659638289782547,0.6434036171021745
1,1,0.3548578129206261,0.6451421870793739
0,1,0.36035942646449226,0.6396405735355077
1,1,0.3874054254953929,0.6125945745046071
0,1,0.37238960231123996,0.62761039768876
0,1,0.34565359549226893,0.6543464045077311
1,1,0.3450757094498298,0.6549242905501702
1,1,0.36289749759321965,0.6371025024067803
0,1,0.33921691517488095,0.660783084825119
1,1,0.33907090615898083,0.6609290938410192
1,1,0.3522323137958612,0.6477676862041388
1,1,0.3384745211240241,0.6615254788759759
0,1,0.3177855629087979,0.6822144370912021
1,1,0.2912726728036322,0.7087273271963678
0,1,0.2907784392706094,0.7092215607293906
1,1,0.3398291677636859,0.6601708322363141
1,1,0.34759668281062317,0.6524033171893768
1,1,0.3709399642408655,0.6290600357591345
1,1,0.318880709120969,0.681119290879031
1,1,0.36035416883987004,0.63964583116013
0,1,0.36374007362177574,0.6362599263782243
0,1,0.33908289274074055,0.6609171072592595
1,1,0.3530790117357503,0.6469209882642497
1,1,0.3583014813011115,0.6416985186988885
1,1,0.3717323222900558,0.6282676777099442
1,1,0.348030320180428,0.651969679819572
1,1,0.35288475685226073,0.6471152431477393
0,1,0.41718094106060066,0.5828190589393993
1,1,0.3645852786029634,0.6354147213970366
1,1,0.33315257682706567,0.6668474231729343
0,1,0.3360017537428376,0.6639982462571624
0,1,0.33946855933992925,0.6605314406600707
1,1,0.3851522442204953,0.6148477557795047
1,1,0.3823088409617095,0.6176911590382905
1,1,0.37747852070145904,0.622521479298541
1,1,0.35462782502988166,0.6453721749701183
0,1,0.3373696134156411,0.6626303865843589
1,1,0.3792838222745636,0.6207161777254364
1,1,0.33597732722372886,0.6640226727762711
1,1,0.3389802638399618,0.6610197361600382
0,1,0.3445573601717521,0.6554426398282479
1,1,0.3527440312739283,0.6472559687260717
0,1,0.36136301019616857,0.6386369898038314
1,1,0.33785977067287287,0.6621402293271271
0,1,0.34723131505993277,0.6527686849400672
1,1,0.3633436542007389,0.6366563457992611
1,1,0.370172209768565,0.629827790231435
1,1,0.3446003165651811,0.6553996834348189
0,1,0.36914119847265325,0.6308588015273467
1,1,0.3540481060422108,0.6459518939577892
1,1,0.3350244991258481,0.6649755008741519
1,1,0.3508533821623615,0.6491466178376385
1,1,0.3948506332462236,0.6051493667537764
1,1,0.31995154674070725,0.6800484532592928
1,1,0.33034846338049806,0.6696515366195019
0,1,0.339236989429165,0.660763010570835
0,1,0.43054986885542235,0.5694501311445777
1,1,0.349991364640971,0.650008635359029
0,1,0.3527576124105958,0.6472423875894042
0,1,0.3395256262352393,0.6604743737647607
0,1,0.3419260483360972,0.6580739516639028
1,1,0.34830202369873764,0.6516979763012624
1,1,0.3680735320706713,0.6319264679293287
1,1,0.37043279732848944,0.6295672026715106
0,1,0.34422643953319665,0.6557735604668034
1,1,0.382983263808789,0.617016736191211
0,1,0.31666743771938166,0.6833325622806183
1,1,0.2910956254936743,0.7089043745063257
0,1,0.3371995581150854,0.6628004418849146
1,1,0.37671945987636457,0.6232805401236354
0,1,0.32067414962124574,0.6793258503787543
1,1,0.38086834051220586,0.6191316594877941
0,1,0.33462253150555477,0.6653774684944452
1,1,0.33668025802942214,0.6633197419705779
1,1,0.3423401158007576,0.6576598841992424
1,1,0.31937529132794185,0.6806247086720582
1,1,0.37602753833739644,0.6239724616626036
0,1,0.43078743265181496,0.569212567348185
1,1,0.3319583528224692,0.6680416471775308
0,1,0.32648235123965397,0.673517648760346
1,1,0.3370046903118581,0.6629953096881419
0,1,0.3617203559914203,0.6382796440085797
1,1,0.3874642357732856,0.6125357642267144
1,1,0.3531010598860952,0.6468989401139048
0,1,0.365328423766043,0.634671576233957
1,1,0.39293848840817514,0.6070615115918249
1,1,0.33911416910402126,0.6608858308959787
1,1,0.31730957138800364,0.6826904286119964
1,1,0.3254118424714214,0.6745881575285786
1,1,0.31405857028908946,0.6859414297109105
1,1,0.3231336365541737,0.6768663634458263
1,1,0.3481873739659943,0.6518126260340057
0,1,0.3725660246600214,0.6274339753399786
1,1,0.3382979586865973,0.6617020413134027
1,1,0.38871129074987987,0.6112887092501201
1,1,0.3624190415377383,0.6375809584622617
1,1,0.35946152443803214,0.6405384755619679
1,1,0.3655901466251984,0.6344098533748016
1,1,0.31546999519588936,0.6845300048041106
1,1,0.35776733257480686,0.6422326674251931
1,1,0.32313719148835574,0.6768628085116443
1,1,0.34938460784156566,0.6506153921584343
0,1,0.351027330972256,0.648972669027744
1,1,0.3309236399007812,0.6690763600992188
1,1,0.36084312935406637,0.6391568706459336
1,1,0.32444568733834367,0.6755543126616563
0,1,0.3890999749582169,0.6109000250417831
1,1,0.3473247229555205,0.6526752770444795
1,1,0.3524930624713791,0.6475069375286209
1,1,0.35773928742670447,0.6422607125732955
0,1,0.33438916874470415,0.6656108312552959
0,1,0.3718195813527969,0.6281804186472031
1,1,0.35548101430154966,0.6445189856984503
1,1,0.3549716520369469,0.6450283479630531
1,1,0.3573970847255019,0.6426029152744981
1,1,0.3552491325549715,0.6447508674450285
0,1,0.332305844875736,0.667694155124264
0,1,0.3637129101244302,0.6362870898755698
1,1,0.3187689523914141,0.6812310476085859
1,1,0.35679886710692277,0.6432011328930772
0,1,0.37525926095680073,0.6247407390431993
1,1,0.3544502988970881,0.6455497011029119
1,1,0.35745012224885064,0.6425498777511494
0,1,0.3712710884157179,0.6287289115842821
0,1,0.3487875033268304,0.6512124966731696
1,1,0.36543792789651863,0.6345620721034814
0,1,0.38922682002931597,0.610773179970684
1,1,0.3558938779238532,0.6441061220761468
1,1,0.35146702199705426,0.6485329780029457
1,1,0.3419945974688132,0.6580054025311868
1,1,0.35870209186856505,0.641297908131435
0,1,0.3585676615231791,0.6414323384768209
1,1,0.35473243927995546,0.6452675607200445
0,1,0.33787836440814156,0.6621216355918584
0,1,0.2984810646189727,0.7015189353810273
1,1,0.3499435273757978,0.6500564726242022
0,1,0.34102374473932884,0.6589762552606712
1,1,0.36379109614848815,0.6362089038515119
1,1,0.3552687831893899,0.6447312168106101
1,1,0.3041156382687563,0.6958843617312437
1,1,0.36249391354613847,0.6375060864538615
1,1,0.34836853091121145,0.6516314690887886
0,1,0.3733798677191864,0.6266201322808136
1,1,0.33237509193718706,0.6676249080628129
1,1,0.34218016155252995,0.65781983844747
1,1,0.3501014212310979,0.6498985787689021
0,1,0.37713171422639713,0.6228682857736029
0,1,0.37870191200971137,0.6212980879902886
1,1,0.3489499877993679,0.6510500122006321
1,1,0.38523463855109097,0.614765361448909
0,1,0.34048035922591313,0.6595196407740869
0,1,0.33112143159968366,0.6688785684003163
1,1,0.3425740468120475,0.6574259531879525
1,1,0.3543006031951609,0.6456993968048391
1,1,0.34840298458260077,0.6515970154173992
0,1,0.339763775227771,0.660236224772229
0,1,0.36045328294380685,0.6395467170561931
1,1,0.33705718631090087,0.6629428136890991
1,1,0.3503082642405081,0.6496917357594919
1,1,0.32625862575651465,0.6737413742434853
1,1,0.35370778247958823,0.6462922175204118
1,1,0.3925010914859637,0.6074989085140363
0,1,0.3405851268438701,0.6594148731561299
1,1,0.3319706901547509,0.6680293098452491
1,1,0.34907048449030054,0.6509295155096995
1,1,0.3418586317571609,0.6581413682428391
0,1,0.3751784942421711,0.6248215057578289
1,1,0.37256293638944604,0.627437063610554
1,1,0.34125087997653014,0.6587491200234699
1,1,0.3508077737556333,0.6491922262443667
0,1,0.4300219520618175,0.5699780479381825
1,1,0.3713560257286628,0.6286439742713372
1,1,0.33695127830699,0.66304872169301
1,1,0.35067314306939934,0.6493268569306007
0,1,0.32213927571323064,0.6778607242867694
0,1,0.34258438661580015,0.6574156133841998
1,1,0.3240879535823956,0.6759120464176044
1,1,0.3184680064247163,0.6815319935752837
1,1,0.3769548852203334,0.6230451147796666
1,1,0.3494734910920294,0.6505265089079706
0,1,0.3096314090608572,0.6903685909391428
0,1,0.36785408382009877,0.6321459161799012
0,1,0.33098820948413465,0.6690117905158653
1,1,0.35015271383860214,0.6498472861613979
0,1,0.3361975556283745,0.6638024443716255
0,1,0.37052292429731215,0.6294770757026878
1,1,0.3776617922026929,0.6223382077973071
1,1,0.371629892551231,0.628370107448769
1,1,0.38190651947786103,0.618093480522139
0,1,0.33808437392688273,0.6619156260731173
1,1,0.3484763440285049,0.6515236559714951
1,1,0.36362458306582246,0.6363754169341775
0,1,0.35913887547714196,0.640861124522858
0,1,0.3495747759257285,0.6504252240742715
0,1,0.3319887285372214,0.6680112714627786
0,1,0.3486582552444035,0.6513417447555965
0,1,0.323907527711343,0.676092472288657
1,1,0.33235796082405733,0.6676420391759427
1,1,0.3450497465918483,0.6549502534081517
1,1,0.32891183926304546,0.6710881607369545
1,1,0.3727017537527041,0.6272982462472959
1,1,0.33870526759411124,0.6612947324058888
1,1,0.3632371133123855,0.6367628866876145
1,1,0.32830554854212857,0.6716944514578714
0,1,0.36382275874894465,0.6361772412510553
1,1,0.4036274861796456,0.5963725138203544
1,1,0.354561304322511,0.645438695677489
0,1,0.3395561305719761,0.6604438694280239
1,1,0.304537891873636,0.695462108126364
1,1,0.3749600462852045,0.6250399537147955
1,1,0.3335247049161463,0.6664752950838537
0,1,0.33141626753199727,0.6685837324680027
1,1,0.36094831490954593,0.6390516850904541
1,1,0.3581242978542881,0.6418757021457119
0,1,0.35417188296151814,0.6458281170384819
1,1,0.33678349548649966,0.6632165045135003
0,1,0.3595392835083643,0.6404607164916357
0,1,0.3697111777808314,0.6302888222191686
1,1,0.3292445822559972,0.6707554177440028
1,1,0.3306440381630408,0.6693559618369592
1,1,0.32522138235073106,0.6747786176492689
1,1,0.36453870405334743,0.6354612959466526
1,1,0.38859158486495005,0.61140841513505
1,1,0.3621162025405278,0.6378837974594722
0,1,0.35613367833784293,0.6438663216621571
0,1,0.3495743351227629,0.6504256648772371
1,1,0.3390004046304723,0.6609995953695277
1,1,0.33410991091573805,0.665890089084262
1,1,0.3475615083224275,0.6524384916775725
1,1,0.3705142040337295,0.6294857959662705
0,1,0.31170706448773455,0.6882929355122654
1,1,0.3280127326833183,0.6719872673166817
1,1,0.3530922530491267,0.6469077469508733
0,1,0.32696828883068274,0.6730317111693173
0,1,0.3628905799000465,0.6371094200999535
1,1,0.37127629756056846,0.6287237024394315
1,1,0.33601584763952463,0.6639841523604754
1,1,0.3023360426198226,0.6976639573801774
1,1,0.3566330416025003,0.6433669583974997
1,1,0.34085859915977157,0.6591414008402284
0,1,0.2955356681040149,0.7044643318959851
1,1,0.3636645699394345,0.6363354300605655
1,1,0.3215658709666035,0.6784341290333965
0,1,0.3611892090516863,0.6388107909483137
1,1,0.36156094944921746,0.6384390505507825
1,1,0.3794611805512754,0.6205388194487246
1,1,0.38873244403389895,0.611267555966101
1,1,0.32734723254811804,0.672652767451882
0,1,0.3283003507721789,0.6716996492278211
0,1,0.35539735588637766,0.6446026441136223
1,1,0.340952396107877,0.659047603892123
1,1,0.39894594088506075,0.6010540591149393
1,1,0.3379736653500275,0.6620263346499725
0,1,0.36209266039870813,0.6379073396012919
0,1,0.32610184541632115,0.6738981545836789
1,1,0.3608882142902259,0.6391117857097741
1,1,0.3234515055761219,0.6765484944238781
1,1,0.3466157004530278,0.6533842995469722
1,1,0.3451471974457061,0.6548528025542939
1,1,0.3290354981725018,0.6709645018274982
1,1,0.3310561608516982,0.6689438391483018
1,1,0.34154615623604523,0.6584538437639548
1,1,0.35163915890056996,0.64836084109943
1,1,0.3722350426985396,0.6277649573014604
0,1,0.36231643048993334,0.6376835695100667
0,1,0.368913792855863,0.631086207144137
1,1,0.3468677538203978,0.6531322461796022
1,1,0.32924372317746853,0.6707562768225315
1,1,0.3871978254488603,0.6128021745511397
0,1,0.35694355283469326,0.6430564471653067
1,1,0.36327557967918134,0.6367244203208187
0,1,0.34896800430681896,0.651031995693181
1,1,0.3611912399517303,0.6388087600482697
1,1,0.3449165039847564,0.6550834960152436
1,1,0.34850565990113336,0.6514943400988666
1,1,0.3592665790136723,0.6407334209863277
0,1,0.32236669391739403,0.677633306082606
1,1,0.35933381232532524,0.6406661876746748
0,1,0.3749721895685738,0.6250278104314262
1,1,0.3453255445964628,0.6546744554035372
0,1,0.32892038842330507,0.6710796115766949
0,1,0.34392311835947564,0.6560768816405244
1,1,0.3493481426841495,0.6506518573158505
1,1,0.326857799258787,0.673142200741213
1,1,0.33977267812017475,0.6602273218798252
1,1,0.35618582838316737,0.6438141716168326
0,1,0.3366172083510376,0.6633827916489624
1,1,0.3511346120342994,0.6488653879657006
0,1,0.3605861625889285,0.6394138374110715
1,1,0.33387314743826446,0.6661268525617355
1,1,0.3265789024256682,0.6734210975743318
0,1,0.3433380925258601,0.6566619074741399
1,1,0.33543209606747826,0.6645679039325217
1,1,0.3580562069613633,0.6419437930386367
1,1,0.3472168333996124,0.6527831666003876
1,1,0.3500156053871052,0.6499843946128948
1,1,0.31947754377767845,0.6805224562223215
1,1,0.3582221979330604,0.6417778020669396
0,1,0.38623790830765437,0.6137620916923456
0,1,0.34267953375117377,0.6573204662488262
0,1,0.3419194392980547,0.6580805607019453
1,1,0.3783223042792364,0.6216776957207636
1,1,0.33657914834750147,0.6634208516524985
1,1,0.33560980025019094,0.6643901997498091
1,1,0.3692229962821466,0.6307770037178534
0,1,0.3414249733694734,0.6585750266305266
1,1,0.3824062152353256,0.6175937847646744
1,1,0.3687297018324056,0.6312702981675944
0,1,0.34840215829772214,0.6515978417022779
1,1,0.3394283483976145,0.6605716516023855
0,1,0.3480215449777686,0.6519784550222314
1,1,0.31835142965680785,0.6816485703431922
1,1,0.3051586966244435,0.6948413033755565
1,1,0.3535289676231166,0.6464710323768834
1,1,0.3391119426682839,0.6608880573317161
1,1,0.37349916699846164,0.6265008330015384
0,1,0.36636149254996675,0.6336385074500333
1,1,0.3606052763573706,0.6393947236426294
0,1,0.3474466204700666,0.6525533795299334
1,1,0.3504825848135291,0.6495174151864709
1,1,0.2921381952830564,0.7078618047169436
1,1,0.36321520171538924,0.6367847982846108
0,1,0.31258596715687126,0.6874140328431287
0,1,0.3447060992004627,0.6552939007995373
1,1,0.3396762765015736,0.6603237234984264
0,1,0.3877742060413969,0.6122257939586031
1,1,0.33849777316842056,0.6615022268315794
0,1,0.3626919400362406,0.6373080599637594
1,1,0.37186761632308385,0.6281323836769162
0,1,0.3718142991162169,0.6281857008837831
1,1,0.37129556242097994,0.6287044375790201
1,1,0.37385546092189414,0.6261445390781059
1,1,0.3423590923402987,0.6576409076597013
1,1,0.35043691533417654,0.6495630846658235
1,1,0.3155174088346663,0.6844825911653337
1,1,0.37622041590017674,0.6237795840998233
1,1,0.33408759637325924,0.6659124036267408
1,1,0.3854491940148055,0.6145508059851945
1,1,0.3414041464730745,0.6585958535269255
0,1,0.3565345049622377,0.6434654950377623
1,1,0.34556296429305355,0.6544370357069464
0,1,0.36534590312733606,0.6346540968726639
0,1,0.34427494735841824,0.6557250526415818
1,1,0.31667133678654436,0.6833286632134556
1,1,0.3187631001514277,0.6812368998485723
1,1,0.3581008693025477,0.6418991306974523
0,1,0.33144234967956687,0.6685576503204331
1,1,0.33693130153425777,0.6630686984657422
1,1,0.3474922017959168,0.6525077982040832
1,1,0.3662871256454078,0.6337128743545922
0,1,0.32308150420014314,0.6769184957998569
0,1,0.34090647993058143,0.6590935200694186
1,1,0.33250382086951713,0.6674961791304829
1,1,0.3787278518334414,0.6212721481665586
1,1,0.34979469572264976,0.6502053042773502
1,1,0.3516049969286802,0.6483950030713198
0,1,0.339999102481217,0.660000897518783
1,1,0.38691240562316187,0.6130875943768381
0,1,0.31256197414591025,0.6874380258540898
0,1,0.36904380058286046,0.6309561994171395
1,1,0.3523939655551642,0.6476060344448358
1,1,0.32648618269821117,0.6735138173017888
1,1,0.3340260321550489,0.6659739678449511
1,1,0.3730489521422319,0.6269510478577681
0,1,0.3458587089984012,0.6541412910015988
0,1,0.3295445450110608,0.6704554549889392
1,1,0.3882223167226051,0.6117776832773949
1,1,0.3498897961022266,0.6501102038977734
1,1,0.38383799352928594,0.6161620064707141
0,1,0.32010626086984684,0.6798937391301532
1,1,0.37682485283260025,0.6231751471673997
1,1,0.3592351240636539,0.6407648759363461
1,1,0.3776190190977201,0.6223809809022799
1,1,0.32210496388322807,0.6778950361167719
1,1,0.3621303798478386,0.6378696201521614
1,1,0.3355923086454866,0.6644076913545134
1,1,0.36602376922906577,0.6339762307709342
1,1,0.35658951834753627,0.6434104816524637
0,1,0.3970911848757126,0.6029088151242874
0,1,0.32987074399856664,0.6701292560014334
1,1,0.3530655494542545,0.6469344505457455
0,1,0.3531330938756869,0.6468669061243131
0,1,0.35633575332215295,0.643664246677847
1,1,0.34277309663165256,0.6572269033683474
1,1,0.37253312100378666,0.6274668789962133
1,1,0.3055496691028493,0.6944503308971507
0,1,0.35413005087161864,0.6458699491283814
1,1,0.3406166394178871,0.6593833605821129
1,1,0.3540912306354944,0.6459087693645056
0,1,0.33444281723345104,0.665557182766549
0,1,0.37938802645198855,0.6206119735480115
1,1,0.3873327731474071,0.6126672268525929
0,1,0.3199277492363065,0.6800722507636935
0,1,0.3387834806937663,0.6612165193062337
1,1,0.3298044634211327,0.6701955365788673
0,1,0.3303697788777332,0.6696302211222668
1,1,0.3549035676042339,0.6450964323957661
1,1,0.3718947819941578,0.6281052180058422
1,1,0.36496024635076296,0.635039753649237
1,1,0.3713014759555763,0.6286985240444237
0,1,0.3761652520301134,0.6238347479698866
1,1,0.28073151768002513,0.7192684823199749
1,1,0.3458883454727958,0.6541116545272042
0,1,0.3388145328826502,0.6611854671173498
1,1,0.3271124016381707,0.6728875983618293
0,1,0.3395184978447948,0.6604815021552052
1,1,0.357281467330289,0.642718532669711
1,1,0.327590713049719,0.672409286950281
0,1,0.36542246136739076,0.6345775386326092
1,1,0.3048223031579338,0.6951776968420662
1,1,0.3430711825415368,0.6569288174584632
1,1,0.36029394213136656,0.6397060578686334
1,1,0.31024439498037293,0.6897556050196271
1,1,0.32308520937848784,0.6769147906215122
1,1,0.38058714016255946,0.6194128598374405
1,1,0.428059103353978,0.571940896646022
0,1,0.36263837593792225,0.6373616240620777
0,1,0.36029892427897026,0.6397010757210297
1,1,0.331185552431129,0.668814447568871
1,1,0.3846100835614902,0.6153899164385098
1,1,0.360547714844887,0.639452285155113
0,1,0.36444662940472805,0.635553370595272
0,1,0.36005004636040794,0.6399499536395921
0,1,0.34809499794820176,0.6519050020517982
1,1,0.29122285007150783,0.7087771499284922
1,1,0.3297416916562499,0.6702583083437501
1,1,0.33609429569246585,0.6639057043075342
0,1,0.341678910505827,0.658321089494173
1,1,0.3636560432761964,0.6363439567238036
0,1,0.342504356819046,0.657495643180954
1,1,0.37394714721635114,0.6260528527836489
1,1,0.36680646655006055,0.6331935334499394
0,1,0.3735312620519321,0.6264687379480679
1,1,0.3859782011447752,0.6140217988552248
1,1,0.34194328491471115,0.6580567150852888
1,1,0.3516382823184765,0.6483617176815235
0,1,0.35034145125845095,0.649658548741549
1,1,0.37122866829773515,0.6287713317022648
1,1,0.334286651770508,0.665713348229492
1,1,0.3302729370719796,0.6697270629280204
0,1,0.35792842787015167,0.6420715721298483
1,1,0.346596880960948,0.653403119039052
1,1,0.34836751620539297,0.651632483794607
1,1,0.3306019833721312,0.6693980166278688
1,1,0.34257465068855286,0.6574253493114471
1,1,0.370113730674264,0.629886269325736
1,1,0.3141629387419983,0.6858370612580017
0,1,0.38165429596409906,0.618345704035901
0,1,0.34387591158787634,0.6561240884121237
1,1,0.3558152221196702,0.6441847778803298
1,1,0.3472679856597285,0.6527320143402715
1,1,0.3535421037197064,0.6464578962802936
1,1,0.3680640107233022,0.6319359892766978
1,1,0.34668060684923374,0.6533193931507663
0,1,0.35776723936456756,0.6422327606354324
0,1,0.3250035303522819,0.6749964696477181
0,1,0.36254704804163507,0.6374529519583649
1,1,0.36293612495821104,0.637063875041789
0,1,0.3697781863222729,0.6302218136777271
1,1,0.3463447477983588,0.6536552522016412
0,1,0.34933633348164117,0.6506636665183588
0,1,0.3712241858511651,0.6287758141488349
1,1,0.3306865344847538,0.6693134655152462
1,1,0.3434554736206258,0.6565445263793742
1,1,0.3365977528590026,0.6634022471409974
1,1,0.35562057879608033,0.6443794212039197
0,1,0.347014342565344,0.652985657434656
0,1,0.36773680911914863,0.6322631908808514
0,1,0.3829372281992304,0.6170627718007696
1,1,0.3226939873329149,0.6773060126670851
1,1,0.34219606980602046,0.6578039301939795
0,1,0.35776005483976114,0.6422399451602389
0,1,0.32449370624276297,0.675506293757237
0,1,0.36905655736356613,0.6309434426364339
1,1,0.3666292339659506,0.6333707660340494
1,1,0.34988605752888946,0.6501139424711105
1,1,0.36168669816037613,0.6383133018396239
0,1,0.34835320819921245,0.6516467918007876
1,1,0.34852905778537446,0.6514709422146255
0,1,0.3098834056274111,0.6901165943725889
0,1,0.2912365990078203,0.7087634009921797
1,1,0.37565448156937364,0.6243455184306264
0,1,0.3421594713291568,0.6578405286708432
0,1,0.3388857508172932,0.6611142491827068
1,1,0.33288688793122634,0.6671131120687737
0,1,0.3448478958761325,0.6551521041238675
1,1,0.33922342634439695,0.660776573655603
0,1,0.37804555431447684,0.6219544456855232
1,1,0.3541655136848274,0.6458344863151726
1,1,0.3436094568402297,0.6563905431597703
1,1,0.3512551750012646,0.6487448249987354
1,1,0.351442351221551,0.648557648778449
1,1,0.3747798230492202,0.6252201769507798
0,1,0.34029318600951275,0.6597068139904873
0,1,0.33402140269665515,0.6659785973033449
0,1,0.3621605945803008,0.6378394054196992
1,1,0.3274622748552398,0.6725377251447602
0,1,0.34934697511064583,0.6506530248893542
1,1,0.3537608029660624,0.6462391970339376
1,1,0.3395136361316432,0.6604863638683568
1,1,0.3744546864731313,0.6255453135268687
1,1,0.37359195791204836,0.6264080420879516
1,1,0.3481680421903137,0.6518319578096863
1,1,0.33670211465776256,0.6632978853422374
0,1,0.33440870176262794,0.6655912982373721
1,1,0.33678928599000624,0.6632107140099938
0,1,0.3101110432505908,0.6898889567494092
1,1,0.34747085068433736,0.6525291493156626
0,1,0.3815798532509618,0.6184201467490382
0,1,0.3534990407246962,0.6465009592753038
1,1,0.30014865452586015,0.6998513454741399
1,1,0.3429851055914206,0.6570148944085794
1,1,0.36483508853820046,0.6351649114617995
0,1,0.33903344663730983,0.6609665533626902
0,1,0.33891466068548515,0.6610853393145149
0,1,0.3651762138330643,0.6348237861669357
0,1,0.3564010574269505,0.6435989425730495
0,1,0.3377427511724088,0.6622572488275912
1,1,0.35321797996041304,0.646782020039587
1,1,0.34774634588966746,0.6522536541103325
1,1,0.3465916256105471,0.6534083743894529
0,1,0.34936122727075036,0.6506387727292496
0,1,0.3411917684898568,0.6588082315101432
1,1,0.3500432563729402,0.6499567436270598
1,1,0.35266510920893934,0.6473348907910607
1,1,0.36180686011760643,0.6381931398823936
0,1,0.3393955138482788,0.6606044861517212
0,1,0.39904616367951307,0.6009538363204869
1,1,0.3288266246814353,0.6711733753185647
1,1,0.3834691435403459,0.6165308564596541
1,1,0.34406078189847045,0.6559392181015296
1,1,0.35198076454265315,0.6480192354573469
1,1,0.34253675043091814,0.6574632495690819
0,1,0.34939317150929583,0.6506068284907042
1,1,0.3914875739439252,0.6085124260560748
1,1,0.33957781305439616,0.6604221869456038
0,1,0.3867602964147746,0.6132397035852254
0,1,0.32181492105241416,0.6781850789475858
1,1,0.3512681981962069,0.6487318018037931
0,1,0.361053638439518,0.638946361560482
1,1,0.3461584978433154,0.6538415021566846
1,1,0.32342200540702204,0.676577994592978
0,1,0.3431783802199523,0.6568216197800477
0,1,0.39768556246578524,0.6023144375342148
1,1,0.32057499366839115,0.6794250063316088
0,1,0.38721971702865976,0.6127802829713402
0,1,0.3899620081030034,0.6100379918969966
1,1,0.3314011776835666,0.6685988223164334
0,1,0.3451239489741609,0.6548760510258391
1,1,0.330185015440161,0.669814984559839
0,1,0.3095370103095635,0.6904629896904365
0,1,0.35670145675775455,0.6432985432422454
0,1,0.34303374274201015,0.6569662572579898
1,1,0.29443418013890355,0.7055658198610965
0,1,0.37379113455212765,0.6262088654478724
1,1,0.333173097914233,0.666826902085767
1,1,0.33097913614571406,0.6690208638542859
1,1,0.34667589468946514,0.6533241053105349
1,1,0.3358880979026073,0.6641119020973927
0,1,0.3574131206991069,0.6425868793008931
1,1,0.3318413783324795,0.6681586216675205
0,1,0.30816866884882377,0.6918313311511762
0,1,0.3290401859505201,0.6709598140494799
0,1,0.34622301457170945,0.6537769854282905
1,1,0.3542791781624415,0.6457208218375585
1,1,0.3215126650241005,0.6784873349758995
0,1,0.37454920124800495,0.625450798751995
0,1,0.3730151821072686,0.6269848178927314
0,1,0.3721227467832021,0.6278772532167979
1,1,0.3740345040121166,0.6259654959878834
1,1,0.35157253146169865,0.6484274685383014
0,1,0.3419249529733118,0.6580750470266882
0,1,0.3472865049597099,0.6527134950402901
0,1,0.36295461774034066,0.6370453822596593
1,1,0.38645349083017766,0.6135465091698223
1,1,0.34349964224244867,0.6565003577575513
1,1,0.3582906393830809,0.6417093606169191
1,1,0.36701071872934676,0.6329892812706532
1,1,0.3670535561748691,0.6329464438251309
1,1,0.37562854144083035,0.6243714585591696
1,1,0.3396756488459507,0.6603243511540493
1,1,0.3617445793175803,0.6382554206824197
1,1,0.33004281929027046,0.6699571807097295
1,1,0.31874906925769764,0.6812509307423024
1,1,0.3511733410918493,0.6488266589081507
0,1,0.3624895675799412,0.6375104324200588
1,1,0.36256082353469044,0.6374391764653096
1,1,0.3520348179458781,0.6479651820541219
0,1,0.33272107955194163,0.6672789204480584
1,1,0.3340402581439148,0.6659597418560852
1,1,0.36348554434661473,0.6365144556533853
1,1,0.36071152069665724,0.6392884793033428
1,1,0.35590272253396416,0.6440972774660358
0,1,0.3701340418679222,0.6298659581320778
1,1,0.3425420250332236,0.6574579749667764
0,1,0.36340149859185655,0.6365985014081434
1,1,0.3115486783974446,0.6884513216025554
0,1,0.3532677785052929,0.6467322214947071
1,1,0.3689645989016036,0.6310354010983964
1,1,0.3402577229189746,0.6597422770810254
0,1,0.34424102472693996,0.65575897527306
0,1,0.41035818265659774,0.5896418173434023
1,1,0.41601622610644395,0.583983773893556
1,1,0.33902599645030307,0.6609740035496969
1,1,0.3109793970383311,0.6890206029616689
1,1,0.3419398135959799,0.6580601864040201
1,1,0.3708216519657954,0.6291783480342046
1,1,0.36663336046978423,0.6333666395302158
1,1,0.3360062570029344,0.6639937429970656
1,1,0.330082970218609,0.669917029781391
0,1,0.3652006225865543,0.6347993774134457
1,1,0.3472641599310714,0.6527358400689286
1,1,0.3364610325688263,0.6635389674311737
1,1,0.3846599817333831,0.6153400182666169
1,1,0.3457194110708728,0.6542805889291272
1,1,0.336380713162581,0.663619286837419
1,1,0.3981621028043494,0.6018378971956506
1,1,0.36673938469270706,0.6332606153072929
1,1,0.32768036372446885,0.6723196362755312
0,1,0.3755363825575416,0.6244636174424584
0,1,0.3355723072766771,0.6644276927233229
1,1,0.364621610524166,0.635378389475834
0,1,0.3481500010275893,0.6518499989724107
0,1,0.35252995315467817,0.6474700468453218
1,1,0.3296991801468795,0.6703008198531205
1,1,0.345067680503534,0.654932319496466
0,1,0.36522410127557703,0.634775898724423
1,1,0.33946167385275605,0.660538326147244
1,1,0.36394536530004573,0.6360546346999543
1,1,0.3490391790171097,0.6509608209828903
1,1,0.37332185290002406,0.6266781470999759
0,1,0.3640493967486439,0.6359506032513561
1,1,0.33372637696993346,0.6662736230300665
0,1,0.30245369123916055,0.6975463087608395
1,1,0.34327107226624753,0.6567289277337525
1,1,0.3494387393366978,0.6505612606633022
1,1,0.3782041919173009,0.6217958080826991
1,1,0.3599618946242422,0.6400381053757578
1,1,0.369150517013617,0.630849482986383
1,1,0.35099965122002863,0.6490003487799714
1,1,0.32462158966944454,0.6753784103305555
1,1,0.3352801203780872,0.6647198796219128
1,1,0.314828208714807,0.685171791285193
0,1,0.34945274412547356,0.6505472558745264
1,1,0.3735931846615983,0.6264068153384017
1,1,0.36110020893718353,0.6388997910628165
1,1,0.3780372246111352,0.6219627753888648
1,1,0.35260795891485974,0.6473920410851403
0,1,0.35304633181234524,0.6469536681876548
1,1,0.33558781957985107,0.6644121804201489
0,1,0.3070856671221036,0.6929143328778964
0,1,0.37879293187479046,0.6212070681252095
1,1,0.364817128284345,0.635182871715655
1,1,0.3887537599213927,0.6112462400786073
1,1,0.35465669841700387,0.6453433015829961
1,1,0.37501528339043566,0.6249847166095643
1,1,0.34034509327390494,0.6596549067260951
1,1,0.3808528689462225,0.6191471310537775
0,1,0.34551151139356795,0.654488488606432
1,1,0.3739950195873232,0.6260049804126768
0,1,0.3642624372696349,0.6357375627303651
1,1,0.3428147469556103,0.6571852530443897
1,1,0.3522764102694884,0.6477235897305116
1,1,0.4132737732120413,0.5867262267879587
1,1,0.37175327848622297,0.628246721513777
1,1,0.3352106078570789,0.6647893921429211
0,1,0.3209898798867431,0.6790101201132569
1,1,0.34969085235791086,0.6503091476420891
1,1,0.32997492079882784,0.6700250792011722
1,1,0.3370704432153383,0.6629295567846617
1,1,0.35473439210780133,0.6452656078921987
1,1,0.33232640088059373,0.6676735991194063
1,1,0.3381248757899227,0.6618751242100773
0,1,0.33999986722165765,0.6600001327783424
1,1,0.3624989420412187,0.6375010579587813
0,1,0.35945189092269925,0.6405481090773008
1,1,0.4073696580130176,0.5926303419869824
1,1,0.3500348660457835,0.6499651339542165
1,1,0.3298774308985942,0.6701225691014058
1,1,0.3053320800019702,0.6946679199980298
1,1,0.37290893478915854,0.6270910652108415
0,1,0.3197349812378567,0.6802650187621433
1,1,0.3732696895956459,0.6267303104043541
1,1,0.36106957325308653,0.6389304267469135
1,1,0.3474041230314331,0.6525958769685669
0,1,0.3537980167122686,0.6462019832877314
0,1,0.35115434850129135,0.6488456514987087
0,1,0.3622349665667909,0.6377650334332091
0,1,0.3255001758870377,0.6744998241129623
1,1,0.384495778045687,0.615504221954313
0,1,0.3366222000601139,0.6633777999398861
1,1,0.35873707298966373,0.6412629270103363
0,1,0.3483479642736208,0.6516520357263792
0,1,0.3795005659697481,0.6204994340302519
1,1,0.3554448948989195,0.6445551051010805
1,1,0.39269053997882086,0.6073094600211791
1,1,0.37826598023504154,0.6217340197649585
1,1,0.3589329212434049,0.6410670787565951
1,1,0.37540546423506993,0.6245945357649301
1,1,0.3605685648868443,0.6394314351131557
0,1,0.3428721575157042,0.6571278424842958
1,1,0.3364262214810817,0.6635737785189183
0,1,0.32794231807825414,0.6720576819217459
1,1,0.3609700486283586,0.6390299513716414
1,1,0.3646129492382143,0.6353870507617857
1,1,0.3404165280505129,0.6595834719494871
0,1,0.3562895948461856,0.6437104051538144
1,1,0.36323244242495834,0.6367675575750417
0,1,0.36353783419303587,0.6364621658069641
1,1,0.32517898518515187,0.6748210148148481
1,1,0.3505154165822074,0.6494845834177926
1,1,0.3833152666895151,0.6166847333104849
1,1,0.3608334110718746,0.6391665889281254
1,1,0.3597548042310502,0.6402451957689498
1,1,0.34429395311472766,0.6557060468852723
1,1,0.3330159586571869,0.6669840413428131
1,1,0.33649078149992717,0.6635092185000728
1,1,0.3879911496080898,0.6120088503919102
1,1,0.35721217763194313,0.6427878223680569
1,1,0.352399858594971,0.647600141405029
1,1,0.38801507486241327,0.6119849251375867
1,1,0.34523021826388023,0.6547697817361198
1,1,0.3317900097138695,0.6682099902861305
0,1,0.3419391480314421,0.6580608519685579
1,1,0.3506498717284585,0.6493501282715415
1,1,0.35065261164706096,0.649347388352939
1,1,0.34756123565771657,0.6524387643422834
0,1,0.33664032888207407,0.6633596711179259
0,1,0.33739346012262916,0.6626065398773708
1,1,0.3162575473503628,0.6837424526496372
0,1,0.31801428091249806,0.6819857190875019
0,1,0.35383972301188205,0.646160276988118
1,1,0.3105214532338909,0.6894785467661091
1,1,0.3866503262487163,0.6133496737512837
0,1,0.3455109823988779,0.6544890176011221
1,1,0.34204708395255734,0.6579529160474427
1,1,0.3405814887875168,0.6594185112124832
1,1,0.39663720852418727,0.6033627914758127
1,1,0.38299888694415185,0.6170011130558481
1,1,0.32604552772304995,0.67395447227695
1,1,0.35260567628920114,0.6473943237107989
1,1,0.3416598290815075,0.6583401709184925
0,1,0.356662954131728,0.643337045868272
1,1,0.3616488278599628,0.6383511721400372
1,1,0.3614464409333217,0.6385535590666783
0,1,0.34474784691214155,0.6552521530878584
1,1,0.362496143235049,0.637503856764951
0,1,0.347968220194216,0.652031779805784
1,1,0.3411437310452653,0.6588562689547347
0,1,0.3397299134598122,0.6602700865401878
0,1,0.3695045257172702,0.6304954742827298
0,1,0.3512265880549955,0.6487734119450045
1,1,0.3383546074645494,0.6616453925354506
1,1,0.3484449835537885,0.6515550164462115
1,1,0.3535728441944965,0.6464271558055035
1,1,0.3366617015324054,0.6633382984675946
0,1,0.32733311162461587,0.6726668883753841
1,1,0.34750476752805337,0.6524952324719466
1,1,0.3554811601256749,0.6445188398743251
0,1,0.34638542712116815,0.6536145728788318
0,1,0.3319565178729147,0.6680434821270853
0,1,0.32645747274809145,0.6735425272519086
1,1,0.35766504218224404,0.642334957817756
1,1,0.4455534533066029,0.5544465466933971
0,1,0.3696698875500942,0.6303301124499058
0,1,0.33237869398190867,0.6676213060180913
0,1,0.32435668877405865,0.6756433112259413
0,1,0.35744256533251895,0.642557434667481
1,1,0.32447959831075335,0.6755204016892467
1,1,0.3567162031936464,0.6432837968063536
1,1,0.3494157370041703,0.6505842629958297
0,1,0.36033196137802703,0.639668038621973
0,1,0.342650593919532,0.657349406080468
1,1,0.32094561585329684,0.6790543841467032
1,1,0.300955297225761,0.699044702774239
1,1,0.3356987774950839,0.6643012225049161
1,1,0.37399714996835753,0.6260028500316425
1,1,0.34835046394938063,0.6516495360506194
1,1,0.3362506178109811,0.6637493821890189
1,1,0.35848132420995693,0.6415186757900431
1,1,0.3336035151437128,0.6663964848562872
1,1,0.34750128775830247,0.6524987122416975
1,1,0.3292391123928978,0.6707608876071022
1,1,0.33257491810882023,0.6674250818911798
1,1,0.3006032629495644,0.6993967370504356
1,1,0.3006218336965206,0.6993781663034794
0,1,0.33332949067894513,0.6666705093210549
1,1,0.3544417446441289,0.6455582553558711
1,1,0.36940524222890003,0.6305947577711
1,1,0.36565011363412403,0.634349886365876
1,1,0.3458881670614118,0.6541118329385882
1,1,0.35302373211078086,0.6469762678892191
0,1,0.3355864427636016,0.6644135572363984
1,1,0.35643168366020994,0.6435683163397901
1,1,0.35315336050580814,0.6468466394941919
1,1,0.31420364706889115,0.6857963529311089
0,1,0.35569573285723377,0.6443042671427662
1,1,0.3377125132859222,0.6622874867140778
0,1,0.3782124093400041,0.6217875906599959
1,1,0.3078983591681148,0.6921016408318852
1,1,0.3651222471629654,0.6348777528370346
1,1,0.3757125989496247,0.6242874010503753
0,1,0.3431938661444772,0.6568061338555228
1,1,0.35877400069829957,0.6412259993017004
1,1,0.34738450625923756,0.6526154937407624
0,1,0.3586535690676731,0.6413464309323269
0,1,0.3466781149016839,0.6533218850983161
0,1,0.3610605391176781,0.6389394608823219
0,1,0.33995656058985746,0.6600434394101425
1,1,0.3407419927292543,0.6592580072707457
1,1,0.3347001634536316,0.6652998365463684
1,1,0.3544410299026769,0.6455589700973231
1,1,0.38085162954371043,0.6191483704562896
1,1,0.3511953109723369,0.6488046890276631
1,1,0.34853260772820094,0.6514673922717991
1,1,0.37927425190350106,0.6207257480964989
0,1,0.3475518843711102,0.6524481156288898
0,1,0.3120865380426976,0.6879134619573024
1,1,0.35289316130112414,0.6471068386988759
0,1,0.365518758607171,0.634481241392829
1,1,0.35304110443761905,0.646958895562381
1,1,0.35820691743792377,0.6417930825620762
1,1,0.33236038068735096,0.667639619312649
1,1,0.3329801399770719,0.6670198600229281
1,1,0.36452010271299107,0.6354798972870089
1,1,0.38595002585918514,0.6140499741408149
1,1,0.35870139743962237,0.6412986025603776
1,1,0.3017187881633,0.6982812118367
0,1,0.3578317346126614,0.6421682653873386
1,1,0.414727537046645,0.585272462953355
1,1,0.3292932794884885,0.6707067205115115
1,1,0.31777693593534273,0.6822230640646573
1,1,0.36437318387580464,0.6356268161241954
1,1,0.3759549395064321,0.6240450604935679
1,1,0.3435152455864816,0.6564847544135184
1,1,0.3457264694581168,0.6542735305418832
1,1,0.3350257000266651,0.6649742999733349
0,1,0.3475525909464391,0.6524474090535609
1,1,0.3571211248438755,0.6428788751561245
1,1,0.2900550569499448,0.7099449430500552
1,1,0.3311585814920769,0.6688414185079231
1,1,0.3481204788083663,0.6518795211916337
1,1,0.357479787987081,0.642520212012919
1,1,0.3436908970420429,0.6563091029579571
0,1,0.30581569121893126,0.6941843087810687
1,1,0.34072104685107596,0.659278953148924
0,1,0.3643479719048862,0.6356520280951138
0,1,0.3526736078546432,0.6473263921453568
1,1,0.3742512101937582,0.6257487898062418
1,1,0.33428424420336444,0.6657157557966356
1,1,0.3693983394166863,0.6306016605833137
0,1,0.33043501784935814,0.6695649821506419
1,1,0.42635868783741027,0.5736413121625897
0,1,0.38627175640446343,0.6137282435955366
1,1,0.39311944865352133,0.6068805513464787
1,1,0.34786328718171866,0.6521367128182813
0,1,0.3942316214002166,0.6057683785997834
0,1,0.3638339184573687,0.6361660815426313
1,1,0.35183536605971943,0.6481646339402806
0,1,0.34476435345347367,0.6552356465465263
1,1,0.33665896986839516,0.6633410301316048
1,1,0.32860063069054,0.67139936930946
1,1,0.3557339054605385,0.6442660945394615
0,1,0.3633417548913317,0.6366582451086683
1,1,0.34091123545560853,0.6590887645443915
0,1,0.3320861901194896,0.6679138098805104
0,1,0.3876793453977663,0.6123206546022337
0,1,0.3481426945638687,0.6518573054361313
0,1,0.2975764015966387,0.7024235984033613
1,1,0.35863236055142,0.64136763944858
1,1,0.32857639500789115,0.6714236049921088
1,1,0.35247733485143473,0.6475226651485653
1,1,0.3226675424411841,0.6773324575588159
1,1,0.35595222587386777,0.6440477741261322
1,1,0.35786020382621464,0.6421397961737854
0,1,0.34532641948252796,0.654673580517472
1,1,0.3486979571204375,0.6513020428795625
1,1,0.35673819453009326,0.6432618054699067
0,1,0.33187032681914574,0.6681296731808543
0,1,0.34099162362087276,0.6590083763791272
1,1,0.34584293782681685,0.6541570621731831
1,1,0.3271157622505062,0.6728842377494938
0,1,0.3699202992136966,0.6300797007863034
1,1,0.36029822046499993,0.6397017795350001
1,1,0.3493557861761827,0.6506442138238173
1,1,0.32595893919261754,0.6740410608073825
1,1,0.37789942517973374,0.6221005748202663
1,1,0.3411023164407391,0.6588976835592609
1,1,0.3238457222579717,0.6761542777420283
0,1,0.33756293409700644,0.6624370659029936
0,1,0.339593103345849,0.660406896654151
1,1,0.34513622435632596,0.654863775643674
1,1,0.3244856188804671,0.6755143811195329
0,1,0.3295155859593737,0.6704844140406263
0,1,0.3632709136557358,0.6367290863442642
1,1,0.36089238837028736,0.6391076116297126
1,1,0.3529458298536655,0.6470541701463345
1,1,0.3694210496660718,0.6305789503339282
0,1,0.33744349799498163,0.6625565020050184
0,1,0.3463838327731059,0.6536161672268941
1,1,0.446208848233407,0.553791151766593
0,1,0.34684325461927523,0.6531567453807248
0,1,0.37764583149885234,0.6223541685011477
0,1,0.3623921898454565,0.6376078101545435
0,1,0.3359190184873222,0.6640809815126778
0,1,0.4237602615145196,0.5762397384854804
0,1,0.3573250255527629,0.6426749744472371
0,1,0.32723645518473743,0.6727635448152626
1,1,0.3783260516412583,0.6216739483587417
1,1,0.34944506660625974,0.6505549333937403
1,1,0.3612826199356326,0.6387173800643674
1,1,0.34674784883475773,0.6532521511652423
0,1,0.3240802473046278,0.6759197526953722
1,1,0.33993551989369364,0.6600644801063064
1,1,0.36741271902832007,0.6325872809716799
0,1,0.36556084647711573,0.6344391535228843
1,1,0.3667084458657749,0.6332915541342251
1,1,0.32764895994414733,0.6723510400558527
0,1,0.3441031104099441,0.6558968895900559
0,1,0.3648988652876425,0.6351011347123575
1,1,0.3491675385924804,0.6508324614075196
1,1,0.32224302293075713,0.6777569770692429
0,1,0.3335593148419358,0.6664406851580642
0,1,0.3753371209627363,0.6246628790372637
0,1,0.2911375478082364,0.7088624521917636
0,1,0.3467400209055682,0.6532599790944318
1,1,0.34431353168638357,0.6556864683136164
1,1,0.3607234122570234,0.6392765877429766
1,1,0.3738330658810757,0.6261669341189243
0,1,0.34416132454992654,0.6558386754500735
1,1,0.3628713046105122,0.6371286953894878
1,1,0.34515308097043074,0.6548469190295693
1,1,0.36653463550920107,0.6334653644907989
0,1,0.3456020475442445,0.6543979524557555
1,1,0.3229542563237745,0.6770457436762255
0,1,0.340117617478349,0.659882382521651
0,1,0.3654348461711614,0.6345651538288386
1,1,0.34725333892805244,0.6527466610719476
1,1,0.3361281020115564,0.6638718979884436
1,1,0.35120714590954505,0.648792854090455
1,1,0.348634161637947,0.651365838362053
1,1,0.3306321923631107,0.6693678076368893
1,1,0.3350179872143071,0.6649820127856929
0,1,0.3025998094190183,0.6974001905809817
0,1,0.37210454561263695,0.627895454387363
0,1,0.3304486689106778,0.6695513310893222
0,1,0.3666559939134624,0.6333440060865376
1,1,0.3203349443393726,0.6796650556606274
0,1,0.33568405234713516,0.6643159476528648
1,1,0.3677768102820509,0.6322231897179491
0,1,0.32947592000616843,0.6705240799938316
0,1,0.32997571613487475,0.6700242838651252
1,1,0.3674025005252286,0.6325974994747714
1,1,0.34805296629964366,0.6519470337003563
0,1,0.314621935856479,0.685378064143521
1,1,0.33526515765650666,0.6647348423434933
1,1,0.35244583945632113,0.6475541605436789
0,1,0.37292367290005923,0.6270763270999408
1,1,0.33427620123565216,0.6657237987643478
1,1,0.32983871847324786,0.6701612815267521
1,1,0.32251367047619683,0.6774863295238032
1,1,0.3366654577616287,0.6633345422383713
0,1,0.34130526848369225,0.6586947315163078
0,1,0.3517327177521722,0.6482672822478278
1,1,0.3416511666300527,0.6583488333699473
0,1,0.32134950452782474,0.6786504954721753
0,1,0.38482839049744155,0.6151716095025584
1,1,0.3642303522997298,0.6357696477002702
1,1,0.3749572882401123,0.6250427117598877
1,1,0.34668080224005937,0.6533191977599406
1,1,0.35068294916417,0.64931705083583
1,1,0.3291903928905854,0.6708096071094146
0,1,0.37352874112742407,0.6264712588725759
1,1,0.34536521189271396,0.654634788107286
1,1,0.35742147837329163,0.6425785216267084
0,1,0.37258245406661705,0.627417545933383
1,1,0.33026149571865937,0.6697385042813406
1,1,0.37833460966925525,0.6216653903307447
1,1,0.37440473309924127,0.6255952669007587
0,1,0.3564283046731529,0.6435716953268471
1,1,0.35606294890907053,0.6439370510909295
1,1,0.38156297521003457,0.6184370247899654
1,1,0.3503778731204191,0.6496221268795809
1,1,0.4246511638274979,0.5753488361725021
1,1,0.3326298306832506,0.6673701693167494
1,1,0.36496418974851985,0.6350358102514801
1,1,0.3574934492708127,0.6425065507291873
0,1,0.32249505254362687,0.6775049474563731
0,1,0.3436269406107697,0.6563730593892303
1,1,0.34766088742087076,0.6523391125791292
1,1,0.3607666450629802,0.6392333549370198
0,1,0.33110361971445357,0.6688963802855464
1,1,0.3132619149148239,0.6867380850851761
0,1,0.35902219584156814,0.6409778041584319
1,1,0.31144975358353144,0.6885502464164686
1,1,0.3638134835715118,0.6361865164284882
1,1,0.3215147071131066,0.6784852928868934
1,1,0.33725739944505806,0.6627426005549419
1,1,0.3617711378011863,0.6382288621988137
1,1,0.3387613023131182,0.6612386976868818
1,1,0.3199398388453464,0.6800601611546536
1,1,0.37059169543933224,0.6294083045606678
0,1,0.3382089417348818,0.6617910582651182
1,1,0.36656867982662744,0.6334313201733726
1,1,0.36383405585899775,0.6361659441410022
1,1,0.35589484901954715,0.6441051509804528
1,1,0.32072108340441696,0.679278916595583
1,1,0.3387534122280066,0.6612465877719934
1,1,0.4077837484287655,0.5922162515712345
1,1,0.36267179872426836,0.6373282012757316
1,1,0.33532919233279235,0.6646708076672077
0,1,0.31661235886158756,0.6833876411384124
1,1,0.3554270787517394,0.6445729212482606
1,1,0.3192330097242947,0.6807669902757053
1,1,0.34176834054076166,0.6582316594592383
0,1,0.37092983910323785,0.6290701608967622
1,1,0.3789738077106767,0.6210261922893233
1,1,0.36766244328031616,0.6323375567196838
0,1,0.33110992380024984,0.6688900761997502
1,1,0.3381501994514545,0.6618498005485455
1,1,0.3378200707758586,0.6621799292241414
1,1,0.328930706068183,0.671069293931817
1,1,0.33205676612873314,0.6679432338712669
1,1,0.3411951148307786,0.6588048851692214
1,1,0.4060757637644481,0.5939242362355519
0,1,0.3471129801525321,0.6528870198474679
1,1,0.30881541100636334,0.6911845889936367
1,1,0.3543928353096799,0.6456071646903201
1,1,0.3772974661642394,0.6227025338357606
1,1,0.3634505570938027,0.6365494429061973
1,1,0.3118853356966327,0.6881146643033673
1,1,0.3414893603689716,0.6585106396310284
1,1,0.34124315462956667,0.6587568453704333
1,1,0.3466280128677063,0.6533719871322937
0,1,0.35309588574345274,0.6469041142565473
1,1,0.3533652830534878,0.6466347169465122
1,1,0.34593093353422877,0.6540690664657712
1,1,0.35210473478998405,0.647895265210016
0,1,0.34370179901207243,0.6562982009879276
1,1,0.34031974789006114,0.6596802521099389
0,1,0.34493224345763274,0.6550677565423673
0,1,0.34032328539890055,0.6596767146010994
0,1,0.3804144554889277,0.6195855445110723
0,1,0.36911502342780766,0.6308849765721923
0,1,0.363323858304491,0.636676141695509
0,1,0.3215829591451015,0.6784170408548985
0,1,0.40365700899924917,0.5963429910007508
1,1,0.3546660825497415,0.6453339174502585
0,1,0.36366623838394263,0.6363337616160574
1,1,0.37381143830757924,0.6261885616924208
0,1,0.3381263738954653,0.6618736261045347
1,1,0.33948710082737243,0.6605128991726276
1,1,0.35673594979290335,0.6432640502070966
1,1,0.33381948681740026,0.6661805131825997
1,1,0.3145755096142251,0.6854244903857749
1,1,0.37246548348351705,0.627534516516483
1,1,0.3470817801614865,0.6529182198385135
0,1,0.36329073055185723,0.6367092694481428
1,1,0.3515799597399819,0.6484200402600181
1,1,0.35845534254056344,0.6415446574594366
1,1,0.35633548292681083,0.6436645170731892
1,1,0.35349169044574746,0.6465083095542525
0,1,0.35098598539570824,0.6490140146042918
1,1,0.36515392956411363,0.6348460704358864
1,1,0.37463874386883345,0.6253612561311666
0,1,0.3749796878073941,0.6250203121926059
0,1,0.3020519433498634,0.6979480566501366
0,1,0.3120493494552844,0.6879506505447156
1,1,0.36459590971255196,0.635404090287448
1,1,0.35486673557848836,0.6451332644215116
0,1,0.3440403465400145,0.6559596534599855
0,1,0.3960535401632225,0.6039464598367775
1,1,0.3568447048232626,0.6431552951767374
1,1,0.3244229410253979,0.6755770589746021
1,1,0.3347645693152367,0.6652354306847633
1,1,0.3721026025410097,0.6278973974589903
0,1,0.3428684884397133,0.6571315115602867
1,1,0.3433881802370614,0.6566118197629386
1,1,0.3663573411225133,0.6336426588774867
1,1,0.33394796863343057,0.6660520313665694
1,1,0.317789321504543,0.682210678495457
1,1,0.35163914539053376,0.6483608546094662
1,1,0.3707299984400674,0.6292700015599326
1,1,0.3336955700997789,0.6663044299002211
0,1,0.34872951834137933,0.6512704816586207
0,1,0.36587090052231686,0.6341290994776831
1,1,0.32082744265159946,0.6791725573484005
1,1,0.33478323995245407,0.6652167600475459
1,1,0.32409597320441486,0.6759040267955851
0,1,0.355233901319411,0.644766098680589
0,1,0.4162595549452749,0.5837404450547251
1,1,0.34420053510613247,0.6557994648938675
0,1,0.33397775264876006,0.6660222473512399
1,1,0.34694332911033954,0.6530566708896605
0,1,0.3804437111704295,0.6195562888295705
1,1,0.32885746839972163,0.6711425316002784
1,1,0.34588431762319105,0.654115682376809
0,1,0.36831136339911763,0.6316886366008824
0,1,0.3724461042314665,0.6275538957685335
0,1,0.3634440397392673,0.6365559602607327
1,1,0.3438911657226902,0.6561088342773098
0,1,0.3274536556501195,0.6725463443498805
1,1,0.3544258422506833,0.6455741577493167
0,1,0.3572806862420652,0.6427193137579348
1,1,0.3679997715828185,0.6320002284171815
0,1,0.3601184456827041,0.6398815543172959
1,1,0.3132243203587849,0.6867756796412151
1,1,0.3462680151756182,0.6537319848243818
1,1,0.3509054427619449,0.6490945572380551
1,1,0.3247797857604795,0.6752202142395205
1,1,0.35757098726988046,0.6424290127301195
1,1,0.32631664422440776,0.6736833557755922
1,1,0.3412570539554709,0.6587429460445291
1,1,0.34046980055668785,0.6595301994433121
0,1,0.35917145689511853,0.6408285431048815
1,1,0.35614537926275547,0.6438546207372445
0,1,0.35320970045385847,0.6467902995461415
1,1,0.3615390784863467,0.6384609215136533
0,1,0.3416561083256877,0.6583438916743123
1,1,0.40699381802269885,0.5930061819773011
1,1,0.3616072828371324,0.6383927171628676
0,1,0.3328463775969026,0.6671536224030974
0,1,0.3375276526334703,0.6624723473665297
1,1,0.33340600417865507,0.6665939958213449
0,1,0.3209573065416369,0.6790426934583631
1,1,0.3264550837876451,0.6735449162123549
0,1,0.34388366502498735,0.6561163349750126
1,1,0.3264008149899621,0.6735991850100379
1,1,0.2741848708290907,0.7258151291709093
1,1,0.31976483364271735,0.6802351663572827
1,1,0.4334462217008854,0.5665537782991146
0,1,0.36040883034409255,0.6395911696559075
1,1,0.359811133158481,0.640188866841519
0,1,0.3418080922999749,0.6581919077000251
1,1,0.34454240744639864,0.6554575925536014
0,1,0.3668459508415949,0.6331540491584051
1,1,0.3661589926398955,0.6338410073601045
0,1,0.33393753247629776,0.6660624675237022
0,1,0.36817114547669505,0.631828854523305
0,1,0.3300100103205271,0.6699899896794729
1,1,0.4153431538823995,0.5846568461176005
1,1,0.3294553185665797,0.6705446814334203
1,1,0.3311836800667358,0.6688163199332642
0,1,0.3694695436609545,0.6305304563390455
1,1,0.3373317746232163,0.6626682253767837
0,1,0.3223204033040902,0.6776795966959098
0,1,0.33534805976440796,0.664651940235592
0,1,0.37633886167777253,0.6236611383222275
0,1,0.34593303377432105,0.654066966225679
0,1,0.3648784510399392,0.6351215489600608
1,1,0.3840081752571447,0.6159918247428553
0,1,0.3700665109110399,0.6299334890889601
0,1,0.33042452644915143,0.6695754735508486
1,1,0.35772978074974815,0.6422702192502519
1,1,0.34359701943882137,0.6564029805611786
0,1,0.3531248179264065,0.6468751820735935
1,1,0.36986490900189073,0.6301350909981093
0,1,0.33849968681581266,0.6615003131841873
0,1,0.3586084279288042,0.6413915720711958
1,1,0.3412943002221859,0.6587056997778141
1,1,0.39408551972764594,0.6059144802723541
0,1,0.39115817938323627,0.6088418206167637
0,1,0.32124801708719386,0.6787519829128061
0,1,0.3571369102685469,0.6428630897314531
0,1,0.3672841890024059,0.6327158109975941
0,1,0.3737904302229357,0.6262095697770643
1,1,0.31131667067838675,0.6886833293216132
1,1,0.35642975746575667,0.6435702425342433
1,1,0.35226489894502977,0.6477351010549702
0,1,0.35358599466253393,0.6464140053374661
1,1,0.372861388870814,0.627138611129186
1,1,0.35523311496873,0.64476688503127
0,1,0.37327347360271634,0.6267265263972837
1,1,0.3155537811587872,0.6844462188412128
1,1,0.3940530071452063,0.6059469928547937
0,1,0.3248172931958778,0.6751827068041222
1,1,0.3578199954490242,0.6421800045509758
0,1,0.3549190528789359,0.6450809471210641
1,1,0.3304026083966626,0.6695973916033374
1,1,0.34505111115252085,0.6549488888474791
1,1,0.3406955716687382,0.6593044283312618
1,1,0.36122696536751997,0.63877303463248
0,1,0.3313363063363761,0.6686636936636239
1,1,0.36872299142312503,0.631277008576875
0,1,0.34234089973274406,0.6576591002672559
1,1,0.342540263774035,0.657459736225965
0,1,0.33884996050405214,0.6611500394959479
1,1,0.33434383248892297,0.665656167511077
1,1,0.3458284389576023,0.6541715610423977
0,1,0.339656329338789,0.660343670661211
1,1,0.36407762820764855,0.6359223717923514
1,1,0.3644386965068843,0.6355613034931157
0,1,0.3664596828963206,0.6335403171036794
1,1,0.339106651964601,0.660893348035399
1,1,0.36530733833003826,0.6346926616699617
1,1,0.38686812548223004,0.61313187451777
0,1,0.35115748180631734,0.6488425181936827
1,1,0.3693007391963542,0.6306992608036458
1,1,0.3230633107332057,0.6769366892667943
1,1,0.37242228246497444,0.6275777175350256
0,1,0.34689848875285023,0.6531015112471498
1,1,0.36416922574817256,0.6358307742518274
1,1,0.30900997210667736,0.6909900278933226
1,1,0.3359471518303565,0.6640528481696435
1,1,0.33144388833928073,0.6685561116607193
1,1,0.3372158819307811,0.6627841180692189
0,1,0.3136652530933538,0.6863347469066462
1,1,0.34090907743677235,0.6590909225632277
1,1,0.3444029839957763,0.6555970160042237
1,1,0.3529451223834039,0.6470548776165961
1,1,0.3334409028668618,0.6665590971331382
1,1,0.42960349291884636,0.5703965070811536
0,1,0.34384190606145437,0.6561580939385456
1,1,0.3697196686685851,0.6302803313314149
1,1,0.33419320977286004,0.66580679022714
0,1,0.3080388539037645,0.6919611460962355
1,1,0.34610302292743234,0.6538969770725677
0,1,0.3242098033930424,0.6757901966069576
0,1,0.35563489337194787,0.6443651066280521
1,1,0.3887657467912461,0.6112342532087539
1,1,0.35902621803899226,0.6409737819610077
1,1,0.32315191890948625,0.6768480810905138
1,1,0.3425486731513052,0.6574513268486948
0,1,0.3476369009463759,0.6523630990536241
1,1,0.37894289143536053,0.6210571085646395
0,1,0.3509832010729529,0.6490167989270471
0,1,0.37193759998702813,0.6280624000129719
1,1,0.32136954616453306,0.6786304538354669
1,1,0.34428015310416493,0.6557198468958351
1,1,0.4130329006189767,0.5869670993810233
1,1,0.3513944459808064,0.6486055540191936
1,1,0.3575964520117152,0.6424035479882848
0,1,0.3764534846608214,0.6235465153391786
1,1,0.3240276598403875,0.6759723401596125
1,1,0.33149341756522843,0.6685065824347716
1,1,0.3397432259453297,0.6602567740546703
1,1,0.40839829361206836,0.5916017063879316
1,1,0.332666090886483,0.667333909113517
0,1,0.34067419256084264,0.6593258074391574
0,1,0.37239913367391786,0.6276008663260821
1,1,0.3350408400584318,0.6649591599415682
0,1,0.33515182034558477,0.6648481796544152
1,1,0.3880405164543702,0.6119594835456298
1,1,0.34079177537642136,0.6592082246235786
1,1,0.32809372068606746,0.6719062793139325
1,1,0.32758340056993973,0.6724165994300603
1,1,0.42390007941422436,0.5760999205857756
1,1,0.3464643834951352,0.6535356165048648
0,1,0.34974890163161554,0.6502510983683845
0,1,0.3507503862781618,0.6492496137218382
1,1,0.3137367698962148,0.6862632301037852
1,1,0.3223015716429224,0.6776984283570776
1,1,0.34909808576018775,0.6509019142398123
1,1,0.3236241027870944,0.6763758972129056
0,1,0.33196567869076765,0.6680343213092323
0,1,0.327515695851597,0.672484304148403
0,1,0.37497738006539194,0.6250226199346081
1,1,0.3576784471242729,0.6423215528757271
1,1,0.3566042530931781,0.6433957469068219
1,1,0.314476633222891,0.685523366777109
0,1,0.35111898337768666,0.6488810166223133
1,1,0.3319149911114664,0.6680850088885336
1,1,0.35599943807123613,0.6440005619287639
1,1,0.383773696579671,0.616226303420329
1,1,0.3492381217637981,0.6507618782362019
1,1,0.34803642508412924,0.6519635749158708
1,1,0.3567543780654838,0.6432456219345162
1,1,0.4300053661638451,0.5699946338361549
1,1,0.3328167203681459,0.6671832796318541
1,1,0.32610932469345455,0.6738906753065455
0,1,0.3520780707421983,0.6479219292578017
1,1,0.3856122828311934,0.6143877171688066
1,1,0.3656148510646502,0.6343851489353498
1,1,0.2993556711788463,0.7006443288211537
1,1,0.3759536320029431,0.6240463679970569
1,1,0.3235715013176721,0.6764284986823279
0,1,0.3762597010435047,0.6237402989564953
1,1,0.34485604430966454,0.6551439556903355
1,1,0.3466886752442456,0.6533113247557544
0,1,0.3236954123405632,0.6763045876594368
0,1,0.36321716629465417,0.6367828337053458
1,1,0.3492940230093723,0.6507059769906277
0,1,0.3520176509658496,0.6479823490341504
1,1,0.36492912039050984,0.6350708796094902
1,1,0.33075145291516217,0.6692485470848378
1,1,0.3485482465365827,0.6514517534634173
1,1,0.4017836749450928,0.5982163250549072
0,1,0.37514388225350137,0.6248561177464986
0,1,0.36438249341820295,0.635617506581797
1,1,0.3303234664218545,0.6696765335781455
1,1,0.3593129615382332,0.6406870384617668
0,1,0.33741520525786217,0.6625847947421378
1,1,0.350486333154726,0.649513666845274
1,1,0.37628672041462097,0.623713279585379
1,1,0.34084333496897035,0.6591566650310297
1,1,0.35104477980879234,0.6489552201912077
1,1,0.36372186870258505,0.636278131297415
1,1,0.3373190007443798,0.6626809992556202
0,1,0.33641923614712577,0.6635807638528742
0,1,0.3594343291439017,0.6405656708560983
1,1,0.35130600059631,0.64869399940369
1,1,0.34922475860375213,0.6507752413962479
1,1,0.38139128951278145,0.6186087104872185
1,1,0.32775919603113424,0.6722408039688658
1,1,0.36455173621708303,0.635448263782917
1,1,0.35843076409664887,0.6415692359033511
1,1,0.3985367268951918,0.6014632731048082
1,1,0.3571028285467539,0.6428971714532461
0,1,0.3691973384844751,0.6308026615155249
1,1,0.37338150646559387,0.6266184935344061
1,1,0.3279391123120774,0.6720608876879226
1,1,0.3517451186598476,0.6482548813401524
1,1,0.36371481303223396,0.636285186967766
1,1,0.3662968708188873,0.6337031291811127
1,1,0.33677673495764915,0.6632232650423509
1,1,0.3704562718395267,0.6295437281604733
1,1,0.3537211122533932,0.6462788877466068
1,1,0.4246642319297862,0.5753357680702138
1,1,0.3335312052781094,0.6664687947218906
1,1,0.36598304584756736,0.6340169541524326
0,1,0.3329871874927779,0.6670128125072221
0,1,0.33442979436420206,0.6655702056357979
1,1,0.31524575172823566,0.6847542482717643
1,1,0.37329242125608386,0.6267075787439161
1,1,0.4119025247100013,0.5880974752899987
0,1,0.37088036460215146,0.6291196353978485
1,1,0.32722858564999713,0.6727714143500029
1,1,0.3527325081854895,0.6472674918145105
1,1,0.345996443649941,0.654003556350059
0,1,0.3513441531349817,0.6486558468650183
1,1,0.3320435476110315,0.6679564523889685
0,1,0.3441675367212379,0.6558324632787621
1,1,0.35360609289320166,0.6463939071067983
1,1,0.36895943616572213,0.6310405638342779
1,1,0.3758778954741825,0.6241221045258175
1,1,0.3153576915617162,0.6846423084382838
1,1,0.34146617470400364,0.6585338252959964
1,1,0.377605512972662,0.622394487027338
1,1,0.30980256035149734,0.6901974396485027
1,1,0.3894253724624642,0.6105746275375358
1,1,0.3253789954237818,0.6746210045762182
1,1,0.36065535857809683,0.6393446414219032
1,1,0.3410922126956708,0.6589077873043292
1,1,0.3494702521959083,0.6505297478040917
1,1,0.3101607697052474,0.6898392302947526
1,1,0.4598575370738037,0.5401424629261963
1,1,0.35811145415735923,0.6418885458426408
1,1,0.31030263006983905,0.689697369930161
0,1,0.35751546838242343,0.6424845316175766
1,1,0.35289826694425497,0.647101733055745
1,1,0.38344886275779133,0.6165511372422087
0,1,0.3672504474095758,0.6327495525904242
1,1,0.33877225446313863,0.6612277455368614
1,1,0.3313137659287154,0.6686862340712846
1,1,0.33432555823956267,0.6656744417604373
1,1,0.33813678487363763,0.6618632151263624
1,1,0.3313428991796402,0.6686571008203598
0,1,0.3366510675150546,0.6633489324849454
0,1,0.3117907009918701,0.6882092990081299
1,1,0.3339358914527013,0.6660641085472987
1,1,0.30279137087923125,0.6972086291207688
1,1,0.3730585045364291,0.6269414954635709
1,1,0.36294741455794555,0.6370525854420545
0,1,0.33664183644945267,0.6633581635505473
0,1,0.35265251052909186,0.6473474894709081
1,1,0.37249639995872397,0.627503600041276
1,1,0.3374583375510464,0.6625416624489536
1,1,0.349819653146897,0.650180346853103
1,1,0.35232425977647086,0.6476757402235291
0,1,0.3492198282111688,0.6507801717888312
1,1,0.3026358965260292,0.6973641034739708
0,1,0.35713902803963404,0.642860971960366
0,1,0.34801203929637303,0.651987960703627
1,1,0.3169408899854964,0.6830591100145036
1,1,0.32947244235432926,0.6705275576456707
1,1,0.3650906499674631,0.6349093500325369
1,1,0.335211521093577,0.664788478906423
0,1,0.37912649577941626,0.6208735042205837
1,1,0.3175228754647347,0.6824771245352653
1,1,0.34407501095907955,0.6559249890409204
1,1,0.3571452940296672,0.6428547059703328
0,1,0.36198161256568406,0.6380183874343159
0,1,0.34850774354261194,0.6514922564573881
0,1,0.4498669708665537,0.5501330291334463
1,1,0.3416156274348272,0.6583843725651728
1,1,0.356696693770038,0.643303306229962
1,1,0.38144669284288457,0.6185533071571154
1,1,0.33585832909882873,0.6641416709011713
0,1,0.3289709140370094,0.6710290859629906
1,1,0.37336957130317583,0.6266304286968242
1,1,0.3740706719141301,0.6259293280858699
0,1,0.337468758073993,0.662531241926007
0,1,0.3823317545145206,0.6176682454854794
1,1,0.3632645715111755,0.6367354284888245
1,1,0.3667008265207028,0.6332991734792972
1,1,0.3514954110964026,0.6485045889035974
0,1,0.3643256344896214,0.6356743655103786
0,1,0.3694183863017383,0.6305816136982617
1,1,0.34741135628053676,0.6525886437194632
1,1,0.39390679626291636,0.6060932037370836
0,1,0.33489599481270116,0.6651040051872988
1,1,0.3486875479069227,0.6513124520930773
1,1,0.32366248324429203,0.676337516755708
1,1,0.3333112077460405,0.6666887922539595
1,1,0.37147031364988203,0.628529686350118
1,1,0.3600656003439304,0.6399343996560696
1,1,0.3613832865997426,0.6386167134002574
1,1,0.33363384935877605,0.666366150641224
1,1,0.35576523599197296,0.644234764008027
1,1,0.3775641368011934,0.6224358631988066
1,1,0.37478750964683194,0.6252124903531681
0,1,0.34089954237560915,0.6591004576243908
1,1,0.34472409874556187,0.6552759012544381
0,1,0.32955987277298926,0.6704401272270107
1,1,0.35920923157814066,0.6407907684218593
1,1,0.3823715130256372,0.6176284869743628
1,1,0.35444073193609893,0.6455592680639011
0,1,0.3417015570953963,0.6582984429046037
0,1,0.3148652608241578,0.6851347391758422
0,1,0.34954041697322835,0.6504595830267716
0,1,0.3628574991534911,0.6371425008465089
1,1,0.39390426899185715,0.6060957310081428
0,1,0.3313941401017937,0.6686058598982063
0,1,0.3543528853669484,0.6456471146330516
0,1,0.34331445090875934,0.6566855490912407
1,1,0.33307755720768106,0.6669224427923189
1,1,0.38980143900527153,0.6101985609947285
0,1,0.3488390568953845,0.6511609431046155
1,1,0.3633995035303408,0.6366004964696592
0,1,0.329985133845199,0.670014866154801
1,1,0.3539714665827217,0.6460285334172783
1,1,0.3455520619918123,0.6544479380081877
0,1,0.3370477632247555,0.6629522367752445
0,1,0.3545737791446141,0.6454262208553859
1,1,0.3622381515489055,0.6377618484510945
1,1,0.36881739635633515,0.6311826036436649
1,1,0.33711860740840593,0.6628813925915941
1,1,0.3533126113782137,0.6466873886217863
1,1,0.36333862872769385,0.6366613712723062
1,1,0.36904329157945703,0.630956708420543
1,1,0.3433219746991468,0.6566780253008532
1,1,0.3626918404720366,0.6373081595279634
1,1,0.3244012684238574,0.6755987315761426
0,1,0.2942056430774518,0.7057943569225482
1,1,0.3173369250942485,0.6826630749057515
1,1,0.36431480810559025,0.6356851918944098
1,1,0.3325307942797392,0.6674692057202608
1,1,0.3834218683221913,0.6165781316778087
0,1,0.3218467460410177,0.6781532539589823
0,1,0.34732457317234233,0.6526754268276577
0,1,0.36035269754174826,0.6396473024582517
1,1,0.3773968655747495,0.6226031344252505
1,1,0.300263173974714,0.699736826025286
1,1,0.2938392306564098,0.7061607693435902
1,1,0.3343224473181764,0.6656775526818236
0,1,0.3501667174577382,0.6498332825422618
1,1,0.3414147374712301,0.6585852625287699
1,1,0.36008669604081256,0.6399133039591874
1,1,0.34686534296200766,0.6531346570379923
0,1,0.34035578275701706,0.6596442172429829
1,1,0.3277154998026559,0.6722845001973441
1,1,0.31188430529388356,0.6881156947061164
1,1,0.39893082719410555,0.6010691728058944
0,1,0.33280234621331106,0.6671976537866889
1,1,0.3566213674696317,0.6433786325303683
1,1,0.38121165078846686,0.6187883492115331
1,1,0.3280197296647558,0.6719802703352442
1,1,0.3252834861576709,0.6747165138423291
1,1,0.3585428019316891,0.6414571980683109
1,1,0.36685831489030885,0.6331416851096912
1,1,0.35224712310583817,0.6477528768941618
1,1,0.3649494191002619,0.6350505808997381
1,1,0.3283375145283616,0.6716624854716384
1,1,0.3671997812187705,0.6328002187812295
1,1,0.3221499517409,0.6778500482591
0,1,0.3536107224791947,0.6463892775208053
1,1,0.37025164703916846,0.6297483529608315
0,1,0.36964419391249626,0.6303558060875037
0,1,0.31048067462614526,0.6895193253738547
1,1,0.3337520685578971,0.6662479314421029
1,1,0.3560882262129814,0.6439117737870186
0,1,0.3609408134497124,0.6390591865502876
1,1,0.3300617427913304,0.6699382572086696
0,1,0.33121339904703473,0.6687866009529653
1,1,0.3370838154087298,0.6629161845912702
1,1,0.3344307337869954,0.6655692662130046
1,1,0.3501511535640105,0.6498488464359895
1,1,0.36871679952774483,0.6312832004722552
1,1,0.3152524530326086,0.6847475469673914
1,1,0.3415474248840913,0.6584525751159087
1,1,0.3593093750947396,0.6406906249052604
1,1,0.3021691185989974,0.6978308814010026
1,1,0.35281476105228404,0.647185238947716
1,1,0.33037051246668003,0.66962948753332
1,1,0.3270272350573654,0.6729727649426346
1,1,0.3581614332123031,0.6418385667876969
0,1,0.34774241432573605,0.652257585674264
1,1,0.32942075328039677,0.6705792467196032
1,1,0.4337000280145108,0.5662999719854892
0,1,0.3367710899399149,0.6632289100600851
0,1,0.3415530640324338,0.6584469359675662
1,1,0.41085828414827197,0.589141715851728
1,1,0.3478293599398665,0.6521706400601335
1,1,0.35585087354360856,0.6441491264563914
1,1,0.33967201853058293,0.6603279814694171
1,1,0.3430160381474793,0.6569839618525207
1,1,0.3768830623955468,0.6231169376044532
1,1,0.3710538514483879,0.6289461485516121
0,1,0.32464184001024243,0.6753581599897576
1,1,0.38436908546900583,0.6156309145309942
1,1,0.32492200201691634,0.6750779979830837
0,1,0.3672658934517353,0.6327341065482647
1,1,0.3664678343423715,0.6335321656576285
1,1,0.3292563476968098,0.6707436523031902
1,1,0.3543562462751565,0.6456437537248435
1,1,0.36888834560872685,0.6311116543912731
0,1,0.3231065948834039,0.6768934051165961
0,1,0.4234488921448726,0.5765511078551274
0,1,0.3857393032536188,0.6142606967463812
1,1,0.3294745200878576,0.6705254799121424
1,1,0.3367328347120707,0.6632671652879293
0,1,0.34587260379135,0.65412739620865
1,1,0.33776291013958704,0.662237089860413
0,1,0.3353114690590665,0.6646885309409335
1,1,0.33828404577833837,0.6617159542216616
0,1,0.3649378125334266,0.6350621874665734
1,1,0.35747342052695885,0.6425265794730411
1,1,0.3696998725391466,0.6303001274608534
0,1,0.36801071478879543,0.6319892852112046
0,1,0.37275516424109667,0.6272448357589033
0,1,0.36050531413552234,0.6394946858644777
1,1,0.36463010834472487,0.6353698916552751
1,1,0.3474886522061206,0.6525113477938794
1,1,0.34409805191930565,0.6559019480806944
0,1,0.3716349321050062,0.6283650678949938
1,1,0.33863657844838946,0.6613634215516105
1,1,0.34194549712737754,0.6580545028726225
1,1,0.3362353628741951,0.6637646371258049
0,1,0.3543598832438183,0.6456401167561817
0,1,0.33448858813775195,0.665511411862248
1,1,0.31965354553847825,0.6803464544615218
1,1,0.35214644824201013,0.6478535517579899
0,1,0.36570912749972295,0.634290872500277
1,1,0.3514396611502101,0.6485603388497899
0,1,0.35827786059364686,0.6417221394063531
0,1,0.3776070493914163,0.6223929506085837
1,1,0.369475720938783,0.630524279061217
0,1,0.3479166395320129,0.6520833604679871
1,1,0.3545909667413867,0.6454090332586133
1,1,0.33411895081623444,0.6658810491837656
1,1,0.32503926342093414,0.6749607365790659
0,1,0.3308938595245412,0.6691061404754588
0,1,0.3318381428195204,0.6681618571804796
1,1,0.32989106722525063,0.6701089327747494
1,1,0.3183810523466575,0.6816189476533425
0,1,0.33106183855625015,0.6689381614437498
0,1,0.35803490392123194,0.6419650960787681
1,1,0.32518860485891243,0.6748113951410876
1,1,0.3865656358799533,0.6134343641200467
1,1,0.351253182093512,0.648746817906488
1,1,0.37634665253851485,0.6236533474614852
1,1,0.3577234243159163,0.6422765756840837
1,1,0.3826880587942888,0.6173119412057112
1,1,0.3427680364071434,0.6572319635928566
0,1,0.349205496714731,0.650794503285269
0,1,0.3339457914141316,0.6660542085858684
0,1,0.3642130745574341,0.6357869254425659
1,1,0.37374961484478986,0.6262503851552101
1,1,0.3131700113241598,0.6868299886758402
1,1,0.34371384910946545,0.6562861508905345
1,1,0.3005199581206849,0.6994800418793151
0,1,0.3328569762731315,0.6671430237268685
1,1,0.3371402440326855,0.6628597559673145
1,1,0.3323944319706993,0.6676055680293007
0,1,0.3494732653448611,0.6505267346551389
0,1,0.34829088900757377,0.6517091109924262
0,1,0.3376412185678537,0.6623587814321463
1,1,0.3488679387278487,0.6511320612721513
1,1,0.3298309181799237,0.6701690818200763
1,1,0.34297345807830104,0.657026541921699
1,1,0.368962757755834,0.631037242244166
1,1,0.3433219190184259,0.6566780809815741
1,1,0.35075844971479175,0.6492415502852082
0,1,0.34063874803827854,0.6593612519617215
0,1,0.3395319584747678,0.6604680415252322
0,1,0.35434254608571736,0.6456574539142826
0,1,0.3828980986311621,0.6171019013688379
1,1,0.3865572290277005,0.6134427709722995
0,1,0.3796179140192003,0.6203820859807997
1,1,0.33283719173620974,0.6671628082637903
1,1,0.37134214330179205,0.628657856698208
0,1,0.31899213155189055,0.6810078684481095
1,1,0.34573003846969363,0.6542699615303064
0,1,0.3598655745503585,0.6401344254496415
0,1,0.3752340754336061,0.6247659245663939
1,1,0.37055851392640615,0.6294414860735938
0,1,0.3475187331813204,0.6524812668186796
1,1,0.330920469038267,0.669079530961733
0,1,0.3332845805426581,0.6667154194573419
1,1,0.3479726613508658,0.6520273386491342
1,1,0.39051056621635927,0.6094894337836407
1,1,0.3281115942736399,0.6718884057263601
1,1,0.35936602566377207,0.6406339743362279
0,1,0.37580875325438456,0.6241912467456154
1,1,0.4377736508905943,0.5622263491094057
1,1,0.3430629389099128,0.6569370610900872
1,1,0.36926696463431874,0.6307330353656813
1,1,0.3155485217209544,0.6844514782790456
0,1,0.3584161231205545,0.6415838768794455
0,1,0.368462488451784,0.631537511548216
0,1,0.3290503213920881,0.6709496786079119
1,1,0.31651821735833896,0.683481782641661
0,1,0.3492656386865659,0.6507343613134341
1,1,0.3595991719119246,0.6404008280880754
1,1,0.3120308935071747,0.6879691064928253
1,1,0.31910816715962786,0.6808918328403721
1,1,0.3184198449963007,0.6815801550036993
1,1,0.3383919197083779,0.6616080802916221
1,1,0.32782776304567873,0.6721722369543213
1,1,0.3870140431010398,0.6129859568989602
0,1,0.3386388142335307,0.6613611857664693
0,1,0.3445927433765048,0.6554072566234952
0,1,0.44010943628938237,0.5598905637106176
0,1,0.34501146695606066,0.6549885330439393
1,1,0.3441371139364239,0.6558628860635761
1,1,0.3465386026297351,0.6534613973702649
0,1,0.3663784091957051,0.6336215908042949
0,1,0.3357271167468415,0.6642728832531585
0,1,0.38343780535572847,0.6165621946442715
1,1,0.371188646859703,0.628811353140297
0,1,0.33758311532706164,0.6624168846729384
0,1,0.322626102116759,0.677373897883241
0,1,0.36101909573583235,0.6389809042641676
1,1,0.31856683741988034,0.6814331625801197
1,1,0.3245650153102947,0.6754349846897053
1,1,0.33775046940875286,0.6622495305912471
1,1,0.3457918437183033,0.6542081562816967
0,1,0.3701415041124666,0.6298584958875334
1,1,0.35546028091244064,0.6445397190875594
1,1,0.3830821495066148,0.6169178504933852
0,1,0.37668445459523325,0.6233155454047667
1,1,0.32655639566592076,0.6734436043340792
1,1,0.3704502700121587,0.6295497299878413
1,1,0.3424376605741284,0.6575623394258716
1,1,0.3629631100470292,0.6370368899529708
1,1,0.39357984207615426,0.6064201579238457
1,1,0.3207608310217851,0.6792391689782149
0,1,0.38393644818521766,0.6160635518147823
1,1,0.3342194827235323,0.6657805172764677
1,1,0.3524053727976547,0.6475946272023453
0,1,0.34578826184628153,0.6542117381537185
1,1,0.36297613427895004,0.63702386572105
1,1,0.39710301004051174,0.6028969899594883
0,1,0.3565264679432506,0.6434735320567494
1,1,0.3533911243964146,0.6466088756035854
0,1,0.37892776132073713,0.6210722386792629
1,1,0.34270912448535207,0.6572908755146479
0,1,0.3416279561075257,0.6583720438924743
1,1,0.33836158764294944,0.6616384123570506
0,1,0.33840905426344636,0.6615909457365536
0,1,0.3764140626075594,0.6235859373924406
1,1,0.3510964030010769,0.6489035969989231
1,1,0.35904293833378687,0.6409570616662131
1,1,0.3269747848509118,0.6730252151490882
0,1,0.4070746098291499,0.5929253901708501
0,1,0.3463864845422151,0.6536135154577849
1,1,0.3531691959049842,0.6468308040950158
1,1,0.34950112334919203,0.650498876650808
1,1,0.33704851083521237,0.6629514891647876
1,1,0.3733659355974841,0.6266340644025159
1,1,0.3442209868378032,0.6557790131621968
0,1,0.3627625328244607,0.6372374671755393
0,1,0.3976551476688447,0.6023448523311553
1,1,0.42511329745627835,0.5748867025437217
0,1,0.35798555609064653,0.6420144439093535
0,1,0.37222380944784017,0.6277761905521598
0,1,0.3656781656637007,0.6343218343362993
0,1,0.32686673945212397,0.673133260547876
1,1,0.3606699404004411,0.6393300595995589
1,1,0.3419627188438452,0.6580372811561548
1,1,0.3710393990875678,0.6289606009124322
0,1,0.3249398771405547,0.6750601228594453
1,1,0.33513940113488805,0.664860598865112
0,1,0.37131567545067257,0.6286843245493274
0,1,0.35252208705660226,0.6474779129433977
1,1,0.3596165070962888,0.6403834929037112
0,1,0.3537130087812568,0.6462869912187432
1,1,0.32815530206116583,0.6718446979388342
1,1,0.39369017701057196,0.606309822989428
0,1,0.32869243652604285,0.6713075634739571
1,1,0.35458911835444296,0.645410881645557
1,1,0.35755871534540096,0.642441284654599
1,1,0.34819814971781615,0.6518018502821838
0,1,0.3282446895957306,0.6717553104042694
1,1,0.3667516304604139,0.6332483695395861
1,1,0.3581004586332418,0.6418995413667582
1,1,0.31734780021851694,0.6826521997814831
1,1,0.3568788628280585,0.6431211371719415
0,1,0.3571629021155799,0.6428370978844201
1,1,0.3713809621807558,0.6286190378192442
1,1,0.3471945041818657,0.6528054958181343
1,1,0.31700772077760475,0.6829922792223952
0,1,0.41070050662007573,0.5892994933799243
0,1,0.34199612907565113,0.6580038709243489
0,1,0.39345384181713294,0.6065461581828671
0,1,0.3531731960264116,0.6468268039735884
0,1,0.3570829389287563,0.6429170610712437
1,1,0.3460738872199487,0.6539261127800513
1,1,0.36274577631820293,0.6372542236817971
1,1,0.35469122486816984,0.6453087751318302
1,1,0.38504089767027916,0.6149591023297208
1,1,0.36395983406334886,0.6360401659366511
0,1,0.35486198681953784,0.6451380131804622
1,1,0.33803816423850497,0.661961835761495
0,1,0.3497420629947925,0.6502579370052075
1,1,0.35380972509451103,0.646190274905489
0,1,0.34662806350909536,0.6533719364909046
1,1,0.3400907661821816,0.6599092338178184
1,1,0.33170320961828137,0.6682967903817186
1,1,0.338684852310954,0.661315147689046
1,1,0.31778645839376074,0.6822135416062393
1,1,0.3451897125616079,0.6548102874383921
1,1,0.3573373726956587,0.6426626273043413
0,1,0.34346531454960527,0.6565346854503947
0,1,0.3307733937174404,0.6692266062825596
1,1,0.35360744730976923,0.6463925526902308
1,1,0.35134435638393746,0.6486556436160625
1,1,0.3555874936230281,0.6444125063769719
0,1,0.3887031233894699,0.6112968766105301
1,1,0.36964775953046314,0.6303522404695369
1,1,0.31895233864856376,0.6810476613514362
0,1,0.36692522121402216,0.6330747787859778
0,1,0.3454231249836551,0.6545768750163449
0,1,0.3490104829014544,0.6509895170985456
1,1,0.3725084463317624,0.6274915536682376
0,1,0.329771618307273,0.670228381692727
1,1,0.3466658988346242,0.6533341011653758
1,1,0.31852245718427297,0.681477542815727
1,1,0.3924390644782211,0.6075609355217789
1,1,0.4306150516011096,0.5693849483988904
1,1,0.3355931699699186,0.6644068300300814
1,1,0.3596034139514639,0.6403965860485361
0,1,0.3622963385885225,0.6377036614114775
1,1,0.3805476775150327,0.6194523224849673
1,1,0.3366790361509783,0.6633209638490217
1,1,0.30843376928213795,0.691566230717862
1,1,0.3262704275914269,0.6737295724085731
1,1,0.3360684845624409,0.6639315154375591
1,1,0.32384511267216787,0.6761548873278321
0,1,0.38448352829160704,0.615516471708393
1,1,0.34622634350239667,0.6537736564976033
0,1,0.349844402253333,0.650155597746667
1,1,0.3724394163365141,0.6275605836634859
1,1,0.38370885857108916,0.6162911414289108
0,1,0.3284591307086028,0.6715408692913972
1,1,0.3213312340163531,0.6786687659836469
0,1,0.34341424496385486,0.6565857550361451
0,1,0.3777848077590099,0.6222151922409901
1,1,0.34661569294796224,0.6533843070520378
1,1,0.34366702167056995,0.65633297832943
0,1,0.3473950514651094,0.6526049485348906
1,1,0.376294125550635,0.623705874449365
0,1,0.32888542301126567,0.6711145769887343
1,1,0.3809024333601331,0.6190975666398669
1,1,0.3233854376939411,0.6766145623060589
1,1,0.3748419556585606,0.6251580443414394
1,1,0.3078567866231747,0.6921432133768253
0,1,0.37288872157764186,0.6271112784223581
1,1,0.33158209543291983,0.6684179045670802
1,1,0.34059336088588976,0.6594066391141102
1,1,0.3448598447261255,0.6551401552738745
1,1,0.3015101965430721,0.6984898034569279
1,1,0.3381902396814287,0.6618097603185713
1,1,0.39557072638382473,0.6044292736161753
1,1,0.3515708342781424,0.6484291657218576
1,1,0.3657235170923281,0.6342764829076719
1,1,0.3121414773957003,0.6878585226042997
1,1,0.34076342976656904,0.659236570233431
1,1,0.37260196494510245,0.6273980350548976
1,1,0.3531702753428503,0.6468297246571497
1,1,0.3475849885976865,0.6524150114023135
1,1,0.33430413998669517,0.6656958600133048
1,1,0.35910220692502415,0.6408977930749759
1,1,0.3340925386146215,0.6659074613853785
1,1,0.352510954217251,0.647489045782749
1,1,0.3416048160015207,0.6583951839984793
1,1,0.35382668472748524,0.6461733152725148
0,1,0.35461888570119215,0.6453811142988078
1,1,0.3766955338304693,0.6233044661695307
1,1,0.38858508023107485,0.6114149197689251
0,1,0.35517155287966684,0.6448284471203332
0,1,0.35196752050877445,0.6480324794912256
1,1,0.372492660409093,0.627507339590907
0,1,0.33371655518540577,0.6662834448145942
1,1,0.3850720319097217,0.6149279680902783
0,1,0.35742247770674496,0.642577522293255
1,1,0.3614857558694624,0.6385142441305376
0,1,0.3559399167153511,0.6440600832846489
1,1,0.35295978146102136,0.6470402185389786
0,1,0.33694997141103655,0.6630500285889634
1,1,0.3475824425987756,0.6524175574012244
1,1,0.3803559799467594,0.6196440200532406
1,1,0.3407454290708112,0.6592545709291888
1,1,0.3207638105737465,0.6792361894262535
0,1,0.3556772653182708,0.6443227346817292
1,1,0.36188196306284925,0.6381180369371507
0,1,0.35731352158893626,0.6426864784110637
0,1,0.35613368537514656,0.6438663146248534
1,1,0.38675782642471335,0.6132421735752867
1,1,0.3521499213167858,0.6478500786832142
1,1,0.35587081886576344,0.6441291811342366
1,1,0.3076570012005012,0.6923429987994988
0,1,0.32651901329950206,0.6734809867004979
0,1,0.33701814175564104,0.662981858244359
1,1,0.3366872859477883,0.6633127140522117
1,1,0.345492854847959,0.654507145152041
1,1,0.3263513343373027,0.6736486656626973
0,1,0.3686803743187803,0.6313196256812197
0,1,0.37557153596416315,0.6244284640358368
0,1,0.3470618286028938,0.6529381713971062
0,1,0.34873306288835404,0.651266937111646
1,1,0.3482326326126788,0.6517673673873212
1,1,0.3511165962153582,0.6488834037846418
0,1,0.3208249680025783,0.6791750319974217
0,1,0.32776824623297685,0.6722317537670232
1,1,0.35767981374475677,0.6423201862552432
1,1,0.34544798657606823,0.6545520134239318
1,1,0.3777765616525969,0.6222234383474031
0,1,0.3799830907218805,0.6200169092781195
1,1,0.36158536413868736,0.6384146358613126
1,1,0.33148601436146374,0.6685139856385363
1,1,0.3538368525014779,0.6461631474985221
0,1,0.4090488297112197,0.5909511702887803
1,1,0.3109586464318811,0.6890413535681189
1,1,0.33156078307411296,0.668439216925887
0,1,0.34732649544639793,0.6526735045536021
1,1,0.32574965590843863,0.6742503440915614
1,1,0.34743467681004125,0.6525653231899587
1,1,0.33300126839614164,0.6669987316038584
0,1,0.331520314747796,0.668479685252204
1,1,0.38799550200812494,0.6120044979918751
0,1,0.33615667028584917,0.6638433297141508
0,1,0.34044128511066896,0.659558714889331
0,1,0.3372905453091337,0.6627094546908663
0,1,0.35012256291178934,0.6498774370882107
1,1,0.3968417063728392,0.6031582936271608
1,1,0.36359652001095677,0.6364034799890432
1,1,0.3449195130809021,0.6550804869190979
1,1,0.3455091544445814,0.6544908455554186
1,1,0.32380838223719355,0.6761916177628065
1,1,0.36377352202514335,0.6362264779748567
0,1,0.29079244051842124,0.7092075594815788
0,1,0.38339894493531423,0.6166010550646858
1,1,0.3734617527645778,0.6265382472354222
0,1,0.3733883697247663,0.6266116302752337
1,1,0.33154959088793723,0.6684504091120628
1,1,0.3151977268402406,0.6848022731597594
1,1,0.33034186658457076,0.6696581334154292
1,1,0.34769253679570766,0.6523074632042923
1,1,0.35159342401004634,0.6484065759899537
1,1,0.28090685000213444,0.7190931499978656
1,1,0.35479606519047757,0.6452039348095224
1,1,0.386619956902992,0.613380043097008
1,1,0.3346861620702072,0.6653138379297928
1,1,0.32072771367237785,0.6792722863276222
1,1,0.3753383848698344,0.6246616151301656
1,1,0.33534511306461123,0.6646548869353888
1,1,0.3591405529219164,0.6408594470780836
1,1,0.3726330425005496,0.6273669574994504
0,1,0.3426300386408355,0.6573699613591645
0,1,0.3604536497383206,0.6395463502616794
1,1,0.37398389976317425,0.6260161002368257
1,1,0.35784689952488635,0.6421531004751136
1,1,0.30208890552127743,0.6979110944787226
1,1,0.33071942821538525,0.6692805717846148
1,1,0.41124663054330446,0.5887533694566955
1,1,0.3359808926539035,0.6640191073460965
0,1,0.3903446988051854,0.6096553011948146
1,1,0.36029616302006484,0.6397038369799352
0,1,0.35840322302984806,0.6415967769701519
0,1,0.3282844184448789,0.6717155815551211
1,1,0.36551853786793065,0.6344814621320694
1,1,0.3594773429715601,0.6405226570284399
1,1,0.44095165251955815,0.5590483474804419
1,1,0.35694548075783683,0.6430545192421632
1,1,0.33853491176111095,0.661465088238889
1,1,0.35997476394499306,0.6400252360550069
0,1,0.35798405781218745,0.6420159421878125
1,1,0.3493415161717587,0.6506584838282413
0,1,0.3677955027360936,0.6322044972639064
1,1,0.3106404667549989,0.6893595332450011
0,1,0.41389329086635085,0.5861067091336492
0,1,0.3377625296811666,0.6622374703188334
1,1,0.36344116014368066,0.6365588398563193
1,1,0.3573826282350352,0.6426173717649648
1,1,0.4222062383770889,0.5777937616229111
0,1,0.36432257557543,0.63567742442457
0,1,0.3288396033944284,0.6711603966055716
1,1,0.35543623793893986,0.6445637620610601
1,1,0.36634569606394185,0.6336543039360581
1,1,0.34510979373361517,0.6548902062663848
1,1,0.37954434820722405,0.620455651792776
1,1,0.33561035333675115,0.6643896466632488
1,1,0.32265868109192375,0.6773413189080763
1,1,0.3533706118431188,0.6466293881568812
0,1,0.36082520105408555,0.6391747989459144
0,1,0.32312156045313356,0.6768784395468664
1,1,0.340568835004012,0.659431164995988
1,1,0.3320653013481071,0.6679346986518929
1,1,0.38184871343180804,0.618151286568192
0,1,0.3473630543919587,0.6526369456080413
1,1,0.318393979808793,0.681606020191207
1,1,0.36352758774079785,0.6364724122592021
1,1,0.39738646232555197,0.602613537674448
0,1,0.3530600085789686,0.6469399914210314
1,1,0.3736355895830912,0.6263644104169088
0,1,0.34622252669022024,0.6537774733097798
1,1,0.3706864090437244,0.6293135909562756
1,1,0.35772896019112177,0.6422710398088782
0,1,0.34344485464338814,0.6565551453566119
1,1,0.3668994201741934,0.6331005798258066
0,1,0.3327351751374594,0.6672648248625406
1,1,0.31778650025499633,0.6822134997450037
1,1,0.3783598546566078,0.6216401453433922
0,1,0.32364827459437684,0.6763517254056232
1,1,0.36236843602509095,0.637631563974909
0,1,0.35759996685532724,0.6424000331446728
1,1,0.36613513026536637,0.6338648697346336
1,1,0.36841931301982744,0.6315806869801726
0,1,0.3893541191206409,0.6106458808793591
0,1,0.3594153912001633,0.6405846087998367
1,1,0.35831948226563815,0.6416805177343619
1,1,0.34393850165205375,0.6560614983479462
0,1,0.3560338051302171,0.6439661948697829
1,1,0.34205118318185135,0.6579488168181487
0,1,0.3334424281315177,0.6665575718684823
1,1,0.34156384046205157,0.6584361595379484
1,1,0.33158228419168834,0.6684177158083117
0,1,0.3381159632666918,0.6618840367333082
1,1,0.3323637102451883,0.6676362897548117
1,1,0.348425765273646,0.651574234726354
0,1,0.3438462551876621,0.6561537448123379
1,1,0.34244890576515763,0.6575510942348424
1,1,0.4072745204180853,0.5927254795819147
0,1,0.3324167509522594,0.6675832490477406
1,1,0.34267113653505776,0.6573288634649422
1,1,0.32120912806111523,0.6787908719388848
1,1,0.35957433705836506,0.6404256629416349
1,1,0.3170191412382065,0.6829808587617935
1,1,0.3281692043800829,0.6718307956199171
0,1,0.34290574671628515,0.6570942532837148
1,1,0.3835758891099216,0.6164241108900784
1,1,0.33965501334901604,0.660344986650984
1,1,0.3734469086705581,0.6265530913294419
0,1,0.3590327540645153,0.6409672459354847
0,1,0.3528309152224245,0.6471690847775755
1,1,0.35358218920490103,0.646417810795099
0,1,0.34506482815119144,0.6549351718488086
1,1,0.3417813650156776,0.6582186349843224
0,1,0.3451718072437615,0.6548281927562385
1,1,0.3338125064815002,0.6661874935184998
1,1,0.36771015365728954,0.6322898463427105
0,1,0.34060248580176766,0.6593975141982323
0,1,0.37764633972663086,0.6223536602733691
0,1,0.33110135945577845,0.6688986405442215
1,1,0.3210333123157083,0.6789666876842917
1,1,0.3988290180001921,0.6011709819998079
0,1,0.3705763404590865,0.6294236595409135
0,1,0.31038340911612416,0.6896165908838758
1,1,0.3705881194915587,0.6294118805084413
1,1,0.3353951911515004,0.6646048088484996
1,1,0.3743817795844312,0.6256182204155688
1,1,0.3259992585563447,0.6740007414436553
1,1,0.3121293806930171,0.6878706193069829
1,1,0.2988713068801815,0.7011286931198185
1,1,0.34822240402341764,0.6517775959765824
1,1,0.3321715566092759,0.6678284433907241
1,1,0.32135159736054764,0.6786484026394524
1,1,0.32969564677194174,0.6703043532280583
0,1,0.3316135440625624,0.6683864559374376
1,1,0.34748553058582154,0.6525144694141785
1,1,0.33843215905378266,0.6615678409462173
0,1,0.32371624555766576,0.6762837544423342
0,1,0.41324525667358747,0.5867547433264125
1,1,0.34378522725351823,0.6562147727464818
1,1,0.37420405897522724,0.6257959410247728
1,1,0.3817573119442824,0.6182426880557176
1,1,0.3410911754784166,0.6589088245215834
1,1,0.33918741513019957,0.6608125848698004
1,1,0.3777776127616683,0.6222223872383317
0,1,0.35828051910926473,0.6417194808907353
1,1,0.32116477218714934,0.6788352278128507
1,1,0.36150444665845427,0.6384955533415457
1,1,0.34788794308583915,0.6521120569141609
1,1,0.40061273773371786,0.5993872622662821
1,1,0.32776631411978485,0.6722336858802151
1,1,0.3423269681933828,0.6576730318066172
1,1,0.29222813364391953,0.7077718663560805
1,1,0.3365648541101688,0.6634351458898312
1,1,0.33954402994183464,0.6604559700581654
1,1,0.3387458694821841,0.6612541305178159
1,1,0.30643857999654667,0.6935614200034533
1,1,0.3611230588065498,0.6388769411934502
1,1,0.2953823321691721,0.7046176678308279
1,1,0.3530812609481493,0.6469187390518507
1,1,0.33226099196643777,0.6677390080335622
1,1,0.36660828187496897,0.633391718125031
1,1,0.3643736391934186,0.6356263608065814
1,1,0.331777267818138,0.668222732181862
0,1,0.3709007574564207,0.6290992425435793
0,1,0.33507415127182716,0.6649258487281728
1,1,0.36397900770695846,0.6360209922930415
1,1,0.337269492078078,0.662730507921922
1,1,0.3452479314759733,0.6547520685240267
0,1,0.33145805762162006,0.6685419423783799
1,1,0.3317903199807827,0.6682096800192173
0,1,0.32056435316551524,0.6794356468344848
0,1,0.3400068148658657,0.6599931851341343
0,1,0.368768881718302,0.631231118281698
0,1,0.33942729839568053,0.6605727016043195
0,1,0.3326012353265223,0.6673987646734777
1,1,0.28451022627568134,0.7154897737243187
0,1,0.3330295925331531,0.6669704074668469
1,1,0.35285350403204907,0.6471464959679509
0,1,0.3540270348171264,0.6459729651828736
0,1,0.3164010415446685,0.6835989584553315
1,1,0.33546879343163705,0.664531206568363
0,1,0.3344309105287878,0.6655690894712122
1,1,0.35980889738927535,0.6401911026107246
1,1,0.37979739714153404,0.620202602858466
0,1,0.3762825695032005,0.6237174304967995
0,1,0.35964092030588646,0.6403590796941135
1,1,0.38331436973813915,0.6166856302618609
0,1,0.2735793051068406,0.7264206948931594
0,1,0.3239410731651574,0.6760589268348426
1,1,0.35736762482832196,0.642632375171678
1,1,0.35517931566089245,0.6448206843391076
0,1,0.3483216182161891,0.6516783817838109
0,1,0.35776941594093625,0.6422305840590637
1,1,0.3393973554595109,0.6606026445404891
1,1,0.31640524167745976,0.6835947583225402
0,1,0.3315400618942759,0.6684599381057241
1,1,0.3285239686243874,0.6714760313756126
1,1,0.36445484145837836,0.6355451585416216
0,1,0.34806176614993223,0.6519382338500678
0,1,0.35280897865200045,0.6471910213479996
1,1,0.3780717460530473,0.6219282539469527
0,1,0.3631244679402781,0.6368755320597219
0,1,0.3509969613077041,0.6490030386922959
1,1,0.34041037514659334,0.6595896248534067
1,1,0.3465110958119477,0.6534889041880523
0,1,0.34861661609349537,0.6513833839065046
0,1,0.37033881242223643,0.6296611875777636
1,1,0.37660257668348374,0.6233974233165163
1,1,0.3204178615781015,0.6795821384218985
1,1,0.3717607615921755,0.6282392384078245
1,1,0.36088543580962573,0.6391145641903743
1,1,0.3549028193055208,0.6450971806944792
0,1,0.3393682076733866,0.6606317923266134
0,1,0.3473884469778785,0.6526115530221215
1,1,0.3649886564106273,0.6350113435893727
1,1,0.3126200995831532,0.6873799004168468
1,1,0.34781826969359253,0.6521817303064075
0,1,0.3586672131724865,0.6413327868275135
1,1,0.32397868422184795,0.676021315778152
0,1,0.3614245246941208,0.6385754753058792
1,1,0.3365620698228847,0.6634379301771153
1,1,0.35840253832382507,0.6415974616761749
0,1,0.38631943757259335,0.6136805624274067
1,1,0.3271440401746184,0.6728559598253816
0,1,0.3446905965743765,0.6553094034256235
1,1,0.31612071419280563,0.6838792858071944
1,1,0.3559856398984551,0.6440143601015449
0,1,0.33252420546452266,0.6674757945354773
0,1,0.37125532666594063,0.6287446733340594
1,1,0.33935733856483463,0.6606426614351654
0,1,0.33958496682876604,0.660415033171234
0,1,0.3765149577102317,0.6234850422897683
0,1,0.3340880329606971,0.6659119670393029
1,1,0.3246853997632658,0.6753146002367342
1,1,0.3821148603389337,0.6178851396610663
1,1,0.3381470624910121,0.6618529375089879
1,1,0.3959278052952434,0.6040721947047566
0,1,0.3664083727068018,0.6335916272931982
1,1,0.361765303558236,0.638234696441764
0,1,0.33146574010508734,0.6685342598949127
1,1,0.3340584731127455,0.6659415268872545
1,1,0.31968745126354814,0.6803125487364519
1,1,0.3634044404012402,0.6365955595987598
0,1,0.3686601367004946,0.6313398632995054
1,1,0.37286753001779704,0.627132469982203
0,1,0.3609048987135687,0.6390951012864313
1,1,0.3450695911611369,0.6549304088388631
1,1,0.33387670116397106,0.6661232988360289
1,1,0.34460831075633913,0.6553916892436609
1,1,0.36949545655131477,0.6305045434486852
1,1,0.3584764343585394,0.6415235656414606
1,1,0.34676085503566756,0.6532391449643324
0,1,0.36942367324853287,0.6305763267514671
1,1,0.3761963360088687,0.6238036639911313
0,1,0.3625988172750262,0.6374011827249738
1,1,0.32927997278357823,0.6707200272164218
1,1,0.3443270709194737,0.6556729290805263
1,1,0.3407051980616508,0.6592948019383492
0,1,0.350217040651996,0.649782959348004
0,1,0.3857605950823815,0.6142394049176185
1,1,0.33392990165222114,0.6660700983477789
1,1,0.3481327503321128,0.6518672496678872
1,1,0.35442444218844615,0.6455755578115538
0,1,0.367081068832105,0.632918931167895
1,1,0.34640543517724265,0.6535945648227574
1,1,0.3407614315548848,0.6592385684451152
1,1,0.4060983152827542,0.5939016847172458
1,1,0.3521825064150075,0.6478174935849925
1,1,0.3661264294937421,0.6338735705062579
0,1,0.3199507257775438,0.6800492742224562
0,1,0.3789799829074132,0.6210200170925868
1,1,0.3699355247088614,0.6300644752911386
0,1,0.39591539763044303,0.604084602369557
1,1,0.3532927417699,0.6467072582301
1,1,0.3544182473279902,0.6455817526720098
1,1,0.32208040745045186,0.6779195925495481
0,1,0.40299243889383063,0.5970075611061694
1,1,0.3677056769685967,0.6322943230314033
0,1,0.33979553279849006,0.6602044672015099
0,1,0.3792461424598472,0.6207538575401528
0,1,0.3575601304832723,0.6424398695167277
1,1,0.34483938716497575,0.6551606128350242
0,1,0.3605013798234321,0.6394986201765679
1,1,0.33854664717605076,0.6614533528239492
0,1,0.33172468374304853,0.6682753162569515
0,1,0.36050834134930054,0.6394916586506995
0,1,0.32599058251278146,0.6740094174872185
1,1,0.34735865055280346,0.6526413494471965
1,1,0.374011742639215,0.625988257360785
1,1,0.32359116658229814,0.6764088334177019
1,1,0.35353864157335013,0.6464613584266499
1,1,0.3266963946529591,0.6733036053470409
1,1,0.38475451531342664,0.6152454846865734
0,1,0.3456341969363469,0.6543658030636531
1,1,0.3281852043618877,0.6718147956381123
1,1,0.3474481707947755,0.6525518292052245
1,1,0.3483696059186827,0.6516303940813173
1,1,0.3816663302150154,0.6183336697849846
0,1,0.3278091355574291,0.6721908644425709
1,1,0.35242749813789764,0.6475725018621024
1,1,0.35677810211888183,0.6432218978811182
0,1,0.3137586112040043,0.6862413887959957
1,1,0.3641000291168339,0.6358999708831661
1,1,0.3451804409042346,0.6548195590957654
1,1,0.35011198116185793,0.6498880188381421
1,1,0.36066921855536516,0.6393307814446348
1,1,0.3361990220549723,0.6638009779450277
1,1,0.3372783549980749,0.6627216450019251
1,1,0.31846767067740966,0.6815323293225903
0,1,0.31963920594407447,0.6803607940559255
1,1,0.3782794326867114,0.6217205673132886
0,1,0.32376325310093323,0.6762367468990668
1,1,0.3491327084952017,0.6508672915047983
0,1,0.33726974191776704,0.662730258082233
1,1,0.4109910736359702,0.5890089263640298
1,1,0.3360625810380299,0.6639374189619701
1,1,0.33587928114818055,0.6641207188518194
0,1,0.37034482023732074,0.6296551797626793
1,1,0.35813540409187616,0.6418645959081238
1,1,0.33734552851285593,0.6626544714871441
1,1,0.3204741807150814,0.6795258192849186
1,1,0.36733260542293067,0.6326673945770693
1,1,0.3371383342476473,0.6628616657523527
1,1,0.35951900875494136,0.6404809912450586
1,1,0.3887041679111318,0.6112958320888682
0,1,0.35141654631943753,0.6485834536805625
1,1,0.3092931901477809,0.6907068098522191
0,1,0.35496873352606084,0.6450312664739392
1,1,0.3390140206702077,0.6609859793297923
0,1,0.3596872878884402,0.6403127121115598
1,1,0.36278996199894153,0.6372100380010585
1,1,0.4216776492530957,0.5783223507469043
0,1,0.30558408618856725,0.6944159138114328
1,1,0.3382487248619086,0.6617512751380914
1,1,0.3433873745454976,0.6566126254545024
0,1,0.4289230602415792,0.5710769397584208
0,1,0.33366407251478813,0.6663359274852119
1,1,0.35416425302187005,0.64583574697813
1,1,0.33675909202060683,0.6632409079793932
0,1,0.3779496706120671,0.6220503293879329
1,1,0.33214497685589706,0.6678550231441029
1,1,0.3446089134764966,0.6553910865235034
1,1,0.33624173338436214,0.6637582666156379
0,1,0.3273019338679414,0.6726980661320586
1,1,0.39598043034741537,0.6040195696525846
0,1,0.3218628802744148,0.6781371197255852
1,1,0.32765876552741835,0.6723412344725817
0,1,0.3198400919943778,0.6801599080056222
1,1,0.32686047107065774,0.6731395289293423
1,1,0.3490184665974406,0.6509815334025594
1,1,0.3249307231386356,0.6750692768613644
0,1,0.33816611288161547,0.6618338871183845
0,1,0.37892947493563356,0.6210705250643664
1,1,0.3373782567979722,0.6626217432020278
0,1,0.3336277261685434,0.6663722738314566
1,1,0.3469063541905376,0.6530936458094624
1,1,0.3405826671549024,0.6594173328450976
1,1,0.34627737375383005,0.65372262624617
0,1,0.3426216900370497,0.6573783099629503
1,1,0.3657808802526531,0.6342191197473469
0,1,0.3815039516498847,0.6184960483501153
0,1,0.3435289547429541,0.6564710452570459
1,1,0.3239642907365955,0.6760357092634045
1,1,0.36371924063532945,0.6362807593646705
1,1,0.36066414908965483,0.6393358509103452
1,1,0.35105262419060335,0.6489473758093967
1,1,0.32746504349544214,0.6725349565045579
1,1,0.35695775344879643,0.6430422465512036
1,1,0.35190621898952734,0.6480937810104727
1,1,0.35326249693588196,0.646737503064118
1,1,0.342044217414469,0.657955782585531
1,1,0.36270982458894163,0.6372901754110584
0,1,0.36541867204007894,0.6345813279599211
1,1,0.34710293325062314,0.6528970667493769
0,1,0.3462856626602121,0.6537143373397879
1,1,0.33885952349358883,0.6611404765064112
1,1,0.3292081419672148,0.6707918580327852
1,1,0.41558877264102334,0.5844112273589767
0,1,0.3235415161841645,0.6764584838158355
1,1,0.33631662016482544,0.6636833798351746
1,1,0.3558293629091699,0.6441706370908301
0,1,0.3474939735528011,0.6525060264471989
0,1,0.3423448627834963,0.6576551372165037
1,1,0.3501878131992935,0.6498121868007065
1,1,0.39227872137462405,0.607721278625376
0,1,0.33620589028924774,0.6637941097107523
1,1,0.3603035179034073,0.6396964820965927
1,1,0.3212017083656572,0.6787982916343428
1,1,0.3428714851445932,0.6571285148554068
0,1,0.34349577817579746,0.6565042218242025
0,1,0.3232171336182502,0.6767828663817498
0,1,0.35275802650159305,0.647241973498407
1,1,0.3376176831082366,0.6623823168917634
1,1,0.3144782074746931,0.6855217925253069
1,1,0.35466149608531206,0.6453385039146879
0,1,0.3177903739895632,0.6822096260104368
1,1,0.3421726624167226,0.6578273375832774
1,1,0.3415325401641316,0.6584674598358684
1,1,0.3302990125271309,0.6697009874728691
0,1,0.3683443811198389,0.6316556188801611
0,1,0.34868921937636566,0.6513107806236343
1,1,0.33507693226862045,0.6649230677313795
1,1,0.3280567383176052,0.6719432616823948
1,1,0.3836024534384922,0.6163975465615078
1,1,0.33351197025548374,0.6664880297445163
1,1,0.3702216608407378,0.6297783391592622
0,1,0.3507726168815629,0.6492273831184371
1,1,0.3389228705714915,0.6610771294285085
0,1,0.3670045750798595,0.6329954249201405
1,1,0.31737829022848485,0.6826217097715152
1,1,0.35696867798385956,0.6430313220161404
0,1,0.3558724803768344,0.6441275196231656
1,1,0.38104780298230334,0.6189521970176967
1,1,0.3295574165286086,0.6704425834713914
1,1,0.3248214137995066,0.6751785862004934
1,1,0.3712703860158538,0.6287296139841462
1,1,0.3659839380841545,0.6340160619158455
0,1,0.3826096568175351,0.6173903431824649
1,1,0.3396100202186474,0.6603899797813526
1,1,0.344617053797715,0.655382946202285
1,1,0.3755304261574869,0.6244695738425131
1,1,0.3538571852994291,0.6461428147005709
1,1,0.3634173260936593,0.6365826739063407
1,1,0.3129445934353794,0.6870554065646206
1,1,0.3645015702085955,0.6354984297914045
1,1,0.33479066189127504,0.665209338108725
0,1,0.3386883673264923,0.6613116326735077
0,1,0.349199814014275,0.650800185985725
1,1,0.3252991318452013,0.6747008681547987
1,1,0.3438335091863689,0.6561664908136311
0,1,0.37839176192444246,0.6216082380755575
0,1,0.34980135797256817,0.6501986420274318
1,1,0.37892486974654127,0.6210751302534587
0,1,0.332356530696285,0.667643469303715
1,1,0.3305045158151122,0.6694954841848878
0,1,0.35517269558285247,0.6448273044171475
1,1,0.3305688908642337,0.6694311091357663
1,1,0.36972380016890016,0.6302761998310998
1,1,0.34817117481286786,0.6518288251871321
1,1,0.3718711083114634,0.6281288916885366
1,1,0.36775760909000144,0.6322423909099986
1,1,0.3463119608796702,0.6536880391203298
1,1,0.3470526217486348,0.6529473782513652
1,1,0.32493421489685603,0.675065785103144
0,1,0.33689815144054003,0.66310184855946
1,1,0.3568785120088851,0.6431214879911149
1,1,0.3315361337498127,0.6684638662501873
1,1,0.35905644713314155,0.6409435528668584
0,1,0.3590956729060456,0.6409043270939544
1,1,0.3817829618523584,0.6182170381476416
1,1,0.3798766354232058,0.6201233645767942
1,1,0.35680359555904084,0.6431964044409592
0,1,0.3806709454535969,0.6193290545464031
1,1,0.3632785353632366,0.6367214646367634
0,1,0.34593868454954946,0.6540613154504505
0,1,0.35035638547060755,0.6496436145293925
0,1,0.3551793067670669,0.6448206932329331
1,1,0.3909873051409368,0.6090126948590632
1,1,0.33909210925318267,0.6609078907468173
0,1,0.33720870984555373,0.6627912901544463
1,1,0.4036860148542445,0.5963139851457555
1,1,0.34939528258075236,0.6506047174192476
1,1,0.3485213960173851,0.6514786039826149
1,1,0.3741767514589882,0.6258232485410118
1,1,0.3394249904250185,0.6605750095749815
0,1,0.3294467144138906,0.6705532855861094
1,1,0.3366702054157603,0.6633297945842397
0,1,0.3392937149060936,0.6607062850939064
0,1,0.38987478697632194,0.6101252130236781
0,1,0.346301988082086,0.653698011917914
0,1,0.40751901816190306,0.5924809818380969
1,1,0.3527058165004132,0.6472941834995868
1,1,0.35866881628315206,0.6413311837168479
0,1,0.32971502291146615,0.6702849770885339
1,1,0.30831861771929436,0.6916813822807056
1,1,0.35567969704235414,0.6443203029576459
1,1,0.3678918541867382,0.6321081458132618
1,1,0.36979539085865076,0.6302046091413492
1,1,0.37478530204922644,0.6252146979507736
1,1,0.3349460102898566,0.6650539897101434
1,1,0.3098299452259532,0.6901700547740468
1,1,0.3241593794678407,0.6758406205321593
1,1,0.37350409179551103,0.626495908204489
1,1,0.3681372470096692,0.6318627529903308
1,1,0.3507390169304653,0.6492609830695347
0,1,0.33175879441596234,0.6682412055840377
1,1,0.34041161087503236,0.6595883891249676
0,1,0.3644375242775687,0.6355624757224313
1,1,0.3244513364035645,0.6755486635964355
1,1,0.3623777659016696,0.6376222340983304
1,1,0.340500410781852,0.659499589218148
1,1,0.36126296405645153,0.6387370359435485
1,1,0.3324123793591415,0.6675876206408585
1,1,0.3690112196265317,0.6309887803734683
1,1,0.36846660822843236,0.6315333917715676
1,1,0.34503567558516446,0.6549643244148355
1,1,0.46274832560781043,0.5372516743921896
1,1,0.3874561924343445,0.6125438075656555
1,1,0.4103167929629018,0.5896832070370982
1,1,0.3662456264493359,0.6337543735506641
1,1,0.3988629926789873,0.6011370073210127
1,1,0.334231798777439,0.665768201222561
1,1,0.324502389684896,0.675497610315104
0,1,0.3333718651089147,0.6666281348910853
1,1,0.3425723836049861,0.6574276163950139
1,1,0.354784544745792,0.645215455254208
1,1,0.363912725283453,0.636087274716547
1,1,0.3621183454456428,0.6378816545543572
0,1,0.3327757340387498,0.6672242659612502
1,1,0.3539888184555485,0.6460111815444515
1,1,0.34131470923845086,0.6586852907615491
1,1,0.3393785218221548,0.6606214781778452
0,1,0.33035782343490716,0.6696421765650928
1,1,0.3256437893369858,0.6743562106630142
1,1,0.35959804629424863,0.6404019537057514
0,1,0.34049179058499646,0.6595082094150035
1,1,0.2997814435446571,0.7002185564553429
0,1,0.37462024390810555,0.6253797560918944
1,1,0.35302045633943124,0.6469795436605688
1,1,0.40938960561477744,0.5906103943852226
1,1,0.34325728879768813,0.6567427112023119
1,1,0.3587570713003745,0.6412429286996255
1,1,0.33811775416097034,0.6618822458390297
0,1,0.3750907176679791,0.6249092823320209
1,1,0.3729833800333523,0.6270166199666477
1,1,0.3984691679692902,0.6015308320307098
1,1,0.37646457169308534,0.6235354283069147
0,1,0.35990313330050516,0.6400968666994948
1,1,0.3537114036260989,0.6462885963739011
1,1,0.3144099108472893,0.6855900891527107
0,1,0.35386868080639267,0.6461313191936073
0,1,0.37382311858816053,0.6261768814118395
0,1,0.28509712021388733,0.7149028797861127
1,1,0.35943673011749444,0.6405632698825056
0,1,0.3372697987947775,0.6627302012052225
1,1,0.3371429925632262,0.6628570074367738
1,1,0.337177703387903,0.662822296612097
1,1,0.3403511976404269,0.6596488023595731
1,1,0.3859986301613749,0.6140013698386251
0,1,0.34109351740849636,0.6589064825915036
1,1,0.3593418115721613,0.6406581884278387
1,1,0.39496385848626636,0.6050361415137336
1,1,0.4249027771961994,0.5750972228038006
1,1,0.3681333929341881,0.6318666070658119
1,1,0.3663401239776847,0.6336598760223153
1,1,0.3480983895195072,0.6519016104804928
1,1,0.3360635525730121,0.6639364474269879
0,1,0.4284474045057496,0.5715525954942504
0,1,0.3685716587762906,0.6314283412237094
1,1,0.36988539904171913,0.6301146009582809
1,1,0.3657927376117265,0.6342072623882735
0,1,0.34072846987844907,0.6592715301215509
1,1,0.3306181706707212,0.6693818293292788
1,1,0.36963396450600083,0.6303660354939992
1,1,0.37061063286082885,0.6293893671391712
1,1,0.37493357957301643,0.6250664204269836
1,1,0.35742504996544366,0.6425749500345563
1,1,0.32828134976509193,0.6717186502349081
0,1,0.3649815887210248,0.6350184112789752
0,1,0.3455893556980759,0.6544106443019241
1,1,0.3641817855128351,0.6358182144871649
1,1,0.3685053898115819,0.6314946101884181
1,1,0.36330827925322984,0.6366917207467702
0,1,0.3595126382998869,0.6404873617001131
1,1,0.3643303823126458,0.6356696176873542
0,1,0.346798045670046,0.653201954329954
1,1,0.3240921010100043,0.6759078989899957
1,1,0.36286534192877173,0.6371346580712283
0,1,0.3273568888467644,0.6726431111532356
1,1,0.3903600988747673,0.6096399011252327
1,1,0.3516735095607769,0.6483264904392231
0,1,0.36538548454269515,0.6346145154573049
1,1,0.3404965944327577,0.6595034055672423
1,1,0.3119136612968868,0.6880863387031132
1,1,0.3428712085841268,0.6571287914158732
1,1,0.3189704959719657,0.6810295040280343
0,1,0.3301500907212922,0.6698499092787078
0,1,0.3737020262576429,0.6262979737423571
1,1,0.3432220870911704,0.6567779129088296
0,1,0.37259319287452897,0.627406807125471
1,1,0.3464464120279672,0.6535535879720328
0,1,0.36177686239633855,0.6382231376036615
0,1,0.36136622773252647,0.6386337722674735
1,1,0.34207252535244514,0.6579274746475549
1,1,0.3455122930524568,0.6544877069475432
0,1,0.3288617439609828,0.6711382560390172
1,1,0.2988686078884404,0.7011313921115596
1,1,0.35111578652513975,0.6488842134748602
1,1,0.3507188159380985,0.6492811840619015
0,1,0.3234487734431756,0.6765512265568244
1,1,0.32545093659940083,0.6745490634005992
0,1,0.3623555638138847,0.6376444361861153
1,1,0.32985403451243267,0.6701459654875673
1,1,0.29331428951838356,0.7066857104816164
0,1,0.38160510547141857,0.6183948945285814
1,1,0.3634583579248768,0.6365416420751232
1,1,0.3329543443021937,0.6670456556978063
1,1,0.3746748687923962,0.6253251312076038
1,1,0.34754605451425835,0.6524539454857416
1,1,0.34054401828983827,0.6594559817101617
1,1,0.36972004104942413,0.6302799589505759
1,1,0.3718336148953133,0.6281663851046867
1,1,0.41461798668081773,0.5853820133191823
1,1,0.38325488522848916,0.6167451147715108
1,1,0.37760780973735075,0.6223921902626492
1,1,0.319420342650513,0.680579657349487
1,1,0.3665198412753433,0.6334801587246567
1,1,0.30862652858541595,0.691373471414584
1,1,0.3261101286865602,0.6738898713134398
1,1,0.36050143987221406,0.6394985601277859
1,1,0.3330032250784589,0.6669967749215411
0,1,0.36746283585177764,0.6325371641482224
0,1,0.37089357770172837,0.6291064222982716
0,1,0.32902624708694284,0.6709737529130572
1,1,0.36372477242939216,0.6362752275706078
1,1,0.35428700829383863,0.6457129917061614
0,1,0.3594408416493178,0.6405591583506822
1,1,0.34396123904490916,0.6560387609550908
1,1,0.37594049192567214,0.6240595080743279
1,1,0.3465853089519014,0.6534146910480986
0,1,0.3548192323865541,0.6451807676134459
1,1,0.3417347303910182,0.6582652696089818
1,1,0.346919524282432,0.653080475717568
1,1,0.3487835689433175,0.6512164310566825
0,1,0.33881265006883055,0.6611873499311695
0,1,0.32066812375824405,0.679331876241756
1,1,0.3408132801275733,0.6591867198724267
1,1,0.35189019800370447,0.6481098019962955
0,1,0.3441775215027155,0.6558224784972845
0,1,0.36788601434897106,0.6321139856510289
0,1,0.3601575872735129,0.6398424127264871
1,1,0.3547771280410703,0.6452228719589297
1,1,0.33245895027299255,0.6675410497270075
1,1,0.3358804476207393,0.6641195523792607
1,1,0.33102348211561494,0.6689765178843851
0,1,0.3623901369208179,0.6376098630791821
0,1,0.38146787496540147,0.6185321250345985
1,1,0.3077455814109664,0.6922544185890336
1,1,0.35526181620408537,0.6447381837959146
0,1,0.3465079978482808,0.6534920021517192
1,1,0.33782465857820376,0.6621753414217962
0,1,0.3593777126603651,0.6406222873396349
1,1,0.32936268914082145,0.6706373108591785
0,1,0.40484678333864343,0.5951532166613566
1,1,0.33032384041464335,0.6696761595853566
1,1,0.33700806241689674,0.6629919375831033
1,1,0.3409384969797977,0.6590615030202023
0,1,0.3219245458730342,0.6780754541269658
0,1,0.33810478914349273,0.6618952108565073
1,1,0.3456401011825203,0.6543598988174797
0,1,0.36023305337664946,0.6397669466233505
1,1,0.3377426642619824,0.6622573357380176
1,1,0.3759487179244493,0.6240512820755507
0,1,0.33461802152720765,0.6653819784727923
1,1,0.34588276270301177,0.6541172372969882
0,1,0.3426641081468319,0.6573358918531681
1,1,0.34178439206011835,0.6582156079398817
0,1,0.3401506109562529,0.6598493890437471
1,1,0.3226291072956873,0.6773708927043127
1,1,0.3251741954177899,0.6748258045822101
0,1,0.3897239307011172,0.6102760692988828
1,1,0.3377400550734896,0.6622599449265104
1,1,0.3580665437000806,0.6419334562999194
0,1,0.3296542897579159,0.6703457102420841
1,1,0.3649532334560134,0.6350467665439866
1,1,0.36050877986944385,0.6394912201305561
1,1,0.33980592939100385,0.6601940706089962
1,1,0.3715026075872251,0.6284973924127749
0,1,0.32214024838890276,0.6778597516110972
1,1,0.35168262664404015,0.6483173733559598
0,1,0.332883580903815,0.667116419096185
0,1,0.3671563397755442,0.6328436602244558
0,1,0.3838207346214775,0.6161792653785225
1,1,0.3267823164121083,0.6732176835878917
0,1,0.3484952810057216,0.6515047189942784
1,1,0.35896409338691937,0.6410359066130806
1,1,0.35898125738715003,0.64101874261285
1,1,0.3820810024085447,0.6179189975914553
0,1,0.3285209489759775,0.6714790510240225
0,1,0.36281135416137245,0.6371886458386276
1,1,0.35999275928146013,0.6400072407185399
1,1,0.34245773524555834,0.6575422647544417
1,1,0.325422218881222,0.674577781118778
0,1,0.37615743018693326,0.6238425698130667
1,1,0.34634502843716086,0.6536549715628391
1,1,0.3518624340818045,0.6481375659181955
1,1,0.30008825125928373,0.6999117487407163
1,1,0.3481714562343371,0.6518285437656629
1,1,0.3519271361704762,0.6480728638295238
1,1,0.3431180802519562,0.6568819197480438
1,1,0.34963521703263545,0.6503647829673646
0,1,0.3888480519801979,0.6111519480198021
0,1,0.36856140451267605,0.631438595487324
1,1,0.323814052459505,0.676185947540495
1,1,0.31787723686380054,0.6821227631361995
1,1,0.32787425006715665,0.6721257499328434
1,1,0.34284815929186785,0.6571518407081322
1,1,0.3408259344504687,0.6591740655495313
1,1,0.33652861936785017,0.6634713806321498
1,1,0.3538160022580298,0.6461839977419702
1,1,0.3272409817994677,0.6727590182005323
1,1,0.3497675704090406,0.6502324295909594
0,1,0.3363766111468056,0.6636233888531944
1,1,0.3556969225343751,0.6443030774656249
1,1,0.3572168574383856,0.6427831425616144
1,1,0.4113583970317416,0.5886416029682584
0,1,0.3363847150987258,0.6636152849012742
1,1,0.34438526524299384,0.6556147347570062
1,1,0.3334983719378374,0.6665016280621626
1,1,0.321625784200801,0.678374215799199
0,1,0.3537792378551463,0.6462207621448537
0,1,0.33962482229195046,0.6603751777080495
0,1,0.368265462351409,0.631734537648591
1,1,0.3712567829273139,0.6287432170726861
1,1,0.344888797895607,0.655111202104393
0,1,0.36209955729861865,0.6379004427013814
1,1,0.3735602794277162,0.6264397205722838
0,1,0.3420551985606204,0.6579448014393796
1,1,0.35318896982534465,0.6468110301746554
0,1,0.3498740250890404,0.6501259749109596
1,1,0.33567095119305945,0.6643290488069405
1,1,0.3236053360109027,0.6763946639890973
1,1,0.33604439699147415,0.6639556030085259
1,1,0.41915078931847527,0.5808492106815247
1,1,0.2923170413862102,0.7076829586137898
0,1,0.3573730229977665,0.6426269770022335
0,1,0.3424865315316231,0.6575134684683769
0,1,0.3507453935241496,0.6492546064758504
1,1,0.3283825527024601,0.6716174472975399
1,1,0.31519543755567525,0.6848045624443247
1,1,0.36705390171535124,0.6329460982846488
1,1,0.3569398590232007,0.6430601409767993
0,1,0.33964663497148084,0.6603533650285192
1,1,0.3701401967209821,0.6298598032790179
1,1,0.36172747881318257,0.6382725211868174
0,1,0.332390933766627,0.667609066233373
0,1,0.35208323028200317,0.6479167697179968
0,1,0.41426207021929873,0.5857379297807013
0,1,0.36525554168522734,0.6347444583147727
1,1,0.3285081776347184,0.6714918223652816
0,1,0.34314159910678643,0.6568584008932136
1,1,0.36130849254276964,0.6386915074572304
1,1,0.4282616353039125,0.5717383646960875
0,1,0.3594451575123422,0.6405548424876578
1,1,0.3496318227749,0.6503681772251
0,1,0.35856518310700725,0.6414348168929928
1,1,0.32328356125656166,0.6767164387434383
0,1,0.38761307540291234,0.6123869245970877
1,1,0.34168162567568316,0.6583183743243168
1,1,0.3493718549650958,0.6506281450349042
1,1,0.3437102607332565,0.6562897392667435
1,1,0.34322849286868906,0.6567715071313109
1,1,0.3398804982551227,0.6601195017448773
0,1,0.3878124879797158,0.6121875120202842
1,1,0.33911817036567016,0.6608818296343298
1,1,0.3251168641048836,0.6748831358951164
0,1,0.332397680871635,0.667602319128365
1,1,0.3493330331925347,0.6506669668074653
1,1,0.35303675649818966,0.6469632435018103
1,1,0.3650955346940403,0.6349044653059597
1,1,0.361207095751342,0.638792904248658
1,1,0.3618712193623421,0.6381287806376579
1,1,0.3832583061934727,0.6167416938065273
1,1,0.3557968663188681,0.6442031336811319
0,1,0.33185931176360495,0.668140688236395
1,1,0.34754063130232804,0.652459368697672
0,1,0.3231062009364384,0.6768937990635616
1,1,0.3647242266245634,0.6352757733754366
0,1,0.38736925785532217,0.6126307421446778
0,1,0.34806437084087516,0.6519356291591248
1,1,0.32619738987123315,0.6738026101287669
0,1,0.35940278044984186,0.6405972195501581
1,1,0.32190502135534416,0.6780949786446558
1,1,0.38258949759277616,0.6174105024072238
1,1,0.36923531337034765,0.6307646866296523
0,1,0.32936958763285584,0.6706304123671442
0,1,0.34795702130773865,0.6520429786922614
1,1,0.3661058945983948,0.6338941054016052
1,1,0.32052738169415995,0.67947261830584
1,1,0.34793913482795025,0.6520608651720498
0,1,0.3452971116730611,0.6547028883269389
1,1,0.3344740537171299,0.6655259462828701
0,1,0.34059424277336636,0.6594057572266336
1,1,0.40687303714030887,0.5931269628596911
1,1,0.31596226692342466,0.6840377330765753
0,1,0.3459147610511788,0.6540852389488212
1,1,0.34135614673407877,0.6586438532659212
1,1,0.33035314212922884,0.6696468578707712
0,1,0.3215749964584338,0.6784250035415662
1,1,0.3208908227161411,0.6791091772838589
0,1,0.38361221585874505,0.616387784141255
1,1,0.33204710257957526,0.6679528974204247
1,1,0.30999591065836474,0.6900040893416353
0,1,0.4301053371696497,0.5698946628303503
1,1,0.3209540487541884,0.6790459512458116
1,1,0.3651132304350899,0.6348867695649101
1,1,0.35915036465019456,0.6408496353498054
0,1,0.34949612095725957,0.6505038790427404
1,1,0.33307139738294556,0.6669286026170544
0,1,0.3554105934798848,0.6445894065201152
1,1,0.38214526482932887,0.6178547351706711
0,1,0.35677298940814384,0.6432270105918562
1,1,0.3414697064275538,0.6585302935724462
0,1,0.3229104197508016,0.6770895802491984
1,1,0.356780899156663,0.643219100843337
0,1,0.35429462524041744,0.6457053747595826
1,1,0.35054812773810395,0.649451872261896
1,1,0.33463116868627296,0.665368831313727
1,1,0.34357709901731415,0.6564229009826859
0,1,0.33402177377601916,0.6659782262239808
1,1,0.3213084047115806,0.6786915952884194
0,1,0.35198788794206004,0.64801211205794
0,1,0.3809970325636769,0.6190029674363231
0,1,0.35612029345357066,0.6438797065464293
1,1,0.354227844059367,0.645772155940633
1,1,0.3723523028535962,0.6276476971464038
1,1,0.36041556911543204,0.639584430884568
0,1,0.35743977292692664,0.6425602270730734
1,1,0.35240087098822304,0.647599129011777
1,1,0.37508573054241734,0.6249142694575827
0,1,0.33255021013549946,0.6674497898645005
1,1,0.3650782906238621,0.6349217093761379
1,1,0.3376603523027557,0.6623396476972443
1,1,0.35102105426568186,0.6489789457343181
1,1,0.3239028423029435,0.6760971576970565
1,1,0.3647601077989432,0.6352398922010568
0,1,0.3180897633391093,0.6819102366608907
0,1,0.3378706625621304,0.6621293374378696
0,1,0.3609551042532275,0.6390448957467725
1,1,0.3720177772760861,0.6279822227239139
1,1,0.36183375337531143,0.6381662466246886
1,1,0.3538727643598212,0.6461272356401788
1,1,0.3577394645445261,0.6422605354554739
1,1,0.34980110884453497,0.650198891155465
1,1,0.3671014718674158,0.6328985281325842
1,1,0.3399270825973766,0.6600729174026234
0,1,0.39680748956876344,0.6031925104312366
1,1,0.3586345601501988,0.6413654398498012
0,1,0.38650590901646986,0.6134940909835301
1,1,0.32045701260521053,0.6795429873947895
1,1,0.3454359468620595,0.6545640531379405
0,1,0.33094705997847385,0.6690529400215262
1,1,0.37379764825469697,0.626202351745303
1,1,0.36830163409777184,0.6316983659022282
1,1,0.39005919914876297,0.609940800851237
1,1,0.36962122475233206,0.6303787752476679
1,1,0.3691954199914319,0.6308045800085681
1,1,0.3687715920271072,0.6312284079728928
1,1,0.3687930044296531,0.6312069955703469
1,1,0.3563398967599123,0.6436601032400877
0,1,0.3218470392923507,0.6781529607076493
1,1,0.3332750441739183,0.6667249558260817
1,1,0.32555594453968173,0.6744440554603183
1,1,0.30645960051820365,0.6935403994817964
1,1,0.32444262795793366,0.6755573720420663
0,1,0.3468257624358021,0.6531742375641979
0,1,0.3538184189991904,0.6461815810008096
1,1,0.3568251427399868,0.6431748572600132
1,1,0.32811529945458284,0.6718847005454172
0,1,0.3454004618959031,0.6545995381040969
1,1,0.35254632160353283,0.6474536783964672
0,1,0.38919510222234144,0.6108048977776586
1,1,0.3197804084633574,0.6802195915366426
0,1,0.32661596730930964,0.6733840326906904
1,1,0.3666785009348045,0.6333214990651955
1,1,0.352332643154464,0.647667356845536
1,1,0.29851375716062334,0.7014862428393767
1,1,0.3504642716469263,0.6495357283530737
1,1,0.3266263586187842,0.6733736413812158
1,1,0.32770149295402884,0.6722985070459712
1,1,0.3468674219765552,0.6531325780234448
1,1,0.3403868375148338,0.6596131624851662
0,1,0.33377496902768855,0.6662250309723114
1,1,0.34291347232423774,0.6570865276757623
1,1,0.36941240422869337,0.6305875957713066
0,1,0.3454263223814603,0.6545736776185397
1,1,0.3576145228435803,0.6423854771564197
0,1,0.32659447495805194,0.6734055250419481
1,1,0.335472259810618,0.664527740189382
0,1,0.3146833069481494,0.6853166930518506
0,1,0.3505529764118419,0.6494470235881581
0,1,0.3101879032466517,0.6898120967533483
1,1,0.32798149816414923,0.6720185018358508
0,1,0.32217020670226715,0.6778297932977329
1,1,0.36752876076626817,0.6324712392337318
0,1,0.3638389731121603,0.6361610268878397
0,1,0.3557881414728268,0.6442118585271732
1,1,0.3334428270357813,0.6665571729642187
0,1,0.3403910323714755,0.6596089676285245
1,1,0.34663217398656165,0.6533678260134383
1,1,0.32971881948970905,0.670281180510291
0,1,0.3644321550260782,0.6355678449739218
1,1,0.37399059606643115,0.6260094039335689
1,1,0.3617349765597222,0.6382650234402778
1,1,0.3873465705355392,0.6126534294644608
0,1,0.35259376735242653,0.6474062326475735
1,1,0.3436489530526792,0.6563510469473208
0,1,0.3376004730175166,0.6623995269824834
0,1,0.36898950480667925,0.6310104951933208
1,1,0.31467161768571694,0.6853283823142831
0,1,0.34755684782060736,0.6524431521793926
1,1,0.3489218188960057,0.6510781811039943
1,1,0.3263854755689778,0.6736145244310222
1,1,0.3781091581880941,0.6218908418119059
1,1,0.33907266681374826,0.6609273331862517
0,1,0.3373935641205199,0.6626064358794801
1,1,0.33108275605720816,0.6689172439427918
1,1,0.34892086830517655,0.6510791316948235
1,1,0.34625703274805997,0.65374296725194
0,1,0.34643373898072294,0.6535662610192771
0,1,0.350252225732977,0.649747774267023
0,1,0.3756719669775834,0.6243280330224166
1,1,0.3212085391046594,0.6787914608953406
1,1,0.35409969614309444,0.6459003038569056
1,1,0.39781594677924514,0.6021840532207549
0,1,0.36900236961856225,0.6309976303814377
0,1,0.41649633429111976,0.5835036657088802
1,1,0.33501943539748824,0.6649805646025118
0,1,0.33652527420592826,0.6634747257940717
1,1,0.3251709158042123,0.6748290841957877
1,1,0.3378282540910007,0.6621717459089993
0,1,0.37554893774681297,0.624451062253187
1,1,0.364388801214366,0.635611198785634
