y_true,y_pred,proba_0,proba_1
1,1,0.3414952731755626,0.6585047268244374
1,1,0.37501240221737875,0.6249875977826213
0,1,0.3632422163428102,0.6367577836571898
1,1,0.3424605296650871,0.6575394703349129
0,1,0.3564863998532948,0.6435136001467052
0,1,0.3409706360774478,0.6590293639225522
1,1,0.35801705586195465,0.6419829441380454
1,1,0.37191380222160353,0.6280861977783965
0,1,0.41315773094306374,0.5868422690569363
1,1,0.3656914562371466,0.6343085437628534
1,1,0.34188032198623286,0.6581196780137671
1,1,0.41626581206859503,0.583734187931405
1,1,0.3355481683046019,0.6644518316953981
1,1,0.3690553810172441,0.6309446189827559
1,1,0.385666403400711,0.614333596599289
0,1,0.34617054461495644,0.6538294553850436
0,1,0.3538829854215969,0.6461170145784031
1,1,0.36307187909212935,0.6369281209078707
0,1,0.3805559702334982,0.6194440297665018
1,1,0.3591104018976662,0.6408895981023338
1,1,0.353213040735624,0.646786959264376
0,1,0.3442715039396308,0.6557284960603692
1,1,0.3726181372702646,0.6273818627297354
1,1,0.3610526405838246,0.6389473594161754
1,1,0.37209776323633936,0.6279022367636606
1,1,0.3485221730778324,0.6514778269221676
1,1,0.30786092163905143,0.6921390783609486
0,1,0.3604519142578799,0.6395480857421201
0,1,0.3510653815365178,0.6489346184634822
1,1,0.36868958424677545,0.6313104157532246
0,1,0.3497864930329242,0.6502135069670758
0,1,0.34521476207698254,0.6547852379230175
1,1,0.3071864154148979,0.6928135845851021
1,1,0.3210390035883248,0.6789609964116752
1,1,0.3349733147238798,0.6650266852761202
0,1,0.36643107536281394,0.6335689246371861
1,1,0.3424001642884257,0.6575998357115743
1,1,0.33358513533876877,0.6664148646612312
1,1,0.3521637097679766,0.6478362902320234
0,1,0.35524977332933394,0.6447502266706661
0,1,0.3654464606441483,0.6345535393558517
1,1,0.3413327339482375,0.6586672660517625
0,1,0.3914303097074636,0.6085696902925364
1,1,0.34525502407205677,0.6547449759279432
1,1,0.35265263954238746,0.6473473604576125
1,1,0.3726975953144642,0.6273024046855358
1,1,0.3498109216984142,0.6501890783015858
0,1,0.36083563939159413,0.6391643606084059
1,1,0.3460713380889121,0.6539286619110879
0,1,0.3555889277481685,0.6444110722518315
0,1,0.3715206738075062,0.6284793261924938
1,1,0.3830371142679869,0.6169628857320131
1,1,0.35986215994816084,0.6401378400518392
0,1,0.36351498863329024,0.6364850113667098
0,1,0.35352051251478134,0.6464794874852187
1,1,0.3367625894731756,0.6632374105268244
1,1,0.3534048112761131,0.6465951887238869
1,1,0.32622532822566885,0.6737746717743311
0,1,0.35438487190954593,0.6456151280904541
1,1,0.3712586931162908,0.6287413068837092
1,1,0.3470523849832985,0.6529476150167015
1,1,0.34397335022548936,0.6560266497745106
1,1,0.32424804189765455,0.6757519581023455
1,1,0.3691694097567352,0.6308305902432648
0,1,0.39123576417805717,0.6087642358219428
0,1,0.35951144422576176,0.6404885557742382
1,1,0.3470686142850412,0.6529313857149588
1,1,0.34095462720688663,0.6590453727931134
1,1,0.34490925361838076,0.6550907463816192
0,1,0.345283058298153,0.654716941701847
1,1,0.3589510482037953,0.6410489517962047
1,1,0.346805812532504,0.653194187467496
0,1,0.37093893015356416,0.6290610698464358
0,1,0.37803625386956907,0.6219637461304309
1,1,0.35351264655468906,0.6464873534453109
1,1,0.32068692219245365,0.6793130778075464
0,1,0.3548867040928184,0.6451132959071816
1,1,0.36254330686742375,0.6374566931325762
1,1,0.33061359374235,0.66938640625765
0,1,0.3504679443887486,0.6495320556112514
1,1,0.3224727474605854,0.6775272525394146
1,1,0.3415461992767833,0.6584538007232167
0,1,0.358318197434085,0.641681802565915
1,1,0.32945661364639967,0.6705433863536003
0,1,0.3842297562956115,0.6157702437043885
1,1,0.3556909520115997,0.6443090479884003
0,1,0.29665811206639037,0.7033418879336096
0,1,0.3775619049520237,0.6224380950479763
1,1,0.35819413460540606,0.6418058653945939
1,1,0.3666596118066763,0.6333403881933237
0,1,0.33308265878819365,0.6669173412118063
0,1,0.3152259593094363,0.6847740406905637
1,1,0.3387572052693,0.6612427947307
1,1,0.3570411706972484,0.6429588293027516
1,1,0.40305080243663416,0.5969491975633658
1,1,0.38425649407353957,0.6157435059264604
1,1,0.3918956079583922,0.6081043920416078
0,1,0.3347159940479286,0.6652840059520714
1,1,0.33205726677332104,0.667942733226679
1,1,0.3392618417064346,0.6607381582935654
1,1,0.33876445750518325,0.6612355424948168
1,1,0.33402198235768,0.66597801764232
0,1,0.3346629243309248,0.6653370756690752
1,1,0.3400812744600734,0.6599187255399266
0,1,0.3360977294676233,0.6639022705323767
1,1,0.35826207319686576,0.6417379268031342
1,1,0.350588481308604,0.649411518691396
1,1,0.3785790187992887,0.6214209812007113
1,1,0.44189469073467014,0.5581053092653299
0,1,0.3549981348263571,0.6450018651736429
1,1,0.34252281119356653,0.6574771888064335
1,1,0.35414740086921415,0.6458525991307859
1,1,0.3698491060086503,0.6301508939913497
1,1,0.33668389008730915,0.6633161099126909
0,1,0.34666777901754053,0.6533322209824595
0,1,0.3785391744863864,0.6214608255136136
1,1,0.3512069324595356,0.6487930675404644
1,1,0.38050130374063107,0.6194986962593689
1,1,0.33946243200577275,0.6605375679942272
1,1,0.3453141084675654,0.6546858915324346
1,1,0.3603078363927632,0.6396921636072368
0,1,0.35533326971318213,0.6446667302868179
1,1,0.3541475981644374,0.6458524018355626
0,1,0.3332197092642537,0.6667802907357463
0,1,0.3481819021518048,0.6518180978481952
0,1,0.3429576901196598,0.6570423098803402
0,1,0.30431548039990763,0.6956845196000924
1,1,0.3717463821675209,0.6282536178324791
1,1,0.34190996216003733,0.6580900378399627
0,1,0.3521595247429673,0.6478404752570327
1,1,0.35625882107174367,0.6437411789282563
0,1,0.33053092905832515,0.6694690709416748
1,1,0.3751135922536948,0.6248864077463052
0,1,0.36208157726147583,0.6379184227385242
1,1,0.35549403318864137,0.6445059668113586
0,1,0.36122524901563113,0.6387747509843689
1,1,0.3497114194136297,0.6502885805863703
1,1,0.3762367053434683,0.6237632946565317
1,1,0.3328679264128779,0.6671320735871221
0,1,0.37701120293017687,0.6229887970698231
1,1,0.3676332245596359,0.6323667754403641
1,1,0.3697495780218516,0.6302504219781484
0,1,0.34887958702530897,0.651120412974691
1,1,0.3578406719657168,0.6421593280342832
1,1,0.3291108688112967,0.6708891311887033
1,1,0.3604850612104904,0.6395149387895096
1,1,0.36144499470584346,0.6385550052941565
0,1,0.39382652038405486,0.6061734796159451
1,1,0.32613364357761043,0.6738663564223896
1,1,0.3488839423193315,0.6511160576806685
0,1,0.34152490196669005,0.65847509803331
1,1,0.35930560411304435,0.6406943958869556
0,1,0.327695899926424,0.672304100073576
1,1,0.3781941315193985,0.6218058684806015
1,1,0.3802762395814234,0.6197237604185766
1,1,0.36342929441255156,0.6365707055874484
1,1,0.37389266314683545,0.6261073368531646
1,1,0.3855258417888311,0.6144741582111689
1,1,0.3805825416796671,0.6194174583203329
0,1,0.35570966930578707,0.6442903306942129
1,1,0.3456295228274021,0.6543704771725979
1,1,0.33443571798574845,0.6655642820142516
1,1,0.3599671447704662,0.6400328552295338
0,1,0.34335172739187814,0.6566482726081219
1,1,0.33293311387306335,0.6670668861269367
1,1,0.38911423464994443,0.6108857653500556
1,1,0.3529822788179201,0.6470177211820799
1,1,0.35758836727093213,0.6424116327290679
0,1,0.348123294394279,0.651876705605721
0,1,0.36490406899923056,0.6350959310007694
0,1,0.3771915783900974,0.6228084216099026
0,1,0.36045394178122814,0.6395460582187719
1,1,0.3508007272024325,0.6491992727975675
1,1,0.36626009395320125,0.6337399060467988
0,1,0.3534133761517356,0.6465866238482644
0,1,0.3485958101353366,0.6514041898646634
1,1,0.3643616015137172,0.6356383984862828
1,1,0.32286320978225225,0.6771367902177478
1,1,0.35829977237230537,0.6417002276276946
0,1,0.3284900332773393,0.6715099667226607
0,1,0.33926093381124567,0.6607390661887543
1,1,0.3505326663657007,0.6494673336342993
1,1,0.3549845984795571,0.6450154015204429
0,1,0.36202273416182196,0.637977265838178
1,1,0.3845912682898045,0.6154087317101955
1,1,0.3641891051193594,0.6358108948806406
1,1,0.35945113857379596,0.640548861426204
0,1,0.34713112850035177,0.6528688714996482
1,1,0.37523036541038124,0.6247696345896188
0,1,0.3312385161524063,0.6687614838475937
1,1,0.34599008997110947,0.6540099100288905
0,1,0.3291143937842317,0.6708856062157683
1,1,0.38702407132209027,0.6129759286779097
0,1,0.36542722241543557,0.6345727775845644
1,1,0.3430534924730707,0.6569465075269293
0,1,0.3703133741569732,0.6296866258430268
0,1,0.3438850216436836,0.6561149783563164
1,1,0.35658364025986267,0.6434163597401373
1,1,0.3495937360671938,0.6504062639328062
0,1,0.34571317723319994,0.6542868227668001
1,1,0.32775160919421853,0.6722483908057815
0,1,0.3622281255590206,0.6377718744409794
1,1,0.3355322325545351,0.6644677674454649
0,1,0.33735709736033637,0.6626429026396636
1,1,0.35782177368669155,0.6421782263133085
1,1,0.3629180681096197,0.6370819318903803
1,1,0.3645610093384788,0.6354389906615212
0,1,0.35741671200629666,0.6425832879937033
1,1,0.3436021999217772,0.6563978000782228
0,1,0.355471686850954,0.644528313149046
0,1,0.3557989708604804,0.6442010291395196
1,1,0.3432306743798641,0.6567693256201359
1,1,0.33682560164414077,0.6631743983558592
1,1,0.3878259653574224,0.6121740346425776
1,1,0.3579257881283687,0.6420742118716313
0,1,0.34961880860742633,0.6503811913925737
0,1,0.3649660396284936,0.6350339603715064
1,1,0.35039280628204816,0.6496071937179518
1,1,0.342487385015414,0.657512614984586
0,1,0.33821381943224593,0.6617861805677541
0,1,0.3345265362219646,0.6654734637780354
0,1,0.333922296665063,0.666077703334937
1,1,0.41148938576701244,0.5885106142329876
0,1,0.3567054446215856,0.6432945553784144
1,1,0.35670056887332735,0.6432994311266726
0,1,0.3541199004741197,0.6458800995258803
1,1,0.35593956545209726,0.6440604345479027
1,1,0.3914187063781326,0.6085812936218674
1,1,0.37111201090916546,0.6288879890908345
1,1,0.35819336259133683,0.6418066374086632
1,1,0.3545911586581689,0.6454088413418311
1,1,0.34629146896808294,0.6537085310319171
0,1,0.3533305900232615,0.6466694099767385
0,1,0.36073559909476016,0.6392644009052398
1,1,0.3469742004178906,0.6530257995821094
0,1,0.3592360390132193,0.6407639609867807
1,1,0.3569529169208122,0.6430470830791878
1,1,0.3671787716835324,0.6328212283164676
1,1,0.3714264823106318,0.6285735176893682
0,1,0.3738792664808547,0.6261207335191453
1,1,0.36716232851994635,0.6328376714800537
0,1,0.3497060867863754,0.6502939132136246
0,1,0.3502999116874548,0.6497000883125452
1,1,0.34287721529988635,0.6571227847001136
0,1,0.3327522172743306,0.6672477827256694
0,1,0.34188938927726786,0.6581106107227321
1,1,0.34778683921087017,0.6522131607891298
1,1,0.3236272906620129,0.6763727093379871
1,1,0.36566032251325387,0.6343396774867461
0,1,0.3530941947720386,0.6469058052279614
1,1,0.3731363852344758,0.6268636147655242
1,1,0.37854264479278954,0.6214573552072105
0,1,0.3407069732292587,0.6592930267707413
1,1,0.3798542442874725,0.6201457557125275
0,1,0.3592252709813828,0.6407747290186172
0,1,0.37755969536321965,0.6224403046367804
1,1,0.3462651257453291,0.6537348742546709
1,1,0.32339773485801926,0.6766022651419807
1,1,0.3305255179698495,0.6694744820301505
0,1,0.32141863887559674,0.6785813611244033
0,1,0.3537933004418661,0.6462066995581339
1,1,0.444831727466273,0.555168272533727
1,1,0.35220765672550314,0.6477923432744969
1,1,0.3519558786011424,0.6480441213988576
1,1,0.3178483393964874,0.6821516606035126
1,1,0.34525030705257975,0.6547496929474202
1,1,0.3578917634697504,0.6421082365302496
0,1,0.3323574768960589,0.6676425231039411
1,1,0.37163760607568874,0.6283623939243113
1,1,0.3873088050711253,0.6126911949288747
1,1,0.3554224268862154,0.6445775731137846
1,1,0.3243647379768828,0.6756352620231172
0,1,0.33207555340855266,0.6679244465914473
1,1,0.36395882355273146,0.6360411764472685
0,1,0.3455528983197672,0.6544471016802328
0,1,0.36300541004939824,0.6369945899506018
0,1,0.3541396079140243,0.6458603920859757
1,1,0.36469954202156285,0.6353004579784371
1,1,0.3674882232290606,0.6325117767709394
0,1,0.3531015286121245,0.6468984713878755
1,1,0.3580943114970999,0.6419056885029001
1,1,0.3805931524023539,0.6194068475976461
0,1,0.37450110815913373,0.6254988918408663
0,1,0.365428564561908,0.634571435438092
1,1,0.3906586765614187,0.6093413234385813
0,1,0.3035842700139345,0.6964157299860655
1,1,0.3658694493021356,0.6341305506978644
0,1,0.3569205088820706,0.6430794911179294
1,1,0.34262134375477216,0.6573786562452278
0,1,0.3622615198331839,0.6377384801668161
1,1,0.3449559566353073,0.6550440433646927
1,1,0.33888985415297834,0.6611101458470217
0,1,0.35371019724888975,0.6462898027511103
1,1,0.3465692254063041,0.6534307745936959
1,1,0.3499305288969582,0.6500694711030418
1,1,0.32448642872317324,0.6755135712768268
1,1,0.3515776183777929,0.6484223816222071
1,1,0.3605940401035168,0.6394059598964832
1,1,0.3579659974132682,0.6420340025867318
1,1,0.4118123553437524,0.5881876446562476
1,1,0.32468437180682264,0.6753156281931774
0,1,0.3377715148552537,0.6622284851447463
0,1,0.3598854185746925,0.6401145814253075
0,1,0.342361341449554,0.657638658550446
0,1,0.3680109754182963,0.6319890245817037
0,1,0.3701015707825066,0.6298984292174934
1,1,0.4328101578143372,0.5671898421856628
0,1,0.3539055089707722,0.6460944910292278
0,1,0.3408758534545734,0.6591241465454266
1,1,0.3589408010922307,0.6410591989077693
0,1,0.3483493946610874,0.6516506053389126
0,1,0.35555715490367956,0.6444428450963204
1,1,0.36120721838645076,0.6387927816135492
1,1,0.35789241820774254,0.6421075817922575
1,1,0.38566015981343194,0.6143398401865681
1,1,0.37182829743787327,0.6281717025621267
0,1,0.37368630969862715,0.6263136903013728
0,1,0.34309844494717157,0.6569015550528284
1,1,0.36873369669293676,0.6312663033070632
1,1,0.38446441832592015,0.6155355816740798
1,1,0.34693954500680224,0.6530604549931978
0,1,0.3484698331460221,0.6515301668539779
0,1,0.35037296976156096,0.649627030238439
1,1,0.3472627759626661,0.6527372240373339
0,1,0.348044609301847,0.651955390698153
1,1,0.37262164367345063,0.6273783563265494
1,1,0.3512176751956243,0.6487823248043757
0,1,0.35918557194722,0.64081442805278
1,1,0.33113192446030315,0.6688680755396968
1,1,0.3673863106751145,0.6326136893248855
1,1,0.35674967710951855,0.6432503228904815
1,1,0.37084301915920925,0.6291569808407907
1,1,0.34174787101468385,0.6582521289853162
1,1,0.3497798282981087,0.6502201717018913
1,1,0.38640586145957967,0.6135941385404203
1,1,0.3727402398425578,0.6272597601574422
0,1,0.3562160076797939,0.6437839923202061
1,1,0.3696499464548688,0.6303500535451312
0,1,0.3343923195782147,0.6656076804217853
0,1,0.3366101705807797,0.6633898294192203
0,1,0.3467351838184063,0.6532648161815937
1,1,0.331911499299432,0.668088500700568
0,1,0.36770889068652324,0.6322911093134768
1,1,0.3613638427662431,0.6386361572337569
1,1,0.3773704613137123,0.6226295386862877
0,1,0.36223143074954733,0.6377685692504527
0,1,0.3528982449964946,0.6471017550035054
1,1,0.3701413850996744,0.6298586149003256
1,1,0.3465445099655713,0.6534554900344287
1,1,0.3617734991271274,0.6382265008728726
1,1,0.35003591087549846,0.6499640891245015
1,1,0.3372760616524306,0.6627239383475694
1,1,0.35587283762438826,0.6441271623756117
1,1,0.35617146801083954,0.6438285319891605
1,1,0.3540936338318377,0.6459063661681623
1,1,0.3625003654821426,0.6374996345178574
0,1,0.3378639153417291,0.6621360846582709
0,1,0.3562108108466402,0.6437891891533598
1,1,0.36879049154296883,0.6312095084570312
0,1,0.3337537627320688,0.6662462372679312
0,1,0.36654724671123184,0.6334527532887682
0,1,0.3820297340198564,0.6179702659801436
1,1,0.3402862217240388,0.6597137782759612
1,1,0.375442301217939,0.624557698782061
1,1,0.43672145236704785,0.5632785476329522
1,1,0.3713213499380229,0.6286786500619771
1,1,0.3191541742406462,0.6808458257593538
1,1,0.3603174841284179,0.6396825158715821
0,1,0.37882160689058475,0.6211783931094152
1,1,0.3688014361829681,0.6311985638170319
1,1,0.36395693539531104,0.636043064604689
0,1,0.34148006549423493,0.6585199345057651
1,1,0.3738737710612555,0.6261262289387445
1,1,0.34441585721740653,0.6555841427825935
0,1,0.33771898958833846,0.6622810104116615
0,1,0.35561273402133886,0.6443872659786611
0,1,0.35114758925515477,0.6488524107448452
0,1,0.32879078810420515,0.6712092118957949
0,1,0.34359010091693865,0.6564098990830614
1,1,0.36025723323474046,0.6397427667652595
0,1,0.3534083648522649,0.6465916351477351
1,1,0.36349043877481535,0.6365095612251847
0,1,0.34250012556692755,0.6574998744330725
1,1,0.34837296123513495,0.651627038764865
1,1,0.3789748854513346,0.6210251145486654
0,1,0.3591322441157587,0.6408677558842413
0,1,0.3763774556310958,0.6236225443689042
1,1,0.3663457577543885,0.6336542422456115
0,1,0.3439322255435171,0.6560677744564829
1,1,0.3495981953295375,0.6504018046704625
0,1,0.3017727975400759,0.6982272024599241
1,1,0.375887281322004,0.624112718677996
1,1,0.355797203299014,0.644202796700986
1,1,0.3650609049840553,0.6349390950159447
0,1,0.33287192876479754,0.6671280712352025
0,1,0.3785359488957821,0.6214640511042179
0,1,0.3518589476401367,0.6481410523598633
0,1,0.3447340704301176,0.6552659295698824
1,1,0.3387139138765969,0.6612860861234031
1,1,0.36074397970320027,0.6392560202967997
1,1,0.3243331004644766,0.6756668995355234
0,1,0.35369423407080924,0.6463057659291908
1,1,0.351628730770453,0.648371269229547
1,1,0.34568703574560067,0.6543129642543993
1,1,0.3637717614626784,0.6362282385373216
1,1,0.3437092746229381,0.6562907253770619
1,1,0.3680036210456974,0.6319963789543026
1,1,0.3236907455059037,0.6763092544940963
1,1,0.34620016096302164,0.6537998390369784
1,1,0.35064139389505666,0.6493586061049433
1,1,0.3506032938385647,0.6493967061614353
1,1,0.373180946718499,0.626819053281501
0,1,0.32227098431439527,0.6777290156856047
1,1,0.3723318528930085,0.6276681471069915
0,1,0.35796882073189396,0.642031179268106
1,1,0.36783204162604355,0.6321679583739565
1,1,0.37072220323508487,0.6292777967649151
1,1,0.36858190609153385,0.6314180939084661
1,1,0.3668108887613275,0.6331891112386725
0,1,0.3347570097199407,0.6652429902800593
1,1,0.35698062117350404,0.643019378826496
1,1,0.35026908396835965,0.6497309160316403
1,1,0.33763983035843137,0.6623601696415686
0,1,0.34951619464913986,0.6504838053508601
0,1,0.34295554504119585,0.6570444549588041
1,1,0.34543324515073215,0.6545667548492679
1,1,0.3682773992110199,0.6317226007889801
1,1,0.3664147422862617,0.6335852577137383
1,1,0.3538921829380376,0.6461078170619624
0,1,0.3720329321528836,0.6279670678471164
0,1,0.3569000820654439,0.6430999179345561
0,1,0.36386241328382807,0.6361375867161719
1,1,0.3336671512290281,0.6663328487709719
0,1,0.37361522606924336,0.6263847739307566
1,1,0.3340026677488005,0.6659973322511995
0,1,0.3638495171673136,0.6361504828326864
1,1,0.346622154628344,0.653377845371656
1,1,0.3625977761502801,0.6374022238497199
1,1,0.36569774524583176,0.6343022547541682
0,1,0.3497533833112957,0.6502466166887043
1,1,0.37898712556946124,0.6210128744305388
0,1,0.4002871125574532,0.5997128874425468
1,1,0.3421993154458728,0.6578006845541272
1,1,0.3694197837507477,0.6305802162492523
1,1,0.34919652494002795,0.650803475059972
1,1,0.36865714030545604,0.631342859694544
0,1,0.3429457334967215,0.6570542665032785
1,1,0.3541006036158487,0.6458993963841513
0,1,0.33972288650658733,0.6602771134934127
1,1,0.3668281878780286,0.6331718121219714
1,1,0.3453195533839918,0.6546804466160082
1,1,0.361246651701576,0.638753348298424
1,1,0.3634045805654025,0.6365954194345975
0,1,0.34046447274979985,0.6595355272502001
1,1,0.3571661446860839,0.6428338553139161
1,1,0.36985699716489484,0.6301430028351052
0,1,0.36454854705412143,0.6354514529458786
1,1,0.34646726931547633,0.6535327306845237
1,1,0.3685888443151316,0.6314111556848684
1,1,0.3403746656658877,0.6596253343341123
1,1,0.35681629095857303,0.643183709041427
1,1,0.3686501307670542,0.6313498692329458
0,1,0.346694300094738,0.653305699905262
1,1,0.37651966361406974,0.6234803363859303
1,1,0.3726682948712893,0.6273317051287107
1,1,0.3543938954728947,0.6456061045271053
0,1,0.34377180710025135,0.6562281928997487
1,1,0.3674547724994498,0.6325452275005502
0,1,0.3492341692078905,0.6507658307921095
0,1,0.354341628569269,0.645658371430731
1,1,0.36488203230372174,0.6351179676962783
0,1,0.4222112553075188,0.5777887446924812
1,1,0.41756449641271787,0.5824355035872821
1,1,0.3349573337482763,0.6650426662517237
1,1,0.35194328923400686,0.6480567107659931
1,1,0.34913698787990854,0.6508630121200915
1,1,0.3683264906946737,0.6316735093053263
0,1,0.3426019117867911,0.6573980882132089
1,1,0.3593458844140718,0.6406541155859282
1,1,0.31510083141719436,0.6848991685828056
1,1,0.35243854000038377,0.6475614599996162
1,1,0.32611670881303256,0.6738832911869674
1,1,0.36340059646986744,0.6365994035301326
1,1,0.34702588085984987,0.6529741191401501
0,1,0.3430782056391344,0.6569217943608656
0,1,0.353633108477592,0.646366891522408
1,1,0.36326031163701133,0.6367396883629887
1,1,0.36712503643979133,0.6328749635602087
1,1,0.3583178026084275,0.6416821973915725
0,1,0.36545794015233146,0.6345420598476685
0,1,0.35980754480882127,0.6401924551911787
0,1,0.3426655294104344,0.6573344705895656
1,1,0.3601697436964856,0.6398302563035144
1,1,0.3436443505019183,0.6563556494980817
0,1,0.32914455097132356,0.6708554490286764
1,1,0.40368711102544785,0.5963128889745521
1,1,0.35637847022000035,0.6436215297799996
1,1,0.3615802495684246,0.6384197504315754
1,1,0.3532529643747496,0.6467470356252504
0,1,0.348644129824079,0.651355870175921
0,1,0.35201648510841554,0.6479835148915845
1,1,0.3471552093687986,0.6528447906312014
1,1,0.37735508750221436,0.6226449124977856
1,1,0.3835849854633524,0.6164150145366476
0,1,0.3422663499181907,0.6577336500818093
1,1,0.35224305022199265,0.6477569497780074
0,1,0.3128421025034889,0.6871578974965111
1,1,0.37260219252892457,0.6273978074710754
1,1,0.37012268042727536,0.6298773195727246
0,1,0.33545191596341306,0.6645480840365869
0,1,0.35699514565715984,0.6430048543428402
1,1,0.3809532281603215,0.6190467718396785
1,1,0.3208358713222037,0.6791641286777963
1,1,0.3731515561120794,0.6268484438879206
1,1,0.3594433219505656,0.6405566780494344
1,1,0.33500218596091924,0.6649978140390808
1,1,0.35167602570032885,0.6483239742996711
0,1,0.3479107161145386,0.6520892838854614
1,1,0.3412970369432068,0.6587029630567932
1,1,0.36499396199358525,0.6350060380064148
0,1,0.3439055534554545,0.6560944465445455
1,1,0.36218924334979785,0.6378107566502021
0,1,0.3529714248479119,0.6470285751520881
1,1,0.37092798424685125,0.6290720157531487
1,1,0.37383652263846534,0.6261634773615347
1,1,0.3340849898995497,0.6659150101004503
0,1,0.4051776230163495,0.5948223769836505
0,1,0.34613806621537424,0.6538619337846258
1,1,0.29083457929059653,0.7091654207094035
1,1,0.37151459605260695,0.628485403947393
0,1,0.35768604506931323,0.6423139549306868
1,1,0.3509484135097012,0.6490515864902988
1,1,0.3533304258311297,0.6466695741688703
1,1,0.3485672236498687,0.6514327763501313
1,1,0.3646105652528444,0.6353894347471556
1,1,0.34527104350807236,0.6547289564919276
1,1,0.3361789843539418,0.6638210156460582
1,1,0.36202507654101646,0.6379749234589835
1,1,0.3716487799467778,0.6283512200532222
1,1,0.3471282045270252,0.6528717954729748
0,1,0.3478373501818339,0.6521626498181661
0,1,0.34051796634501996,0.65948203365498
1,1,0.35643906307479467,0.6435609369252053
1,1,0.3462149198859795,0.6537850801140205
1,1,0.36843486508855827,0.6315651349114417
1,1,0.35236421213941804,0.647635787860582
0,1,0.35315561068168544,0.6468443893183146
1,1,0.3563894715316379,0.6436105284683621
1,1,0.3516647458866571,0.6483352541133429
1,1,0.3575847545294435,0.6424152454705565
0,1,0.36263121066945025,0.6373687893305497
1,1,0.34589455008041836,0.6541054499195816
1,1,0.35158402015815327,0.6484159798418467
1,1,0.37775349463107155,0.6222465053689284
1,1,0.3419939425449787,0.6580060574550213
0,1,0.3344618549890438,0.6655381450109562
1,1,0.35098097376037385,0.6490190262396262
0,1,0.38755697134536937,0.6124430286546306
1,1,0.3242474037411739,0.6757525962588261
1,1,0.3602447872349749,0.6397552127650251
1,1,0.35765190975954253,0.6423480902404575
0,1,0.3422138765828566,0.6577861234171434
1,1,0.336656071518014,0.663343928481986
1,1,0.34254706003540436,0.6574529399645956
1,1,0.4000519837505362,0.5999480162494638
1,1,0.3737288418976331,0.6262711581023669
1,1,0.36941742338007577,0.6305825766199242
0,1,0.34579718841314966,0.6542028115868503
0,1,0.3543177970499043,0.6456822029500957
0,1,0.359455421307446,0.640544578692554
1,1,0.3543101906040218,0.6456898093959782
1,1,0.33925049663178486,0.6607495033682151
1,1,0.3659653564768304,0.6340346435231696
0,1,0.34832370001363844,0.6516762999863616
0,1,0.3761563524918494,0.6238436475081506
0,1,0.3772696554548768,0.6227303445451232
1,1,0.3644243261274225,0.6355756738725775
1,1,0.34355762831283876,0.6564423716871612
1,1,0.36270918680352426,0.6372908131964757
1,1,0.37592079432471825,0.6240792056752817
0,1,0.3488006939864592,0.6511993060135408
1,1,0.3213208867190722,0.6786791132809278
1,1,0.35609833819573977,0.6439016618042602
1,1,0.3362721434467537,0.6637278565532463
0,1,0.357483979437066,0.642516020562934
1,1,0.37899533168236843,0.6210046683176316
0,1,0.39309266651317043,0.6069073334868296
1,1,0.34613350983747515,0.6538664901625248
0,1,0.3493779558694621,0.6506220441305379
1,1,0.36488529973092354,0.6351147002690765
0,1,0.35510682765416035,0.6448931723458396
0,1,0.3664149100931743,0.6335850899068257
0,1,0.35550051043633923,0.6444994895636608
1,1,0.3585363776117174,0.6414636223882826
1,1,0.36307576295097066,0.6369242370490293
1,1,0.36552084550006936,0.6344791544999306
1,1,0.38154983350285454,0.6184501664971455
1,1,0.33800332293378854,0.6619966770662115
1,1,0.32837320499159295,0.671626795008407
0,1,0.332143900253959,0.667856099746041
1,1,0.32090464421739495,0.679095355782605
1,1,0.34888900608785534,0.6511109939121447
1,1,0.3506693685989072,0.6493306314010928
1,1,0.41003361553717277,0.5899663844628272
1,1,0.343404774105889,0.656595225894111
0,1,0.3596017835373192,0.6403982164626808
0,1,0.36020853945301323,0.6397914605469868
1,1,0.35652881349014487,0.6434711865098551
1,1,0.38874092332257826,0.6112590766774217
1,1,0.3851135959309029,0.6148864040690971
0,1,0.3589633687155863,0.6410366312844137
1,1,0.37394520287293664,0.6260547971270634
1,1,0.3556131986853569,0.6443868013146431
0,1,0.38280412474299275,0.6171958752570073
1,1,0.35252361726191206,0.6474763827380879
0,1,0.3498093332152237,0.6501906667847763
1,1,0.38397821510563235,0.6160217848943677
1,1,0.3702961618488301,0.6297038381511699
1,1,0.3684763766509198,0.6315236233490802
1,1,0.3840568987051851,0.6159431012948149
0,1,0.36998315087147693,0.6300168491285231
1,1,0.3652085567598664,0.6347914432401336
1,1,0.3479904697795906,0.6520095302204094
1,1,0.39434367760102373,0.6056563223989763
1,1,0.3590353617090293,0.6409646382909707
1,1,0.3794058672420083,0.6205941327579917
1,1,0.3581520614776801,0.6418479385223199
1,1,0.36387007710914643,0.6361299228908536
0,1,0.3538512551711961,0.6461487448288039
1,1,0.378296495429829,0.621703504570171
0,1,0.33586530374148693,0.6641346962585131
1,1,0.3762913363238741,0.6237086636761259
1,1,0.37135999611230774,0.6286400038876923
1,1,0.3292612169773951,0.6707387830226049
0,1,0.3473024875405806,0.6526975124594194
1,1,0.36498580517664236,0.6350141948233576
1,1,0.37822491406878556,0.6217750859312144
1,1,0.34362646109081396,0.656373538909186
0,1,0.3589488245406347,0.6410511754593653
0,1,0.37901653975767635,0.6209834602423236
1,1,0.3872498711597402,0.6127501288402598
1,1,0.3271615932128711,0.6728384067871289
0,1,0.36893003000104685,0.6310699699989532
1,1,0.3515121822411623,0.6484878177588377
1,1,0.36418734889216675,0.6358126511078332
1,1,0.3259805803623992,0.6740194196376008
1,1,0.3397081024609595,0.6602918975390405
0,1,0.33080903447352017,0.6691909655264798
0,1,0.33491056384275775,0.6650894361572423
1,1,0.3472145959205243,0.6527854040794757
1,1,0.34033903295429957,0.6596609670457004
1,1,0.3552688627669174,0.6447311372330826
0,1,0.38304561150536853,0.6169543884946315
1,1,0.34376641757427395,0.656233582425726
1,1,0.3340987586439057,0.6659012413560943
1,1,0.38931970772726343,0.6106802922727366
1,1,0.33907976155807473,0.6609202384419253
1,1,0.33739447121633337,0.6626055287836666
1,1,0.36100295117002734,0.6389970488299727
0,1,0.37345680592577135,0.6265431940742286
0,1,0.35473767044648585,0.6452623295535141
0,1,0.3148420615200832,0.6851579384799168
0,1,0.3606599152640323,0.6393400847359677
0,1,0.3609059359364337,0.6390940640635663
0,1,0.33846351302997335,0.6615364869700266
1,1,0.3412649601724841,0.6587350398275159
1,1,0.3586644610163474,0.6413355389836526
1,1,0.35926344905410834,0.6407365509458917
0,1,0.3508276202911992,0.6491723797088008
0,1,0.30906480337739184,0.6909351966226082
0,1,0.3593773697032113,0.6406226302967887
0,1,0.3570260073463444,0.6429739926536556
1,1,0.34741847569283446,0.6525815243071655
0,1,0.363301079051511,0.636698920948489
1,1,0.35016638150915147,0.6498336184908485
0,1,0.3609804788994203,0.6390195211005797
1,1,0.37819194305582526,0.6218080569441747
1,1,0.36234302862165824,0.6376569713783418
1,1,0.3732413155848773,0.6267586844151227
1,1,0.3590837222923101,0.6409162777076899
0,1,0.34884569245708985,0.6511543075429101
1,1,0.35753629232391626,0.6424637076760837
0,1,0.34641963458445313,0.6535803654155469
1,1,0.35553156516229356,0.6444684348377064
1,1,0.346976345551548,0.653023654448452
1,1,0.36852395076218203,0.631476049237818
1,1,0.35364709482802914,0.6463529051719709
1,1,0.3311987053239832,0.6688012946760168
1,1,0.3686328290362938,0.6313671709637062
1,1,0.35475041196890233,0.6452495880310977
1,1,0.352531052022635,0.647468947977365
0,1,0.35605736094815355,0.6439426390518465
0,1,0.34522769054309466,0.6547723094569053
1,1,0.36532918543530435,0.6346708145646957
0,1,0.3469078592792879,0.6530921407207121
1,1,0.3619026714189696,0.6380973285810304
1,1,0.34333447241920123,0.6566655275807988
0,1,0.32071714088026193,0.6792828591197381
1,1,0.41187561626296065,0.5881243837370393
1,1,0.3490764035702997,0.6509235964297003
0,1,0.35783155853179993,0.6421684414682001
1,1,0.35924921516610275,0.6407507848338972
0,1,0.3647829048391781,0.6352170951608219
0,1,0.34890840629784314,0.6510915937021569
1,1,0.3386169080090745,0.6613830919909255
1,1,0.33680240636994374,0.6631975936300563
0,1,0.34930742588962127,0.6506925741103787
1,1,0.3732534232836996,0.6267465767163004
0,1,0.3595018293513065,0.6404981706486935
0,1,0.34907013921116314,0.6509298607888369
1,1,0.3569273022525372,0.6430726977474628
1,1,0.36330262688361903,0.636697373116381
1,1,0.3161493155390557,0.6838506844609443
1,1,0.35748374733795474,0.6425162526620453
0,1,0.35574307756536805,0.644256922434632
1,1,0.36576673211907784,0.6342332678809222
1,1,0.32822076319226434,0.6717792368077357
1,1,0.36758573861786215,0.6324142613821379
1,1,0.34980431556284874,0.6501956844371513
1,1,0.34661131319781857,0.6533886868021814
1,1,0.3804353686564883,0.6195646313435117
1,1,0.3571328547309629,0.6428671452690371
1,1,0.3733141053565576,0.6266858946434424
1,1,0.36312389138892565,0.6368761086110744
1,1,0.3566651543137769,0.6433348456862231
0,1,0.3254329179105828,0.6745670820894172
0,1,0.36201460206259717,0.6379853979374028
0,1,0.2962831409003023,0.7037168590996977
1,1,0.3438849113832001,0.6561150886167999
1,1,0.31008929762083326,0.6899107023791667
1,1,0.34317231015731076,0.6568276898426892
1,1,0.36229251206775637,0.6377074879322436
1,1,0.3258096276422131,0.6741903723577869
1,1,0.3624859189830537,0.6375140810169463
1,1,0.34719206659789215,0.6528079334021079
1,1,0.3462040980930565,0.6537959019069435
1,1,0.37460851586679,0.62539148413321
1,1,0.3266619115951881,0.6733380884048119
1,1,0.3935227289598292,0.6064772710401708
1,1,0.34161431869848735,0.6583856813015126
0,1,0.3430371446953653,0.6569628553046347
1,1,0.34628298428817406,0.6537170157118259
1,1,0.36419126910332555,0.6358087308966744
1,1,0.35717960650935154,0.6428203934906485
0,1,0.3524666032130521,0.6475333967869479
1,1,0.3993484596950396,0.6006515403049604
1,1,0.34359245502262825,0.6564075449773717
0,1,0.34254408711259143,0.6574559128874086
1,1,0.363942407586925,0.636057592413075
1,1,0.38305656686848943,0.6169434331315106
0,1,0.33704727566935166,0.6629527243306483
0,1,0.36297864893259146,0.6370213510674085
1,1,0.34750828973095604,0.652491710269044
1,1,0.35441213816129824,0.6455878618387018
1,1,0.3915295751105514,0.6084704248894486
1,1,0.340238191726541,0.659761808273459
1,1,0.35797815324347704,0.642021846756523
1,1,0.3582214599316982,0.6417785400683018
1,1,0.3682520675734201,0.6317479324265799
0,1,0.3602118786906715,0.6397881213093285
1,1,0.40026992056624566,0.5997300794337543
1,1,0.34554340839197417,0.6544565916080258
1,1,0.3657756711552126,0.6342243288447874
1,1,0.34274085121109144,0.6572591487889086
0,1,0.3702790276809753,0.6297209723190247
1,1,0.3611452941343529,0.6388547058656471
1,1,0.4022855038848826,0.5977144961151174
1,1,0.388219290415287,0.611780709584713
0,1,0.36992708588904477,0.6300729141109552
1,1,0.4034723335497663,0.5965276664502337
0,1,0.3542365445205111,0.6457634554794889
1,1,0.37203372450797045,0.6279662754920295
0,1,0.3496750628259667,0.6503249371740333
0,1,0.31368988199850134,0.6863101180014987
1,1,0.34728566209520306,0.6527143379047969
1,1,0.3557250871706338,0.6442749128293662
1,1,0.36879151998136783,0.6312084800186322
1,1,0.36148888733756,0.63851111266244
1,1,0.3656891641078789,0.6343108358921211
1,1,0.33841954496784654,0.6615804550321535
1,1,0.3850898209097038,0.6149101790902962
1,1,0.3246909171894222,0.6753090828105778
1,1,0.35603352846289504,0.643966471537105
1,1,0.3558772987515382,0.6441227012484618
0,1,0.3560503265630379,0.6439496734369621
0,1,0.34011468650789656,0.6598853134921034
1,1,0.40956380946894433,0.5904361905310557
1,1,0.35909049581254915,0.6409095041874509
1,1,0.3828793247155583,0.6171206752844417
1,1,0.3418636305567191,0.6581363694432809
0,1,0.3540519091927369,0.6459480908072631
1,1,0.3310242995997633,0.6689757004002367
1,1,0.3511552454918849,0.6488447545081151
0,1,0.3379779711516103,0.6620220288483897
1,1,0.3696971662227341,0.6303028337772659
1,1,0.33484394246780536,0.6651560575321946
0,1,0.34293392405034584,0.6570660759496542
1,1,0.3721501921717164,0.6278498078282836
0,1,0.34427750595420226,0.6557224940457977
1,1,0.3341117968314503,0.6658882031685497
0,1,0.34453502916492496,0.655464970835075
1,1,0.3452706373860115,0.6547293626139885
1,1,0.34535195470164726,0.6546480452983527
0,1,0.36880357484543247,0.6311964251545675
0,1,0.3582694642692327,0.6417305357307673
1,1,0.3566767380461503,0.6433232619538497
1,1,0.3556031150402612,0.6443968849597388
1,1,0.3584080738260772,0.6415919261739228
1,1,0.3632159741960529,0.6367840258039471
1,1,0.41100038992464794,0.5889996100753521
1,1,0.35560036832157693,0.6443996316784231
0,1,0.3919815809288686,0.6080184190711314
0,1,0.36821498552172516,0.6317850144782748
1,1,0.37879748135726954,0.6212025186427305
0,1,0.341729144421528,0.658270855578472
1,1,0.3457668359963654,0.6542331640036346
1,1,0.36186415208016964,0.6381358479198304
0,1,0.3444360751429585,0.6555639248570415
1,1,0.3632278161411039,0.6367721838588961
1,1,0.35576661302852364,0.6442333869714764
1,1,0.36884833279249374,0.6311516672075063
0,1,0.36871469927263123,0.6312853007273688
1,1,0.3511275854221404,0.6488724145778596
0,1,0.3203756671206134,0.6796243328793866
0,1,0.3322718125084333,0.6677281874915667
1,1,0.3237542299789953,0.6762457700210047
0,1,0.36606974820300286,0.6339302517969971
0,1,0.34362361050062995,0.65637638949937
1,1,0.38422866769868436,0.6157713323013156
1,1,0.36134453488603135,0.6386554651139686
1,1,0.3489854436965636,0.6510145563034364
1,1,0.36416109371321215,0.6358389062867879
1,1,0.36356632738784767,0.6364336726121523
1,1,0.3440083441385995,0.6559916558614005
0,1,0.33877264484350633,0.6612273551564937
1,1,0.3632328735023511,0.6367671264976489
1,1,0.39111843128196366,0.6088815687180363
1,1,0.3241361526082751,0.6758638473917249
0,1,0.3371228499847718,0.6628771500152282
0,1,0.329107164572203,0.670892835427797
1,1,0.35892347232146415,0.6410765276785358
1,1,0.33229298050128064,0.6677070194987194
0,1,0.3339373668866824,0.6660626331133176
1,1,0.3572381176761863,0.6427618823238137
1,1,0.3238931654757613,0.6761068345242387
1,1,0.37196045948652134,0.6280395405134787
0,1,0.358135761748514,0.641864238251486
1,1,0.3283410357634603,0.6716589642365397
0,1,0.3647675011855511,0.6352324988144489
0,1,0.3371039478793,0.6628960521207
1,1,0.38509122759504977,0.6149087724049502
0,1,0.3454947980655727,0.6545052019344273
1,1,0.3541085644663462,0.6458914355336538
0,1,0.3628923705726693,0.6371076294273307
1,1,0.36755479585189255,0.6324452041481075
1,1,0.35567384882825914,0.6443261511717409
1,1,0.3478842349580932,0.6521157650419068
0,1,0.3681143154769442,0.6318856845230558
0,1,0.3667960506753867,0.6332039493246133
1,1,0.33239436179909976,0.6676056382009002
0,1,0.3608231863745467,0.6391768136254533
1,1,0.3419038619125795,0.6580961380874205
0,1,0.3533633793555242,0.6466366206444758
1,1,0.36408311826477846,0.6359168817352215
0,1,0.3593708479422083,0.6406291520577917
1,1,0.352496665967419,0.647503334032581
0,1,0.35601982545870525,0.6439801745412947
0,1,0.3388515633449396,0.6611484366550604
0,1,0.36828025532570774,0.6317197446742923
1,1,0.35369850074264175,0.6463014992573582
1,1,0.34787068808736143,0.6521293119126386
1,1,0.37402954611882233,0.6259704538811777
0,1,0.3563153025995214,0.6436846974004786
0,1,0.3709616981753704,0.6290383018246296
1,1,0.35818293374762544,0.6418170662523746
1,1,0.344185443532644,0.655814556467356
0,1,0.3432227377791506,0.6567772622208494
0,1,0.36380458540400473,0.6361954145959953
1,1,0.37376855725812386,0.6262314427418761
1,1,0.3779819832227699,0.6220180167772301
1,1,0.37931562162108523,0.6206843783789148
0,1,0.34983229582363895,0.650167704176361
1,1,0.37225488285706687,0.6277451171429331
0,1,0.35239758027991386,0.6476024197200861
1,1,0.32091903982762837,0.6790809601723716
0,1,0.320419671757581,0.679580328242419
0,1,0.37234818658041224,0.6276518134195878
1,1,0.38050824064472455,0.6194917593552755
0,1,0.35556693330846056,0.6444330666915394
0,1,0.34725096568072034,0.6527490343192797
1,1,0.363288912338243,0.636711087661757
0,1,0.3624149789576392,0.6375850210423608
0,1,0.3593460121111307,0.6406539878888693
1,1,0.3647883707315651,0.6352116292684349
0,1,0.33680131784715917,0.6631986821528408
1,1,0.35690164725592,0.64309835274408
0,1,0.35145430813874157,0.6485456918612584
1,1,0.36848838587394306,0.6315116141260569
1,1,0.3722866939134929,0.6277133060865071
1,1,0.3511534669074424,0.6488465330925576
1,1,0.3672479072753235,0.6327520927246765
0,1,0.33685487870698183,0.6631451212930182
1,1,0.34624166764026665,0.6537583323597334
0,1,0.35961924253060096,0.640380757469399
1,1,0.36890427853933994,0.6310957214606601
0,1,0.3390419024228587,0.6609580975771413
1,1,0.3961995908340403,0.6038004091659597
1,1,0.369179041527091,0.630820958472909
1,1,0.31129399163044,0.68870600836956
0,1,0.3619224914719287,0.6380775085280713
1,1,0.350808836107122,0.649191163892878
0,1,0.3328510788483703,0.6671489211516297
0,1,0.36556191229120916,0.6344380877087908
1,1,0.416483306502791,0.583516693497209
1,1,0.350048660171559,0.649951339828441
1,1,0.35621150548039215,0.6437884945196078
1,1,0.3358930158806692,0.6641069841193308
1,1,0.3482903366618939,0.6517096633381061
0,1,0.3617367837111536,0.6382632162888464
1,1,0.34567019588748726,0.6543298041125127
1,1,0.34380798271813195,0.656192017281868
1,1,0.3312594207672832,0.6687405792327168
1,1,0.3446665942390177,0.6553334057609823
0,1,0.36083215501767574,0.6391678449823243
0,1,0.3661808109764071,0.6338191890235929
1,1,0.3485994913278362,0.6514005086721638
1,1,0.338125040615015,0.661874959384985
1,1,0.3557008658875843,0.6442991341124157
0,1,0.3865807409905109,0.6134192590094891
0,1,0.3674046883377343,0.6325953116622657
1,1,0.3455459574971269,0.6544540425028731
1,1,0.358625057884454,0.641374942115546
1,1,0.37483382143190835,0.6251661785680916
1,1,0.34561428878003275,0.6543857112199672
1,1,0.35104962993329747,0.6489503700667025
1,1,0.3257219582288695,0.6742780417711305
1,1,0.3680689667047543,0.6319310332952457
1,1,0.36262481239065936,0.6373751876093406
1,1,0.35906832555991497,0.640931674440085
0,1,0.3458101670257646,0.6541898329742354
0,1,0.366880226169661,0.633119773830339
0,1,0.3631725788574387,0.6368274211425613
1,1,0.32334482098560213,0.6766551790143979
1,1,0.32761495612113656,0.6723850438788634
1,1,0.373938567144095,0.626061432855905
0,1,0.3451741556018687,0.6548258443981313
1,1,0.3752939249839,0.6247060750161
0,1,0.3549479872187765,0.6450520127812235
1,1,0.35257077167633455,0.6474292283236655
1,1,0.36230095166887555,0.6376990483311245
0,1,0.36707986383981694,0.6329201361601831
1,1,0.38959800519202714,0.6104019948079729
1,1,0.3805185718949934,0.6194814281050066
1,1,0.3695017106178835,0.6304982893821165
1,1,0.37229544178274676,0.6277045582172532
0,1,0.31731515151045353,0.6826848484895465
0,1,0.3478996074490823,0.6521003925509177
1,1,0.3328380102891907,0.6671619897108093
1,1,0.3514497915448692,0.6485502084551308
0,1,0.3414162691577274,0.6585837308422726
1,1,0.3487211653022222,0.6512788346977778
0,1,0.3522178516293958,0.6477821483706042
1,1,0.34482792950620433,0.6551720704937957
1,1,0.3459649840357164,0.6540350159642836
0,1,0.32230321366700765,0.6776967863329924
0,1,0.3598806782566164,0.6401193217433836
1,1,0.35740359446532644,0.6425964055346736
0,1,0.34002805116137125,0.6599719488386288
1,1,0.33684742803275936,0.6631525719672406
1,1,0.3985908145979731,0.6014091854020269
1,1,0.35127882514367814,0.6487211748563219
1,1,0.34051474675017956,0.6594852532498204
1,1,0.34785472434622877,0.6521452756537712
0,1,0.34729616650095163,0.6527038334990484
1,1,0.37176777039081077,0.6282322296091892
1,1,0.3347829026267721,0.6652170973732279
1,1,0.3386268044590479,0.6613731955409521
0,1,0.3289874822643877,0.6710125177356123
0,1,0.3737700960405599,0.6262299039594401
1,1,0.36045238262889134,0.6395476173711087
1,1,0.37398650266056344,0.6260134973394366
1,1,0.4072809997404371,0.5927190002595629
1,1,0.35908750459979943,0.6409124954002006
1,1,0.33605590679854513,0.6639440932014549
1,1,0.3644539510833116,0.6355460489166884
1,1,0.381734922589265,0.618265077410735
1,1,0.3158472490498422,0.6841527509501578
1,1,0.35826735678307464,0.6417326432169254
0,1,0.3737713717049521,0.6262286282950479
1,1,0.3617689845133649,0.6382310154866351
1,1,0.35257555902001014,0.6474244409799899
0,1,0.39761857978308845,0.6023814202169115
1,1,0.3738351380712279,0.6261648619287721
1,1,0.3618688119356924,0.6381311880643076
0,1,0.3736503330591483,0.6263496669408517
1,1,0.3513806694922741,0.6486193305077259
0,1,0.3365755086459137,0.6634244913540863
1,1,0.3426917961331868,0.6573082038668132
0,1,0.3543501695332054,0.6456498304667946
0,1,0.3273660059431168,0.6726339940568832
0,1,0.35279608651240213,0.6472039134875979
1,1,0.3604767010008003,0.6395232989991997
0,1,0.344901229081635,0.655098770918365
0,1,0.3513678248815185,0.6486321751184815
1,1,0.3571167731372641,0.6428832268627359
0,1,0.3460044728855719,0.6539955271144281
0,1,0.34768476274398974,0.6523152372560103
1,1,0.3602400026270731,0.6397599973729269
1,1,0.3605659495057313,0.6394340504942687
1,1,0.3832327674151198,0.6167672325848802
1,1,0.3413511708309933,0.6586488291690067
0,1,0.3451872652029445,0.6548127347970555
1,1,0.39919977809490703,0.600800221905093
0,1,0.32406399504988936,0.6759360049501106
1,1,0.3454494753592713,0.6545505246407287
1,1,0.36889492829464576,0.6311050717053542
0,1,0.30256169561861546,0.6974383043813845
0,1,0.3428364177213933,0.6571635822786067
1,1,0.3820920835634187,0.6179079164365813
1,1,0.34825361963645673,0.6517463803635433
1,1,0.3402423816437038,0.6597576183562962
1,1,0.36445556038752636,0.6355444396124736
1,1,0.34917062334503535,0.6508293766549647
0,1,0.38226442687167084,0.6177355731283292
1,1,0.2966593376599218,0.7033406623400782
1,1,0.33783300879785594,0.6621669912021441
1,1,0.36867983875337484,0.6313201612466252
0,1,0.3583594150721062,0.6416405849278938
1,1,0.3664199720110872,0.6335800279889128
1,1,0.32807552380045424,0.6719244761995458
0,1,0.35508198094960874,0.6449180190503913
1,1,0.35572584666976037,0.6442741533302396
0,1,0.3488793238822969,0.6511206761177031
1,1,0.3353283658735221,0.6646716341264779
0,1,0.3418025702770905,0.6581974297229095
1,1,0.3269062997180564,0.6730937002819436
0,1,0.35576228034867063,0.6442377196513294
1,1,0.3491081472784996,0.6508918527215004
0,1,0.36173554361548277,0.6382644563845172
1,1,0.359937241215473,0.640062758784527
0,1,0.3590257454225485,0.6409742545774515
1,1,0.36892443427270993,0.6310755657272901
0,1,0.3351743086860294,0.6648256913139706
1,1,0.3873204289262735,0.6126795710737265
0,1,0.42087087829256375,0.5791291217074362
1,1,0.336501753090214,0.663498246909786
1,1,0.3561547548660252,0.6438452451339748
0,1,0.3553456817522136,0.6446543182477864
1,1,0.3434412485421485,0.6565587514578515
0,1,0.34445855867031727,0.6555414413296827
1,1,0.36230625456800425,0.6376937454319958
0,1,0.3444081009555886,0.6555918990444114
1,1,0.3393549686538596,0.6606450313461404
1,1,0.3534602644456868,0.6465397355543132
1,1,0.34708947595917217,0.6529105240408278
1,1,0.34459219448329503,0.655407805516705
1,1,0.35873387673705026,0.6412661232629497
1,1,0.36452869000972266,0.6354713099902773
1,1,0.35576091790874464,0.6442390820912554
1,1,0.36346784900018503,0.636532150999815
1,1,0.3497060443300156,0.6502939556699844
0,1,0.3802323273998912,0.6197676726001088
1,1,0.3477150790746508,0.6522849209253492
1,1,0.3353983575508729,0.6646016424491271
1,1,0.3271688063496686,0.6728311936503314
1,1,0.34816010356863814,0.6518398964313619
0,1,0.33635373076892605,0.663646269231074
1,1,0.34066936775440293,0.6593306322455971
1,1,0.33444093360899796,0.665559066391002
1,1,0.33609594778958296,0.663904052210417
0,1,0.37657713165173234,0.6234228683482677
0,1,0.3530552296981804,0.6469447703018196
1,1,0.38305910496237416,0.6169408950376258
1,1,0.35906086332410636,0.6409391366758936
0,1,0.34758504150171377,0.6524149584982862
1,1,0.33448528265457134,0.6655147173454287
1,1,0.3385793990855057,0.6614206009144943
1,1,0.3556417057793232,0.6443582942206768
1,1,0.3639101726765944,0.6360898273234056
1,1,0.32933155933518465,0.6706684406648153
0,1,0.32742539480629795,0.672574605193702
0,1,0.3394355397901727,0.6605644602098273
1,1,0.37498281771482567,0.6250171822851743
0,1,0.33701210297757456,0.6629878970224254
1,1,0.32700722141244654,0.6729927785875535
0,1,0.36301139997971443,0.6369886000202856
1,1,0.33646448398557316,0.6635355160144268
1,1,0.3484345360470421,0.6515654639529579
0,1,0.3664959276638643,0.6335040723361357
1,1,0.3713417148605982,0.6286582851394018
1,1,0.35839214078050885,0.6416078592194912
1,1,0.3474911977538966,0.6525088022461034
0,1,0.3610286842466073,0.6389713157533927
0,1,0.3905914219873222,0.6094085780126778
0,1,0.3185389374226505,0.6814610625773495
0,1,0.36463969931208484,0.6353603006879152
0,1,0.3480716611768133,0.6519283388231867
1,1,0.3183430116013495,0.6816569883986505
1,1,0.3397182481987856,0.6602817518012144
1,1,0.364174031218216,0.635825968781784
0,1,0.3498430573629079,0.6501569426370921
0,1,0.33823333839519987,0.6617666616048001
1,1,0.3571530622164365,0.6428469377835635
1,1,0.33147180746921046,0.6685281925307895
1,1,0.35344776267436606,0.6465522373256339
1,1,0.35600843388668535,0.6439915661133147
0,1,0.35171563874608136,0.6482843612539186
0,1,0.3489877637807003,0.6510122362192997
1,1,0.38042004789490713,0.6195799521050929
1,1,0.32325994590267904,0.676740054097321
1,1,0.3994818270829229,0.6005181729170771
1,1,0.3108565185073836,0.6891434814926164
1,1,0.367111869545821,0.632888130454179
1,1,0.3578100782565542,0.6421899217434458
1,1,0.31282338235307006,0.6871766176469299
1,1,0.34709944821495164,0.6529005517850484
0,1,0.3338467494789217,0.6661532505210783
0,1,0.3193360972574122,0.6806639027425878
1,1,0.34729124552771096,0.652708754472289
1,1,0.37179288885384265,0.6282071111461573
0,1,0.3701459356216902,0.6298540643783098
1,1,0.3332845929137581,0.6667154070862419
1,1,0.36440519702037777,0.6355948029796222
1,1,0.35929490126006525,0.6407050987399348
0,1,0.35675927154704645,0.6432407284529535
1,1,0.3644732306005284,0.6355267693994716
0,1,0.3095153081588523,0.6904846918411477
1,1,0.34822138372181055,0.6517786162781894
1,1,0.36010271382582526,0.6398972861741747
1,1,0.3291379926868695,0.6708620073131305
1,1,0.34186902521564244,0.6581309747843576
1,1,0.3390808802181733,0.6609191197818267
1,1,0.34389033853566464,0.6561096614643354
1,1,0.36393166112467557,0.6360683388753244
1,1,0.3583295596916921,0.6416704403083079
1,1,0.3668748891335818,0.6331251108664182
1,1,0.3543783318488196,0.6456216681511804
0,1,0.3643446308799251,0.6356553691200749
1,1,0.349871798514516,0.650128201485484
1,1,0.34263877852839386,0.6573612214716061
1,1,0.3893293525921053,0.6106706474078947
0,1,0.3496802502906783,0.6503197497093217
0,1,0.3297778831876955,0.6702221168123045
1,1,0.35557932236854706,0.6444206776314529
1,1,0.3549413486780386,0.6450586513219614
1,1,0.3547180144964862,0.6452819855035138
0,1,0.4064897283059151,0.5935102716940849
0,1,0.36083683062644345,0.6391631693735566
1,1,0.36910608682709134,0.6308939131729087
1,1,0.35089918595119207,0.6491008140488079
1,1,0.3514263022966446,0.6485736977033554
0,1,0.37110304745913536,0.6288969525408646
1,1,0.3709075442300004,0.6290924557699996
0,1,0.38796792987946305,0.612032070120537
0,1,0.35310953857429817,0.6468904614257018
0,1,0.36924456801756533,0.6307554319824347
1,1,0.3670146179359337,0.6329853820640663
1,1,0.355873243525461,0.644126756474539
0,1,0.3483186006537602,0.6516813993462398
1,1,0.36746545774747064,0.6325345422525294
1,1,0.3524478051299479,0.6475521948700521
1,1,0.305398921782687,0.694601078217313
1,1,0.35229296331963844,0.6477070366803616
1,1,0.3637643453197591,0.6362356546802409
1,1,0.3606927212694325,0.6393072787305675
1,1,0.3636684632587671,0.6363315367412329
0,1,0.3949395431419942,0.6050604568580058
1,1,0.4091134334312323,0.5908865665687677
1,1,0.3424642874479079,0.6575357125520921
0,1,0.32736617613528507,0.6726338238647149
1,1,0.3507725141397574,0.6492274858602426
0,1,0.34595648903652754,0.6540435109634725
0,1,0.33554227351071864,0.6644577264892814
0,1,0.34977722902638786,0.6502227709736121
1,1,0.3526124690314122,0.6473875309685878
0,1,0.3981188232279722,0.6018811767720278
1,1,0.35812803605207344,0.6418719639479266
1,1,0.35466363387882827,0.6453363661211717
0,1,0.39116879864915355,0.6088312013508465
1,1,0.3568297692727507,0.6431702307272493
0,1,0.3917021300939515,0.6082978699060485
0,1,0.3398710078730782,0.6601289921269218
1,1,0.34823622720047953,0.6517637727995205
1,1,0.35150366391281207,0.6484963360871879
1,1,0.37032664597326037,0.6296733540267396
1,1,0.3738878781431362,0.6261121218568638
0,1,0.3684732956875082,0.6315267043124918
1,1,0.36115850870976296,0.638841491290237
1,1,0.34403905607518515,0.6559609439248149
1,1,0.35420570824126285,0.6457942917587371
0,1,0.35352479831132577,0.6464752016886742
1,1,0.3641723248166704,0.6358276751833296
0,1,0.37039363860040975,0.6296063613995903
1,1,0.31714962509804945,0.6828503749019506
1,1,0.32711447731208176,0.6728855226879182
0,1,0.34017222779708545,0.6598277722029146
1,1,0.3480863562549127,0.6519136437450873
0,1,0.4016272801158767,0.5983727198841233
1,1,0.34711518298091515,0.6528848170190849
1,1,0.3719933896412233,0.6280066103587767
1,1,0.33274799686162604,0.667252003138374
1,1,0.3757508456767368,0.6242491543232632
1,1,0.37820350523568314,0.6217964947643169
1,1,0.3635920790755196,0.6364079209244804
0,1,0.3570872443414591,0.6429127556585409
1,1,0.34733479625431196,0.652665203745688
1,1,0.35308537931685646,0.6469146206831435
0,1,0.36315022187554846,0.6368497781244515
1,1,0.3581662970468197,0.6418337029531803
1,1,0.3610089328065008,0.6389910671934992
0,1,0.35578568215691697,0.644214317843083
1,1,0.3567813962454266,0.6432186037545734
0,1,0.33763132673339535,0.6623686732666046
1,1,0.3296671181386409,0.6703328818613591
1,1,0.3802273464858852,0.6197726535141148
0,1,0.35439059284033025,0.6456094071596697
1,1,0.3830436919687714,0.6169563080312286
1,1,0.36499721945728936,0.6350027805427106
1,1,0.36541738322805184,0.6345826167719482
1,1,0.3090300326778975,0.6909699673221025
1,1,0.3271647504382922,0.6728352495617078
1,1,0.3446584686954698,0.6553415313045302
0,1,0.36060529491356785,0.6393947050864321
1,1,0.3553089229828452,0.6446910770171548
0,1,0.3753396927177187,0.6246603072822813
0,1,0.40168223532225233,0.5983177646777477
0,1,0.35821757512944186,0.6417824248705581
1,1,0.32932659207169257,0.6706734079283074
1,1,0.3711567457484559,0.6288432542515441
1,1,0.34411848519558597,0.655881514804414
0,1,0.3482460337271319,0.6517539662728681
0,1,0.37036142578883846,0.6296385742111615
1,1,0.37146212477829,0.62853787522171
1,1,0.36897046286140045,0.6310295371385995
1,1,0.36250237888151815,0.6374976211184818
1,1,0.3736411440745564,0.6263588559254436
0,1,0.37758461094445106,0.6224153890555489
1,1,0.37508936392859926,0.6249106360714007
1,1,0.3603936537220783,0.6396063462779217
1,1,0.3720921248329083,0.6279078751670917
1,1,0.348883320083341,0.651116679916659
1,1,0.3515541277665959,0.6484458722334041
0,1,0.3934939026015357,0.6065060973984643
1,1,0.3796596944441256,0.6203403055558744
1,1,0.3657583021577039,0.6342416978422961
1,1,0.3527201291513251,0.6472798708486749
0,1,0.368975182464234,0.631024817535766
1,1,0.3799626286406531,0.6200373713593469
1,1,0.3569618947760209,0.6430381052239791
1,1,0.3390464245423551,0.6609535754576449
0,1,0.3762831468009096,0.6237168531990904
1,1,0.3202825793555286,0.6797174206444714
1,1,0.37226090459477845,0.6277390954052215
0,1,0.42431927458531205,0.575680725414688
0,1,0.35018657967275657,0.6498134203272434
1,1,0.3334496944551121,0.6665503055448879
1,1,0.35329000806927535,0.6467099919307246
0,1,0.36520984415104596,0.634790155848954
0,1,0.35650241263510896,0.643497587364891
0,1,0.36081660181567066,0.6391833981843293
1,1,0.34606923953924684,0.6539307604607532
1,1,0.3333723384289604,0.6666276615710396
1,1,0.3316822453253311,0.6683177546746689
1,1,0.3646897948708031,0.6353102051291969
0,1,0.35371257964487957,0.6462874203551204
0,1,0.3420501175705787,0.6579498824294213
1,1,0.34150471039654695,0.658495289603453
1,1,0.39547953889384146,0.6045204611061585
1,1,0.3262821279935284,0.6737178720064716
1,1,0.3641546475000834,0.6358453524999166
0,1,0.36204053987499396,0.637959460125006
0,1,0.3761829118700273,0.6238170881299727
0,1,0.3475080767620806,0.6524919232379194
1,1,0.35948751418021696,0.640512485819783
1,1,0.35361848755184344,0.6463815124481566
0,1,0.35786542110120345,0.6421345788987965
1,1,0.3666692228204643,0.6333307771795357
1,1,0.3414214730607946,0.6585785269392054
1,1,0.37637685860004544,0.6236231413999546
0,1,0.3287238721928324,0.6712761278071676
1,1,0.36706642027165437,0.6329335797283456
1,1,0.3353243992725261,0.6646756007274739
1,1,0.36010548906782336,0.6398945109321766
1,1,0.352168781628016,0.647831218371984
1,1,0.3604255258186806,0.6395744741813194
1,1,0.37182876543361043,0.6281712345663896
0,1,0.3387281410822547,0.6612718589177453
0,1,0.3535034416277265,0.6464965583722735
0,1,0.36106695529479227,0.6389330447052077
1,1,0.3505655875581257,0.6494344124418743
1,1,0.344980363843436,0.655019636156564
0,1,0.30867910848954727,0.6913208915104527
0,1,0.3607476561663341,0.6392523438336659
0,1,0.3451189415597389,0.6548810584402611
1,1,0.340715179799706,0.659284820200294
0,1,0.3645489653338293,0.6354510346661707
0,1,0.374378398882502,0.625621601117498
0,1,0.3522241369518062,0.6477758630481938
0,1,0.3638332608473287,0.6361667391526713
1,1,0.35060749938882707,0.6493925006111729
0,1,0.35448009515128187,0.6455199048487181
1,1,0.35081914144628645,0.6491808585537135
1,1,0.3380362011064352,0.6619637988935648
1,1,0.37314372325754686,0.6268562767424531
1,1,0.3587727308049098,0.6412272691950902
0,1,0.3171344403591798,0.6828655596408202
1,1,0.3657240498594785,0.6342759501405215
0,1,0.35598872718815067,0.6440112728118493
0,1,0.3557720239053186,0.6442279760946814
0,1,0.37522179523746135,0.6247782047625386
1,1,0.36655799217207774,0.6334420078279223
1,1,0.35627688195281393,0.6437231180471861
1,1,0.3894660052360426,0.6105339947639574
0,1,0.34387693978886535,0.6561230602111346
1,1,0.37886535494301954,0.6211346450569805
1,1,0.34941408572480503,0.650585914275195
1,1,0.33658943510242034,0.6634105648975797
1,1,0.43088065715970936,0.5691193428402906
1,1,0.3715573752911021,0.6284426247088979
1,1,0.3640388775779202,0.6359611224220798
1,1,0.3564818696105777,0.6435181303894223
1,1,0.37111995064330705,0.628880049356693
0,1,0.339219818372802,0.660780181627198
0,1,0.3350540104654638,0.6649459895345362
0,1,0.3516774452712299,0.6483225547287701
1,1,0.35102932008456555,0.6489706799154344
1,1,0.3374637708296294,0.6625362291703706
1,1,0.3653004312891216,0.6346995687108784
1,1,0.3439524290855833,0.6560475709144167
0,1,0.34402311318420586,0.6559768868157941
1,1,0.34300688892396747,0.6569931110760325
1,1,0.361833968493661,0.638166031506339
1,1,0.3457869414166286,0.6542130585833714
1,1,0.366018578313438,0.633981421686562
1,1,0.3798565856980245,0.6201434143019755
0,1,0.3535158127374184,0.6464841872625816
1,1,0.3347378782860112,0.6652621217139888
1,1,0.3616603802887355,0.6383396197112645
1,1,0.37134540140276495,0.628654598597235
0,1,0.3354403946977006,0.6645596053022994
1,1,0.34764920574826874,0.6523507942517313
1,1,0.36198207580695374,0.6380179241930463
0,1,0.3460280628243537,0.6539719371756463
1,1,0.376627175295728,0.623372824704272
0,1,0.3534425375772422,0.6465574624227578
0,1,0.3649912059110477,0.6350087940889523
0,1,0.3693954079886146,0.6306045920113854
0,1,0.3547918822067938,0.6452081177932062
1,1,0.34727621070533843,0.6527237892946616
1,1,0.3660721276571388,0.6339278723428612
0,1,0.3506290280251887,0.6493709719748113
1,1,0.3735170570099907,0.6264829429900093
1,1,0.37888326382133686,0.6211167361786631
0,1,0.3611996333688373,0.6388003666311627
0,1,0.3504570197297464,0.6495429802702536
1,1,0.3420839202126631,0.6579160797873369
1,1,0.3378600451297985,0.6621399548702015
1,1,0.3421065710991652,0.6578934289008348
0,1,0.36798556904065904,0.632014430959341
0,1,0.3932933205923911,0.6067066794076089
0,1,0.3332092435730938,0.6667907564269062
1,1,0.36327218708479836,0.6367278129152016
1,1,0.3655238835092063,0.6344761164907937
1,1,0.35098105677696145,0.6490189432230385
0,1,0.36214236728270355,0.6378576327172965
1,1,0.33583370155677406,0.6641662984432259
1,1,0.37558752828268926,0.6244124717173107
0,1,0.3760144005449586,0.6239855994550414
1,1,0.38075907841410117,0.6192409215858988
0,1,0.35253264175627286,0.6474673582437271
1,1,0.36947389399975494,0.6305261060002451
1,1,0.3246971223753947,0.6753028776246053
1,1,0.33314261210110874,0.6668573878988913
1,1,0.34518241035340747,0.6548175896465925
1,1,0.36047819075996756,0.6395218092400324
1,1,0.33947728118767373,0.6605227188123263
1,1,0.3532533256001188,0.6467466743998812
1,1,0.3559736072105647,0.6440263927894353
0,1,0.34597601186725613,0.6540239881327439
1,1,0.3656169864435498,0.6343830135564502
1,1,0.3656377919189887,0.6343622080810113
1,1,0.3633062353892651,0.6366937646107349
0,1,0.3522926604931075,0.6477073395068925
1,1,0.3377470295892723,0.6622529704107277
0,1,0.36756770661905724,0.6324322933809428
0,1,0.37570437689288505,0.624295623107115
1,1,0.35555330331382795,0.644446696686172
1,1,0.35243530979301163,0.6475646902069884
1,1,0.3749854668575481,0.6250145331424519
0,1,0.32900992272560436,0.6709900772743956
1,1,0.3394450956993663,0.6605549043006337
1,1,0.36479974009090854,0.6352002599090915
1,1,0.32918992089656185,0.6708100791034382
1,1,0.3542374067786199,0.6457625932213801
0,1,0.35591440656716766,0.6440855934328323
1,1,0.3450732476931845,0.6549267523068155
1,1,0.3704208029967505,0.6295791970032495
0,1,0.36143506750970333,0.6385649324902967
1,1,0.37315257571739857,0.6268474242826014
1,1,0.37806765760891536,0.6219323423910846
1,1,0.3111471589595425,0.6888528410404575
1,1,0.34896508118338365,0.6510349188166163
0,1,0.34149066570545406,0.658509334294546
1,1,0.3431213495076758,0.6568786504923242
0,1,0.32842906310041453,0.6715709368995855
1,1,0.295911214499874,0.704088785500126
0,1,0.36852141322025456,0.6314785867797454
0,1,0.4010104905021683,0.5989895094978317
1,1,0.31954000014951145,0.6804599998504886
1,1,0.34391725766030534,0.6560827423396947
1,1,0.3451486978851639,0.6548513021148361
1,1,0.37566923847368605,0.624330761526314
0,1,0.3361417739938406,0.6638582260061594
1,1,0.3592615680229826,0.6407384319770174
0,1,0.34660644710219823,0.6533935528978018
1,1,0.3365494367326629,0.6634505632673371
1,1,0.34364370976105973,0.6563562902389403
0,1,0.33136012063358145,0.6686398793664186
0,1,0.34167675995668245,0.6583232400433175
1,1,0.36143462894159584,0.6385653710584042
1,1,0.34377130231802955,0.6562286976819705
1,1,0.35219179254915634,0.6478082074508437
1,1,0.36735268411760813,0.6326473158823919
1,1,0.32863989669670035,0.6713601033032996
1,1,0.351516502827091,0.648483497172909
1,1,0.3597844605532551,0.6402155394467449
0,1,0.3346504094380448,0.6653495905619552
1,1,0.366221196241886,0.633778803758114
1,1,0.35984764989444196,0.640152350105558
0,1,0.34851118596781705,0.651488814032183
1,1,0.3602471989626208,0.6397528010373792
1,1,0.371374757595366,0.628625242404634
0,1,0.3494331927505937,0.6505668072494063
1,1,0.32861886380297456,0.6713811361970254
1,1,0.3831513094512534,0.6168486905487466
1,1,0.3728810996020434,0.6271189003979566
0,1,0.35413204975822654,0.6458679502417735
0,1,0.36483566545654167,0.6351643345434583
1,1,0.3638027903147235,0.6361972096852765
0,1,0.360286129025682,0.639713870974318
1,1,0.364723727260167,0.635276272739833
0,1,0.35461074373841495,0.645389256261585
1,1,0.34381708820740153,0.6561829117925985
0,1,0.3727902657746742,0.6272097342253258
1,1,0.37719949187266455,0.6228005081273355
1,1,0.34634869712315997,0.65365130287684
0,1,0.35460754480262024,0.6453924551973798
1,1,0.33747137864955234,0.6625286213504477
1,1,0.36562792559585244,0.6343720744041476
1,1,0.3764464813259111,0.6235535186740889
1,1,0.32575138742874354,0.6742486125712565
1,1,0.3526791252735476,0.6473208747264524
1,1,0.33256233618914666,0.6674376638108533
0,1,0.3575218827708022,0.6424781172291978
1,1,0.3640040431675895,0.6359959568324105
1,1,0.2701690130358899,0.7298309869641101
0,1,0.3452398271496,0.6547601728504
1,1,0.33916307165755455,0.6608369283424455
0,1,0.3606448804170662,0.6393551195829338
1,1,0.3653730884114039,0.6346269115885961
1,1,0.33609083890373637,0.6639091610962636
1,1,0.3476480357361975,0.6523519642638025
1,1,0.3489996348400699,0.6510003651599301
1,1,0.3563412781279014,0.6436587218720986
1,1,0.3912794361523556,0.6087205638476444
1,1,0.3426760492052465,0.6573239507947535
1,1,0.35442527318070705,0.645574726819293
1,1,0.3504645617608937,0.6495354382391063
1,1,0.3469167401400891,0.6530832598599109
0,1,0.3409681887403848,0.6590318112596152
1,1,0.3403770129449839,0.6596229870550161
0,1,0.3592930056047552,0.6407069943952448
0,1,0.3981545587341623,0.6018454412658377
1,1,0.36806302527353074,0.6319369747264693
1,1,0.347434355350432,0.652565644649568
1,1,0.3491015076572279,0.6508984923427721
0,1,0.35502307668972277,0.6449769233102772
1,1,0.31890339472268203,0.681096605277318
1,1,0.34674885151987345,0.6532511484801266
1,1,0.3639890136066173,0.6360109863933827
0,1,0.3399766699526038,0.6600233300473962
0,1,0.34450766098200125,0.6554923390179987
1,1,0.34959035917701164,0.6504096408229884
0,1,0.3392110978795101,0.6607889021204899
1,1,0.33565211609377255,0.6643478839062275
1,1,0.375785196693063,0.624214803306937
1,1,0.3282933150103241,0.6717066849896759
1,1,0.36623334971224286,0.6337666502877571
0,1,0.34521233720630673,0.6547876627936933
1,1,0.3413799279690066,0.6586200720309934
1,1,0.3368694291353097,0.6631305708646903
1,1,0.33975947351303615,0.6602405264869639
1,1,0.35937764900094116,0.6406223509990588
1,1,0.3597937359060256,0.6402062640939744
0,1,0.3465904726050595,0.6534095273949405
1,1,0.3562799237489188,0.6437200762510812
1,1,0.3342995929742638,0.6657004070257362
1,1,0.34156572175351696,0.658434278246483
0,1,0.36421497527399627,0.6357850247260037
1,1,0.3521330234835379,0.6478669765164621
1,1,0.37429926263481916,0.6257007373651808
1,1,0.35347044622581913,0.6465295537741809
0,1,0.30840340446444037,0.6915965955355596
1,1,0.37627547479556867,0.6237245252044313
1,1,0.33602010722945097,0.663979892770549
1,1,0.3411449412469444,0.6588550587530556
1,1,0.33429456206257835,0.6657054379374217
1,1,0.33797719356673606,0.6620228064332639
1,1,0.3603388187832739,0.6396611812167261
1,1,0.3457536633119809,0.6542463366880191
1,1,0.37083568733774874,0.6291643126622513
0,1,0.38321268597699065,0.6167873140230093
1,1,0.3222754207865486,0.6777245792134514
0,1,0.35583377374791625,0.6441662262520838
0,1,0.33771525518682277,0.6622847448131772
0,1,0.3370629911905215,0.6629370088094785
0,1,0.3892453596136949,0.6107546403863051
1,1,0.3770985292251139,0.6229014707748861
1,1,0.339683863557977,0.660316136442023
0,1,0.35688217652174004,0.64311782347826
1,1,0.3424065193545188,0.6575934806454812
1,1,0.34766237758655993,0.6523376224134401
0,1,0.3169386729755638,0.6830613270244362
0,1,0.32567495241857725,0.6743250475814228
1,1,0.3649899332304495,0.6350100667695505
1,1,0.35813113009574604,0.641868869904254
0,1,0.36944683938964507,0.6305531606103549
0,1,0.35655476227734395,0.643445237722656
1,1,0.3638716640285534,0.6361283359714466
1,1,0.3675339370262607,0.6324660629737393
1,1,0.3471766742935658,0.6528233257064342
0,1,0.34584488101122146,0.6541551189887785
1,1,0.3645947315514825,0.6354052684485175
1,1,0.3655296923264889,0.6344703076735111
1,1,0.3500872214279189,0.6499127785720811
1,1,0.3810036642804342,0.6189963357195658
1,1,0.3382269786872564,0.6617730213127436
0,1,0.3635343108590966,0.6364656891409034
1,1,0.35107953177252926,0.6489204682274707
1,1,0.3588802180517664,0.6411197819482336
0,1,0.34034929121901203,0.659650708780988
1,1,0.3488371830900423,0.6511628169099577
1,1,0.37012067915075775,0.6298793208492423
0,1,0.34305798771355167,0.6569420122864483
0,1,0.34687076654684346,0.6531292334531565
0,1,0.36138120894840176,0.6386187910515982
1,1,0.4061626984718194,0.5938373015281806
1,1,0.3696964308571111,0.6303035691428889
0,1,0.3768653889677157,0.6231346110322843
1,1,0.371488479580388,0.628511520419612
0,1,0.3699938425889693,0.6300061574110307
0,1,0.34836755560342403,0.651632444396576
1,1,0.35177002384625344,0.6482299761537466
1,1,0.3429113315650346,0.6570886684349654
0,1,0.35974314332071866,0.6402568566792813
1,1,0.3512792525228201,0.6487207474771799
0,1,0.3512278460059003,0.6487721539940997
1,1,0.3419886462986719,0.6580113537013281
1,1,0.3399771964237519,0.6600228035762481
1,1,0.3394080768565594,0.6605919231434406
0,1,0.3706664095577672,0.6293335904422328
1,1,0.37484265991020616,0.6251573400897938
1,1,0.35799622460434455,0.6420037753956555
0,1,0.35004700313722115,0.6499529968627789
0,1,0.3466619401750016,0.6533380598249984
1,1,0.35852360077249346,0.6414763992275065
1,1,0.32949220132357104,0.670507798676429
0,1,0.34667631658277576,0.6533236834172242
1,1,0.3614139276470887,0.6385860723529113
0,1,0.3528228396571186,0.6471771603428814
1,1,0.3412603474310977,0.6587396525689023
1,1,0.3539697831923403,0.6460302168076597
1,1,0.33312224083991426,0.6668777591600857
0,1,0.3402616948174919,0.6597383051825081
1,1,0.3680418347224903,0.6319581652775097
0,1,0.34281898099456587,0.6571810190054341
1,1,0.3474424284113943,0.6525575715886057
0,1,0.35898664811218284,0.6410133518878172
1,1,0.3659939789741239,0.6340060210258761
1,1,0.33292241447879567,0.6670775855212043
1,1,0.3258041283694262,0.6741958716305738
0,1,0.3559633906440077,0.6440366093559923
1,1,0.3553841312952767,0.6446158687047233
1,1,0.32336270752368523,0.6766372924763148
1,1,0.35243423727580403,0.647565762724196
1,1,0.3390098324515133,0.6609901675484867
0,1,0.36388814189224294,0.6361118581077571
1,1,0.38849391028962077,0.6115060897103792
1,1,0.3397875502294454,0.6602124497705546
1,1,0.36987122552421237,0.6301287744757876
0,1,0.37342227178892684,0.6265777282110732
1,1,0.34530511956481147,0.6546948804351885
1,1,0.36424064492656505,0.635759355073435
1,1,0.39617437442576287,0.6038256255742371
1,1,0.3586888406715202,0.6413111593284798
1,1,0.3696918715786556,0.6303081284213444
1,1,0.3433664144046641,0.6566335855953359
1,1,0.34574642828824664,0.6542535717117534
1,1,0.3356740991256527,0.6643259008743473
0,1,0.34374791540478034,0.6562520845952197
0,1,0.40110664674094776,0.5988933532590522
0,1,0.3323983850997636,0.6676016149002364
0,1,0.3671635439600137,0.6328364560399863
0,1,0.3560943333742125,0.6439056666257875
1,1,0.3337887440935068,0.6662112559064932
1,1,0.32215565550087466,0.6778443444991253
0,1,0.30573553044831836,0.6942644695516816
0,1,0.3581026029531831,0.6418973970468169
1,1,0.37713249555110406,0.6228675044488959
0,1,0.2982859020826969,0.7017140979173031
1,1,0.37427466281198385,0.6257253371880162
0,1,0.3777422798374188,0.6222577201625812
1,1,0.37962062493508353,0.6203793750649165
0,1,0.34982619626514444,0.6501738037348556
1,1,0.3660020631674591,0.6339979368325409
1,1,0.3678865104918094,0.6321134895081906
1,1,0.3259745657983838,0.6740254342016162
1,1,0.3598405029347215,0.6401594970652785
1,1,0.3407452122241992,0.6592547877758008
1,1,0.37051032379497517,0.6294896762050248
0,1,0.3683007876134632,0.6316992123865368
0,1,0.3386978503929181,0.6613021496070819
1,1,0.3245525843532683,0.6754474156467317
1,1,0.34127198640071144,0.6587280135992886
1,1,0.3369193639784517,0.6630806360215483
1,1,0.3704884221294613,0.6295115778705387
1,1,0.3752755571790204,0.6247244428209796
1,1,0.359014304014861,0.640985695985139
0,1,0.3557031499704535,0.6442968500295465
1,1,0.3606617505780527,0.6393382494219473
1,1,0.36872817547309056,0.6312718245269094
0,1,0.35910643860628055,0.6408935613937194
1,1,0.3697373598524678,0.6302626401475322
0,1,0.37538347109031645,0.6246165289096836
1,1,0.354719636168638,0.645280363831362
1,1,0.34562223450012464,0.6543777654998754
1,1,0.31692600134017723,0.6830739986598228
1,1,0.2941275091050989,0.7058724908949011
0,1,0.357790069587984,0.642209930412016
0,1,0.3257148258163801,0.6742851741836199
0,1,0.35045093450840037,0.6495490654915996
1,1,0.3236137923801016,0.6763862076198984
1,1,0.34563472263740247,0.6543652773625975
1,1,0.35318704367829135,0.6468129563217087
0,1,0.3596976045743352,0.6403023954256648
1,1,0.3354988933123596,0.6645011066876404
0,1,0.3420507129958059,0.6579492870041941
1,1,0.3436881786468302,0.6563118213531698
1,1,0.3855610665171264,0.6144389334828736
1,1,0.36405622538960014,0.6359437746103999
1,1,0.33910054969210435,0.6608994503078957
1,1,0.34475035385733444,0.6552496461426656
1,1,0.3569829966540553,0.6430170033459447
0,1,0.3429774520498031,0.6570225479501969
0,1,0.3751382157875165,0.6248617842124835
0,1,0.33539469517623,0.66460530482377
1,1,0.3463372503345796,0.6536627496654204
1,1,0.34913746317380345,0.6508625368261965
1,1,0.3464646116411374,0.6535353883588626
1,1,0.3499796535096906,0.6500203464903094
0,1,0.3734524684028866,0.6265475315971134
1,1,0.3543464116182159,0.6456535883817841
1,1,0.3509425780850902,0.6490574219149098
1,1,0.3787956871026207,0.6212043128973793
1,1,0.3413297789904144,0.6586702210095856
1,1,0.3920950757134648,0.6079049242865352
1,1,0.32402514059445875,0.6759748594055413
1,1,0.3760129287001296,0.6239870712998704
1,1,0.3682988583933302,0.6317011416066698
0,1,0.37323635524388,0.62676364475612
0,1,0.3765617599169351,0.6234382400830649
0,1,0.34925788747102005,0.65074211252898
1,1,0.3528126950865702,0.6471873049134298
1,1,0.34081765918101414,0.6591823408189859
1,1,0.3649245702933803,0.6350754297066197
1,1,0.3405534106242478,0.6594465893757522
1,1,0.35222996876945345,0.6477700312305466
1,1,0.35955090914435806,0.640449090855642
1,1,0.33363516048789876,0.6663648395121012
1,1,0.30963521617853385,0.6903647838214662
0,1,0.36279863548924307,0.6372013645107569
1,1,0.3645575902097895,0.6354424097902105
1,1,0.3384231430154877,0.6615768569845123
0,1,0.3752930561590835,0.6247069438409165
1,1,0.36973736904477483,0.6302626309552252
0,1,0.33748033826725765,0.6625196617327423
1,1,0.3625865494215479,0.6374134505784521
1,1,0.3523755889370511,0.6476244110629489
0,1,0.35443031108991385,0.6455696889100861
1,1,0.3328371947608878,0.6671628052391122
0,1,0.3451534602465516,0.6548465397534484
1,1,0.339910867966568,0.660089132033432
1,1,0.3723479907455667,0.6276520092544333
1,1,0.33238069490383615,0.6676193050961639
1,1,0.3681136480968623,0.6318863519031377
1,1,0.3696575136904634,0.6303424863095366
0,1,0.3405515071827315,0.6594484928172685
0,1,0.39804035226148793,0.6019596477385121
1,1,0.35778816084805953,0.6422118391519405
1,1,0.34522049232878105,0.654779507671219
0,1,0.3644451585130688,0.6355548414869312
1,1,0.34068231599363563,0.6593176840063644
1,1,0.34750260815608647,0.6524973918439135
1,1,0.3559255684146958,0.6440744315853042
1,1,0.35914978380937157,0.6408502161906284
1,1,0.3467231562299812,0.6532768437700188
1,1,0.33161815997779276,0.6683818400222072
1,1,0.38858901499093423,0.6114109850090658
0,1,0.3351354479090788,0.6648645520909212
0,1,0.3468001062435315,0.6531998937564685
0,1,0.33429230812948885,0.6657076918705112
1,1,0.3366223554639989,0.6633776445360011
1,1,0.3528163796978807,0.6471836203021193
0,1,0.3494478999299462,0.6505521000700538
1,1,0.36776859867811107,0.6322314013218889
1,1,0.35640333811188574,0.6435966618881143
0,1,0.3412923596108741,0.6587076403891259
1,1,0.3512712628603376,0.6487287371396624
0,1,0.3724053656716807,0.6275946343283193
0,1,0.36478191641469215,0.6352180835853078
1,1,0.38646439942530686,0.6135356005746931
1,1,0.34983888235078175,0.6501611176492182
0,1,0.346434768530254,0.653565231469746
0,1,0.3622428701273903,0.6377571298726097
1,1,0.3288362936154754,0.6711637063845246
1,1,0.375487469073281,0.624512530926719
0,1,0.3388102723404276,0.6611897276595724
1,1,0.3658925793971386,0.6341074206028614
1,1,0.363707869648076,0.636292130351924
0,1,0.3985275252182183,0.6014724747817817
1,1,0.36449451591693394,0.6355054840830661
1,1,0.36597668156206964,0.6340233184379304
0,1,0.35841341334698096,0.641586586653019
1,1,0.3486838763722677,0.6513161236277323
1,1,0.36133173923121664,0.6386682607687834
0,1,0.3631794593061144,0.6368205406938856
1,1,0.3616829119360503,0.6383170880639497
0,1,0.3364133906273622,0.6635866093726378
0,1,0.33889549980263034,0.6611045001973697
0,1,0.3589809278097038,0.6410190721902962
1,1,0.3338932360316629,0.6661067639683371
1,1,0.3549535522327656,0.6450464477672344
1,1,0.3707642553021976,0.6292357446978024
0,1,0.3387119505591838,0.6612880494408162
1,1,0.349669987925051,0.650330012074949
1,1,0.3546976796806893,0.6453023203193107
1,1,0.36199908630640054,0.6380009136935995
1,1,0.3558949508534881,0.6441050491465119
0,1,0.3699448400135802,0.6300551599864198
1,1,0.35188383722164795,0.648116162778352
0,1,0.3500743592183586,0.6499256407816414
1,1,0.3684035757555669,0.6315964242444331
0,1,0.3714304426939037,0.6285695573060963
1,1,0.33958485790197857,0.6604151420980214
0,1,0.33449970520794226,0.6655002947920577
1,1,0.3548097535307271,0.6451902464692729
1,1,0.36044162293530113,0.6395583770646989
1,1,0.3441980558107238,0.6558019441892762
1,1,0.3314745807247319,0.6685254192752681
0,1,0.36373938049592514,0.6362606195040749
1,1,0.32917209479028986,0.6708279052097101
1,1,0.3295391227384882,0.6704608772615118
1,1,0.3733535710597964,0.6266464289402036
1,1,0.3353421892115077,0.6646578107884923
1,1,0.40860191717220207,0.5913980828277979
1,1,0.35021474772129346,0.6497852522787065
1,1,0.32662565263041976,0.6733743473695802
0,1,0.350138682703271,0.649861317296729
1,1,0.3686349609941739,0.6313650390058261
1,1,0.32669025876716207,0.6733097412328379
0,1,0.35618236291674044,0.6438176370832596
0,1,0.3602458510761395,0.6397541489238605
0,1,0.34477810137616205,0.655221898623838
0,1,0.3649079204156974,0.6350920795843026
1,1,0.3901443772371823,0.6098556227628177
0,1,0.36836281005952576,0.6316371899404742
1,1,0.35125730865461835,0.6487426913453817
1,1,0.37149510085052706,0.6285048991494729
0,1,0.3699580016572206,0.6300419983427794
0,1,0.32391318290070614,0.6760868170992939
1,1,0.34557911881759695,0.654420881182403
1,1,0.33785594194047286,0.6621440580595271
1,1,0.3423871140417406,0.6576128859582594
0,1,0.3307358623703074,0.6692641376296926
1,1,0.352176865361881,0.647823134638119
1,1,0.33532635102511466,0.6646736489748853
1,1,0.34219619226051523,0.6578038077394848
1,1,0.35959098726895544,0.6404090127310446
1,1,0.35379679436189826,0.6462032056381017
1,1,0.29810289803693446,0.7018971019630655
0,1,0.36435376779330697,0.635646232206693
1,1,0.35768255320074716,0.6423174467992528
1,1,0.3590033104264585,0.6409966895735415
1,1,0.3607792037187334,0.6392207962812666
1,1,0.34860212616934083,0.6513978738306592
0,1,0.34993004942619244,0.6500699505738076
0,1,0.3478100771816748,0.6521899228183252
0,1,0.34713447708058875,0.6528655229194112
0,1,0.35777171827723586,0.6422282817227641
1,1,0.3440688759851127,0.6559311240148873
1,1,0.3495641797326199,0.6504358202673801
1,1,0.3774030708416479,0.6225969291583521
1,1,0.3501040086227344,0.6498959913772656
1,1,0.3913438145092002,0.6086561854907998
0,1,0.3603836814289175,0.6396163185710825
0,1,0.3500939047315741,0.6499060952684259
0,1,0.37778701843890683,0.6222129815610932
1,1,0.33879129123050267,0.6612087087694973
0,1,0.3556624268551457,0.6443375731448543
1,1,0.3718217379092662,0.6281782620907338
0,1,0.37175406307546666,0.6282459369245333
1,1,0.36117336795854893,0.6388266320414511
1,1,0.38708627944923235,0.6129137205507676
0,1,0.3918776471037789,0.6081223528962211
1,1,0.36856416681857385,0.6314358331814262
1,1,0.36650459015181425,0.6334954098481858
0,1,0.3488971846671388,0.6511028153328612
0,1,0.3520152870362038,0.6479847129637962
1,1,0.3471420881850801,0.6528579118149199
0,1,0.3661332401895301,0.6338667598104699
0,1,0.3644897648489035,0.6355102351510965
0,1,0.3299627599653,0.6700372400347
1,1,0.34578803394970026,0.6542119660502997
0,1,0.33383983688938035,0.6661601631106197
1,1,0.37664416592726546,0.6233558340727345
1,1,0.3499302437315811,0.6500697562684189
0,1,0.34541335496520276,0.6545866450347972
1,1,0.35490011787755615,0.6450998821224438
0,1,0.37585994718558047,0.6241400528144195
1,1,0.36129593506517477,0.6387040649348252
1,1,0.3619201314145406,0.6380798685854594
0,1,0.3543206881012455,0.6456793118987545
1,1,0.36179561153876927,0.6382043884612307
1,1,0.36571537050608083,0.6342846294939192
0,1,0.32561222733650275,0.6743877726634973
0,1,0.4082251141897897,0.5917748858102103
1,1,0.3929596773211935,0.6070403226788065
1,1,0.33951591720225793,0.6604840827977421
0,1,0.318333391665528,0.681666608334472
1,1,0.38217279388274183,0.6178272061172582
1,1,0.35217799943317474,0.6478220005668253
1,1,0.34732609340371823,0.6526739065962818
1,1,0.3401994212162287,0.6598005787837713
0,1,0.38153139527978897,0.618468604720211
1,1,0.3904701603615174,0.6095298396384826
0,1,0.36134179558082424,0.6386582044191758
1,1,0.3406525717386306,0.6593474282613694
1,1,0.3314220732314521,0.6685779267685479
0,1,0.3362000737917086,0.6637999262082914
0,1,0.3579058670634684,0.6420941329365316
1,1,0.34714358920279875,0.6528564107972012
1,1,0.3810850280669187,0.6189149719330813
0,1,0.3351551367495841,0.6648448632504159
1,1,0.3563986050570692,0.6436013949429308
1,1,0.35254305938640607,0.6474569406135939
0,1,0.34520933027654177,0.6547906697234582
1,1,0.34979130526549085,0.6502086947345092
1,1,0.35708209660437507,0.6429179033956249
0,1,0.35036649482803883,0.6496335051719612
0,1,0.40041095735245935,0.5995890426475406
1,1,0.35930187623799925,0.6406981237620007
0,1,0.38349790230330916,0.6165020976966908
1,1,0.35808353272799776,0.6419164672720022
0,1,0.3785939308962315,0.6214060691037685
1,1,0.37820723350177143,0.6217927664982286
1,1,0.3669063089728436,0.6330936910271564
1,1,0.3504296592904632,0.6495703407095368
1,1,0.34459911905115204,0.655400880948848
0,1,0.3500624404131012,0.6499375595868988
0,1,0.3547772019236056,0.6452227980763944
1,1,0.3548684272522977,0.6451315727477023
1,1,0.3788531149955541,0.6211468850044459
0,1,0.3525887395498859,0.6474112604501141
1,1,0.3595428910039551,0.6404571089960449
0,1,0.3761508089331357,0.6238491910668643
1,1,0.34591989285538316,0.6540801071446168
0,1,0.35080353951951304,0.649196460480487
0,1,0.3315096866837377,0.6684903133162623
1,1,0.3633615493931739,0.6366384506068261
1,1,0.3589796155302918,0.6410203844697082
1,1,0.3146165177373166,0.6853834822626834
1,1,0.34728176423762236,0.6527182357623776
0,1,0.3671347858234757,0.6328652141765243
0,1,0.30013762422338497,0.699862375776615
1,1,0.33086368639771724,0.6691363136022828
0,1,0.3823163298433747,0.6176836701566253
1,1,0.36353833125844337,0.6364616687415566
1,1,0.3407030873486565,0.6592969126513435
1,1,0.3576340840999883,0.6423659159000117
1,1,0.31824609567460815,0.6817539043253918
1,1,0.3321329138678004,0.6678670861321996
1,1,0.3461589008522168,0.6538410991477832
0,1,0.33909753564521206,0.6609024643547879
1,1,0.35329881145434305,0.646701188545657
0,1,0.3760866490278644,0.6239133509721356
1,1,0.33864514430729353,0.6613548556927065
0,1,0.3567854005785388,0.6432145994214612
1,1,0.34331264341906154,0.6566873565809385
1,1,0.3626598172954878,0.6373401827045122
1,1,0.3509108729436662,0.6490891270563338
1,1,0.34585212302835344,0.6541478769716466
1,1,0.3514604744800771,0.6485395255199229
0,1,0.38261262595718926,0.6173873740428107
0,1,0.34952663020176145,0.6504733697982386
1,1,0.36978203761331363,0.6302179623866864
1,1,0.3889550601572406,0.6110449398427594
1,1,0.32400815030745944,0.6759918496925406
1,1,0.34730526565499065,0.6526947343450094
0,1,0.38445634530057504,0.615543654699425
0,1,0.3524814359630485,0.6475185640369515
1,1,0.3644523469037758,0.6355476530962242
1,1,0.34351709617613313,0.6564829038238669
0,1,0.35715303042640933,0.6428469695735907
1,1,0.3489468406033108,0.6510531593966892
0,1,0.38735322635839053,0.6126467736416095
0,1,0.41215146466614194,0.5878485353338581
0,1,0.3730965289892545,0.6269034710107455
0,1,0.3347823080124448,0.6652176919875552
1,1,0.35078720893165505,0.649212791068345
1,1,0.3362382252617456,0.6637617747382544
1,1,0.3253393355915769,0.6746606644084231
1,1,0.3515299908054711,0.6484700091945289
1,1,0.3657153001675727,0.6342846998324273
0,1,0.32746932149085306,0.6725306785091469
1,1,0.3338495241185876,0.6661504758814124
1,1,0.34734844082292826,0.6526515591770717
1,1,0.3471309075993301,0.6528690924006699
1,1,0.366996137376873,0.633003862623127
1,1,0.3668413707062095,0.6331586292937905
0,1,0.34717106351469695,0.652828936485303
0,1,0.33847527552304235,0.6615247244769576
1,1,0.35471260981693176,0.6452873901830682
1,1,0.35129083883909273,0.6487091611609073
0,1,0.3625562922652735,0.6374437077347265
0,1,0.36143921620417163,0.6385607837958284
1,1,0.3476948057615672,0.6523051942384328
0,1,0.3349999678526112,0.6650000321473888
1,1,0.3448082188156555,0.6551917811843445
1,1,0.37711282376234434,0.6228871762376557
1,1,0.3342300179733465,0.6657699820266535
1,1,0.36928533512461237,0.6307146648753876
0,1,0.36832880627104836,0.6316711937289516
1,1,0.33107992945368947,0.6689200705463105
1,1,0.3512569351374749,0.6487430648625251
0,1,0.37209759658566577,0.6279024034143342
0,1,0.3681625233694984,0.6318374766305016
0,1,0.3613517964344225,0.6386482035655775
1,1,0.3579763967464292,0.6420236032535708
1,1,0.3631980020916433,0.6368019979083567
0,1,0.3796625838867669,0.6203374161132331
1,1,0.3449907812824442,0.6550092187175558
1,1,0.36668208580354933,0.6333179141964507
1,1,0.3293680119328407,0.6706319880671593
1,1,0.36922365244877475,0.6307763475512252
0,1,0.35017881823415686,0.6498211817658431
0,1,0.3673836113751999,0.6326163886248001
1,1,0.3324678089894607,0.6675321910105393
0,1,0.3466298714690509,0.6533701285309491
0,1,0.368070445154305,0.631929554845695
1,1,0.3426605474573987,0.6573394525426013
1,1,0.35074020555124374,0.6492597944487563
0,1,0.34824919910460106,0.6517508008953989
1,1,0.3719744710494771,0.6280255289505229
0,1,0.36854155733852045,0.6314584426614795
1,1,0.36124749129085776,0.6387525087091422
1,1,0.3684142189796893,0.6315857810203107
1,1,0.41224114458380356,0.5877588554161964
0,1,0.33399559515022137,0.6660044048497786
1,1,0.3903781393738308,0.6096218606261692
0,1,0.35962469392903773,0.6403753060709623
0,1,0.3721871611189399,0.6278128388810601
0,1,0.3930104328919244,0.6069895671080756
0,1,0.33852502443787025,0.6614749755621298
1,1,0.3510032664329874,0.6489967335670126
1,1,0.39249372911596936,0.6075062708840306
0,1,0.37731608935807914,0.6226839106419209
1,1,0.3652005206943314,0.6347994793056686
1,1,0.3415034873047065,0.6584965126952935
1,1,0.38418836231209075,0.6158116376879093
0,1,0.3417978687093727,0.6582021312906273
1,1,0.36801385961283506,0.6319861403871649
1,1,0.36809024382882227,0.6319097561711777
1,1,0.3632536792432658,0.6367463207567342
1,1,0.37349666834535133,0.6265033316546487
1,1,0.3631205558782826,0.6368794441217174
1,1,0.35570013305710757,0.6442998669428924
1,1,0.34641948293070535,0.6535805170692947
1,1,0.3548891253912275,0.6451108746087725
0,1,0.3386819921376366,0.6613180078623634
1,1,0.3216175783416009,0.6783824216583991
1,1,0.3458086171339335,0.6541913828660665
1,1,0.36353145269505127,0.6364685473049487
1,1,0.3698595863695363,0.6301404136304637
0,1,0.36849768065827204,0.631502319341728
1,1,0.3597236522138698,0.6402763477861302
1,1,0.32816038651173884,0.6718396134882612
1,1,0.34403501967690053,0.6559649803230995
1,1,0.34508065783734176,0.6549193421626582
0,1,0.34055302478121097,0.659446975218789
1,1,0.3464576510437307,0.6535423489562693
1,1,0.3639058146139822,0.6360941853860178
1,1,0.3532132572761991,0.6467867427238009
1,1,0.34987114250408613,0.6501288574959139
1,1,0.38380628018753593,0.6161937198124641
0,1,0.3401965902196088,0.6598034097803912
1,1,0.34679136172376346,0.6532086382762365
1,1,0.35396435745861954,0.6460356425413805
0,1,0.3563518311807923,0.6436481688192077
1,1,0.3592057309471042,0.6407942690528958
1,1,0.36197149526417527,0.6380285047358247
1,1,0.3338772607153936,0.6661227392846064
1,1,0.3472885971475901,0.6527114028524099
1,1,0.3803514417649658,0.6196485582350342
1,1,0.3369227867734226,0.6630772132265774
0,1,0.36462641580032495,0.635373584199675
0,1,0.34137987342076126,0.6586201265792387
1,1,0.34513293573643233,0.6548670642635677
0,1,0.36244916813742634,0.6375508318625737
0,1,0.37996972493847647,0.6200302750615235
0,1,0.3375970691028899,0.6624029308971101
1,1,0.3632140686990101,0.6367859313009899
0,1,0.33779733564179915,0.6622026643582009
0,1,0.3782469331587952,0.6217530668412048
0,1,0.34545860650399207,0.6545413934960079
1,1,0.3445066040247796,0.6554933959752204
1,1,0.35890867445428,0.64109132554572
1,1,0.3589608906390659,0.6410391093609341
1,1,0.3494072367844724,0.6505927632155276
1,1,0.3370728976003894,0.6629271023996106
0,1,0.36330166329754254,0.6366983367024575
0,1,0.3630251730895385,0.6369748269104615
1,1,0.3294964972064982,0.6705035027935018
0,1,0.2966393345100101,0.7033606654899899
1,1,0.35466147962901007,0.6453385203709899
0,1,0.36441333939479503,0.635586660605205
1,1,0.3764158219787376,0.6235841780212624
0,1,0.36883834169121277,0.6311616583087872
1,1,0.3502011529873468,0.6497988470126532
0,1,0.3528077531550068,0.6471922468449932
1,1,0.3630857733867018,0.6369142266132982
0,1,0.3737255328032759,0.6262744671967241
1,1,0.3090838014520717,0.6909161985479283
0,1,0.35768457445299073,0.6423154255470093
1,1,0.3473067722923914,0.6526932277076086
1,1,0.3692959737639916,0.6307040262360084
1,1,0.3905715155380701,0.6094284844619299
1,1,0.33806299390115657,0.6619370060988434
1,1,0.3476477918043277,0.6523522081956723
1,1,0.349886929930473,0.650113070069527
0,1,0.35597316539584856,0.6440268346041514
1,1,0.3391122406591377,0.6608877593408623
0,1,0.3417902084713621,0.6582097915286379
1,1,0.3655029006741932,0.6344970993258068
0,1,0.3337998535058462,0.6662001464941538
0,1,0.3934837787996466,0.6065162212003534
1,1,0.3512984592489198,0.6487015407510802
1,1,0.3471558698643198,0.6528441301356802
1,1,0.33991581766754364,0.6600841823324564
1,1,0.31173838897893724,0.6882616110210628
1,1,0.3473101658155906,0.6526898341844094
1,1,0.33576875421562136,0.6642312457843786
1,1,0.3546917847590353,0.6453082152409647
0,1,0.36051882955156445,0.6394811704484356
0,1,0.36056706196051913,0.6394329380394809
1,1,0.3687472728429657,0.6312527271570343
1,1,0.34421103532239106,0.6557889646776089
1,1,0.36908919244152205,0.630910807558478
0,1,0.3373954290684972,0.6626045709315028
1,1,0.36557023606856953,0.6344297639314305
1,1,0.3527378195336631,0.6472621804663369
0,1,0.3613845472854429,0.6386154527145571
0,1,0.35787587845108226,0.6421241215489177
1,1,0.3714108706925293,0.6285891293074707
1,1,0.3364796426039065,0.6635203573960935
1,1,0.37393833911653684,0.6260616608834632
1,1,0.3529500340862206,0.6470499659137794
1,1,0.345017113724129,0.654982886275871
1,1,0.38265717277725075,0.6173428272227492
1,1,0.3545194325583315,0.6454805674416685
0,1,0.34260835620811003,0.65739164379189
0,1,0.37420789090348505,0.625792109096515
0,1,0.35145939837552664,0.6485406016244734
1,1,0.3678743038306158,0.6321256961693842
1,1,0.3476786851704563,0.6523213148295437
1,1,0.34957554076855235,0.6504244592314476
1,1,0.35816480792091443,0.6418351920790856
1,1,0.3506455723782237,0.6493544276217763
1,1,0.362493116792015,0.637506883207985
0,1,0.3735430294213665,0.6264569705786335
1,1,0.3529733238517059,0.6470266761482941
0,1,0.34073477347599745,0.6592652265240025
1,1,0.35219353560878697,0.647806464391213
1,1,0.3540210145039939,0.6459789854960061
0,1,0.47147869277640475,0.5285213072235952
1,1,0.35834473823969426,0.6416552617603057
1,1,0.3570162247881744,0.6429837752118256
1,1,0.3762876396812047,0.6237123603187953
0,1,0.3861180194183427,0.6138819805816573
1,1,0.35120822715783717,0.6487917728421628
1,1,0.36819764256811327,0.6318023574318867
0,1,0.3367241616969898,0.6632758383030102
1,1,0.35098050490775723,0.6490194950922428
1,1,0.3546937476196649,0.6453062523803351
1,1,0.36829840616890985,0.6317015938310901
1,1,0.33669975154889054,0.6633002484511095
1,1,0.35983914219833657,0.6401608578016634
0,1,0.37450298839826235,0.6254970116017377
0,1,0.3527643802746573,0.6472356197253427
1,1,0.34773944792893274,0.6522605520710673
0,1,0.37362002818093887,0.6263799718190611
1,1,0.3517592611611944,0.6482407388388056
1,1,0.3545500605225931,0.6454499394774069
1,1,0.3753856582552618,0.6246143417447382
0,1,0.34844859216508095,0.651551407834919
1,1,0.3732517526601201,0.6267482473398799
0,1,0.3718135655935426,0.6281864344064574
1,1,0.356424792923284,0.643575207076716
1,1,0.3485206676095316,0.6514793323904684
0,1,0.3592456595708292,0.6407543404291708
0,1,0.3338023006240628,0.6661976993759372
1,1,0.3503179453973162,0.6496820546026838
1,1,0.3545668326064876,0.6454331673935124
1,1,0.3430813333130589,0.6569186666869411
0,1,0.3709426013781377,0.6290573986218623
0,1,0.35169498171695,0.64830501828305
1,1,0.3573417850489997,0.6426582149510003
1,1,0.35572107385744534,0.6442789261425547
0,1,0.3595094823606412,0.6404905176393588
1,1,0.32775938776225044,0.6722406122377496
1,1,0.3425173201189561,0.6574826798810439
1,1,0.33637010046586846,0.6636298995341315
1,1,0.37333273772043396,0.626667262279566
1,1,0.35133165301469804,0.648668346985302
0,1,0.3429871007051605,0.6570128992948395
1,1,0.37082376090492875,0.6291762390950713
0,1,0.3535637023489917,0.6464362976510083
1,1,0.3797496692772533,0.6202503307227467
0,1,0.381510012339518,0.618489987660482
1,1,0.34342717363151265,0.6565728263684874
1,1,0.3954097081182615,0.6045902918817385
1,1,0.3533645271072017,0.6466354728927983
1,1,0.38192245460213214,0.6180775453978679
0,1,0.3430277590190608,0.6569722409809392
1,1,0.33009522060269536,0.6699047793973046
1,1,0.35245451208142364,0.6475454879185764
1,1,0.3356294427700035,0.6643705572299965
0,1,0.39360709417479245,0.6063929058252076
0,1,0.35311331113820155,0.6468866888617985
0,1,0.3174644657959693,0.6825355342040307
0,1,0.36718863428383974,0.6328113657161603
1,1,0.3720263187218623,0.6279736812781377
1,1,0.3366507035677394,0.6633492964322606
1,1,0.389829307608606,0.610170692391394
1,1,0.33630658674884717,0.6636934132511528
1,1,0.382536421042334,0.617463578957666
0,1,0.37872655344336026,0.6212734465566397
1,1,0.35939702416129893,0.6406029758387011
1,1,0.34037241086893744,0.6596275891310626
1,1,0.3309774493906096,0.6690225506093904
1,1,0.3667143711703138,0.6332856288296862
0,1,0.3637203389952631,0.6362796610047369
1,1,0.34618143510552,0.65381856489448
0,1,0.3584650084662352,0.6415349915337648
1,1,0.39153259061470136,0.6084674093852986
0,1,0.3620238402893683,0.6379761597106317
1,1,0.3603964876235993,0.6396035123764007
0,1,0.3664524971378502,0.6335475028621498
0,1,0.344956196441609,0.655043803558391
1,1,0.37331746221967,0.62668253778033
1,1,0.3753128027082362,0.6246871972917638
1,1,0.3564516375107536,0.6435483624892464
0,1,0.3396368946374456,0.6603631053625544
1,1,0.34698100301158363,0.6530189969884164
0,1,0.35787758002790626,0.6421224199720937
0,1,0.3880873554999763,0.6119126445000237
1,1,0.37454355353280344,0.6254564464671966
1,1,0.39873355646714803,0.601266443532852
1,1,0.38261956664729213,0.6173804333527079
1,1,0.3608576504520973,0.6391423495479027
1,1,0.37277852393433364,0.6272214760656664
1,1,0.32163429042492575,0.6783657095750742
1,1,0.3534814804986538,0.6465185195013462
0,1,0.35716455371704503,0.642835446282955
0,1,0.3421970468552742,0.6578029531447258
1,1,0.39799803435457204,0.602001965645428
1,1,0.3646926494994742,0.6353073505005258
1,1,0.40659153770387246,0.5934084622961275
1,1,0.35979658432751527,0.6402034156724847
0,1,0.3474322698891481,0.6525677301108519
1,1,0.3432346196447643,0.6567653803552357
1,1,0.3543043945314074,0.6456956054685926
0,1,0.35354842685172405,0.646451573148276
0,1,0.38207257216893087,0.6179274278310691
0,1,0.34748249453090774,0.6525175054690923
1,1,0.40014983500077106,0.5998501649992289
1,1,0.332774021169992,0.667225978830008
1,1,0.37798692481125673,0.6220130751887433
1,1,0.3606594287315381,0.6393405712684619
0,1,0.3741766605707818,0.6258233394292182
0,1,0.33327996164209517,0.6667200383579048
1,1,0.35055427165931097,0.649445728340689
1,1,0.34287136182816647,0.6571286381718335
1,1,0.3602009581813663,0.6397990418186337
1,1,0.3675585055102628,0.6324414944897372
1,1,0.34359961293699226,0.6564003870630077
0,1,0.38351377077395044,0.6164862292260496
0,1,0.35034270787892585,0.6496572921210741
0,1,0.3524296940756665,0.6475703059243335
1,1,0.36152406280088534,0.6384759371991147
0,1,0.3440000661254933,0.6559999338745067
1,1,0.3431744823643884,0.6568255176356116
0,1,0.35419445219955425,0.6458055478004457
0,1,0.3709348904211256,0.6290651095788744
1,1,0.35327417040007203,0.646725829599928
0,1,0.32702757085186285,0.6729724291481372
1,1,0.3189766826036149,0.6810233173963851
0,1,0.381815729388288,0.618184270611712
1,1,0.3582265834860763,0.6417734165139237
1,1,0.3539560596161795,0.6460439403838205
1,1,0.34050888907955623,0.6594911109204438
0,1,0.3484851104056823,0.6515148895943177
1,1,0.3820695598331635,0.6179304401668365
1,1,0.36554547621973976,0.6344545237802602
0,1,0.35403495852627687,0.6459650414737231
1,1,0.3568315731783136,0.6431684268216864
1,1,0.33979294697035056,0.6602070530296494
0,1,0.36384430099990805,0.636155699000092
0,1,0.34462286453354474,0.6553771354664553
1,1,0.3390361866225121,0.6609638133774879
1,1,0.363472770298334,0.636527229701666
1,1,0.34184245548135817,0.6581575445186418
1,1,0.34744079769443936,0.6525592023055606
1,1,0.36809141677523227,0.6319085832247677
1,1,0.370103796602962,0.629896203397038
1,1,0.3520545180188194,0.6479454819811806
0,1,0.3547089889424845,0.6452910110575155
0,1,0.33719964160485605,0.662800358395144
1,1,0.3490192591329575,0.6509807408670425
1,1,0.37225719009839364,0.6277428099016064
1,1,0.3354874602490796,0.6645125397509204
0,1,0.37270487260063034,0.6272951273993697
1,1,0.3658905714111318,0.6341094285888682
1,1,0.3795149033690425,0.6204850966309575
1,1,0.34189133971194063,0.6581086602880594
1,1,0.34540389107768565,0.6545961089223143
0,1,0.37447493027019274,0.6255250697298073
1,1,0.35163687248435826,0.6483631275156417
0,1,0.3645781291387036,0.6354218708612964
1,1,0.3592103801669838,0.6407896198330162
1,1,0.33490884518210906,0.6650911548178909
0,1,0.3303915445909058,0.6696084554090942
1,1,0.36730146298058464,0.6326985370194154
1,1,0.3325193787668306,0.6674806212331694
1,1,0.3491147362288163,0.6508852637711837
0,1,0.37577231693129864,0.6242276830687014
0,1,0.34346450397748673,0.6565354960225133
1,1,0.3559343879075998,0.6440656120924002
0,1,0.37349187697582065,0.6265081230241794
1,1,0.30720433610213194,0.6927956638978681
1,1,0.31673303867297087,0.6832669613270291
1,1,0.3354389076214196,0.6645610923785804
1,1,0.3476619908883558,0.6523380091116442
1,1,0.3446395338253423,0.6553604661746577
1,1,0.34703141059323006,0.6529685894067699
1,1,0.34705359534278835,0.6529464046572117
1,1,0.3493932995464969,0.6506067004535031
1,1,0.3626861249278348,0.6373138750721652
1,1,0.36652190999415024,0.6334780900058498
1,1,0.4128421189690856,0.5871578810309144
1,1,0.3456681842413122,0.6543318157586878
1,1,0.3958775510411906,0.6041224489588094
1,1,0.35141699281283867,0.6485830071871613
1,1,0.35055996511508214,0.6494400348849179
0,1,0.36187010095903216,0.6381298990409678
1,1,0.40142579724595306,0.5985742027540469
0,1,0.3264348673736387,0.6735651326263613
1,1,0.3737295285524771,0.6262704714475229
1,1,0.33413295736436677,0.6658670426356332
1,1,0.346946495066051,0.653053504933949
1,1,0.38123230513508877,0.6187676948649112
1,1,0.3550186645691128,0.6449813354308872
1,1,0.336754838886817,0.663245161113183
0,1,0.3395651057602598,0.6604348942397402
1,1,0.38115901480781544,0.6188409851921846
1,1,0.34417328709815387,0.6558267129018461
1,1,0.3466939015032552,0.6533060984967448
1,1,0.36697214162605896,0.633027858373941
0,1,0.35480210553984104,0.645197894460159
0,1,0.3370433864468395,0.6629566135531605
1,1,0.35244054267724556,0.6475594573227544
0,1,0.35892901718107006,0.6410709828189299
1,1,0.3326011793027718,0.6673988206972282
0,1,0.3504617598353519,0.6495382401646481
0,1,0.35122379099956835,0.6487762090004316
0,1,0.3565588744118138,0.6434411255881862
1,1,0.3684206693754265,0.6315793306245735
1,1,0.3670297737526501,0.6329702262473499
0,1,0.2704633770033694,0.7295366229966306
1,1,0.34750557004671334,0.6524944299532867
0,1,0.3857859400448328,0.6142140599551672
1,1,0.37453369031703176,0.6254663096829682
1,1,0.36848812512387896,0.631511874876121
1,1,0.35758088711887026,0.6424191128811297
0,1,0.33863017536289464,0.6613698246371054
0,1,0.3254109473761416,0.6745890526238584
1,1,0.35282547433756417,0.6471745256624358
1,1,0.35277155862049314,0.6472284413795069
1,1,0.36550138911153396,0.634498610888466
1,1,0.34576796543376065,0.6542320345662394
1,1,0.3758054017313426,0.6241945982686574
1,1,0.35563549580028064,0.6443645041997194
1,1,0.36431262285949495,0.635687377140505
1,1,0.2977969607209291,0.7022030392790709
1,1,0.3349302121929386,0.6650697878070614
0,1,0.3399375675708304,0.6600624324291696
0,1,0.35580986948799476,0.6441901305120052
1,1,0.39866836203945355,0.6013316379605465
0,1,0.3574198268719939,0.6425801731280061
1,1,0.37234333158970423,0.6276566684102958
1,1,0.3606770104066278,0.6393229895933722
1,1,0.34571458069217387,0.6542854193078261
1,1,0.3706186460156843,0.6293813539843157
0,1,0.35792188098690636,0.6420781190130936
0,1,0.40949504299103234,0.5905049570089677
0,1,0.33604709072086414,0.6639529092791359
0,1,0.351474009039902,0.648525990960098
0,1,0.3643881543801959,0.6356118456198041
0,1,0.34584139065431097,0.654158609345689
1,1,0.3641599638249148,0.6358400361750852
1,1,0.37561897022905555,0.6243810297709445
1,1,0.36535995237401053,0.6346400476259895
1,1,0.351136043557692,0.648863956442308
0,1,0.36754697127411873,0.6324530287258813
1,1,0.33771386556624905,0.662286134433751
0,1,0.3342961254253233,0.6657038745746767
1,1,0.30360204969754023,0.6963979503024598
0,1,0.3266505866724242,0.6733494133275758
1,1,0.3703039412556367,0.6296960587443633
0,1,0.3646501982675515,0.6353498017324485
0,1,0.35588021109031254,0.6441197889096875
1,1,0.42786393088540187,0.5721360691145981
1,1,0.33932887378420773,0.6606711262157923
0,1,0.3999935460563341,0.6000064539436659
0,1,0.35576576379392844,0.6442342362060716
1,1,0.3431593599059404,0.6568406400940596
1,1,0.3425133182848955,0.6574866817151045
1,1,0.3746172318136889,0.6253827681863111
0,1,0.3617421703820354,0.6382578296179646
0,1,0.37437688657001367,0.6256231134299863
0,1,0.36148039849531954,0.6385196015046805
0,1,0.3175412415869684,0.6824587584130316
1,1,0.3703976414101612,0.6296023585898388
1,1,0.35571495134085274,0.6442850486591473
1,1,0.3457257434327935,0.6542742565672065
1,1,0.40356936340452376,0.5964306365954762
0,1,0.3121812416572334,0.6878187583427666
1,1,0.36248774848292487,0.6375122515170751
1,1,0.3525549267649378,0.6474450732350622
1,1,0.36591258189985654,0.6340874181001435
1,1,0.3521957810395906,0.6478042189604094
0,1,0.3659705073829541,0.6340294926170459
0,1,0.3769781232019658,0.6230218767980342
1,1,0.3425787802648156,0.6574212197351844
1,1,0.3436450697957242,0.6563549302042758
1,1,0.35961732855085016,0.6403826714491498
1,1,0.3341825955980898,0.6658174044019102
1,1,0.33447755968260695,0.665522440317393
1,1,0.37166159805950705,0.628338401940493
0,1,0.3287890577733873,0.6712109422266127
1,1,0.3623427517094352,0.6376572482905648
1,1,0.3447964634823517,0.6552035365176483
1,1,0.3908388688947947,0.6091611311052053
1,1,0.3520336059135205,0.6479663940864795
0,1,0.35141392394652504,0.648586076053475
1,1,0.3673284631135213,0.6326715368864787
1,1,0.3659387351486335,0.6340612648513665
1,1,0.3496653438430751,0.6503346561569249
1,1,0.3537353201504696,0.6462646798495304
1,1,0.36140414253291575,0.6385958574670842
0,1,0.3672803861556492,0.6327196138443508
1,1,0.37205950411857847,0.6279404958814215
1,1,0.3791265620105658,0.6208734379894342
1,1,0.37231379073379933,0.6276862092662007
1,1,0.3657048860741552,0.6342951139258448
1,1,0.3330979189539319,0.6669020810460681
1,1,0.34021850864587244,0.6597814913541276
1,1,0.31606449450852414,0.6839355054914759
0,1,0.39050274004607644,0.6094972599539236
1,1,0.38228227510617374,0.6177177248938263
1,1,0.3287747618159499,0.6712252381840501
0,1,0.3645431474425631,0.6354568525574369
1,1,0.3627785341139801,0.6372214658860199
1,1,0.3530722546609283,0.6469277453390717
0,1,0.34958435278912314,0.6504156472108769
1,1,0.3771234006171875,0.6228765993828125
1,1,0.3692267185573377,0.6307732814426623
1,1,0.3413307441964025,0.6586692558035975
0,1,0.34669543845787765,0.6533045615421224
0,1,0.3801568377737359,0.6198431622262641
0,1,0.38178688781774806,0.618213112182252
1,1,0.3578172035244064,0.6421827964755936
0,1,0.3655631801346185,0.6344368198653815
0,1,0.34451479054415834,0.6554852094558417
1,1,0.3419514510465729,0.6580485489534271
0,1,0.369624272455649,0.630375727544351
0,1,0.37271545261448,0.62728454738552
0,1,0.35194911435281395,0.648050885647186
1,1,0.3421630337237903,0.6578369662762097
1,1,0.3408903770818382,0.6591096229181618
0,1,0.33712414366614607,0.6628758563338539
0,1,0.3598243684307748,0.6401756315692252
0,1,0.43124911556192314,0.5687508844380769
1,1,0.31938925611927216,0.6806107438807278
1,1,0.4220659085055918,0.5779340914944082
0,1,0.36019446660429766,0.6398055333957023
0,1,0.362261662209724,0.637738337790276
1,1,0.3473631677492983,0.6526368322507017
1,1,0.3981683846955081,0.6018316153044919
1,1,0.43876328427372113,0.5612367157262789
1,1,0.37792405046552335,0.6220759495344766
1,1,0.3231071470531959,0.6768928529468041
1,1,0.30972516218400326,0.6902748378159967
1,1,0.3269037794169084,0.6730962205830916
1,1,0.3363707072328659,0.6636292927671341
1,1,0.35857540638429464,0.6414245936157054
0,1,0.37903629687372054,0.6209637031262795
1,1,0.35032610868237524,0.6496738913176248
0,1,0.3580508774191169,0.6419491225808831
1,1,0.3983754278809565,0.6016245721190435
1,1,0.34397852624263003,0.65602147375737
1,1,0.34880237502635414,0.6511976249736459
1,1,0.3499964475440853,0.6500035524559147
1,1,0.38286753316097255,0.6171324668390274
1,1,0.36129238247571227,0.6387076175242877
0,1,0.3707506777898598,0.6292493222101402
1,1,0.3656706504454974,0.6343293495545026
1,1,0.3692289421750481,0.6307710578249519
1,1,0.34160025995104093,0.6583997400489591
1,1,0.33819757149423013,0.6618024285057699
1,1,0.384321269193312,0.615678730806688
1,1,0.359566562888204,0.640433437111796
1,1,0.36828794142992605,0.631712058570074
0,1,0.3551126166500864,0.6448873833499136
1,1,0.35377954965506275,0.6462204503449372
0,1,0.369634234840283,0.630365765159717
1,1,0.3570604818664196,0.6429395181335804
1,1,0.36296749137928164,0.6370325086207184
1,1,0.35091644580269543,0.6490835541973046
0,1,0.35027003219632613,0.6497299678036739
0,1,0.3732843612240747,0.6267156387759253
1,1,0.361964605182181,0.638035394817819
0,1,0.33037804677988725,0.6696219532201128
0,1,0.3634238933720797,0.6365761066279203
1,1,0.3656651078427551,0.6343348921572449
1,1,0.34166877193181766,0.6583312280681823
0,1,0.3382924325508956,0.6617075674491044
1,1,0.36903998053885245,0.6309600194611475
0,1,0.33916667338153883,0.6608333266184612
1,1,0.36894309681932214,0.6310569031806779
0,1,0.3489035043740629,0.6510964956259371
0,1,0.3484934706183792,0.6515065293816208
1,1,0.3624728899613603,0.6375271100386397
1,1,0.3446700143664795,0.6553299856335205
1,1,0.33061786348892186,0.6693821365110781
1,1,0.36024742438278723,0.6397525756172128
1,1,0.3228900155519756,0.6771099844480244
1,1,0.37794382365149093,0.6220561763485091
1,1,0.33519555097412557,0.6648044490258744
1,1,0.3422918669159737,0.6577081330840263
0,1,0.3426996335945818,0.6573003664054182
1,1,0.33874255321859825,0.6612574467814017
1,1,0.3852626247759058,0.6147373752240942
1,1,0.3718209052830198,0.6281790947169802
0,1,0.3627311841118882,0.6372688158881118
1,1,0.36632897896476524,0.6336710210352348
1,1,0.387831198444028,0.612168801555972
1,1,0.37748074173637847,0.6225192582636215
1,1,0.3800901846327075,0.6199098153672925
1,1,0.3573617652946266,0.6426382347053734
0,1,0.37383904907070575,0.6261609509292942
0,1,0.3533941185233397,0.6466058814766603
1,1,0.3796739088342166,0.6203260911657834
0,1,0.36749830318273125,0.6325016968172688
1,1,0.3325409625613278,0.6674590374386722
1,1,0.35103320774827085,0.6489667922517292
1,1,0.33905852688241345,0.6609414731175866
1,1,0.3466519702565355,0.6533480297434645
0,1,0.3518841365349261,0.6481158634650739
1,1,0.3473187964034019,0.6526812035965981
0,1,0.3867563405203477,0.6132436594796523
0,1,0.3570768429984146,0.6429231570015854
1,1,0.32942462712198306,0.6705753728780169
1,1,0.32927310031146817,0.6707268996885318
0,1,0.3557911734005148,0.6442088265994852
1,1,0.3679640085341399,0.6320359914658601
0,1,0.3365741753242014,0.6634258246757986
1,1,0.3473123326442016,0.6526876673557984
0,1,0.3629844506214448,0.6370155493785552
1,1,0.3582846588833618,0.6417153411166382
0,1,0.3467570939395487,0.6532429060604513
0,1,0.3381493381405797,0.6618506618594203
0,1,0.3734814610004721,0.6265185389995279
1,1,0.34055408491970496,0.659445915080295
0,1,0.3368010033794028,0.6631989966205972
0,1,0.3838889530782392,0.6161110469217608
1,1,0.36927356554270296,0.630726434457297
0,1,0.3525779364663909,0.6474220635336091
1,1,0.35655167331422477,0.6434483266857752
1,1,0.3462682301397525,0.6537317698602475
0,1,0.35616379083722405,0.643836209162776
0,1,0.33972375481565453,0.6602762451843455
0,1,0.36609752183977007,0.6339024781602299
0,1,0.35609373673908196,0.643906263260918
1,1,0.3719146716113867,0.6280853283886133
1,1,0.3687562369893286,0.6312437630106714
1,1,0.362519668791937,0.637480331208063
1,1,0.36624436683813766,0.6337556331618623
1,1,0.3892114732071974,0.6107885267928026
1,1,0.3818397018160916,0.6181602981839084
1,1,0.3443132077160882,0.6556867922839118
0,1,0.35301152577743167,0.6469884742225683
0,1,0.3569774060342975,0.6430225939657025
1,1,0.35673665318832226,0.6432633468116777
0,1,0.3582244797612746,0.6417755202387254
0,1,0.3701827778228106,0.6298172221771894
1,1,0.34216902585405984,0.6578309741459402
1,1,0.37114750615321945,0.6288524938467805
1,1,0.3632603843410982,0.6367396156589018
0,1,0.35792664375781413,0.6420733562421859
1,1,0.36224028438907796,0.637759715610922
1,1,0.35726531187722677,0.6427346881227732
1,1,0.3376139443612223,0.6623860556387777
1,1,0.34815634490096414,0.6518436550990359
0,1,0.3348245000308361,0.6651754999691639
1,1,0.34436406082586457,0.6556359391741354
1,1,0.3536624500129689,0.6463375499870311
0,1,0.33803277525930975,0.6619672247406903
1,1,0.34701000859786846,0.6529899914021315
1,1,0.3512648084292822,0.6487351915707178
1,1,0.3284297295206,0.6715702704794
1,1,0.36833895613818535,0.6316610438618147
0,1,0.3428444775855215,0.6571555224144785
1,1,0.3746123475869455,0.6253876524130545
1,1,0.3849897838675197,0.6150102161324803
1,1,0.3346509564405834,0.6653490435594166
1,1,0.3502435828229038,0.6497564171770962
1,1,0.35725078319710024,0.6427492168028998
1,1,0.3743889135695172,0.6256110864304828
1,1,0.34754620839535266,0.6524537916046473
0,1,0.3736798559643649,0.6263201440356351
1,1,0.3532707032785334,0.6467292967214666
1,1,0.335245877406681,0.664754122593319
0,1,0.30591378473171105,0.694086215268289
1,1,0.4074409441827692,0.5925590558172308
0,1,0.3288307510689198,0.6711692489310802
1,1,0.3556159728031646,0.6443840271968354
0,1,0.3660480202319666,0.6339519797680334
1,1,0.32505518767754027,0.6749448123224597
0,1,0.3508803733959859,0.6491196266040141
0,1,0.35329840310207616,0.6467015968979238
1,1,0.35450216809731194,0.6454978319026881
1,1,0.32897806510665084,0.6710219348933492
1,1,0.3603274383011955,0.6396725616988045
1,1,0.3763722772088943,0.6236277227911057
1,1,0.3783981542575371,0.6216018457424629
1,1,0.3453345935326676,0.6546654064673324
1,1,0.3495494737017504,0.6504505262982496
1,1,0.35910024863855794,0.6408997513614421
0,1,0.3519852043663949,0.6480147956336051
0,1,0.3752451849354933,0.6247548150645067
1,1,0.4101602185338308,0.5898397814661692
1,1,0.3747856826343412,0.6252143173656588
1,1,0.36497292641838963,0.6350270735816104
0,1,0.3579484411036976,0.6420515588963024
1,1,0.35305166806193033,0.6469483319380697
1,1,0.35621363647795046,0.6437863635220495
0,1,0.32994239808514036,0.6700576019148596
1,1,0.34079956053000837,0.6592004394699916
1,1,0.3751255875049806,0.6248744124950194
0,1,0.3550166559579887,0.6449833440420113
1,1,0.35676264801216306,0.6432373519878369
1,1,0.3643773019482013,0.6356226980517987
1,1,0.346724509190928,0.653275490809072
0,1,0.3876006646353807,0.6123993353646193
1,1,0.34850972710499906,0.6514902728950009
0,1,0.33936055200959314,0.6606394479904069
1,1,0.3088052483235595,0.6911947516764405
1,1,0.35456823373610413,0.6454317662638959
1,1,0.38344861714288403,0.616551382857116
0,1,0.35211197288681984,0.6478880271131802
1,1,0.3771579331700611,0.6228420668299389
0,1,0.39411078338180405,0.605889216618196
1,1,0.34149396257543396,0.658506037424566
0,1,0.36695383662902115,0.6330461633709789
1,1,0.3706369555615229,0.6293630444384771
1,1,0.34760777096193585,0.6523922290380642
1,1,0.3740249164260109,0.6259750835739891
1,1,0.3722821869647447,0.6277178130352553
0,1,0.378675784762322,0.621324215237678
1,1,0.3883850772011632,0.6116149227988368
1,1,0.35860578628178186,0.6413942137182181
0,1,0.3579197792173374,0.6420802207826626
1,1,0.357428949613284,0.642571050386716
0,1,0.357246464036039,0.642753535963961
1,1,0.35610850218680834,0.6438914978131917
1,1,0.36046262092282466,0.6395373790771753
0,1,0.3614713099383029,0.6385286900616971
1,1,0.3298311501379734,0.6701688498620266
0,1,0.3452122229301874,0.6547877770698126
0,1,0.35161949426433925,0.6483805057356608
1,1,0.35089644178509216,0.6491035582149078
1,1,0.3570428069850142,0.6429571930149858
1,1,0.33930309808116366,0.6606969019188363
0,1,0.33552997571382637,0.6644700242861736
1,1,0.3526045185655271,0.6473954814344729
1,1,0.3619394550151591,0.6380605449848409
1,1,0.34306138964843547,0.6569386103515645
0,1,0.3740563137855313,0.6259436862144687
1,1,0.34634296567982825,0.6536570343201717
1,1,0.3591799632049206,0.6408200367950794
1,1,0.3458339085211236,0.6541660914788764
1,1,0.3537434628887053,0.6462565371112947
1,1,0.3553001995556323,0.6446998004443677
0,1,0.3493922804869646,0.6506077195130354
1,1,0.31692102180264803,0.683078978197352
1,1,0.341554149461303,0.658445850538697
1,1,0.36575320073245887,0.6342467992675411
1,1,0.3437727574028069,0.6562272425971931
1,1,0.3495383436068298,0.6504616563931702
0,1,0.3699809915347162,0.6300190084652838
0,1,0.34019626648374934,0.6598037335162507
0,1,0.3411079855826248,0.6588920144173752
1,1,0.344753129095285,0.655246870904715
1,1,0.34191936697375436,0.6580806330262456
0,1,0.3520829356720345,0.6479170643279655
1,1,0.3755177271245693,0.6244822728754307
0,1,0.33228477025067404,0.667715229749326
0,1,0.33069049202506906,0.6693095079749309
1,1,0.34976779357129206,0.6502322064287079
1,1,0.368894675203457,0.631105324796543
1,1,0.3593479842664683,0.6406520157335317
1,1,0.33797733949285114,0.6620226605071489
1,1,0.3547153958602203,0.6452846041397797
1,1,0.3640569969855739,0.6359430030144261
1,1,0.3732185174919168,0.6267814825080832
1,1,0.3525879939071175,0.6474120060928825
1,1,0.3529760891483881,0.6470239108516119
1,1,0.35732301865092087,0.6426769813490791
1,1,0.35481513231405737,0.6451848676859426
1,1,0.3612963501262738,0.6387036498737262
1,1,0.3259207021567977,0.6740792978432023
0,1,0.3497501794611646,0.6502498205388354
0,1,0.3822498519357582,0.6177501480642418
1,1,0.3582166866781131,0.6417833133218869
1,1,0.35463664184550425,0.6453633581544957
1,1,0.3466179191967004,0.6533820808032996
1,1,0.3677383288325111,0.6322616711674889
1,1,0.3257924499368169,0.6742075500631831
1,1,0.35870159315045125,0.6412984068495488
0,1,0.34379419814581214,0.6562058018541879
0,1,0.35315875460232815,0.6468412453976718
0,1,0.3172081714340581,0.6827918285659419
1,1,0.3551359839979492,0.6448640160020508
1,1,0.33282833565078374,0.6671716643492163
1,1,0.34652591872679617,0.6534740812732038
1,1,0.3515715975247302,0.6484284024752698
1,1,0.35758054625833924,0.6424194537416608
0,1,0.3360325345207654,0.6639674654792346
1,1,0.3563551515429847,0.6436448484570153
1,1,0.3473381231371516,0.6526618768628484
1,1,0.3414892723756735,0.6585107276243265
1,1,0.348638353426721,0.651361646573279
0,1,0.3691301314692763,0.6308698685307237
0,1,0.31769715838520485,0.6823028416147952
0,1,0.34122420360236494,0.6587757963976351
1,1,0.3228507393688326,0.6771492606311674
0,1,0.36115712480699635,0.6388428751930036
1,1,0.3350022876452673,0.6649977123547327
0,1,0.4179496310481685,0.5820503689518315
1,1,0.34150404329365824,0.6584959567063418
0,1,0.3487976579253238,0.6512023420746762
0,1,0.35372373405689816,0.6462762659431018
0,1,0.37850040833990584,0.6214995916600942
1,1,0.329098761353802,0.670901238646198
1,1,0.3434457851270982,0.6565542148729018
1,1,0.36952084785666894,0.6304791521433311
0,1,0.31624444696670284,0.6837555530332972
1,1,0.3636005155600156,0.6363994844399844
1,1,0.35145479925422074,0.6485452007457793
0,1,0.35024184035307415,0.6497581596469258
1,1,0.3514019475537905,0.6485980524462095
1,1,0.343612287695336,0.656387712304664
1,1,0.3730685954051083,0.6269314045948917
1,1,0.3345090755005451,0.6654909244994549
0,1,0.3555754361461796,0.6444245638538204
1,1,0.3461325463336494,0.6538674536663506
1,1,0.339125975967022,0.660874024032978
0,1,0.32243061756712477,0.6775693824328752
1,1,0.35133199738438703,0.648668002615613
1,1,0.3789440077320104,0.6210559922679896
1,1,0.3456599533441225,0.6543400466558775
0,1,0.3508127209571067,0.6491872790428933
1,1,0.3633996234943322,0.6366003765056678
1,1,0.28885746184925787,0.7111425381507421
1,1,0.33322571309917204,0.666774286900828
1,1,0.3395724341127698,0.6604275658872302
1,1,0.35844125355652834,0.6415587464434717
1,1,0.3413236432543596,0.6586763567456404
0,1,0.34709431864234386,0.6529056813576561
1,1,0.38783336853541095,0.612166631464589
1,1,0.3589776825665534,0.6410223174334466
1,1,0.3613729125343066,0.6386270874656934
0,1,0.34993191997430706,0.6500680800256929
1,1,0.3178435376952412,0.6821564623047588
1,1,0.3524538469273817,0.6475461530726183
1,1,0.36020398852328595,0.639796011476714
0,1,0.35069248494010496,0.649307515059895
1,1,0.3072957003735083,0.6927042996264917
1,1,0.3712108109713379,0.6287891890286621
1,1,0.3791584955549784,0.6208415044450216
0,1,0.3627584459011137,0.6372415540988863
1,1,0.3635112861056574,0.6364887138943426
0,1,0.31683319988603564,0.6831668001139644
1,1,0.35320652334330505,0.646793476656695
1,1,0.33903405113519225,0.6609659488648078
0,1,0.33953279723362684,0.6604672027663732
1,1,0.3443884487049279,0.6556115512950721
1,1,0.35212702123719897,0.647872978762801
0,1,0.34613708487468,0.65386291512532
0,1,0.3511674222688218,0.6488325777311782
1,1,0.35954140766177534,0.6404585923382247
1,1,0.3326964400389887,0.6673035599610113
1,1,0.3445078688372447,0.6554921311627553
0,1,0.34776395268831684,0.6522360473116832
0,1,0.35658684539745167,0.6434131546025483
0,1,0.358119099160488,0.641880900839512
1,1,0.329394614634297,0.670605385365703
1,1,0.3407060499692366,0.6592939500307634
0,1,0.37607651586440005,0.6239234841356
0,1,0.35900974518593354,0.6409902548140665
1,1,0.39024411012595395,0.609755889874046
0,1,0.3395300382217463,0.6604699617782537
0,1,0.37463107961115105,0.625368920388849
0,1,0.3506193304225613,0.6493806695774387
1,1,0.339425128335642,0.660574871664358
0,1,0.35726052808569697,0.642739471914303
1,1,0.3440735550949887,0.6559264449050113
1,1,0.3610488773830707,0.6389511226169293
0,1,0.3533715443147789,0.6466284556852211
0,1,0.3562410029548595,0.6437589970451405
0,1,0.35202250729327833,0.6479774927067217
0,1,0.34574808194899576,0.6542519180510042
1,1,0.3323917978566926,0.6676082021433074
1,1,0.3481217831632829,0.6518782168367171
1,1,0.3662305015760874,0.6337694984239126
0,1,0.3528235879082996,0.6471764120917004
1,1,0.3486045387357347,0.6513954612642653
1,1,0.34854873370478634,0.6514512662952137
1,1,0.33698437341073595,0.663015626589264
1,1,0.3618146681698645,0.6381853318301355
1,1,0.33837628132490694,0.6616237186750931
1,1,0.39864402496306584,0.6013559750369342
0,1,0.37408294697543,0.62591705302457
1,1,0.40072858686842616,0.5992714131315738
0,1,0.36240154092841503,0.637598459071585
1,1,0.3403619442223925,0.6596380557776075
1,1,0.3479573937986036,0.6520426062013964
0,1,0.3920744834459925,0.6079255165540075
1,1,0.3725653931981868,0.6274346068018132
1,1,0.3570110003168675,0.6429889996831325
0,1,0.36445784883547383,0.6355421511645262
1,1,0.3391283177119355,0.6608716822880645
1,1,0.36103649821287087,0.6389635017871291
0,1,0.38834847071703793,0.6116515292829621
1,1,0.3403543125638513,0.6596456874361487
1,1,0.3625499396562871,0.6374500603437129
1,1,0.3764673596016809,0.6235326403983191
1,1,0.34851057551898446,0.6514894244810155
0,1,0.36060249668644584,0.6393975033135542
0,1,0.3650510347264949,0.6349489652735051
1,1,0.3409271309001577,0.6590728690998423
1,1,0.33384513026589757,0.6661548697341024
1,1,0.34241640844328625,0.6575835915567138
0,1,0.3339915044741497,0.6660084955258503
0,1,0.3450942224471547,0.6549057775528453
0,1,0.3545887027727592,0.6454112972272408
1,1,0.37677919400514404,0.623220805994856
0,1,0.3435570718398603,0.6564429281601397
0,1,0.3491195144354997,0.6508804855645003
1,1,0.353027446377037,0.646972553622963
1,1,0.3706594078437967,0.6293405921562033
1,1,0.3312532287000107,0.6687467712999893
0,1,0.34367922465059386,0.6563207753494061
1,1,0.36507038299205585,0.6349296170079441
1,1,0.3620368888410054,0.6379631111589946
0,1,0.31362683979129957,0.6863731602087004
1,1,0.35518546479287283,0.6448145352071272
0,1,0.3487784597561753,0.6512215402438247
1,1,0.3386728255103788,0.6613271744896212
1,1,0.3471808656081615,0.6528191343918385
1,1,0.3503186905377911,0.6496813094622089
0,1,0.3641477384897015,0.6358522615102985
1,1,0.34941772722229836,0.6505822727777016
0,1,0.3622723617464375,0.6377276382535625
1,1,0.3827909127569592,0.6172090872430408
1,1,0.36292021087873627,0.6370797891212637
0,1,0.31512701085088857,0.6848729891491114
1,1,0.34707360157772593,0.6529263984222741
1,1,0.3417742664294441,0.6582257335705559
1,1,0.33823959692597105,0.661760403074029
1,1,0.334031912173419,0.665968087826581
0,1,0.3880064413384713,0.6119935586615287
1,1,0.3782786795047607,0.6217213204952393
0,1,0.36446015806114906,0.6355398419388509
0,1,0.34603039777050615,0.6539696022294939
1,1,0.33506690101497105,0.664933098985029
0,1,0.36956418007412917,0.6304358199258708
1,1,0.357944648484563,0.642055351515437
1,1,0.30908969296265054,0.6909103070373495
1,1,0.3495417380869582,0.6504582619130418
1,1,0.3182285555416079,0.6817714444583921
1,1,0.3738474776127133,0.6261525223872867
0,1,0.3342188925933758,0.6657811074066242
0,1,0.3664983016028688,0.6335016983971312
1,1,0.37046314579028927,0.6295368542097107
1,1,0.3734931740827655,0.6265068259172345
0,1,0.3548139905342863,0.6451860094657137
0,1,0.377292574862795,0.622707425137205
1,1,0.34507965813067343,0.6549203418693266
1,1,0.32196368214476045,0.6780363178552395
1,1,0.356991091261608,0.643008908738392
0,1,0.3735787748282967,0.6264212251717033
1,1,0.35743948364767986,0.6425605163523201
1,1,0.3440554548673136,0.6559445451326864
1,1,0.35823336180430376,0.6417666381956962
1,1,0.40037007734800656,0.5996299226519934
1,1,0.35791061875692864,0.6420893812430714
1,1,0.361901473691006,0.638098526308994
1,1,0.34785896063029575,0.6521410393697042
0,1,0.34974544707731725,0.6502545529226827
1,1,0.40462869120632516,0.5953713087936748
1,1,0.3634384282617794,0.6365615717382206
0,1,0.36989208501161563,0.6301079149883844
0,1,0.3473944389797424,0.6526055610202576
1,1,0.3474003531073315,0.6525996468926685
1,1,0.37696377333511144,0.6230362266648886
1,1,0.3945007404242673,0.6054992595757327
1,1,0.35334686321722775,0.6466531367827723
0,1,0.39706130406371176,0.6029386959362882
1,1,0.3711447361683311,0.6288552638316689
1,1,0.332180294180617,0.667819705819383
1,1,0.36840875651794747,0.6315912434820525
0,1,0.3447013594223072,0.6552986405776928
1,1,0.36549486873025794,0.6345051312697421
1,1,0.3742587897916656,0.6257412102083344
1,1,0.34825138585569315,0.6517486141443068
1,1,0.3327627971812924,0.6672372028187076
1,1,0.3411227835084699,0.6588772164915301
1,1,0.36655212303839435,0.6334478769616056
0,1,0.344005012057616,0.655994987942384
0,1,0.38913044270038755,0.6108695572996125
0,1,0.31199739912146895,0.688002600878531
1,1,0.36813577593920477,0.6318642240607952
1,1,0.34986177728195167,0.6501382227180483
0,1,0.33430680452654316,0.6656931954734568
0,1,0.3299630197899923,0.6700369802100077
1,1,0.35945663825057306,0.6405433617494269
1,1,0.3786859572086687,0.6213140427913313
0,1,0.35523130323604446,0.6447686967639555
1,1,0.37914084099484124,0.6208591590051588
0,1,0.3529908833059002,0.6470091166940998
0,1,0.36268297960856644,0.6373170203914336
1,1,0.3664470011865636,0.6335529988134364
1,1,0.3446096392557909,0.6553903607442091
1,1,0.33895454115713874,0.6610454588428613
1,1,0.360560705166995,0.639439294833005
1,1,0.33461578063802466,0.6653842193619753
1,1,0.3492502587358861,0.6507497412641139
0,1,0.33851552350064307,0.6614844764993569
1,1,0.3438780851422155,0.6561219148577845
1,1,0.3460505534704208,0.6539494465295792
1,1,0.329057360777822,0.670942639222178
0,1,0.35181406547073213,0.6481859345292679
0,1,0.3517323059144608,0.6482676940855392
0,1,0.3400496975680568,0.6599503024319432
0,1,0.3557140328895617,0.6442859671104383
1,1,0.3528980160422056,0.6471019839577944
0,1,0.3680866979005727,0.6319133020994273
0,1,0.3583891169413538,0.6416108830586462
1,1,0.3565955019392969,0.6434044980607031
0,1,0.372948379339093,0.627051620660907
0,1,0.3574062831246072,0.6425937168753928
1,1,0.3642931684734162,0.6357068315265838
0,1,0.3396123480906601,0.6603876519093399
1,1,0.3464931781173143,0.6535068218826857
1,1,0.33270845875349,0.66729154124651
1,1,0.30081695093178507,0.6991830490682149
1,1,0.3587750280817502,0.6412249719182498
1,1,0.3226183773179727,0.6773816226820273
1,1,0.3482274870090838,0.6517725129909162
1,1,0.36755392991161673,0.6324460700883833
1,1,0.3617479051164888,0.6382520948835112
1,1,0.35870915641921575,0.6412908435807843
1,1,0.36458474003236874,0.6354152599676313
1,1,0.3808407809216948,0.6191592190783052
0,1,0.426833509877504,0.573166490122496
0,1,0.3299525770167885,0.6700474229832115
1,1,0.3607334240879875,0.6392665759120125
1,1,0.36079889320858505,0.639201106791415
1,1,0.3530195189817391,0.6469804810182609
1,1,0.3826858085737723,0.6173141914262277
1,1,0.36762697596327887,0.6323730240367211
0,1,0.39060372975718205,0.609396270242818
1,1,0.35174241775539683,0.6482575822446032
1,1,0.34753095614208973,0.6524690438579103
1,1,0.36197491471920684,0.6380250852807932
0,1,0.3692369859550426,0.6307630140449574
0,1,0.36793107074191356,0.6320689292580864
1,1,0.3691972830255348,0.6308027169744652
1,1,0.2989974179723617,0.7010025820276383
0,1,0.32575939116392594,0.6742406088360741
0,1,0.34807167830144337,0.6519283216985566
1,1,0.35328731414905423,0.6467126858509458
1,1,0.3490810225826988,0.6509189774173012
1,1,0.31717615128793475,0.6828238487120653
0,1,0.3394316745246827,0.6605683254753173
0,1,0.36356198708650866,0.6364380129134913
0,1,0.3257542768272733,0.6742457231727267
0,1,0.33923892647180676,0.6607610735281932
1,1,0.369486465458304,0.630513534541696
1,1,0.3957477768744344,0.6042522231255656
1,1,0.3675502031476934,0.6324497968523066
1,1,0.3327292631711558,0.6672707368288442
1,1,0.36623681978819345,0.6337631802118066
1,1,0.3626706927704494,0.6373293072295506
1,1,0.3384937242945075,0.6615062757054925
1,1,0.33565558558969,0.66434441441031
1,1,0.37576886451540137,0.6242311354845986
0,1,0.3433650204241341,0.6566349795758659
0,1,0.3486497714118201,0.6513502285881799
1,1,0.36401931170091695,0.635980688299083
0,1,0.3513941183687277,0.6486058816312723
1,1,0.3270264459995922,0.6729735540004078
0,1,0.36932181882299486,0.6306781811770051
1,1,0.34828936678001865,0.6517106332199814
1,1,0.3571299380252827,0.6428700619747173
1,1,0.3458106848202819,0.6541893151797181
0,1,0.34188736176703527,0.6581126382329647
0,1,0.35488551287928183,0.6451144871207182
1,1,0.39088378715326333,0.6091162128467367
1,1,0.36845166632249293,0.6315483336775071
0,1,0.3660841549108077,0.6339158450891923
1,1,0.37271654482918937,0.6272834551708106
1,1,0.33889807199919164,0.6611019280008084
1,1,0.348044427099238,0.651955572900762
1,1,0.36294212484862354,0.6370578751513765
1,1,0.3586319674174504,0.6413680325825496
0,1,0.3651568567665161,0.6348431432334839
0,1,0.33499973747069556,0.6650002625293044
1,1,0.33924754471712326,0.6607524552828767
0,1,0.36038742565959214,0.6396125743404079
0,1,0.35685557503540677,0.6431444249645932
1,1,0.3559167968294137,0.6440832031705863
0,1,0.37025558401299674,0.6297444159870033
1,1,0.33642502490817217,0.6635749750918278
1,1,0.3507614860545185,0.6492385139454815
0,1,0.37317783909224256,0.6268221609077574
1,1,0.3848832062787393,0.6151167937212607
1,1,0.3508758485150336,0.6491241514849664
1,1,0.3501741402113222,0.6498258597886778
1,1,0.31606074289186037,0.6839392571081396
1,1,0.3643039584945441,0.6356960415054559
1,1,0.33693236411805405,0.663067635881946
0,1,0.3466482457757346,0.6533517542242654
0,1,0.3770402653366083,0.6229597346633917
1,1,0.362642834512078,0.637357165487922
1,1,0.34226431190370854,0.6577356880962915
1,1,0.3488864725010353,0.6511135274989647
1,1,0.3658380748427257,0.6341619251572743
1,1,0.3622549455282187,0.6377450544717813
0,1,0.36061664745133437,0.6393833525486656
1,1,0.35018799560466785,0.6498120043953322
1,1,0.33751202534782476,0.6624879746521752
1,1,0.38105711282477484,0.6189428871752252
1,1,0.3665164494030432,0.6334835505969568
1,1,0.36633379273846844,0.6336662072615316
1,1,0.35526939685905945,0.6447306031409406
1,1,0.3271070632487679,0.6728929367512321
1,1,0.35433945137076706,0.6456605486292329
1,1,0.36338359165381406,0.6366164083461859
0,1,0.35251814134978865,0.6474818586502114
0,1,0.3454835277240922,0.6545164722759078
1,1,0.35087721104510117,0.6491227889548988
1,1,0.37278363064054887,0.6272163693594511
1,1,0.3739619559022507,0.6260380440977493
1,1,0.3489414682223678,0.6510585317776322
0,1,0.35928229556708413,0.6407177044329159
0,1,0.36916450271926315,0.6308354972807368
1,1,0.3429028765091281,0.6570971234908719
1,1,0.3397441258840608,0.6602558741159392
1,1,0.3785953606570215,0.6214046393429785
1,1,0.3554245625578236,0.6445754374421764
1,1,0.3558697357923657,0.6441302642076343
1,1,0.35449097854582734,0.6455090214541727
1,1,0.36633788447233395,0.633662115527666
0,1,0.341445273355403,0.658554726644597
1,1,0.36711846748277255,0.6328815325172275
1,1,0.35002933256966395,0.649970667430336
0,1,0.3497826792854083,0.6502173207145917
1,1,0.3352436957989374,0.6647563042010626
0,1,0.3693412069749168,0.6306587930250832
1,1,0.34879245675100756,0.6512075432489924
1,1,0.3578557908335429,0.6421442091664571
0,1,0.3210307534411774,0.6789692465588226
1,1,0.3454200815843683,0.6545799184156317
1,1,0.3889155145161023,0.6110844854838977
1,1,0.35500928063073145,0.6449907193692686
1,1,0.35575348442019805,0.644246515579802
1,1,0.3406847058363327,0.6593152941636673
1,1,0.34000507031468363,0.6599949296853164
0,1,0.3884144813488347,0.6115855186511653
0,1,0.3841378629469555,0.6158621370530445
1,1,0.33973361308610905,0.660266386913891
0,1,0.3393760014260091,0.6606239985739909
1,1,0.3748936335477113,0.6251063664522887
0,1,0.3896632885877359,0.6103367114122641
0,1,0.33236197276744617,0.6676380272325538
1,1,0.35548716635350286,0.6445128336464971
0,1,0.36844775049627776,0.6315522495037222
1,1,0.3498878253355475,0.6501121746644525
0,1,0.3575508244880694,0.6424491755119306
0,1,0.392509109351732,0.607490890648268
1,1,0.39721061983469663,0.6027893801653034
0,1,0.3548045884388801,0.6451954115611199
1,1,0.379248129154812,0.620751870845188
1,1,0.336779990459416,0.663220009540584
0,1,0.3720348043916205,0.6279651956083795
0,1,0.3441998447688509,0.6558001552311491
0,1,0.36463746355530624,0.6353625364446938
1,1,0.36603519922914973,0.6339648007708503
1,1,0.3379237552419828,0.6620762447580172
1,1,0.3430084736522486,0.6569915263477514
1,1,0.3366555228167406,0.6633444771832594
0,1,0.36415457338423607,0.6358454266157639
1,1,0.37271887896064526,0.6272811210393547
1,1,0.37073178694317455,0.6292682130568255
0,1,0.34251944787019606,0.6574805521298039
1,1,0.35696953607581927,0.6430304639241807
1,1,0.36015440520714626,0.6398455947928537
1,1,0.372667734289566,0.627332265710434
1,1,0.3584586609553436,0.6415413390446564
1,1,0.3400254070308123,0.6599745929691877
1,1,0.35682984470817825,0.6431701552918218
1,1,0.33825157224457814,0.6617484277554219
1,1,0.3224441153052887,0.6775558846947113
0,1,0.35281803915595944,0.6471819608440406
0,1,0.3576745025637533,0.6423254974362467
1,1,0.377514479871629,0.622485520128371
1,1,0.3696288264059169,0.6303711735940831
1,1,0.3693108395534629,0.6306891604465371
0,1,0.3537574271741548,0.6462425728258452
1,1,0.38027671362679083,0.6197232863732092
1,1,0.40055884665445984,0.5994411533455402
1,1,0.39978120273173867,0.6002187972682613
1,1,0.36356721190383157,0.6364327880961684
1,1,0.3234404254483356,0.6765595745516644
1,1,0.37391874452443685,0.6260812554755631
1,1,0.3714566283299807,0.6285433716700193
1,1,0.40191038754969455,0.5980896124503055
0,1,0.36161276143821797,0.638387238561782
1,1,0.3390377368268154,0.6609622631731846
1,1,0.35499597706846153,0.6450040229315385
1,1,0.35792809314651797,0.642071906853482
1,1,0.37883309075816873,0.6211669092418313
0,1,0.3372961838751507,0.6627038161248493
0,1,0.3615076195373853,0.6384923804626147
1,1,0.34481265864851673,0.6551873413514833
0,1,0.3618257612302773,0.6381742387697227
0,1,0.35234154929995265,0.6476584507000474
0,1,0.3508825207253078,0.6491174792746922
0,1,0.34375298220449146,0.6562470177955085
1,1,0.3364998374981565,0.6635001625018435
1,1,0.35567291618799945,0.6443270838120005
1,1,0.3541804993783084,0.6458195006216916
1,1,0.33465092288584986,0.6653490771141501
1,1,0.3448330940165545,0.6551669059834455
0,1,0.3634732492839573,0.6365267507160427
1,1,0.3594587115893243,0.6405412884106757
1,1,0.36495722182407175,0.6350427781759282
1,1,0.36596513785203144,0.6340348621479686
1,1,0.3720882800790579,0.6279117199209421
1,1,0.3684075894088671,0.6315924105911329
1,1,0.3718959457919798,0.6281040542080202
1,1,0.37345885928188294,0.6265411407181171
1,1,0.36980894585046853,0.6301910541495315
1,1,0.39080136070320093,0.6091986392967991
0,1,0.3783084031493107,0.6216915968506893
1,1,0.3333661439271316,0.6666338560728684
1,1,0.3457073464573337,0.6542926535426663
0,1,0.3539455838948137,0.6460544161051863
0,1,0.36317428761530635,0.6368257123846937
1,1,0.3449189948095055,0.6550810051904945
1,1,0.3314780268296478,0.6685219731703522
0,1,0.3682836048188437,0.6317163951811563
1,1,0.357824228347162,0.642175771652838
1,1,0.3337940449033969,0.6662059550966031
1,1,0.36428713495318,0.63571286504682
0,1,0.38589350764947883,0.6141064923505212
1,1,0.35011891396358086,0.6498810860364191
1,1,0.3556025161635089,0.6443974838364911
0,1,0.3619706129836314,0.6380293870163686
1,1,0.3390790964790006,0.6609209035209994
1,1,0.36251304076840707,0.6374869592315929
0,1,0.33696708290671484,0.6630329170932852
0,1,0.4204121246609227,0.5795878753390773
1,1,0.3384246912426788,0.6615753087573212
1,1,0.3692320823070271,0.6307679176929729
0,1,0.37259468315796096,0.627405316842039
0,1,0.37949137508415043,0.6205086249158496
1,1,0.3840816668362489,0.6159183331637511
0,1,0.34861093945086075,0.6513890605491393
1,1,0.3589105419625366,0.6410894580374634
1,1,0.34845434261686403,0.651545657383136
0,1,0.35920336226506666,0.6407966377349333
1,1,0.3448761315425225,0.6551238684574775
1,1,0.3573907229810993,0.6426092770189007
0,1,0.33691598109624565,0.6630840189037543
0,1,0.3508122202963204,0.6491877797036796
1,1,0.37088748143887107,0.6291125185611289
1,1,0.35248745982228913,0.6475125401777109
1,1,0.38500051048747885,0.6149994895125211
0,1,0.3677719385800824,0.6322280614199176
1,1,0.34581202467224337,0.6541879753277566
0,1,0.3341094434130595,0.6658905565869405
1,1,0.33604154993797486,0.6639584500620251
0,1,0.3714461052907161,0.6285538947092839
0,1,0.3618789610995009,0.6381210389004991
1,1,0.29186949683071783,0.7081305031692822
0,1,0.3785189659951741,0.6214810340048259
0,1,0.344116384326174,0.655883615673826
1,1,0.3380008985513824,0.6619991014486176
1,1,0.3413024741153463,0.6586975258846537
1,1,0.33892523867372204,0.661074761326278
1,1,0.3810707917527494,0.6189292082472506
1,1,0.35580895899537424,0.6441910410046258
1,1,0.35420317740245366,0.6457968225975463
1,1,0.38271538733602106,0.6172846126639789
0,1,0.3760603000906637,0.6239396999093363
1,1,0.3506060775719141,0.6493939224280859
1,1,0.37083638010374265,0.6291636198962574
0,1,0.38141322322125726,0.6185867767787427
1,1,0.3492503302128137,0.6507496697871863
1,1,0.3402093394334793,0.6597906605665207
0,1,0.3684847921595761,0.6315152078404239
0,1,0.36570468233716824,0.6342953176628318
0,1,0.34925225234675117,0.6507477476532488
0,1,0.3399824496187974,0.6600175503812026
0,1,0.3623643949069697,0.6376356050930303
0,1,0.36006686168879054,0.6399331383112095
1,1,0.3645910101855724,0.6354089898144276
0,1,0.36200122520686995,0.63799877479313
0,1,0.38745715394049673,0.6125428460595033
0,1,0.35010373770232284,0.6498962622976772
1,1,0.3450688823088731,0.6549311176911269
1,1,0.35073590961994316,0.6492640903800568
1,1,0.3754246758388856,0.6245753241611144
1,1,0.34276128866463584,0.6572387113353642
1,1,0.35201598981521065,0.6479840101847893
1,1,0.3503994452742757,0.6496005547257243
1,1,0.37243625017479143,0.6275637498252086
0,1,0.36279181056080234,0.6372081894391977
1,1,0.34412943303540156,0.6558705669645984
1,1,0.34250214181587113,0.6574978581841289
0,1,0.3549929210101228,0.6450070789898772
1,1,0.3716813033509292,0.6283186966490708
1,1,0.3907704003943505,0.6092295996056495
1,1,0.3580877049986454,0.6419122950013546
0,1,0.3266590016330424,0.6733409983669576
1,1,0.3577472249029545,0.6422527750970455
1,1,0.3696183041636464,0.6303816958363536
1,1,0.3475629142164184,0.6524370857835816
1,1,0.33328711346465933,0.6667128865353407
1,1,0.3804302745660254,0.6195697254339746
1,1,0.35517580864523435,0.6448241913547657
1,1,0.3508673275379387,0.6491326724620613
0,1,0.3491354783154459,0.6508645216845541
1,1,0.3631212072255421,0.6368787927744579
0,1,0.34170496261863814,0.6582950373813619
1,1,0.35095634411259014,0.6490436558874099
1,1,0.36726850206205874,0.6327314979379413
1,1,0.3393603804944274,0.6606396195055726
1,1,0.3741308807345123,0.6258691192654877
0,1,0.3476295290327521,0.6523704709672479
1,1,0.336074048405801,0.663925951594199
0,1,0.3512654268082236,0.6487345731917764
1,1,0.355997509179656,0.644002490820344
1,1,0.38269500606586715,0.6173049939341329
1,1,0.3782088496145378,0.6217911503854622
1,1,0.3521114028304161,0.6478885971695839
0,1,0.34729833798598864,0.6527016620140114
0,1,0.3203923698638723,0.6796076301361277
0,1,0.36366617705409254,0.6363338229459075
0,1,0.3649159131751418,0.6350840868248582
1,1,0.3589821339406355,0.6410178660593645
1,1,0.39382214766967427,0.6061778523303257
1,1,0.3584842269268359,0.6415157730731641
1,1,0.3585475030224776,0.6414524969775224
1,1,0.36244470601103695,0.637555293988963
1,1,0.3750047811009183,0.6249952188990817
0,1,0.35200466912499384,0.6479953308750062
0,1,0.32928681489857514,0.6707131851014249
1,1,0.3456851749202281,0.6543148250797719
1,1,0.36235392307517866,0.6376460769248213
1,1,0.34030616628247945,0.6596938337175206
1,1,0.35593680450144083,0.6440631954985592
0,1,0.375545085230912,0.624454914769088
1,1,0.3528128922163709,0.6471871077836291
1,1,0.35580913003536396,0.644190869964636
0,1,0.3445763276855409,0.6554236723144591
0,1,0.37831016115828875,0.6216898388417113
0,1,0.35940951377303354,0.6405904862269665
0,1,0.3093124388007521,0.6906875611992479
1,1,0.35564049192634606,0.6443595080736539
1,1,0.33622744586270237,0.6637725541372976
1,1,0.37993975848014927,0.6200602415198507
1,1,0.4254694451811888,0.5745305548188112
1,1,0.35916233112258344,0.6408376688774166
1,1,0.3699955938134011,0.6300044061865989
0,1,0.36319523866107994,0.6368047613389201
0,1,0.3412659779780495,0.6587340220219505
1,1,0.3585759388471136,0.6414240611528864
1,1,0.3433690602174516,0.6566309397825484
1,1,0.3444696197037853,0.6555303802962147
1,1,0.36836087575051646,0.6316391242494835
1,1,0.365883400534577,0.634116599465423
1,1,0.3607888653623337,0.6392111346376663
1,1,0.41135855898518625,0.5886414410148137
1,1,0.34576176287527394,0.6542382371247261
1,1,0.37286122601111504,0.627138773988885
1,1,0.3530877540948093,0.6469122459051907
1,1,0.36798628205595585,0.6320137179440442
0,1,0.34180258859479995,0.6581974114052
1,1,0.33589601862138263,0.6641039813786174
1,1,0.33790376821231227,0.6620962317876877
1,1,0.3191735361952477,0.6808264638047523
1,1,0.34422711513990356,0.6557728848600964
1,1,0.3422453535741975,0.6577546464258025
1,1,0.38618248663601673,0.6138175133639833
1,1,0.35901815965223716,0.6409818403477628
0,1,0.35323262981812187,0.6467673701818781
0,1,0.3780803394382405,0.6219196605617595
1,1,0.37525685331439873,0.6247431466856013
1,1,0.345941609884012,0.654058390115988
1,1,0.32130947469582294,0.6786905253041771
1,1,0.34945708341741144,0.6505429165825886
0,1,0.38233296679765727,0.6176670332023427
1,1,0.3366624884667724,0.6633375115332276
0,1,0.34425496899392516,0.6557450310060748
1,1,0.359113030299423,0.640886969700577
1,1,0.3392558918159835,0.6607441081840165
1,1,0.359165833292463,0.640834166707537
1,1,0.3424956469086934,0.6575043530913066
1,1,0.36148629169128366,0.6385137083087163
1,1,0.34087934933065867,0.6591206506693413
1,1,0.34546557382556076,0.6545344261744392
1,1,0.3572776599786782,0.6427223400213218
1,1,0.33326333685443654,0.6667366631455635
1,1,0.36835874657246714,0.6316412534275329
0,1,0.34495395268895945,0.6550460473110405
1,1,0.36554788576892205,0.634452114231078
0,1,0.34530857166759465,0.6546914283324053
1,1,0.347931708541091,0.652068291458909
1,1,0.36303393035442777,0.6369660696455722
1,1,0.3532164057582353,0.6467835942417647
0,1,0.31985007912034735,0.6801499208796526
1,1,0.3656334222758082,0.6343665777241918
1,1,0.36180888056640603,0.638191119433594
0,1,0.36868681334202325,0.6313131866579768
1,1,0.3660235645688401,0.6339764354311599
0,1,0.3620942506046818,0.6379057493953182
0,1,0.3337831853307006,0.6662168146692994
1,1,0.3539609856960225,0.6460390143039775
1,1,0.36707703115632284,0.6329229688436772
1,1,0.361029167954555,0.638970832045445
1,1,0.34855257555439023,0.6514474244456098
1,1,0.34585627967868515,0.6541437203213148
1,1,0.31903946484171075,0.6809605351582892
1,1,0.3645353860419922,0.6354646139580078
1,1,0.35075711007396204,0.649242889926038
1,1,0.35366481600740374,0.6463351839925963
1,1,0.3489069192810573,0.6510930807189427
0,1,0.36668607419769483,0.6333139258023052
1,1,0.4048272992199229,0.5951727007800771
0,1,0.35894446264461066,0.6410555373553893
1,1,0.3692991056113497,0.6307008943886503
0,1,0.38216666512109354,0.6178333348789065
1,1,0.4727683033709469,0.5272316966290531
1,1,0.35629599487117114,0.6437040051288289
1,1,0.3546097487089519,0.6453902512910481
0,1,0.3424575293090357,0.6575424706909643
1,1,0.3240984783943599,0.6759015216056401
1,1,0.349413452534583,0.650586547465417
0,1,0.3612326838996752,0.6387673161003248
0,1,0.34223425747517366,0.6577657425248263
1,1,0.36667014877966453,0.6333298512203355
0,1,0.33982709925210053,0.6601729007478995
0,1,0.37520940482600196,0.624790595173998
1,1,0.3608588510254678,0.6391411489745322
1,1,0.3717450121250253,0.6282549878749747
0,1,0.3282361668360658,0.6717638331639342
1,1,0.34990955952760916,0.6500904404723908
1,1,0.3792768380468913,0.6207231619531087
1,1,0.3487609303795247,0.6512390696204753
1,1,0.3661448426109366,0.6338551573890634
1,1,0.37952141795404715,0.6204785820459529
1,1,0.336577440051938,0.663422559948062
1,1,0.3549802526138649,0.6450197473861351
1,1,0.3611381914725531,0.6388618085274469
1,1,0.3969628481077311,0.6030371518922689
1,1,0.37117927554071106,0.6288207244592889
0,1,0.3640481031226639,0.6359518968773361
1,1,0.3580418807942334,0.6419581192057666
1,1,0.3608875655971302,0.6391124344028698
1,1,0.3480580959844872,0.6519419040155128
0,1,0.36810293035151465,0.6318970696484854
0,1,0.3602121581012496,0.6397878418987504
1,1,0.36839683841616366,0.6316031615838363
1,1,0.36740747918451,0.63259252081549
1,1,0.3805671130592789,0.6194328869407211
1,1,0.3337712873194003,0.6662287126805997
0,1,0.3572191580018542,0.6427808419981458
1,1,0.3462600873110874,0.6537399126889126
0,1,0.35618275906308594,0.6438172409369141
1,1,0.35943552147072333,0.6405644785292767
1,1,0.3493711020439062,0.6506288979560938
0,1,0.33864938517067744,0.6613506148293226
1,1,0.3663551737788695,0.6336448262211305
1,1,0.35714973870036704,0.642850261299633
1,1,0.3390073390460058,0.6609926609539942
0,1,0.3954325712367297,0.6045674287632703
0,1,0.34739879290833553,0.6526012070916645
0,1,0.3678665911499578,0.6321334088500422
1,1,0.37803892637215075,0.6219610736278492
1,1,0.34176095508156257,0.6582390449184374
1,1,0.3374010588810642,0.6625989411189358
0,1,0.3514086279966282,0.6485913720033718
0,1,0.35798049198349613,0.6420195080165039
1,1,0.36287181459185713,0.6371281854081429
0,1,0.32716648149192806,0.6728335185080719
0,1,0.35725933890876715,0.6427406610912328
0,1,0.34575247374965856,0.6542475262503414
1,1,0.35039008849296693,0.6496099115070331
1,1,0.350707981662565,0.649292018337435
1,1,0.34047056316568325,0.6595294368343168
0,1,0.3210903116971836,0.6789096883028164
1,1,0.33851733864227496,0.661482661357725
1,1,0.3355577558652988,0.6644422441347012
0,1,0.36663251326668944,0.6333674867333106
1,1,0.36830192980409493,0.6316980701959051
1,1,0.3489953450057218,0.6510046549942782
1,1,0.3681709565701813,0.6318290434298187
0,1,0.3432842725419465,0.6567157274580535
1,1,0.35006752628055604,0.649932473719444
1,1,0.373644597312919,0.626355402687081
1,1,0.3365775957734112,0.6634224042265888
0,1,0.35377710289925635,0.6462228971007437
1,1,0.3549890203266157,0.6450109796733843
0,1,0.37241644246597416,0.6275835575340258
1,1,0.43928634105653297,0.560713658943467
1,1,0.3432064008492708,0.6567935991507292
1,1,0.3235123185818348,0.6764876814181652
1,1,0.3553692393871548,0.6446307606128452
0,1,0.3349897831706745,0.6650102168293255
0,1,0.37668697748423696,0.623313022515763
1,1,0.3646993341446235,0.6353006658553765
1,1,0.38360489067443715,0.6163951093255629
1,1,0.3459021969379259,0.6540978030620741
1,1,0.3637052462387781,0.6362947537612219
0,1,0.3616853550913146,0.6383146449086854
0,1,0.3840245517922497,0.6159754482077503
1,1,0.3572847580355596,0.6427152419644404
1,1,0.3571721275828754,0.6428278724171246
1,1,0.35830696358758984,0.6416930364124102
1,1,0.37368836427495455,0.6263116357250454
0,1,0.3636780211825047,0.6363219788174953
0,1,0.36714068812597755,0.6328593118740224
1,1,0.3388238233473573,0.6611761766526427
0,1,0.34724282555080366,0.6527571744491963
0,1,0.35398770684266645,0.6460122931573336
1,1,0.33613860317174493,0.6638613968282551
0,1,0.37262288115227205,0.627377118847728
1,1,0.30372390829390805,0.696276091706092
1,1,0.3581015794240523,0.6418984205759477
1,1,0.33780844458290893,0.6621915554170911
0,1,0.3358697874871861,0.6641302125128139
1,1,0.35745058973704535,0.6425494102629546
0,1,0.35712105384423354,0.6428789461557665
0,1,0.3916590216263439,0.6083409783736561
1,1,0.38612067291863317,0.6138793270813668
1,1,0.3475181709744518,0.6524818290255482
0,1,0.3545962020295186,0.6454037979704814
1,1,0.3571818239158512,0.6428181760841488
1,1,0.3798693984039243,0.6201306015960757
1,1,0.34611229272152466,0.6538877072784753
0,1,0.37379950563931663,0.6262004943606834
1,1,0.3296960873745708,0.6703039126254292
1,1,0.3811673903789843,0.6188326096210157
1,1,0.33544539308461574,0.6645546069153843
0,1,0.3615505707699973,0.6384494292300027
1,1,0.36738609116740684,0.6326139088325932
1,1,0.34470943641294294,0.6552905635870571
1,1,0.3595872443486803,0.6404127556513197
1,1,0.36685584493603185,0.6331441550639682
1,1,0.3529868944216181,0.6470131055783819
1,1,0.3230018506805611,0.6769981493194389
0,1,0.3481844216595804,0.6518155783404196
0,1,0.36298924423874523,0.6370107557612548
1,1,0.345749011173618,0.654250988826382
0,1,0.3506723669289826,0.6493276330710174
1,1,0.3367481085195604,0.6632518914804396
1,1,0.33951031762607387,0.6604896823739261
1,1,0.3605400822033973,0.6394599177966027
0,1,0.3604760607388845,0.6395239392611155
1,1,0.36051445934667636,0.6394855406533236
1,1,0.36992749983922835,0.6300725001607717
0,1,0.34298437000396187,0.6570156299960381
0,1,0.37700536468264667,0.6229946353173533
1,1,0.35736354793092673,0.6426364520690733
0,1,0.3649209585890526,0.6350790414109474
1,1,0.35221593974679366,0.6477840602532063
0,1,0.3491252536888777,0.6508747463111223
1,1,0.3650464965818967,0.6349535034181033
1,1,0.3683994331137702,0.6316005668862298
1,1,0.34705056479491714,0.6529494352050829
1,1,0.34660462513737933,0.6533953748626207
1,1,0.37387121191231254,0.6261287880876875
1,1,0.3650997155062258,0.6349002844937742
0,1,0.3653278998191265,0.6346721001808735
1,1,0.3566960045695905,0.6433039954304095
0,1,0.35278875511549534,0.6472112448845047
1,1,0.3668190232137464,0.6331809767862536
1,1,0.346237376020778,0.653762623979222
0,1,0.3387799082520033,0.6612200917479967
1,1,0.3477275754836918,0.6522724245163082
1,1,0.37706889893664963,0.6229311010633504
0,1,0.33837237498435957,0.6616276250156404
1,1,0.34454759438152194,0.6554524056184781
1,1,0.34992459583005064,0.6500754041699494
0,1,0.35131378953926284,0.6486862104607372
0,1,0.3546910477495465,0.6453089522504535
1,1,0.38989187037874984,0.6101081296212502
0,1,0.3553995519210388,0.6446004480789612
0,1,0.3223771033083146,0.6776228966916854
0,1,0.34991533862738256,0.6500846613726174
1,1,0.3572064372567537,0.6427935627432463
1,1,0.3595566205336962,0.6404433794663038
1,1,0.35703994905297365,0.6429600509470264
1,1,0.35672620173650227,0.6432737982634977
1,1,0.38978290802359217,0.6102170919764078
1,1,0.34171287847297727,0.6582871215270227
0,1,0.3729446640406687,0.6270553359593313
1,1,0.3678980846802037,0.6321019153197963
0,1,0.37344019442333065,0.6265598055766693
0,1,0.3614823998358051,0.6385176001641949
1,1,0.39950136201517805,0.600498637984822
1,1,0.35455488829008963,0.6454451117099104
1,1,0.36655722836084936,0.6334427716391506
1,1,0.35372221404806503,0.646277785951935
0,1,0.37655676991425935,0.6234432300857407
1,1,0.347131485368001,0.652868514631999
1,1,0.3774061837577972,0.6225938162422028
0,1,0.3681930159057897,0.6318069840942103
1,1,0.3831838772462318,0.6168161227537682
1,1,0.3349714883084418,0.6650285116915582
0,1,0.3683619010152268,0.6316380989847732
0,1,0.36135492467184793,0.6386450753281521
0,1,0.3360647658397775,0.6639352341602225
1,1,0.37780822119352275,0.6221917788064772
1,1,0.3594842853007012,0.6405157146992988
1,1,0.3300025102886154,0.6699974897113846
0,1,0.3377055958921048,0.6622944041078952
0,1,0.34628059628874275,0.6537194037112573
1,1,0.35042633465352957,0.6495736653464704
1,1,0.3634514373336851,0.6365485626663149
0,1,0.3379829387299639,0.6620170612700361
1,1,0.3560474027632632,0.6439525972367368
0,1,0.3452984633933621,0.6547015366066379
0,1,0.3216549633027457,0.6783450366972543
1,1,0.3539455234763288,0.6460544765236712
1,1,0.43921788561613273,0.5607821143838673
0,1,0.3497565892665916,0.6502434107334084
0,1,0.32422224862415283,0.6757777513758472
0,1,0.3402885343314047,0.6597114656685953
1,1,0.3725550927790876,0.6274449072209124
1,1,0.35986318397488737,0.6401368160251126
1,1,0.3601467816655942,0.6398532183344058
1,1,0.35114096631730174,0.6488590336826983
1,1,0.3657866779898583,0.6342133220101417
1,1,0.3611593917848839,0.6388406082151161
0,1,0.37983705678988944,0.6201629432101106
1,1,0.37897939151819116,0.6210206084818088
1,1,0.37927692723501105,0.620723072764989
0,1,0.39474787746274875,0.6052521225372512
1,1,0.322631778501676,0.677368221498324
0,1,0.3359276292552701,0.6640723707447299
0,1,0.358902801929453,0.641097198070547
0,1,0.34519080596660057,0.6548091940333994
1,1,0.39003624575006013,0.6099637542499399
1,1,0.36518074835827286,0.6348192516417271
1,1,0.35676948410558174,0.6432305158944183
1,1,0.3352903893578365,0.6647096106421635
0,1,0.34446016160330295,0.655539838396697
1,1,0.3728524834152377,0.6271475165847623
1,1,0.348512335291682,0.651487664708318
0,1,0.3662864956649077,0.6337135043350923
0,1,0.3991912185471638,0.6008087814528362
1,1,0.36678316673858125,0.6332168332614188
1,1,0.3441488039526992,0.6558511960473008
0,1,0.3685273384296611,0.6314726615703389
1,1,0.358486033528001,0.641513966471999
1,1,0.37082465565859035,0.6291753443414096
0,1,0.3754159662089911,0.6245840337910089
1,1,0.3760895624417835,0.6239104375582165
1,1,0.333070264781239,0.666929735218761
1,1,0.3759684555646864,0.6240315444353136
0,1,0.354679446513111,0.645320553486889
1,1,0.3301012952529009,0.6698987047470991
0,1,0.3358583471926345,0.6641416528073655
1,1,0.39871086337106876,0.6012891366289312
0,1,0.3561399600915294,0.6438600399084706
1,1,0.3377903799168849,0.6622096200831151
1,1,0.3578779277220112,0.6421220722779888
1,1,0.3539205270751059,0.6460794729248941
1,1,0.3409662145418755,0.6590337854581245
0,1,0.3649126372339705,0.6350873627660295
1,1,0.3707799694297058,0.6292200305702942
1,1,0.36161446424627053,0.6383855357537295
0,1,0.36298423614627107,0.6370157638537289
1,1,0.3617173364926529,0.6382826635073471
1,1,0.3439213776161918,0.6560786223838082
1,1,0.3814918667937591,0.6185081332062409
0,1,0.3520886655709342,0.6479113344290658
1,1,0.3530490294629389,0.6469509705370611
0,1,0.3649826186926042,0.6350173813073958
1,1,0.3350591655326839,0.6649408344673161
0,1,0.37237908433708666,0.6276209156629133
1,1,0.32891469786681216,0.6710853021331878
1,1,0.35922028722666255,0.6407797127733375
1,1,0.36318877669835614,0.6368112233016439
1,1,0.35891167442702665,0.6410883255729733
0,1,0.3486699315311794,0.6513300684688206
1,1,0.350074345968196,0.649925654031804
0,1,0.3508832314925381,0.6491167685074619
1,1,0.3775371024321378,0.6224628975678622
1,1,0.37424736242293577,0.6257526375770642
0,1,0.3994474266180533,0.6005525733819467
0,1,0.3738185133676546,0.6261814866323454
0,1,0.3594303751385818,0.6405696248614182
0,1,0.35382266749265945,0.6461773325073406
1,1,0.32935900812296226,0.6706409918770377
1,1,0.37939275244187365,0.6206072475581264
0,1,0.35126707632853293,0.6487329236714671
1,1,0.3623432413784383,0.6376567586215617
1,1,0.3565616641374241,0.6434383358625759
1,1,0.3234095714208818,0.6765904285791182
0,1,0.3753953485591127,0.6246046514408873
0,1,0.3571560114209722,0.6428439885790278
1,1,0.36669392361011643,0.6333060763898836
1,1,0.3534548199234464,0.6465451800765536
1,1,0.35602425254700565,0.6439757474529944
0,1,0.3841370016004445,0.6158629983995555
1,1,0.3558204788838808,0.6441795211161192
1,1,0.3742029806931575,0.6257970193068425
1,1,0.34853060348526343,0.6514693965147366
1,1,0.3731188504469076,0.6268811495530924
0,1,0.3822628977280256,0.6177371022719744
1,1,0.34142624613603234,0.6585737538639677
0,1,0.3443250635045315,0.6556749364954685
1,1,0.33342123636567433,0.6665787636343257
0,1,0.31419030203650355,0.6858096979634964
0,1,0.3011558218743797,0.6988441781256203
0,1,0.3625292582702839,0.6374707417297161
1,1,0.3447281129614712,0.6552718870385288
0,1,0.3539134457843315,0.6460865542156685
1,1,0.35827834268473235,0.6417216573152676
1,1,0.34288036533758726,0.6571196346624127
0,1,0.3696974839301812,0.6303025160698188
1,1,0.33950756231853574,0.6604924376814643
1,1,0.3512205754551315,0.6487794245448685
1,1,0.3481139964232033,0.6518860035767967
1,1,0.38144546838885174,0.6185545316111483
0,1,0.37342172602221113,0.6265782739777889
1,1,0.34140588059574883,0.6585941194042512
1,1,0.3919914362105278,0.6080085637894722
1,1,0.3670143494128074,0.6329856505871926
1,1,0.3525764088562111,0.6474235911437889
0,1,0.3630421548722301,0.6369578451277699
1,1,0.3831652477824432,0.6168347522175568
1,1,0.31724069743364547,0.6827593025663545
1,1,0.3454083487902182,0.6545916512097818
0,1,0.33696364139691903,0.663036358603081
1,1,0.3538259059399277,0.6461740940600723
1,1,0.31315073956131534,0.6868492604386847
0,1,0.3684830496534034,0.6315169503465966
0,1,0.3603288939758641,0.6396711060241359
0,1,0.33978646274731783,0.6602135372526822
1,1,0.3437258729366449,0.6562741270633551
1,1,0.3210278584499846,0.6789721415500154
1,1,0.34398109663377774,0.6560189033662223
0,1,0.35655187261828514,0.6434481273817149
0,1,0.3694804563688854,0.6305195436311146
1,1,0.392579375826952,0.607420624173048
0,1,0.3533001523936604,0.6466998476063396
0,1,0.366993279438356,0.633006720561644
1,1,0.3608517129301041,0.6391482870698959
0,1,0.36382723214634005,0.63617276785366
1,1,0.404185130390904,0.595814869609096
0,1,0.361407597824833,0.638592402175167
1,1,0.34728823012377263,0.6527117698762274
1,1,0.3649174470834833,0.6350825529165167
1,1,0.35546210294438896,0.644537897055611
1,1,0.37574429630032835,0.6242557036996716
1,1,0.361682377194008,0.638317622805992
0,1,0.4151510631162624,0.5848489368837376
1,1,0.367023432588912,0.632976567411088
1,1,0.3728514916982597,0.6271485083017403
0,1,0.34629311908592386,0.6537068809140761
0,1,0.34295368929352843,0.6570463107064716
1,1,0.3414408045491578,0.6585591954508422
1,1,0.37195499281862354,0.6280450071813765
0,1,0.35592637168754193,0.6440736283124581
0,1,0.3283011613514213,0.6716988386485787
1,1,0.3410586516983698,0.6589413483016302
0,1,0.3205294098644207,0.6794705901355793
0,1,0.3507180120846841,0.6492819879153159
1,1,0.35969738295793974,0.6403026170420603
1,1,0.3509595202853628,0.6490404797146372
1,1,0.3590761827962017,0.6409238172037983
0,1,0.3571684162273212,0.6428315837726788
1,1,0.3549126705035276,0.6450873294964724
0,1,0.36277030210713346,0.6372296978928665
1,1,0.351131722563098,0.648868277436902
0,1,0.3697093693060206,0.6302906306939794
1,1,0.34929170609314575,0.6507082939068543
1,1,0.3652989509212443,0.6347010490787557
1,1,0.3719339611418666,0.6280660388581334
1,1,0.3660204563698286,0.6339795436301714
0,1,0.34489165371557773,0.6551083462844223
1,1,0.3629013395051496,0.6370986604948504
0,1,0.3626090855775361,0.6373909144224639
1,1,0.38352866916788,0.61647133083212
1,1,0.3467597001444044,0.6532402998555956
0,1,0.3659087616920105,0.6340912383079895
0,1,0.38314770551244637,0.6168522944875536
0,1,0.3490246833252658,0.6509753166747342
1,1,0.34997418352417153,0.6500258164758285
1,1,0.3972673391974636,0.6027326608025364
1,1,0.3794543759351927,0.6205456240648073
1,1,0.35342448560091333,0.6465755143990867
1,1,0.3723243651351038,0.6276756348648962
1,1,0.3617365291160852,0.6382634708839148
0,1,0.36549476577458284,0.6345052342254172
0,1,0.3600735317949668,0.6399264682050332
1,1,0.3490882430681478,0.6509117569318522
0,1,0.37879975200865357,0.6212002479913464
1,1,0.33743101537364917,0.6625689846263508
0,1,0.3511745690208954,0.6488254309791046
0,1,0.3476876734992359,0.6523123265007641
0,1,0.33489791936963353,0.6651020806303665
0,1,0.3505064789030057,0.6494935210969943
0,1,0.370980831651875,0.629019168348125
0,1,0.344241928774619,0.655758071225381
0,1,0.34921642928692376,0.6507835707130762
0,1,0.36348057799639644,0.6365194220036036
1,1,0.3383202179277284,0.6616797820722716
0,1,0.32939832564085614,0.6706016743591439
1,1,0.3763695803682774,0.6236304196317226
1,1,0.3539567580538332,0.6460432419461668
1,1,0.32737305871322064,0.6726269412867794
0,1,0.42709293742470633,0.5729070625752937
0,1,0.34984669221038955,0.6501533077896104
1,1,0.3293787026435615,0.6706212973564385
1,1,0.3654254920670351,0.6345745079329649
1,1,0.36482336297225537,0.6351766370277446
1,1,0.3477340906165205,0.6522659093834795
1,1,0.3335416031931092,0.6664583968068908
0,1,0.3564178906536375,0.6435821093463625
1,1,0.33211597628438094,0.6678840237156191
0,1,0.34177517267244395,0.658224827327556
0,1,0.3718386124269857,0.6281613875730143
0,1,0.3586821781129479,0.6413178218870521
1,1,0.33787803528548543,0.6621219647145146
1,1,0.3333826207169093,0.6666173792830907
0,1,0.406942847076354,0.593057152923646
1,1,0.36117104212897766,0.6388289578710223
0,1,0.3501329839044086,0.6498670160955914
0,1,0.3573960682225309,0.6426039317774691
1,1,0.3497846963985479,0.6502153036014521
0,1,0.3897045129258314,0.6102954870741686
0,1,0.3542549390735439,0.6457450609264561
0,1,0.3578015925404203,0.6421984074595797
1,1,0.3497143073994715,0.6502856926005285
0,1,0.3487433453137889,0.6512566546862111
1,1,0.35428839291382563,0.6457116070861744
1,1,0.34969172721306174,0.6503082727869383
1,1,0.37817167913736227,0.6218283208626377
0,1,0.3359121954832853,0.6640878045167147
1,1,0.34295542054334804,0.657044579456652
1,1,0.3345978221012593,0.6654021778987407
1,1,0.36769188031614775,0.6323081196838523
0,1,0.35184467997127933,0.6481553200287207
0,1,0.3722980716934017,0.6277019283065983
1,1,0.3602953459490128,0.6397046540509872
1,1,0.35174568820411023,0.6482543117958898
0,1,0.3436384811755575,0.6563615188244425
0,1,0.3918663166492611,0.6081336833507389
1,1,0.32259318008675086,0.6774068199132491
0,1,0.3442886028072474,0.6557113971927526
0,1,0.445826387041773,0.554173612958227
0,1,0.3747512646674297,0.6252487353325703
0,1,0.36008694798922747,0.6399130520107725
0,1,0.34995659262083423,0.6500434073791658
0,1,0.3398072555550219,0.6601927444449781
1,1,0.3592725329359657,0.6407274670640343
0,1,0.3467369961426784,0.6532630038573216
1,1,0.3641164885301539,0.6358835114698461
0,1,0.3702553512164003,0.6297446487835997
1,1,0.3368116521745793,0.6631883478254207
0,1,0.3446849909213082,0.6553150090786918
0,1,0.352887946333975,0.647112053666025
1,1,0.3614361359539868,0.6385638640460132
1,1,0.33863811416017964,0.6613618858398204
1,1,0.3419792710202182,0.6580207289797818
1,1,0.3791765067140441,0.6208234932859559
1,1,0.3279956446879967,0.6720043553120033
1,1,0.3786076097186739,0.6213923902813261
1,1,0.34902023793357495,0.650979762066425
0,1,0.350399926750676,0.649600073249324
1,1,0.3602435284800851,0.6397564715199149
1,1,0.3387881262848246,0.6612118737151754
1,1,0.35549584487727603,0.644504155122724
0,1,0.3581161202352604,0.6418838797647396
0,1,0.38207321579405296,0.617926784205947
1,1,0.35313332224142413,0.6468666777585759
0,1,0.3529647414925293,0.6470352585074707
1,1,0.3621793083191691,0.6378206916808309
0,1,0.34750807221359337,0.6524919277864066
1,1,0.3323820962421632,0.6676179037578368
1,1,0.36395291881127056,0.6360470811887294
0,1,0.3606160918459348,0.6393839081540652
1,1,0.3594398162782346,0.6405601837217654
1,1,0.3309260977509991,0.6690739022490009
1,1,0.3434446134464728,0.6565553865535272
0,1,0.3660548236829403,0.6339451763170597
0,1,0.3649952702559397,0.6350047297440603
0,1,0.35098827665575005,0.64901172334425
0,1,0.3604587882922071,0.6395412117077929
1,1,0.37599899167416606,0.6240010083258339
0,1,0.3748746469626456,0.6251253530373544
1,1,0.3280689838108295,0.6719310161891705
0,1,0.34119042734918825,0.6588095726508117
1,1,0.3939570738419571,0.6060429261580429
0,1,0.3361488017553762,0.6638511982446238
1,1,0.346064051570655,0.653935948429345
0,1,0.3409642410241225,0.6590357589758775
1,1,0.35508585439012075,0.6449141456098793
1,1,0.32936428205707635,0.6706357179429236
1,1,0.3385465136973863,0.6614534863026137
1,1,0.3758968116273872,0.6241031883726128
1,1,0.35517613562966543,0.6448238643703346
1,1,0.35691784166732854,0.6430821583326715
1,1,0.34138433288128156,0.6586156671187184
1,1,0.36203861137390225,0.6379613886260977
1,1,0.34057693145499957,0.6594230685450004
0,1,0.35836198878129477,0.6416380112187052
1,1,0.34740600431670143,0.6525939956832986
0,1,0.35499255974198884,0.6450074402580112
0,1,0.4019621608256123,0.5980378391743877
1,1,0.3581183519511498,0.6418816480488502
1,1,0.35094873376580693,0.6490512662341931
1,1,0.3511719653188671,0.6488280346811329
0,1,0.3242017243722637,0.6757982756277363
0,1,0.35861607095963666,0.6413839290403633
0,1,0.30940882615306287,0.6905911738469371
0,1,0.3616847569170679,0.6383152430829321
0,1,0.3439106174701865,0.6560893825298135
1,1,0.34653938388445804,0.653460616115542
0,1,0.3949696391098534,0.6050303608901466
1,1,0.3129314403985598,0.6870685596014402
1,1,0.33063525249370085,0.6693647475062992
0,1,0.32961944485605155,0.6703805551439485
1,1,0.35694557265945304,0.643054427340547
0,1,0.3545476854590912,0.6454523145409088
1,1,0.41889843900031487,0.5811015609996851
1,1,0.35301375871505714,0.6469862412849429
1,1,0.38422846693487855,0.6157715330651214
1,1,0.3551332410609551,0.6448667589390449
0,1,0.3242020601589892,0.6757979398410108
1,1,0.3650525379663775,0.6349474620336225
1,1,0.33237266796817433,0.6676273320318257
1,1,0.3648170022157662,0.6351829977842338
1,1,0.3517462084334656,0.6482537915665344
0,1,0.33459830733017215,0.6654016926698278
1,1,0.33084594769273445,0.6691540523072655
0,1,0.37422689348712657,0.6257731065128734
0,1,0.4107639415240574,0.5892360584759426
0,1,0.3175547795599315,0.6824452204400685
1,1,0.3470519697274925,0.6529480302725075
1,1,0.3714144794074504,0.6285855205925496
1,1,0.3441390623411199,0.6558609376588801
1,1,0.35590101190170964,0.6440989880982904
0,1,0.3576407781286962,0.6423592218713038
0,1,0.35181897983240873,0.6481810201675913
0,1,0.3989993275742305,0.6010006724257695
1,1,0.3482923032172589,0.6517076967827411
0,1,0.3751037288492768,0.6248962711507232
1,1,0.36525759773481603,0.634742402265184
1,1,0.3530401583685977,0.6469598416314023
1,1,0.3420255092440555,0.6579744907559445
1,1,0.36026400048908347,0.6397359995109165
0,1,0.3232205422582076,0.6767794577417924
0,1,0.34854464968035104,0.651455350319649
0,1,0.35530013619645207,0.6446998638035479
0,1,0.3316508618590309,0.6683491381409691
1,1,0.34092392221882417,0.6590760777811758
1,1,0.3628510917218333,0.6371489082781667
0,1,0.34514040516348643,0.6548595948365136
0,1,0.3579765075683451,0.6420234924316549
1,1,0.32427166019230014,0.6757283398076999
0,1,0.3628601793600128,0.6371398206399872
1,1,0.35555685352323474,0.6444431464767653
1,1,0.3435632580240596,0.6564367419759404
0,1,0.3659529680053982,0.6340470319946018
1,1,0.34743754085726264,0.6525624591427374
1,1,0.3342705588394431,0.6657294411605569
0,1,0.36641907479735003,0.63358092520265
0,1,0.356899294629622,0.643100705370378
0,1,0.353551341240821,0.646448658759179
1,1,0.379355629586382,0.620644370413618
1,1,0.4042463067984665,0.5957536932015335
0,1,0.3542385886293443,0.6457614113706557
1,1,0.3435371788606313,0.6564628211393687
0,1,0.31116271950956065,0.6888372804904394
1,1,0.34042296398165994,0.6595770360183401
1,1,0.3718354106866554,0.6281645893133446
1,1,0.3645524594599462,0.6354475405400538
1,1,0.3503483587296482,0.6496516412703518
1,1,0.3596595027115921,0.6403404972884079
1,1,0.3720181487149883,0.6279818512850117
0,1,0.36877843100156216,0.6312215689984378
0,1,0.32353542251758816,0.6764645774824118
1,1,0.3881019032569798,0.6118980967430202
1,1,0.34882152788491494,0.6511784721150851
0,1,0.34652808011664615,0.6534719198833538
0,1,0.34968976485197556,0.6503102351480244
0,1,0.35327658708217,0.64672341291783
0,1,0.3594666938279969,0.6405333061720031
0,1,0.3608578775180511,0.6391421224819489
1,1,0.3390599874377528,0.6609400125622472
1,1,0.3580796607639988,0.6419203392360012
1,1,0.3437958293665673,0.6562041706334327
1,1,0.3207127088035454,0.6792872911964546
1,1,0.3809550488136558,0.6190449511863442
0,1,0.34501599009579875,0.6549840099042012
0,1,0.3555249126251627,0.6444750873748373
1,1,0.34752139505623925,0.6524786049437608
1,1,0.36745951928227893,0.6325404807177211
1,1,0.36440738371811177,0.6355926162818882
0,1,0.3330409881646419,0.6669590118353581
1,1,0.3635361436944119,0.6364638563055881
1,1,0.3754542706081262,0.6245457293918738
1,1,0.3117051399671553,0.6882948600328447
0,1,0.3641661625812034,0.6358338374187966
1,1,0.3460614917614888,0.6539385082385112
0,1,0.3725499774708638,0.6274500225291362
1,1,0.3629978099992026,0.6370021900007974
0,1,0.38149330472849396,0.618506695271506
1,1,0.35242247840648877,0.6475775215935112
1,1,0.35659925874359566,0.6434007412564043
1,1,0.3656474379017083,0.6343525620982917
0,1,0.37123228824304877,0.6287677117569512
1,1,0.3702561947020643,0.6297438052979357
0,1,0.3512223738760356,0.6487776261239644
1,1,0.3433214146433481,0.6566785853566519
1,1,0.34899429234490975,0.6510057076550902
1,1,0.3622962496736881,0.6377037503263119
1,1,0.3622539253455578,0.6377460746544422
0,1,0.34539956053925847,0.6546004394607415
0,1,0.3726867405612543,0.6273132594387457
1,1,0.32617793672475726,0.6738220632752427
1,1,0.35427515988103475,0.6457248401189652
1,1,0.35719688036611796,0.642803119633882
0,1,0.3758573637058563,0.6241426362941437
1,1,0.3608892865555593,0.6391107134444407
1,1,0.3780974990565036,0.6219025009434964
1,1,0.35974213707654057,0.6402578629234594
1,1,0.36307533608105136,0.6369246639189486
0,1,0.3295920042280627,0.6704079957719373
0,1,0.36821576461738437,0.6317842353826156
0,1,0.3558673959951961,0.6441326040048039
1,1,0.3405094658901128,0.6594905341098872
0,1,0.3344964068103877,0.6655035931896123
1,1,0.38631477090893496,0.613685229091065
1,1,0.36940937542223207,0.6305906245777679
1,1,0.38562471401412857,0.6143752859858714
1,1,0.35788470318883736,0.6421152968111626
0,1,0.3757442285052708,0.6242557714947292
1,1,0.34360130063572125,0.6563986993642787
1,1,0.372285446278689,0.627714553721311
0,1,0.35846833138311995,0.64153166861688
1,1,0.3385056914353435,0.6614943085646565
1,1,0.35667832853874815,0.6433216714612519
0,1,0.3104301270905777,0.6895698729094223
0,1,0.3889472425585576,0.6110527574414424
1,1,0.34235138891632655,0.6576486110836735
0,1,0.3565286901146749,0.6434713098853251
0,1,0.35222675147299765,0.6477732485270024
1,1,0.3322667321076689,0.6677332678923311
1,1,0.3548960304233828,0.6451039695766172
0,1,0.3934089868535453,0.6065910131464547
1,1,0.3590375751864817,0.6409624248135183
0,1,0.3084642043097632,0.6915357956902368
0,1,0.3514334127235329,0.6485665872764671
0,1,0.3491904495102294,0.6508095504897706
1,1,0.3947209596201483,0.6052790403798517
1,1,0.36339253552796624,0.6366074644720338
1,1,0.36016449954394913,0.6398355004560509
1,1,0.3665788253617227,0.6334211746382773
1,1,0.3291492358824255,0.6708507641175745
1,1,0.34844434899545085,0.6515556510045492
1,1,0.32148858408656744,0.6785114159134326
1,1,0.3692336734572177,0.6307663265427823
1,1,0.35571471487693773,0.6442852851230623
1,1,0.3342215576181955,0.6657784423818045
1,1,0.3429487872934489,0.6570512127065511
1,1,0.3381183166906725,0.6618816833093275
1,1,0.3432313117571375,0.6567686882428625
1,1,0.3792505064587921,0.6207494935412079
1,1,0.33994084780947675,0.6600591521905232
1,1,0.3422182704989418,0.6577817295010582
1,1,0.3401823429061115,0.6598176570938885
1,1,0.37012606917657753,0.6298739308234225
0,1,0.3447334350191035,0.6552665649808965
1,1,0.3697993019065302,0.6302006980934698
1,1,0.3414753850797019,0.6585246149202981
0,1,0.3643242431249416,0.6356757568750584
0,1,0.36510694600339844,0.6348930539966016
0,1,0.3406599721967868,0.6593400278032132
1,1,0.3488877482881523,0.6511122517118477
0,1,0.3589335559038097,0.6410664440961903
1,1,0.37593617740904284,0.6240638225909572
1,1,0.35914923313912706,0.640850766860873
0,1,0.30986622715049594,0.6901337728495041
1,1,0.33609898600184374,0.6639010139981563
1,1,0.37778446485729034,0.6222155351427097
1,1,0.3109020075670391,0.6890979924329609
0,1,0.3760571307370838,0.6239428692629162
0,1,0.35079405227530314,0.6492059477246969
1,1,0.3538268419128444,0.6461731580871556
1,1,0.3748900424245226,0.6251099575754774
1,1,0.3175294473631155,0.6824705526368845
1,1,0.37563340190910344,0.6243665980908966
0,1,0.346872001302173,0.653127998697827
1,1,0.32424769141911647,0.6757523085808835
0,1,0.3160305822365719,0.6839694177634281
1,1,0.37614630195554755,0.6238536980444525
1,1,0.3781052660000007,0.6218947339999993
1,1,0.36159125053810437,0.6384087494618956
0,1,0.35218478496927985,0.6478152150307201
0,1,0.37428683330164425,0.6257131666983557
0,1,0.37355357808672496,0.626446421913275
1,1,0.3761045180042242,0.6238954819957758
0,1,0.3953924060604427,0.6046075939395573
1,1,0.3360411467015373,0.6639588532984627
1,1,0.3656780078365577,0.6343219921634423
1,1,0.3720192832938879,0.6279807167061121
1,1,0.3655719951301817,0.6344280048698183
0,1,0.34832262774059586,0.6516773722594041
1,1,0.3420406725390768,0.6579593274609232
0,1,0.3507244594928822,0.6492755405071178
1,1,0.36285788706968336,0.6371421129303166
1,1,0.3417508903699369,0.6582491096300631
0,1,0.35033179156270833,0.6496682084372917
0,1,0.3303684513982824,0.6696315486017176
1,1,0.32401387427741746,0.6759861257225825
1,1,0.3600209811783752,0.6399790188216248
1,1,0.40372622887081266,0.5962737711291873
1,1,0.32934226303648817,0.6706577369635118
1,1,0.368994549248468,0.631005450751532
1,1,0.3583654385642048,0.6416345614357952
1,1,0.35069770303129766,0.6493022969687023
0,1,0.36298239512304376,0.6370176048769562
0,1,0.36277624683771537,0.6372237531622846
1,1,0.3817177909063003,0.6182822090936997
0,1,0.3381361750299623,0.6618638249700377
1,1,0.3406761969342187,0.6593238030657813
1,1,0.34661531261704515,0.6533846873829549
1,1,0.3326732047000378,0.6673267952999622
0,1,0.3593503832285617,0.6406496167714383
1,1,0.34077597654127256,0.6592240234587274
1,1,0.3886772710336075,0.6113227289663925
0,1,0.3423801736577433,0.6576198263422567
0,1,0.34614895123293987,0.6538510487670601
0,1,0.350185040626812,0.649814959373188
0,1,0.3086981460876701,0.6913018539123299
1,1,0.35624306193082134,0.6437569380691787
1,1,0.3858962520848992,0.6141037479151008
1,1,0.3568434427199828,0.6431565572800172
1,1,0.36460954662719214,0.6353904533728079
0,1,0.3570083111235137,0.6429916888764863
0,1,0.3842401841284083,0.6157598158715917
1,1,0.3288088591904802,0.6711911408095198
1,1,0.3248754140097392,0.6751245859902608
1,1,0.32995224538049406,0.6700477546195059
0,1,0.33502757442041475,0.6649724255795852
1,1,0.34963766353873205,0.650362336461268
0,1,0.3679022444942075,0.6320977555057925
1,1,0.3405288988416155,0.6594711011583845
1,1,0.36266854508943314,0.6373314549105669
1,1,0.3424722736398592,0.6575277263601408
1,1,0.33758667621293315,0.6624133237870669
0,1,0.3551731841153223,0.6448268158846777
0,1,0.3639179079808077,0.6360820920191923
1,1,0.3855891150636249,0.6144108849363751
1,1,0.35155738805254766,0.6484426119474523
1,1,0.34951659696528403,0.650483403034716
0,1,0.33726770936996564,0.6627322906300344
1,1,0.37692467962205056,0.6230753203779494
0,1,0.3646196729161284,0.6353803270838716
1,1,0.36591183689139584,0.6340881631086042
0,1,0.35285720160469025,0.6471427983953097
1,1,0.3451381181216103,0.6548618818783897
0,1,0.3640979301241801,0.6359020698758199
1,1,0.3390161875669703,0.6609838124330297
1,1,0.37058285014406245,0.6294171498559376
1,1,0.4251474494763071,0.5748525505236929
1,1,0.3575060493061022,0.6424939506938978
0,1,0.33606294926683444,0.6639370507331656
0,1,0.3406868061263283,0.6593131938736717
1,1,0.37088661225820674,0.6291133877417933
1,1,0.36117688216523647,0.6388231178347635
1,1,0.3736686956337534,0.6263313043662466
1,1,0.37281954628854685,0.6271804537114531
1,1,0.3561707125794531,0.6438292874205469
1,1,0.33614989532038697,0.663850104679613
1,1,0.33607572992217183,0.6639242700778282
0,1,0.37463876597175705,0.625361234028243
1,1,0.3455964590215761,0.6544035409784239
1,1,0.37612695723290646,0.6238730427670935
0,1,0.3380098313420328,0.6619901686579672
1,1,0.3706058537498783,0.6293941462501217
0,1,0.32389862124344826,0.6761013787565517
0,1,0.369321710257994,0.630678289742006
1,1,0.40269768722238053,0.5973023127776195
1,1,0.36071234904853633,0.6392876509514637
1,1,0.3510709120778627,0.6489290879221373
0,1,0.35715599822213207,0.6428440017778679
1,1,0.31037159862760144,0.6896284013723986
1,1,0.34414385914806656,0.6558561408519334
0,1,0.3417737821872917,0.6582262178127083
1,1,0.36159516655875645,0.6384048334412435
1,1,0.35476051367668326,0.6452394863233167
1,1,0.3439373478033546,0.6560626521966454
1,1,0.32081701532748264,0.6791829846725174
1,1,0.3549477576774188,0.6450522423225812
1,1,0.36970118372096006,0.6302988162790399
1,1,0.3643416988610202,0.6356583011389798
1,1,0.3877249877727158,0.6122750122272842
1,1,0.3641134806916838,0.6358865193083162
1,1,0.37637049240529974,0.6236295075947003
1,1,0.362874196207437,0.637125803792563
0,1,0.3413011787969724,0.6586988212030276
0,1,0.3904358721086345,0.6095641278913655
1,1,0.3321358976124501,0.6678641023875499
0,1,0.33777777460082314,0.6622222253991769
1,1,0.34844811291953437,0.6515518870804656
1,1,0.35918843674925227,0.6408115632507477
1,1,0.3381257126612801,0.6618742873387199
1,1,0.38036817692962654,0.6196318230703735
0,1,0.34844105608823117,0.6515589439117688
0,1,0.3592699354597336,0.6407300645402664
1,1,0.34504099671919464,0.6549590032808054
1,1,0.3604790977791298,0.6395209022208702
1,1,0.37800863336607526,0.6219913666339247
1,1,0.35532748674064574,0.6446725132593543
0,1,0.34667392089637883,0.6533260791036212
1,1,0.3447502633090276,0.6552497366909724
1,1,0.3776442544302583,0.6223557455697417
0,1,0.35571927889672617,0.6442807211032738
1,1,0.3941679830666325,0.6058320169333675
0,1,0.3289329791363017,0.6710670208636983
0,1,0.3432237677056643,0.6567762322943357
0,1,0.33844113777608764,0.6615588622239124
1,1,0.3802878321909343,0.6197121678090657
0,1,0.35200863294820584,0.6479913670517942
1,1,0.3673742952764043,0.6326257047235957
1,1,0.34869922054623204,0.651300779453768
0,1,0.34990409380160026,0.6500959061983997
0,1,0.36156555858849604,0.638434441411504
1,1,0.34990412382955305,0.650095876170447
1,1,0.33233861090291816,0.6676613890970818
0,1,0.36665560949215403,0.633344390507846
0,1,0.36253093316739027,0.6374690668326097
1,1,0.3292687458577035,0.6707312541422965
1,1,0.3454918732435188,0.6545081267564812
1,1,0.35637237054109605,0.643627629458904
0,1,0.3591414748612579,0.6408585251387421
0,1,0.3573282158467965,0.6426717841532035
0,1,0.3811642833845381,0.6188357166154619
1,1,0.36997731340178663,0.6300226865982134
1,1,0.361937188091765,0.638062811908235
1,1,0.3773395904760305,0.6226604095239695
1,1,0.3516405936009761,0.6483594063990239
0,1,0.3660910165702199,0.6339089834297801
1,1,0.3440574300299112,0.6559425699700888
1,1,0.35703299715036685,0.6429670028496332
0,1,0.3543813166777039,0.6456186833222961
0,1,0.3625818488020195,0.6374181511979805
1,1,0.3293609966835147,0.6706390033164853
0,1,0.37166368407309114,0.6283363159269089
1,1,0.35047850361252986,0.6495214963874701
1,1,0.35166415895857916,0.6483358410414208
1,1,0.350270234065029,0.649729765934971
1,1,0.3582228430164701,0.6417771569835299
0,1,0.3479638517564483,0.6520361482435517
1,1,0.3680191460705664,0.6319808539294336
1,1,0.33949601372665605,0.660503986273344
0,1,0.3915283161405434,0.6084716838594566
0,1,0.36153387033415074,0.6384661296658493
0,1,0.34868086444569935,0.6513191355543007
1,1,0.37195277009962846,0.6280472299003715
1,1,0.36169995147538014,0.6383000485246199
1,1,0.37559490871908385,0.6244050912809161
1,1,0.3445062070879604,0.6554937929120396
1,1,0.3572925703514962,0.6427074296485038
1,1,0.3807453105779952,0.6192546894220048
0,1,0.36904461937336563,0.6309553806266344
0,1,0.36322981923604947,0.6367701807639505
0,1,0.36617161478929117,0.6338283852107088
1,1,0.3699952311439011,0.6300047688560989
0,1,0.28470385562789025,0.7152961443721098
1,1,0.35252893143042185,0.6474710685695781
1,1,0.36063536158299214,0.6393646384170079
1,1,0.33534169720873297,0.664658302791267
1,1,0.3601243345735423,0.6398756654264577
1,1,0.36894118746974836,0.6310588125302516
1,1,0.36752967290349936,0.6324703270965006
0,1,0.37790458737772314,0.6220954126222769
1,1,0.33931262243601057,0.6606873775639894
1,1,0.37477532335246366,0.6252246766475363
0,1,0.3563019099637448,0.6436980900362552
1,1,0.3488911828102649,0.6511088171897351
0,1,0.35039285912771423,0.6496071408722858
1,1,0.35602188884942576,0.6439781111505742
0,1,0.3834663364982078,0.6165336635017922
1,1,0.3441441233718786,0.6558558766281214
1,1,0.3522700507902464,0.6477299492097536
0,1,0.3572727574037984,0.6427272425962016
1,1,0.3593943771662661,0.6406056228337339
1,1,0.32141830922815917,0.6785816907718408
1,1,0.3415425291262325,0.6584574708737675
1,1,0.36828760418876216,0.6317123958112378
0,1,0.3441143148662874,0.6558856851337126
0,1,0.33919493588039995,0.6608050641196
0,1,0.3454450284961482,0.6545549715038518
1,1,0.3751903645828717,0.6248096354171283
1,1,0.34023155836645347,0.6597684416335465
1,1,0.34692788454878665,0.6530721154512134
0,1,0.33954743086178896,0.660452569138211
0,1,0.36592702113093156,0.6340729788690684
1,1,0.3364455413669274,0.6635544586330726
0,1,0.3538948636674515,0.6461051363325485
0,1,0.3700964666809279,0.6299035333190721
1,1,0.3705105665068924,0.6294894334931076
1,1,0.3720531784927882,0.6279468215072118
0,1,0.3345974618214156,0.6654025381785844
0,1,0.37003306329731045,0.6299669367026896
0,1,0.3506071942971519,0.6493928057028481
1,1,0.34023208224453505,0.659767917755465
1,1,0.34561270826039014,0.6543872917396099
1,1,0.349392104637245,0.650607895362755
1,1,0.37403220263443593,0.6259677973655641
0,1,0.34104823943898543,0.6589517605610146
0,1,0.3648395956980923,0.6351604043019077
1,1,0.3709356112461447,0.6290643887538553
0,1,0.3306022702209711,0.6693977297790289
1,1,0.3358764454041888,0.6641235545958112
0,1,0.38473739142644214,0.6152626085735579
1,1,0.3982623573896077,0.6017376426103923
1,1,0.3663312904508831,0.6336687095491169
1,1,0.3306485511060293,0.6693514488939707
1,1,0.33210427027457345,0.6678957297254265
0,1,0.3803986093251841,0.6196013906748159
1,1,0.41422639662609473,0.5857736033739053
1,1,0.33969680260151836,0.6603031973984816
1,1,0.3878305747883901,0.6121694252116099
1,1,0.34072940020242826,0.6592705997975717
0,1,0.3609790478928898,0.6390209521071102
1,1,0.34869413015354256,0.6513058698464574
1,1,0.3379398548231771,0.6620601451768229
1,1,0.3439219995793684,0.6560780004206316
0,1,0.36144192026188904,0.638558079738111
0,1,0.35046390175333286,0.6495360982466671
1,1,0.3664781764526003,0.6335218235473997
0,1,0.3610783857330936,0.6389216142669064
0,1,0.36079199405188633,0.6392080059481137
1,1,0.34957021701547575,0.6504297829845243
1,1,0.34798719423699287,0.6520128057630071
0,1,0.3907763212673808,0.6092236787326192
1,1,0.3685016207079579,0.6314983792920421
0,1,0.3706685152844046,0.6293314847155954
1,1,0.35863706699895403,0.641362933001046
0,1,0.3712035914214593,0.6287964085785407
1,1,0.33733592452969063,0.6626640754703094
0,1,0.36367132756889553,0.6363286724311045
0,1,0.3632612544092575,0.6367387455907425
1,1,0.36227796577102167,0.6377220342289783
1,1,0.3861834307711107,0.6138165692288893
1,1,0.39355278861026144,0.6064472113897386
0,1,0.37065730758155757,0.6293426924184424
0,1,0.33648317710803066,0.6635168228919693
1,1,0.3317342279038388,0.6682657720961612
1,1,0.3969227861388791,0.6030772138611209
1,1,0.3564172909592114,0.6435827090407886
1,1,0.35225181007929607,0.6477481899207039
1,1,0.3528154686428696,0.6471845313571304
1,1,0.3472254456099808,0.6527745543900192
1,1,0.33882415715517855,0.6611758428448214
0,1,0.36499998704847625,0.6350000129515238
0,1,0.35650416038746324,0.6434958396125368
1,1,0.38069205362353187,0.6193079463764681
0,1,0.362000378256197,0.637999621743803
0,1,0.355260636704853,0.644739363295147
1,1,0.35590815220803707,0.6440918477919629
1,1,0.36451077734144055,0.6354892226585594
0,1,0.3660996600715145,0.6339003399284855
1,1,0.34702351912565454,0.6529764808743455
1,1,0.3505955558641469,0.6494044441358531
1,1,0.36153744946433963,0.6384625505356604
1,1,0.3602886605007418,0.6397113394992582
1,1,0.3278668551966559,0.6721331448033441
0,1,0.3338998510082388,0.6661001489917612
1,1,0.34875235590556,0.65124764409444
1,1,0.3650126712131405,0.6349873287868595
0,1,0.35399510551725455,0.6460048944827455
0,1,0.3538516109841886,0.6461483890158114
1,1,0.3098295763881086,0.6901704236118914
0,1,0.35818533442641587,0.6418146655735841
0,1,0.3766470293671431,0.6233529706328569
0,1,0.34820267077928124,0.6517973292207188
0,1,0.3343048355632886,0.6656951644367114
0,1,0.3586010994356512,0.6413989005643488
1,1,0.3522338589373165,0.6477661410626835
1,1,0.36456985789224927,0.6354301421077507
1,1,0.335500452477536,0.664499547522464
0,1,0.3605606097395606,0.6394393902604394
1,1,0.37375214284761293,0.6262478571523871
1,1,0.3224655529011353,0.6775344470988647
1,1,0.3446622806544575,0.6553377193455425
1,1,0.34353735145222764,0.6564626485477724
0,1,0.33844247079300394,0.6615575292069961
0,1,0.3383193057796432,0.6616806942203568
0,1,0.3962595729405909,0.6037404270594091
0,1,0.34559415759650525,0.6544058424034948
1,1,0.37355432387773513,0.6264456761222649
0,1,0.36557615674865307,0.6344238432513469
1,1,0.3502857798896457,0.6497142201103543
0,1,0.35097774621078726,0.6490222537892127
1,1,0.35220134421285465,0.6477986557871453
0,1,0.3563639232095941,0.6436360767904059
1,1,0.366671276377348,0.633328723622652
1,1,0.36795261505049603,0.632047384949504
1,1,0.3583119033463086,0.6416880966536914
1,1,0.35794137094549816,0.6420586290545018
1,1,0.3498067467625082,0.6501932532374918
1,1,0.3452176267400411,0.6547823732599589
0,1,0.3521300051339321,0.6478699948660679
1,1,0.3431881717346613,0.6568118282653387
1,1,0.3519822478322462,0.6480177521677538
1,1,0.3997809327432056,0.6002190672567944
0,1,0.35340644500268814,0.6465935549973119
1,1,0.3793258880779491,0.6206741119220509
1,1,0.36876205706642184,0.6312379429335782
1,1,0.3673865633482427,0.6326134366517573
1,1,0.36549699727781326,0.6345030027221867
0,1,0.3705339259611017,0.6294660740388983
0,1,0.3477961029622304,0.6522038970377696
1,1,0.36301943660901825,0.6369805633909817
1,1,0.36442552687687835,0.6355744731231217
1,1,0.3488879445976457,0.6511120554023543
0,1,0.35180008932995266,0.6481999106700473
0,1,0.3792273644908236,0.6207726355091764
0,1,0.3650882115060331,0.6349117884939669
1,1,0.34263474217501944,0.6573652578249806
1,1,0.3711408991127446,0.6288591008872554
0,1,0.3570822172989375,0.6429177827010625
1,1,0.33383153120264086,0.6661684687973591
1,1,0.3384020173191846,0.6615979826808154
0,1,0.35505554320627397,0.644944456793726
1,1,0.3541136444793288,0.6458863555206712
1,1,0.3597460375490654,0.6402539624509346
1,1,0.37258076391964534,0.6274192360803547
1,1,0.3752836734532158,0.6247163265467842
0,1,0.3761909359145572,0.6238090640854428
1,1,0.3588503697187181,0.6411496302812819
1,1,0.36059739894405185,0.6394026010559481
1,1,0.3887687972850765,0.6112312027149235
0,1,0.39978609634283213,0.6002139036571679
1,1,0.3659067621311902,0.6340932378688098
1,1,0.32746965983681386,0.6725303401631861
1,1,0.3688173021558546,0.6311826978441454
1,1,0.3709941517284797,0.6290058482715203
0,1,0.3509649395957536,0.6490350604042464
1,1,0.3337802128693179,0.6662197871306821
0,1,0.3630151176313474,0.6369848823686526
0,1,0.371102298296911,0.628897701703089
0,1,0.3896770013831705,0.6103229986168295
1,1,0.3526679466841629,0.6473320533158371
1,1,0.36125722501442903,0.638742774985571
1,1,0.3685072724893981,0.6314927275106019
1,1,0.33884451215096323,0.6611554878490368
0,1,0.33933817737704675,0.6606618226229533
1,1,0.37452620342235343,0.6254737965776466
0,1,0.3120887455713073,0.6879112544286927
0,1,0.35369809609719705,0.646301903902803
0,1,0.36342082393852126,0.6365791760614787
1,1,0.32929039098812496,0.670709609011875
1,1,0.366104917832371,0.633895082167629
1,1,0.3772624415677194,0.6227375584322806
0,1,0.3777478790963611,0.6222521209036389
1,1,0.3481758556689869,0.6518241443310131
0,1,0.35145533257735273,0.6485446674226473
1,1,0.3388669088933939,0.6611330911066061
0,1,0.3333834034435166,0.6666165965564834
1,1,0.3782998435757561,0.6217001564242439
1,1,0.3436525754941767,0.6563474245058233
0,1,0.3645790318685067,0.6354209681314933
0,1,0.35720847897956176,0.6427915210204382
0,1,0.34573031458374326,0.6542696854162567
0,1,0.3279838057414157,0.6720161942585843
1,1,0.3573467363959826,0.6426532636040174
1,1,0.3476116726254439,0.6523883273745561
0,1,0.3681778957324022,0.6318221042675978
1,1,0.3429828366895339,0.6570171633104661
1,1,0.3232134336401601,0.6767865663598399
0,1,0.3315536675947537,0.6684463324052463
1,1,0.36399116721005287,0.6360088327899471
0,1,0.3607279943477665,0.6392720056522335
0,1,0.36327283115477527,0.6367271688452247
0,1,0.3499569706760769,0.6500430293239231
0,1,0.36633999364446956,0.6336600063555304
1,1,0.38730430239441827,0.6126956976055817
1,1,0.35974177601537605,0.640258223984624
0,1,0.3433001907498855,0.6566998092501145
0,1,0.3398672997981407,0.6601327002018593
1,1,0.37219988267718584,0.6278001173228142
1,1,0.2915933541756779,0.7084066458243221
1,1,0.3981483994849284,0.6018516005150716
1,1,0.32817603117928185,0.6718239688207182
1,1,0.37857448096775226,0.6214255190322477
1,1,0.33843459736626125,0.6615654026337388
0,1,0.35745432139854705,0.642545678601453
1,1,0.36315767437326996,0.63684232562673
1,1,0.36242577345003946,0.6375742265499605
1,1,0.3663586609113436,0.6336413390886564
0,1,0.3658889269405544,0.6341110730594456
1,1,0.3102976236568197,0.6897023763431803
0,1,0.3576109102335101,0.6423890897664899
1,1,0.36130191472294126,0.6386980852770587
1,1,0.3539593112106032,0.6460406887893968
1,1,0.35606455392087755,0.6439354460791225
1,1,0.3814121595291453,0.6185878404708547
1,1,0.33233127599118706,0.6676687240088129
1,1,0.37185408294061517,0.6281459170593848
0,1,0.34030661418413033,0.6596933858158697
0,1,0.38663752345785396,0.613362476542146
1,1,0.34126942094120416,0.6587305790587958
1,1,0.3161977404079097,0.6838022595920903
0,1,0.35947586775699925,0.6405241322430008
0,1,0.34334163426226616,0.6566583657377338
0,1,0.3235395204403032,0.6764604795596968
0,1,0.34330519936253867,0.6566948006374613
1,1,0.3704629919993786,0.6295370080006214
1,1,0.374862691241175,0.625137308758825
0,1,0.34964981410723495,0.650350185892765
1,1,0.3508180037553993,0.6491819962446007
0,1,0.3684801621038766,0.6315198378961234
1,1,0.3243091573957221,0.6756908426042779
0,1,0.35732390945156045,0.6426760905484395
1,1,0.34787230742629793,0.6521276925737021
0,1,0.34319755285254283,0.6568024471474572
1,1,0.3743680192282248,0.6256319807717752
0,1,0.3869211442521675,0.6130788557478325
1,1,0.36790485654518057,0.6320951434548194
0,1,0.36151800344106766,0.6384819965589323
1,1,0.3634237882417296,0.6365762117582704
1,1,0.3559089957411684,0.6440910042588316
1,1,0.3501806161718707,0.6498193838281293
1,1,0.35550989087589613,0.6444901091241039
0,1,0.3529554224526229,0.6470445775473771
1,1,0.35561498603007946,0.6443850139699205
1,1,0.3403022332963902,0.6596977667036098
1,1,0.3771265935754463,0.6228734064245537
1,1,0.3595502101091379,0.6404497898908621
0,1,0.3749329487027633,0.6250670512972367
1,1,0.35701080674435093,0.6429891932556491
0,1,0.33355247103923613,0.6664475289607639
1,1,0.3483572096478893,0.6516427903521107
0,1,0.3446736149474027,0.6553263850525973
1,1,0.3560023606185918,0.6439976393814082
1,1,0.3791519320846759,0.6208480679153241
1,1,0.36058079176483404,0.639419208235166
0,1,0.3831884170787164,0.6168115829212836
1,1,0.3465740324528199,0.6534259675471801
1,1,0.35767174582662786,0.6423282541733721
0,1,0.33809511520959756,0.6619048847904024
0,1,0.350037773057038,0.649962226942962
0,1,0.3421391051430619,0.6578608948569381
0,1,0.35117451047448445,0.6488254895255156
1,1,0.3665213243006763,0.6334786756993237
1,1,0.38822842848346406,0.6117715715165359
1,1,0.3905100204302624,0.6094899795697376
1,1,0.3482324872137843,0.6517675127862157
0,1,0.32585469456217786,0.6741453054378221
1,1,0.36800787629987897,0.631992123700121
1,1,0.3627479455555638,0.6372520544444362
1,1,0.3639626578887891,0.6360373421112109
1,1,0.3607113994545337,0.6392886005454663
1,1,0.3596077659542456,0.6403922340457544
1,1,0.36721396636683357,0.6327860336331664
0,1,0.36863970738763807,0.6313602926123619
1,1,0.35123732901938365,0.6487626709806164
0,1,0.3593697010784829,0.6406302989215171
0,1,0.3762214119920396,0.6237785880079604
0,1,0.3538927093088089,0.6461072906911911
0,1,0.3249443917324275,0.6750556082675725
0,1,0.3096182361919255,0.6903817638080745
1,1,0.3859875362447084,0.6140124637552916
1,1,0.3720009999965893,0.6279990000034107
0,1,0.39125358870851057,0.6087464112914894
1,1,0.34992333035776113,0.6500766696422389
1,1,0.401732201672366,0.598267798327634
1,1,0.3712259225917197,0.6287740774082803
0,1,0.32842704630669406,0.6715729536933059
1,1,0.34395001708469375,0.6560499829153063
0,1,0.34155966220559675,0.6584403377944033
0,1,0.35064939423096086,0.6493506057690391
1,1,0.3334155808653738,0.6665844191346262
0,1,0.3473427434498252,0.6526572565501748
1,1,0.37325737096473477,0.6267426290352652
1,1,0.36007610821714753,0.6399238917828525
0,1,0.34140925454067106,0.6585907454593289
1,1,0.3254296763940303,0.6745703236059697
0,1,0.3621661429996431,0.6378338570003569
0,1,0.3407741052552683,0.6592258947447317
1,1,0.3316869581632099,0.6683130418367901
1,1,0.4022138586287304,0.5977861413712696
1,1,0.3439075307303484,0.6560924692696516
1,1,0.35824703389922186,0.6417529661007781
1,1,0.3294440993413995,0.6705559006586005
1,1,0.3441594348171929,0.6558405651828071
1,1,0.32093416516003703,0.679065834839963
1,1,0.33866944171446056,0.6613305582855394
0,1,0.37103760286954723,0.6289623971304528
1,1,0.3402829816985047,0.6597170183014953
1,1,0.32319249318270027,0.6768075068172997
1,1,0.34962224900520134,0.6503777509947987
0,1,0.33841838439138816,0.6615816156086118
0,1,0.38293264369974556,0.6170673563002544
1,1,0.36503480401028465,0.6349651959897153
1,1,0.3545011232422727,0.6454988767577273
0,1,0.36335346076693786,0.6366465392330621
1,1,0.35969103925337254,0.6403089607466275
0,1,0.34547703934722385,0.6545229606527762
1,1,0.3660664128147578,0.6339335871852422
1,1,0.31858789249474395,0.681412107505256
0,1,0.34714592491442464,0.6528540750855754
1,1,0.343395250639411,0.656604749360589
0,1,0.36943049221966784,0.6305695077803322
0,1,0.36143620794941145,0.6385637920505886
0,1,0.3588222006380425,0.6411777993619575
0,1,0.34799181648020516,0.6520081835197948
0,1,0.3850284251153433,0.6149715748846567
1,1,0.37365672170162023,0.6263432782983798
0,1,0.3269931226249565,0.6730068773750435
1,1,0.3577200671442188,0.6422799328557812
1,1,0.3333473721830258,0.6666526278169742
1,1,0.3521187089614861,0.6478812910385139
1,1,0.3655203208358294,0.6344796791641706
0,1,0.35565411510015843,0.6443458848998416
1,1,0.36216260211409146,0.6378373978859085
0,1,0.330144940361094,0.669855059638906
0,1,0.32721716810827584,0.6727828318917242
0,1,0.3477911409246873,0.6522088590753127
1,1,0.3484148710871947,0.6515851289128053
1,1,0.3775226812517063,0.6224773187482937
0,1,0.363502295201085,0.636497704798915
1,1,0.3874051255934048,0.6125948744065952
0,1,0.37314580443968015,0.6268541955603198
0,1,0.3369688579481164,0.6630311420518836
1,1,0.34931088581234226,0.6506891141876577
0,1,0.3540681162400465,0.6459318837599535
0,1,0.3380917966703514,0.6619082033296486
0,1,0.36484625512208346,0.6351537448779165
0,1,0.33000161839370257,0.6699983816062974
0,1,0.35833401586632685,0.6416659841336732
0,1,0.3542433255521683,0.6457566744478317
1,1,0.36960171474431514,0.6303982852556849
1,1,0.3758904462932443,0.6241095537067557
1,1,0.3327797858170852,0.6672202141829148
1,1,0.3562588038987603,0.6437411961012397
1,1,0.3509340664284336,0.6490659335715664
1,1,0.354146889591369,0.645853110408631
0,1,0.32620407021408215,0.6737959297859178
1,1,0.35175293799665286,0.6482470620033471
1,1,0.3704879538805518,0.6295120461194482
1,1,0.39725659952424475,0.6027434004757553
1,1,0.32279927401059627,0.6772007259894037
1,1,0.3443476869330119,0.6556523130669881
0,1,0.3656046336600455,0.6343953663399545
0,1,0.360096550369418,0.639903449630582
0,1,0.3665903346788092,0.6334096653211908
1,1,0.3398788211178909,0.6601211788821091
1,1,0.3662504389036917,0.6337495610963083
1,1,0.34433763922992444,0.6556623607700756
1,1,0.3414302697795769,0.6585697302204231
1,1,0.35849780885669136,0.6415021911433086
1,1,0.35087455587911887,0.6491254441208811
1,1,0.35630451414133735,0.6436954858586627
1,1,0.33556544402194155,0.6644345559780584
1,1,0.3717794828952522,0.6282205171047478
0,1,0.3504200808279302,0.6495799191720698
1,1,0.34887692889637734,0.6511230711036227
1,1,0.3803678077294397,0.6196321922705603
0,1,0.350570969434133,0.649429030565867
0,1,0.34326524393268965,0.6567347560673104
0,1,0.36172543696777526,0.6382745630322247
0,1,0.3527169166395967,0.6472830833604033
1,1,0.33335279299817533,0.6666472070018247
1,1,0.32799079181693724,0.6720092081830628
1,1,0.3531578086038839,0.6468421913961161
1,1,0.3298480310933738,0.6701519689066262
1,1,0.3811207299120887,0.6188792700879113
1,1,0.35742627358028145,0.6425737264197185
0,1,0.3513512572749323,0.6486487427250677
1,1,0.33199157474711727,0.6680084252528827
0,1,0.3337217745630594,0.6662782254369406
1,1,0.35357280586127127,0.6464271941387287
1,1,0.33916180837855414,0.6608381916214459
1,1,0.3537029721822761,0.6462970278177239
0,1,0.3703282198823681,0.6296717801176319
0,1,0.3649683110551031,0.6350316889448969
0,1,0.33702914858343924,0.6629708514165608
1,1,0.3591569949387874,0.6408430050612126
1,1,0.35154419106197765,0.6484558089380223
1,1,0.3468834158183062,0.6531165841816938
1,1,0.3269009672738229,0.6730990327261771
1,1,0.36326120311302534,0.6367387968869747
0,1,0.34570305685261615,0.6542969431473838
1,1,0.34943889536890127,0.6505611046310987
0,1,0.37718489561287594,0.6228151043871241
1,1,0.37594200611023953,0.6240579938897605
0,1,0.3512978330701393,0.6487021669298607
1,1,0.3797775096061613,0.6202224903938387
0,1,0.34578102469313887,0.6542189753068611
0,1,0.40626878847835934,0.5937312115216407
1,1,0.36682614055144647,0.6331738594485535
1,1,0.37289453849669785,0.6271054615033022
1,1,0.35760290253893146,0.6423970974610685
1,1,0.3541045681919234,0.6458954318080766
1,1,0.3581264372545584,0.6418735627454416
0,1,0.3466234287263078,0.6533765712736922
1,1,0.3970356446047836,0.6029643553952164
1,1,0.35870860738540056,0.6412913926145994
1,1,0.3475683233784249,0.6524316766215751
0,1,0.3320259043611177,0.6679740956388823
0,1,0.37070453401160264,0.6292954659883974
1,1,0.3530244943487372,0.6469755056512628
1,1,0.36317383366016454,0.6368261663398355
1,1,0.3655160359195331,0.6344839640804669
1,1,0.3424796979197544,0.6575203020802456
0,1,0.36014595412155537,0.6398540458784446
1,1,0.3577605061330186,0.6422394938669814
1,1,0.3310601488131313,0.6689398511868687
1,1,0.3824890728582525,0.6175109271417475
1,1,0.3251536871213858,0.6748463128786142
0,1,0.38182844545347505,0.618171554546525
0,1,0.3235019942350742,0.6764980057649258
1,1,0.3596324040622647,0.6403675959377353
0,1,0.37541049632844126,0.6245895036715587
1,1,0.364313241126341,0.635686758873659
0,1,0.3572903244230258,0.6427096755769742
1,1,0.3519679355204165,0.6480320644795835
1,1,0.37064613266281676,0.6293538673371832
1,1,0.3440677427321279,0.6559322572678721
1,1,0.38430819605720323,0.6156918039427968
1,1,0.3615094544604268,0.6384905455395732
1,1,0.3576446702409466,0.6423553297590534
0,1,0.36168403647630576,0.6383159635236942
0,1,0.36674748183984285,0.6332525181601572
1,1,0.41120025781279834,0.5887997421872017
1,1,0.3740127599878371,0.6259872400121629
1,1,0.3745376131778694,0.6254623868221306
1,1,0.3246611171644648,0.6753388828355352
1,1,0.3789469686852689,0.6210530313147311
1,1,0.32773819699877993,0.6722618030012201
1,1,0.3633702874813849,0.6366297125186151
1,1,0.35294761770684746,0.6470523822931525
1,1,0.3589872766730229,0.6410127233269771
0,1,0.3128979413459886,0.6871020586540114
1,1,0.3430564539401386,0.6569435460598614
1,1,0.3622650268080534,0.6377349731919466
1,1,0.35116174224834085,0.6488382577516592
0,1,0.3346671776348247,0.6653328223651753
1,1,0.34102870343559233,0.6589712965644077
1,1,0.3826175329072138,0.6173824670927862
1,1,0.3872593217234138,0.6127406782765862
0,1,0.3395464384661825,0.6604535615338175
1,1,0.3563833648860847,0.6436166351139153
1,1,0.3617538728833355,0.6382461271166645
1,1,0.34813433327471,0.65186566672529
1,1,0.37535168907606153,0.6246483109239385
1,1,0.3540215234850209,0.6459784765149791
0,1,0.3396031643394627,0.6603968356605373
1,1,0.3569042878796065,0.6430957121203935
0,1,0.3605195790502912,0.6394804209497088
1,1,0.35328184340031954,0.6467181565996805
1,1,0.3411804775459706,0.6588195224540294
1,1,0.35215033535757323,0.6478496646424268
0,1,0.3411173676485463,0.6588826323514537
1,1,0.3364779874105518,0.6635220125894482
0,1,0.3913096163323664,0.6086903836676336
1,1,0.3384281920335943,0.6615718079664057
1,1,0.3410027165809819,0.6589972834190181
0,1,0.36151007708084093,0.6384899229191591
0,1,0.35467421527108833,0.6453257847289117
0,1,0.4103034664255756,0.5896965335744244
0,1,0.34771625492178315,0.6522837450782168
1,1,0.3887328589974659,0.6112671410025341
1,1,0.36880732032836727,0.6311926796716327
1,1,0.3898290974144586,0.6101709025855414
1,1,0.3589884998394235,0.6410115001605765
0,1,0.3637987570494684,0.6362012429505316
1,1,0.37976731681179354,0.6202326831882065
1,1,0.3210627137064195,0.6789372862935805
1,1,0.3339881188775735,0.6660118811224265
0,1,0.34927577398883924,0.6507242260111608
0,1,0.3555812352198604,0.6444187647801396
1,1,0.35942042043176725,0.6405795795682327
1,1,0.3626003451844879,0.6373996548155121
0,1,0.376520819563668,0.623479180436332
1,1,0.3560324806000176,0.6439675193999824
1,1,0.35130031834040176,0.6486996816595982
1,1,0.36239851463186934,0.6376014853681307
0,1,0.36116687368912603,0.638833126310874
1,1,0.29607451004994445,0.7039254899500555
1,1,0.3761936404371352,0.6238063595628648
1,1,0.37561974246889984,0.6243802575311002
0,1,0.36432729175070777,0.6356727082492922
0,1,0.350032355087194,0.649967644912806
1,1,0.3471376558251329,0.6528623441748671
0,1,0.3318558037175935,0.6681441962824065
1,1,0.3538700538454078,0.6461299461545922
1,1,0.3714355975583099,0.6285644024416901
1,1,0.3913947830400025,0.6086052169599975
1,1,0.3608228887601975,0.6391771112398025
0,1,0.33988109530354316,0.6601189046964568
1,1,0.3478258783835064,0.6521741216164936
1,1,0.3463447950234658,0.6536552049765342
0,1,0.36314190122547885,0.6368580987745212
1,1,0.348659204346927,0.651340795653073
1,1,0.36207993146650597,0.637920068533494
1,1,0.3586649720545181,0.6413350279454819
1,1,0.3685052059384174,0.6314947940615826
1,1,0.3114523624791611,0.6885476375208389
1,1,0.33360546812469094,0.6663945318753091
1,1,0.3347257664937333,0.6652742335062667
1,1,0.3671917809539835,0.6328082190460165
0,1,0.3531895124465081,0.6468104875534919
0,1,0.37284779073371566,0.6271522092662843
0,1,0.32466829728363933,0.6753317027163607
1,1,0.33747852286442304,0.662521477135577
1,1,0.3415976933984035,0.6584023066015965
0,1,0.3756658765736267,0.6243341234263733
1,1,0.33296435104062294,0.6670356489593771
0,1,0.3380036365608349,0.6619963634391651
0,1,0.3309941535051685,0.6690058464948315
1,1,0.3360488205353057,0.6639511794646943
0,1,0.3684254276409027,0.6315745723590973
1,1,0.3653598363999908,0.6346401636000092
0,1,0.3481165542809952,0.6518834457190048
0,1,0.3607106903702241,0.6392893096297759
1,1,0.3528845607148471,0.6471154392851529
1,1,0.3524797926632838,0.6475202073367162
1,1,0.3737856469657095,0.6262143530342905
1,1,0.341510183899694,0.658489816100306
1,1,0.3680765530029858,0.6319234469970142
1,1,0.3384182475273043,0.6615817524726957
0,1,0.3781731816964593,0.6218268183035407
1,1,0.3598965439489985,0.6401034560510015
1,1,0.36331946986404273,0.6366805301359573
1,1,0.38342854003487314,0.6165714599651269
1,1,0.3557727339721506,0.6442272660278494
0,1,0.36991084464311275,0.6300891553568873
0,1,0.36440879827806005,0.63559120172194
0,1,0.37159286548646375,0.6284071345135362
0,1,0.3597698508536197,0.6402301491463803
1,1,0.3607298662710565,0.6392701337289435
0,1,0.3499302583033287,0.6500697416966713
1,1,0.3783185228117468,0.6216814771882532
0,1,0.4126766740571125,0.5873233259428875
1,1,0.3354599028530424,0.6645400971469576
0,1,0.3469376202230403,0.6530623797769597
1,1,0.3687591972428731,0.6312408027571269
0,1,0.323236916460523,0.676763083539477
0,1,0.3390919714778826,0.6609080285221174
0,1,0.35909986550517925,0.6409001344948208
0,1,0.3521308327995357,0.6478691672004643
1,1,0.3323201332105584,0.6676798667894416
0,1,0.35455681525751337,0.6454431847424866
0,1,0.3609896966647792,0.6390103033352208
0,1,0.35873428041752653,0.6412657195824735
1,1,0.35937507585523587,0.6406249241447641
1,1,0.40263120092190297,0.597368799078097
1,1,0.3225467167690901,0.6774532832309099
1,1,0.3638001691037246,0.6361998308962754
1,1,0.37651409802454405,0.623485901975456
1,1,0.33280686239490576,0.6671931376050942
1,1,0.3780915771478274,0.6219084228521726
0,1,0.33069247060726403,0.669307529392736
1,1,0.3573988587411804,0.6426011412588196
1,1,0.3515180500458308,0.6484819499541692
0,1,0.3268671356693027,0.6731328643306973
1,1,0.3645087783133215,0.6354912216866785
1,1,0.39709888251215686,0.6029011174878431
1,1,0.3313150438775738,0.6686849561224262
1,1,0.36196110670387294,0.6380388932961271
0,1,0.32605879394295767,0.6739412060570423
1,1,0.3768626999549287,0.6231373000450713
1,1,0.34791723193068447,0.6520827680693155
0,1,0.35566047385547883,0.6443395261445212
0,1,0.3172496510493572,0.6827503489506428
1,1,0.365709931795954,0.634290068204046
1,1,0.31768193524780586,0.6823180647521941
1,1,0.3701510017214028,0.6298489982785972
0,1,0.38705553697275263,0.6129444630272474
0,1,0.3549958387901494,0.6450041612098506
0,1,0.32763603257016116,0.6723639674298388
0,1,0.3600543721523689,0.6399456278476311
0,1,0.3618797254032876,0.6381202745967124
1,1,0.3615703962521867,0.6384296037478133
0,1,0.3897139045475384,0.6102860954524616
1,1,0.3552442395360442,0.6447557604639558
0,1,0.3528602652355839,0.6471397347644161
1,1,0.34887800369938726,0.6511219963006127
1,1,0.36096639336306857,0.6390336066369314
1,1,0.3480384212813583,0.6519615787186417
1,1,0.35827877616586223,0.6417212238341378
0,1,0.34687805125592697,0.653121948744073
0,1,0.34236038809037483,0.6576396119096252
1,1,0.3156284238439949,0.6843715761560051
1,1,0.37213502741137916,0.6278649725886208
0,1,0.3255556043787069,0.6744443956212931
1,1,0.34658469529329006,0.6534153047067099
1,1,0.3531157110645936,0.6468842889354064
1,1,0.3676402251827543,0.6323597748172457
1,1,0.3246040529974249,0.6753959470025751
1,1,0.35598627786807935,0.6440137221319207
1,1,0.38061462322024153,0.6193853767797585
1,1,0.38028479829769113,0.6197152017023089
1,1,0.3486414848819661,0.6513585151180339
1,1,0.35894647541701163,0.6410535245829884
0,1,0.3652197919454273,0.6347802080545727
0,1,0.35606027351551683,0.6439397264844832
0,1,0.3373173508108842,0.6626826491891158
1,1,0.353082792243229,0.646917207756771
0,1,0.3970917280655599,0.6029082719344401
1,1,0.35812112654856787,0.6418788734514321
1,1,0.35711533845240306,0.6428846615475969
1,1,0.34649307053979617,0.6535069294602038
1,1,0.35316228498160385,0.6468377150183962
1,1,0.37217131101980894,0.6278286889801911
1,1,0.3534419679202314,0.6465580320797686
1,1,0.35772718375352364,0.6422728162464764
0,1,0.3413485980877411,0.6586514019122589
0,1,0.37156659919830026,0.6284334008016997
1,1,0.37033798770879434,0.6296620122912057
1,1,0.32214725312134374,0.6778527468786563
0,1,0.36065773156255676,0.6393422684374432
0,1,0.3449889002168802,0.6550110997831198
1,1,0.36379518574673886,0.6362048142532611
1,1,0.3524467146993673,0.6475532853006327
1,1,0.36143836969585463,0.6385616303041454
1,1,0.33763943873153723,0.6623605612684628
1,1,0.3453794301046258,0.6546205698953742
1,1,0.3455433970929572,0.6544566029070428
1,1,0.3636818361208243,0.6363181638791757
1,1,0.3301610654058964,0.6698389345941036
1,1,0.34172000030395266,0.6582799996960473
0,1,0.3900322003357748,0.6099677996642252
1,1,0.35391176025210225,0.6460882397478978
1,1,0.33908648295576793,0.6609135170442321
0,1,0.3712129630939268,0.6287870369060732
1,1,0.3641851742299105,0.6358148257700895
0,1,0.3869511790256561,0.6130488209743439
0,1,0.33767097791052403,0.662329022089476
0,1,0.352302518555186,0.647697481444814
1,1,0.35810193629769616,0.6418980637023038
1,1,0.37903555258023236,0.6209644474197676
0,1,0.40317193579693067,0.5968280642030693
1,1,0.3645835116317171,0.6354164883682829
1,1,0.34493339434896664,0.6550666056510334
1,1,0.3719288461895114,0.6280711538104886
1,1,0.3524384213766356,0.6475615786233644
1,1,0.35846361459466236,0.6415363854053376
1,1,0.35777528354112587,0.6422247164588741
1,1,0.37606235547336886,0.6239376445266311
1,1,0.3647661381214852,0.6352338618785148
1,1,0.3529635307611523,0.6470364692388477
1,1,0.3473605308221709,0.6526394691778291
0,1,0.39065065569024415,0.6093493443097558
1,1,0.3665345437742281,0.6334654562257719
1,1,0.3303545028003667,0.6696454971996333
0,1,0.35611392335049175,0.6438860766495083
0,1,0.37464386782995185,0.6253561321700482
0,1,0.32638721848386065,0.6736127815161393
1,1,0.3475775807829299,0.6524224192170701
0,1,0.3574673002359361,0.6425326997640639
0,1,0.35709813304935456,0.6429018669506454
1,1,0.3367768354610612,0.6632231645389388
1,1,0.3383792016616308,0.6616207983383692
0,1,0.35692509771674574,0.6430749022832543
0,1,0.38538086404443794,0.6146191359555621
1,1,0.341932502445654,0.658067497554346
0,1,0.35813255629860885,0.6418674437013911
0,1,0.3613200028768305,0.6386799971231695
1,1,0.35180523826589016,0.6481947617341098
0,1,0.3625542453347036,0.6374457546652964
0,1,0.3687345916149659,0.6312654083850341
0,1,0.3508838334318424,0.6491161665681576
1,1,0.3683435772034164,0.6316564227965836
1,1,0.35888825185107565,0.6411117481489244
1,1,0.35221908509395217,0.6477809149060478
1,1,0.3511697958477592,0.6488302041522408
1,1,0.3528022064538924,0.6471977935461076
1,1,0.3410271052393692,0.6589728947606308
1,1,0.35547163668740955,0.6445283633125904
1,1,0.31766448110209855,0.6823355188979014
1,1,0.3646422878110537,0.6353577121889463
1,1,0.34979495610343425,0.6502050438965657
1,1,0.35085444407131117,0.6491455559286888
0,1,0.36321383487497794,0.6367861651250221
1,1,0.3583521323805917,0.6416478676194083
1,1,0.35885016220444643,0.6411498377955536
0,1,0.3875391460211398,0.6124608539788602
0,1,0.37391710430859726,0.6260828956914027
1,1,0.3709337516543523,0.6290662483456477
1,1,0.37595106749495166,0.6240489325050483
1,1,0.3580427657308922,0.6419572342691078
0,1,0.33407314577213276,0.6659268542278672
1,1,0.36707558179967037,0.6329244182003296
0,1,0.36862712315812474,0.6313728768418753
1,1,0.3326437362983141,0.6673562637016859
1,1,0.3476165741351639,0.6523834258648361
1,1,0.3329378295090426,0.6670621704909574
1,1,0.3750454440945431,0.6249545559054569
1,1,0.35392757144997467,0.6460724285500253
1,1,0.34008228019216635,0.6599177198078336
1,1,0.3324198152020408,0.6675801847979592
1,1,0.3491668399529685,0.6508331600470315
1,1,0.37710761043753127,0.6228923895624687
1,1,0.34174506664831583,0.6582549333516842
1,1,0.3573731167414548,0.6426268832585452
1,1,0.36902879567820834,0.6309712043217917
0,1,0.37579027382333363,0.6242097261766664
0,1,0.3373455228413409,0.6626544771586591
1,1,0.34412943202379676,0.6558705679762032
0,1,0.3349751313803092,0.6650248686196908
0,1,0.3626102117298726,0.6373897882701274
1,1,0.36015214267882345,0.6398478573211765
0,1,0.38668639029898,0.61331360970102
1,1,0.35547259468296366,0.6445274053170363
1,1,0.3410072022317723,0.6589927977682277
1,1,0.3656692087126955,0.6343307912873045
0,1,0.34106515398865755,0.6589348460113424
1,1,0.35225207197269337,0.6477479280273066
1,1,0.3418920713252295,0.6581079286747705
1,1,0.38809118679230814,0.6119088132076919
1,1,0.3494257154116941,0.6505742845883059
1,1,0.3618199060290346,0.6381800939709654
1,1,0.3733313340396649,0.6266686659603351
1,1,0.31704046621330917,0.6829595337866908
1,1,0.32998149252361997,0.67001850747638
1,1,0.3660905199496943,0.6339094800503057
1,1,0.36627986579699856,0.6337201342030014
1,1,0.3422240974041828,0.6577759025958172
1,1,0.3584827559011421,0.6415172440988579
0,1,0.35277619793525394,0.6472238020647461
0,1,0.33701673078493266,0.6629832692150673
1,1,0.35886478691133705,0.641135213088663
1,1,0.3480759657238294,0.6519240342761706
1,1,0.3404202005889724,0.6595797994110276
1,1,0.3291205680210646,0.6708794319789354
1,1,0.3590595695327897,0.6409404304672103
0,1,0.35934194985023404,0.640658050149766
1,1,0.3854745663882275,0.6145254336117725
1,1,0.36692571451189215,0.6330742854881078
1,1,0.3566503852676629,0.6433496147323371
1,1,0.338432803933872,0.661567196066128
0,1,0.34513285618944534,0.6548671438105547
0,1,0.3488999159311795,0.6511000840688205
1,1,0.3635476090132018,0.6364523909867982
1,1,0.3754161587052348,0.6245838412947652
1,1,0.36558735417207866,0.6344126458279213
1,1,0.3535422978041878,0.6464577021958122
1,1,0.38066581350365125,0.6193341864963487
1,1,0.37431908021266447,0.6256809197873355
1,1,0.3776102717151325,0.6223897282848675
0,1,0.3446625095075737,0.6553374904924263
0,1,0.3709432444694206,0.6290567555305794
1,1,0.35764629184375296,0.642353708156247
1,1,0.3518068391803768,0.6481931608196232
1,1,0.33630784937479286,0.6636921506252071
0,1,0.3638706115223418,0.6361293884776582
1,1,0.3725664628785862,0.6274335371214138
1,1,0.35422673869888577,0.6457732613011142
1,1,0.356745001786522,0.643254998213478
1,1,0.3581111326715857,0.6418888673284143
1,1,0.3478342356974682,0.6521657643025318
0,1,0.3302569354481457,0.6697430645518543
0,1,0.3505793104904137,0.6494206895095863
1,1,0.3664396871130793,0.6335603128869207
0,1,0.31491172933524036,0.6850882706647596
1,1,0.3533510547261485,0.6466489452738515
1,1,0.365897584340354,0.634102415659646
1,1,0.36768599810421276,0.6323140018957872
1,1,0.3556919342435594,0.6443080657564406
0,1,0.33520375040740114,0.6647962495925989
1,1,0.3347649172726572,0.6652350827273428
1,1,0.3472420489331689,0.6527579510668311
1,1,0.3104208724046996,0.6895791275953004
1,1,0.33006903017397404,0.669930969826026
1,1,0.35353685987644146,0.6464631401235585
0,1,0.34836212083083085,0.6516378791691692
1,1,0.36053077937431477,0.6394692206256852
0,1,0.3650331252082386,0.6349668747917614
0,1,0.3609630879745219,0.6390369120254781
0,1,0.35850401241343555,0.6414959875865645
1,1,0.3750458051843508,0.6249541948156492
1,1,0.3777178754151641,0.6222821245848359
1,1,0.3457465799052607,0.6542534200947393
1,1,0.34950314491151235,0.6504968550884876
1,1,0.36882473346595135,0.6311752665340487
0,1,0.3291415960942784,0.6708584039057216
1,1,0.3777127867710589,0.6222872132289411
1,1,0.34889543032728565,0.6511045696727144
0,1,0.34765601509803146,0.6523439849019685
1,1,0.3685844250489735,0.6314155749510265
1,1,0.3396566317032208,0.6603433682967792
0,1,0.3353926727801896,0.6646073272198104
1,1,0.3815681492290368,0.6184318507709632
1,1,0.36834654057274296,0.631653459427257
1,1,0.37160483053010784,0.6283951694698922
0,1,0.36473780081501506,0.6352621991849849
1,1,0.3454457322547809,0.6545542677452191
0,1,0.34723567287678636,0.6527643271232136
1,1,0.3446967762914033,0.6553032237085967
1,1,0.32797369359310646,0.6720263064068935
0,1,0.37225298463381806,0.6277470153661819
1,1,0.3336216229823199,0.6663783770176801
1,1,0.3803523033277193,0.6196476966722807
1,1,0.35077140873464685,0.6492285912653531
1,1,0.35259319774275677,0.6474068022572432
1,1,0.35273221721695835,0.6472677827830416
0,1,0.36465716002218007,0.6353428399778199
1,1,0.35100332247181176,0.6489966775281882
1,1,0.3648059806581119,0.6351940193418881
1,1,0.35368493856605476,0.6463150614339452
1,1,0.33163828117277006,0.66836171882723
0,1,0.34070122821624804,0.659298771783752
0,1,0.34953657058843113,0.6504634294115689
1,1,0.351545060237919,0.648454939762081
1,1,0.3648729877867316,0.6351270122132684
1,1,0.3475220450621548,0.6524779549378452
0,1,0.3649893702139698,0.6350106297860302
0,1,0.3205749873591187,0.6794250126408813
1,1,0.31585415576335085,0.6841458442366491
1,1,0.3740811716396639,0.6259188283603361
1,1,0.3662936964565967,0.6337063035434033
0,1,0.3437884092927028,0.6562115907072972
0,1,0.35043028013354705,0.649569719866453
1,1,0.3534137853290873,0.6465862146709127
1,1,0.3562513421184925,0.6437486578815075
1,1,0.35169773588619613,0.6483022641138039
1,1,0.3646154294100048,0.6353845705899952
1,1,0.3689243675755356,0.6310756324244644
1,1,0.4079037672358815,0.5920962327641185
1,1,0.34402464671088606,0.6559753532891139
1,1,0.3574207547406484,0.6425792452593516
0,1,0.3725565646355987,0.6274434353644013
1,1,0.34447460045236344,0.6555253995476366
0,1,0.40940415640067895,0.590595843599321
1,1,0.37352275076130836,0.6264772492386916
0,1,0.3421124338945346,0.6578875661054654
1,1,0.36788578313051945,0.6321142168694805
1,1,0.3321137238115405,0.6678862761884595
0,1,0.3257414824179009,0.6742585175820991
0,1,0.37279818176807755,0.6272018182319224
1,1,0.3581634289561292,0.6418365710438708
1,1,0.3598164460106953,0.6401835539893047
1,1,0.3921643223140193,0.6078356776859807
0,1,0.40220176034119515,0.5977982396588049
0,1,0.36576440262963417,0.6342355973703658
0,1,0.3487951107602003,0.6512048892397997
1,1,0.3622851265618787,0.6377148734381213
1,1,0.3451019491542954,0.6548980508457046
1,1,0.3499103580194579,0.6500896419805421
0,1,0.40213809634614694,0.597861903653853
1,1,0.3485181172991423,0.6514818827008577
0,1,0.3274191679320846,0.6725808320679154
0,1,0.3625289437650394,0.6374710562349606
0,1,0.3168165649964342,0.6831834350035658
0,1,0.35447289276218186,0.6455271072378181
1,1,0.34087712528398495,0.659122874716015
1,1,0.3408996341533025,0.6591003658466975
0,1,0.3813511699867189,0.6186488300132811
1,1,0.33889001303046984,0.6611099869695302
0,1,0.35061533035054004,0.64938466964946
0,1,0.3060738245265471,0.6939261754734529
1,1,0.34097547305044207,0.6590245269495579
1,1,0.3471099665229649,0.6528900334770351
0,1,0.3398900254938668,0.6601099745061332
1,1,0.33311947684484633,0.6668805231551537
1,1,0.3428078235801981,0.6571921764198019
1,1,0.3772963572590462,0.6227036427409538
1,1,0.38047177020573253,0.6195282297942675
0,1,0.36293794109821764,0.6370620589017824
0,1,0.36550579854334475,0.6344942014566552
1,1,0.34206744055880167,0.6579325594411983
1,1,0.35237807133574106,0.6476219286642589
0,1,0.3189209381097443,0.6810790618902557
1,1,0.37588733375233085,0.6241126662476691
1,1,0.32584734222825273,0.6741526577717473
0,1,0.34391627433629646,0.6560837256637035
0,1,0.3311572114576984,0.6688427885423016
0,1,0.3544512196830455,0.6455487803169545
0,1,0.3428926318122899,0.6571073681877101
0,1,0.36534674712776105,0.634653252872239
0,1,0.3595071440970281,0.6404928559029719
1,1,0.3818160432723636,0.6181839567276364
1,1,0.36351369978363857,0.6364863002163614
1,1,0.375413910007078,0.624586089992922
1,1,0.36432243888536997,0.63567756111463
0,1,0.35165018939574466,0.6483498106042553
1,1,0.3514635914886344,0.6485364085113656
1,1,0.34975818754528565,0.6502418124547144
1,1,0.36482088800547063,0.6351791119945294
0,1,0.34456329567980293,0.6554367043201971
1,1,0.32430389738893806,0.6756961026110619
1,1,0.40140626520762734,0.5985937347923727
0,1,0.34690117573933243,0.6530988242606676
1,1,0.33190533022834745,0.6680946697716525
1,1,0.341538026271324,0.658461973728676
1,1,0.3640071390317534,0.6359928609682466
0,1,0.3468812070289613,0.6531187929710387
1,1,0.3160288975079629,0.6839711024920371
0,1,0.3624108393202019,0.6375891606797981
1,1,0.34874842460880895,0.651251575391191
1,1,0.3696568991911203,0.6303431008088797
1,1,0.3287875838973976,0.6712124161026024
0,1,0.34103249205496355,0.6589675079450364
1,1,0.34735825518212304,0.652641744817877
1,1,0.3649690887807927,0.6350309112192073
1,1,0.32915709497022383,0.6708429050297762
1,1,0.35781333789996983,0.6421866621000302
1,1,0.36851919697862245,0.6314808030213775
1,1,0.3702556622288393,0.6297443377711607
1,1,0.34337701036902346,0.6566229896309765
0,1,0.34510875512123784,0.6548912448787622
1,1,0.3500020833014533,0.6499979166985467
1,1,0.359450846415159,0.640549153584841
1,1,0.3574040386300863,0.6425959613699137
1,1,0.366910612568605,0.633089387431395
0,1,0.34946596586546563,0.6505340341345344
1,1,0.34060047693671736,0.6593995230632826
1,1,0.43892864753284666,0.5610713524671533
0,1,0.34095236230315085,0.6590476376968492
1,1,0.3650774707721085,0.6349225292278915
1,1,0.3549242036686109,0.6450757963313891
0,1,0.3534957788807047,0.6465042211192953
1,1,0.3833053318746956,0.6166946681253044
1,1,0.36901495413270324,0.6309850458672968
1,1,0.3476861845899619,0.6523138154100381
1,1,0.35358310069817767,0.6464168993018223
0,1,0.35009815792353327,0.6499018420764667
0,1,0.3452931266675029,0.6547068733324971
0,1,0.35111071570111574,0.6488892842988843
0,1,0.3756489294172777,0.6243510705827223
0,1,0.3250002518728142,0.6749997481271858
0,1,0.3477213984950642,0.6522786015049358
1,1,0.41102116317603987,0.5889788368239601
1,1,0.3598157848264205,0.6401842151735795
0,1,0.35992777906116524,0.6400722209388348
0,1,0.3169086137794107,0.6830913862205893
1,1,0.39036489659454365,0.6096351034054563
1,1,0.36015746748755284,0.6398425325124472
1,1,0.3504974084788448,0.6495025915211552
1,1,0.36183027741178986,0.6381697225882101
0,1,0.34189394071237234,0.6581060592876277
0,1,0.36988011888674144,0.6301198811132586
0,1,0.3422165292920354,0.6577834707079646
1,1,0.36233381581241764,0.6376661841875824
1,1,0.3715833654855645,0.6284166345144355
1,1,0.36907671469828285,0.6309232853017172
1,1,0.3790110022960502,0.6209889977039498
1,1,0.33771222390288935,0.6622877760971106
0,1,0.4018650052839826,0.5981349947160174
0,1,0.34908076177967273,0.6509192382203273
1,1,0.39672452357418087,0.6032754764258191
1,1,0.33982676306564974,0.6601732369343503
1,1,0.34272681058627974,0.6572731894137203
1,1,0.34497543390481145,0.6550245660951886
1,1,0.3527977474023255,0.6472022525976745
1,1,0.3473631823224024,0.6526368176775976
0,1,0.3424764600182696,0.6575235399817304
1,1,0.37624615269574924,0.6237538473042508
1,1,0.35874342104556234,0.6412565789544377
1,1,0.3369162808761904,0.6630837191238096
1,1,0.3147768813988997,0.6852231186011003
1,1,0.36012007111266253,0.6398799288873375
0,1,0.36086030584027473,0.6391396941597253
1,1,0.3586745797202262,0.6413254202797738
1,1,0.3181517773493425,0.6818482226506575
0,1,0.352897271736863,0.647102728263137
1,1,0.34426604601173116,0.6557339539882688
1,1,0.3823742121517164,0.6176257878482836
1,1,0.35176119545944984,0.6482388045405502
1,1,0.3636460037210828,0.6363539962789172
1,1,0.3781504363034941,0.6218495636965059
0,1,0.3229881601298966,0.6770118398701034
1,1,0.35104255346296465,0.6489574465370354
1,1,0.40443658370490687,0.5955634162950931
1,1,0.34661550561504584,0.6533844943849542
1,1,0.4134152610369439,0.5865847389630561
0,1,0.3457286820510129,0.6542713179489871
0,1,0.3527334365578766,0.6472665634421234
1,1,0.31913353188865556,0.6808664681113444
0,1,0.38962663557339405,0.610373364426606
1,1,0.3602486431767048,0.6397513568232952
1,1,0.3623079868751943,0.6376920131248057
1,1,0.39621313316143747,0.6037868668385625
0,1,0.39349783915625336,0.6065021608437466
1,1,0.3631534593385679,0.6368465406614321
0,1,0.35279485915176256,0.6472051408482374
1,1,0.3845132693512645,0.6154867306487355
0,1,0.39185201212254817,0.6081479878774518
1,1,0.35145998008883994,0.6485400199111601
1,1,0.36086054518162625,0.6391394548183738
1,1,0.349240497228098,0.650759502771902
1,1,0.32062472196521863,0.6793752780347814
1,1,0.34634974571520816,0.6536502542847918
0,1,0.3527077706283547,0.6472922293716453
0,1,0.33952391610872223,0.6604760838912778
0,1,0.35560871609580247,0.6443912839041975
0,1,0.36832351558846244,0.6316764844115376
1,1,0.3363064647658114,0.6636935352341886
0,1,0.37551574403453514,0.6244842559654649
1,1,0.3493744276964017,0.6506255723035983
1,1,0.3524959639348718,0.6475040360651282
0,1,0.3647861367193329,0.6352138632806671
0,1,0.35148013570748393,0.6485198642925161
1,1,0.3365525029397003,0.6634474970602997
1,1,0.34710848635946523,0.6528915136405348
0,1,0.335255429919872,0.664744570080128
1,1,0.35781490182596787,0.6421850981740321
1,1,0.34940553698049115,0.6505944630195089
1,1,0.37970107823330934,0.6202989217666907
1,1,0.39413353361478454,0.6058664663852155
0,1,0.36741287625198604,0.632587123748014
1,1,0.39661885745332304,0.603381142546677
0,1,0.38246778507089363,0.6175322149291064
0,1,0.3619775094190546,0.6380224905809454
0,1,0.35307627003246067,0.6469237299675393
1,1,0.37719028829384926,0.6228097117061507
1,1,0.34514620220736225,0.6548537977926377
1,1,0.35274020598094313,0.6472597940190569
0,1,0.35253383061027455,0.6474661693897255
0,1,0.35752436095533513,0.6424756390446649
0,1,0.36806137497850444,0.6319386250214956
1,1,0.3538153283280915,0.6461846716719085
1,1,0.33154217851409107,0.6684578214859089
1,1,0.36045620990265537,0.6395437900973446
1,1,0.3638731339252268,0.6361268660747732
0,1,0.37060625972301875,0.6293937402769813
1,1,0.36128285430263296,0.638717145697367
0,1,0.3643831457337888,0.6356168542662112
0,1,0.3484075570176529,0.6515924429823471
1,1,0.3476980931157504,0.6523019068842496
0,1,0.355546230875166,0.644453769124834
1,1,0.3638429825193541,0.6361570174806459
0,1,0.3442758976832808,0.6557241023167192
0,1,0.349332531054102,0.650667468945898
0,1,0.3587817808225874,0.6412182191774126
1,1,0.3765263853125398,0.6234736146874602
1,1,0.3440287908181834,0.6559712091818166
0,1,0.41143888783421223,0.5885611121657878
1,1,0.3620199452656899,0.6379800547343101
1,1,0.36118637911602547,0.6388136208839745
1,1,0.4026967707220279,0.5973032292779721
1,1,0.36162899321168185,0.6383710067883182
0,1,0.3494804995348557,0.6505195004651443
0,1,0.3526935877602049,0.6473064122397951
1,1,0.3462117809007671,0.6537882190992329
1,1,0.3423364746462819,0.6576635253537181
0,1,0.3574241159398117,0.6425758840601883
0,1,0.33226721261894987,0.6677327873810501
0,1,0.4003810345577077,0.5996189654422923
1,1,0.36013852196204243,0.6398614780379576
0,1,0.3524183349168277,0.6475816650831723
1,1,0.35909726947018583,0.6409027305298142
0,1,0.31923984990041354,0.6807601500995865
1,1,0.35012156114325543,0.6498784388567446
1,1,0.36213902946627563,0.6378609705337244
1,1,0.38872064197595524,0.6112793580240448
1,1,0.3585210604691691,0.6414789395308309
1,1,0.37200620894657865,0.6279937910534213
1,1,0.3384447323258042,0.6615552676741958
1,1,0.36006229842719595,0.639937701572804
1,1,0.35978976907388904,0.640210230926111
0,1,0.3670085019373751,0.6329914980626249
0,1,0.35323432662221155,0.6467656733777885
1,1,0.34871540617084595,0.651284593829154
1,1,0.34947434358534213,0.6505256564146579
0,1,0.35208064725576627,0.6479193527442337
0,1,0.35228630762915647,0.6477136923708435
1,1,0.36538102909024006,0.6346189709097599
1,1,0.35567347084843615,0.6443265291515639
0,1,0.3518143416439885,0.6481856583560115
1,1,0.34958622348231205,0.650413776517688
0,1,0.3553637219514316,0.6446362780485684
1,1,0.3369791277097912,0.6630208722902088
1,1,0.35028094530249443,0.6497190546975056
0,1,0.3539557751194472,0.6460442248805528
0,1,0.35217426203533353,0.6478257379646665
1,1,0.3488193447865465,0.6511806552134535
0,1,0.3241382272674984,0.6758617727325016
1,1,0.33754105042596927,0.6624589495740307
1,1,0.3842848989206642,0.6157151010793358
0,1,0.3463081160107455,0.6536918839892545
0,1,0.36540896648448384,0.6345910335155162
1,1,0.3733196147901443,0.6266803852098557
1,1,0.370917901495991,0.629082098504009
1,1,0.34763145284135033,0.6523685471586497
0,1,0.37168232987040406,0.6283176701295959
0,1,0.35736787987094687,0.6426321201290531
1,1,0.3371801274360504,0.6628198725639496
0,1,0.34692227017683974,0.6530777298231603
1,1,0.3492116358439131,0.6507883641560869
1,1,0.3335197447221262,0.6664802552778738
0,1,0.3805163016603489,0.6194836983396511
0,1,0.33310774600524296,0.666892253994757
1,1,0.36450356161574127,0.6354964383842587
1,1,0.3784809248059192,0.6215190751940808
1,1,0.3606582860634633,0.6393417139365367
1,1,0.349222675524282,0.650777324475718
0,1,0.3588067671385876,0.6411932328614124
1,1,0.35455775836618864,0.6454422416338114
1,1,0.3546657244698799,0.6453342755301201
1,1,0.3691340020918772,0.6308659979081228
0,1,0.3216651808609782,0.6783348191390218
1,1,0.32621545901344884,0.6737845409865512
1,1,0.3582122433981536,0.6417877566018464
0,1,0.33389482114825264,0.6661051788517474
0,1,0.357858176911398,0.642141823088602
1,1,0.34981003333302874,0.6501899666669713
1,1,0.4165634778153682,0.5834365221846318
1,1,0.3399397200036791,0.6600602799963209
0,1,0.33821430756698123,0.6617856924330188
0,1,0.34679711970906635,0.6532028802909337
0,1,0.378269704679019,0.621730295320981
1,1,0.3638071459563438,0.6361928540436562
1,1,0.350302548195348,0.649697451804652
1,1,0.35393864248129514,0.6460613575187049
1,1,0.33290106413169585,0.6670989358683042
1,1,0.35597091369965583,0.6440290863003442
1,1,0.3339843044057226,0.6660156955942774
1,1,0.38024950278409253,0.6197504972159075
1,1,0.3184646315261761,0.6815353684738239
0,1,0.3594093608513369,0.6405906391486631
1,1,0.3607842455182103,0.6392157544817897
0,1,0.37599314804653194,0.6240068519534681
1,1,0.3591977663263395,0.6408022336736605
0,1,0.36126483492905836,0.6387351650709416
1,1,0.3894082752706387,0.6105917247293613
0,1,0.32451599031186096,0.675484009688139
0,1,0.35098084039734734,0.6490191596026527
1,1,0.35818993601918425,0.6418100639808157
1,1,0.36708291753791744,0.6329170824620826
1,1,0.34556083873527177,0.6544391612647282
1,1,0.3385720455620669,0.6614279544379331
1,1,0.35565469105837944,0.6443453089416206
0,1,0.3528887841061179,0.6471112158938821
1,1,0.34559483182152373,0.6544051681784763
0,1,0.3574230633443689,0.6425769366556311
0,1,0.34785381116884806,0.6521461888311519
1,1,0.33940320122308987,0.6605967987769101
1,1,0.2981181181800655,0.7018818818199345
1,1,0.3388701636650747,0.6611298363349253
1,1,0.3571938695733974,0.6428061304266026
1,1,0.3381018043154459,0.6618981956845541
0,1,0.37611729135647987,0.6238827086435201
1,1,0.3400658661189552,0.6599341338810448
0,1,0.3772281218668906,0.6227718781331094
1,1,0.3520296365313943,0.6479703634686057
0,1,0.354027373565028,0.645972626434972
1,1,0.3586976805641603,0.6413023194358397
0,1,0.356041183603127,0.643958816396873
1,1,0.33833152806442346,0.6616684719355765
1,1,0.34320831819695075,0.6567916818030493
1,1,0.3475316881109197,0.6524683118890803
1,1,0.35168048301362487,0.6483195169863751
1,1,0.3570029842396917,0.6429970157603083
0,1,0.3617164403763232,0.6382835596236768
1,1,0.3610563248287334,0.6389436751712666
0,1,0.37000587930537987,0.6299941206946201
1,1,0.37113546692849164,0.6288645330715084
1,1,0.3425243477723632,0.6574756522276368
1,1,0.3600533693428938,0.6399466306571062
1,1,0.37348992157348015,0.6265100784265198
1,1,0.3411467131976951,0.6588532868023049
1,1,0.3344634868505816,0.6655365131494184
1,1,0.28481153831099393,0.7151884616890061
1,1,0.31112867294428703,0.688871327055713
0,1,0.3470874880118944,0.6529125119881056
1,1,0.34438413493463194,0.6556158650653681
1,1,0.3431048167329961,0.6568951832670039
0,1,0.3395453020222109,0.6604546979777891
1,1,0.352179596479281,0.647820403520719
1,1,0.3626392785757485,0.6373607214242515
0,1,0.38033871046724355,0.6196612895327565
1,1,0.38905094797391593,0.6109490520260841
1,1,0.3576249387006295,0.6423750612993705
1,1,0.3507541266867086,0.6492458733132914
1,1,0.32451688897202047,0.6754831110279795
1,1,0.35883597902776443,0.6411640209722356
1,1,0.368694727183961,0.631305272816039
1,1,0.3492623870771059,0.6507376129228941
0,1,0.35336728556858676,0.6466327144314132
0,1,0.32673358895048477,0.6732664110495152
1,1,0.34039576005417505,0.659604239945825
0,1,0.3581087813716358,0.6418912186283642
1,1,0.3358460814484301,0.6641539185515699
1,1,0.3359571925551912,0.6640428074448088
0,1,0.3413738359379904,0.6586261640620096
0,1,0.36267658362149857,0.6373234163785014
1,1,0.3589582269090805,0.6410417730909195
0,1,0.34755936768760365,0.6524406323123964
1,1,0.3382139866461654,0.6617860133538346
1,1,0.3676351523780583,0.6323648476219417
1,1,0.36016384257351763,0.6398361574264824
1,1,0.35274663923694494,0.6472533607630551
1,1,0.3922378293097607,0.6077621706902393
0,1,0.3054281912361029,0.6945718087638971
1,1,0.3706578550263977,0.6293421449736023
1,1,0.34712134462893096,0.652878655371069
1,1,0.3473371009321875,0.6526628990678125
1,1,0.37775947854889624,0.6222405214511038
1,1,0.3743915818073058,0.6256084181926942
0,1,0.37163125094969185,0.6283687490503082
0,1,0.3496173927112961,0.6503826072887039
0,1,0.37298187013636297,0.627018129863637
0,1,0.3444209892895391,0.6555790107104609
1,1,0.3465193526900081,0.6534806473099919
0,1,0.3423230553441494,0.6576769446558506
0,1,0.38091806743983325,0.6190819325601667
0,1,0.3688255987740765,0.6311744012259235
1,1,0.3392819488797114,0.6607180511202886
0,1,0.3697480856749412,0.6302519143250588
0,1,0.3465792339571776,0.6534207660428224
1,1,0.3508526905108552,0.6491473094891448
0,1,0.3398333419260534,0.6601666580739466
0,1,0.3457638561155042,0.6542361438844958
1,1,0.35689405892918635,0.6431059410708136
1,1,0.3385787572054558,0.6614212427945442
1,1,0.33672429061956133,0.6632757093804387
1,1,0.3793102071041793,0.6206897928958207
0,1,0.38027011094950414,0.6197298890504959
0,1,0.33554131554309774,0.6644586844569023
0,1,0.34956732706613824,0.6504326729338618
0,1,0.3507777337842164,0.6492222662157836
1,1,0.3767154338278158,0.6232845661721842
1,1,0.3691906069547557,0.6308093930452443
0,1,0.3360334154803455,0.6639665845196545
1,1,0.3779805582423258,0.6220194417576742
0,1,0.341657819634944,0.658342180365056
1,1,0.3718750228484795,0.6281249771515205
1,1,0.32027693620925735,0.6797230637907427
0,1,0.3581617274523402,0.6418382725476598
1,1,0.3698609626154534,0.6301390373845466
0,1,0.3264778500305324,0.6735221499694676
1,1,0.3474640377664644,0.6525359622335356
1,1,0.3436207751409017,0.6563792248590983
0,1,0.363525701776931,0.636474298223069
1,1,0.36391755164605055,0.6360824483539494
1,1,0.3371456861695692,0.6628543138304308
0,1,0.3487063459419327,0.6512936540580673
0,1,0.37301932649627245,0.6269806735037275
1,1,0.3536597318840212,0.6463402681159788
1,1,0.3432841663723367,0.6567158336276633
1,1,0.3741761155934773,0.6258238844065227
1,1,0.33911164104249947,0.6608883589575005
1,1,0.3426445330351652,0.6573554669648348
1,1,0.3254871886933466,0.6745128113066534
1,1,0.3518664761189676,0.6481335238810324
1,1,0.37697407543211947,0.6230259245678805
1,1,0.3623268903457135,0.6376731096542865
0,1,0.3654325814742514,0.6345674185257486
0,1,0.3687982011846046,0.6312017988153954
1,1,0.3535707180098909,0.6464292819901091
1,1,0.36189137751647205,0.638108622483528
1,1,0.33473275179214124,0.6652672482078588
0,1,0.34492699545377825,0.6550730045462217
1,1,0.35392391313209604,0.646076086867904
1,1,0.3560981722912294,0.6439018277087706
1,1,0.35021558740577086,0.6497844125942291
0,1,0.34777694563631456,0.6522230543636854
1,1,0.4035159675854483,0.5964840324145517
1,1,0.38674989185011155,0.6132501081498885
1,1,0.3420882307558335,0.6579117692441665
1,1,0.384077783877133,0.615922216122867
1,1,0.30522720793168145,0.6947727920683185
0,1,0.31775728041632345,0.6822427195836765
0,1,0.34023788777990693,0.6597621122200931
1,1,0.3794813347738538,0.6205186652261462
1,1,0.36095868036552436,0.6390413196344756
1,1,0.37665370930717623,0.6233462906928238
0,1,0.35029455902520545,0.6497054409747945
0,1,0.3418076623655575,0.6581923376344425
1,1,0.37797628173984,0.62202371826016
0,1,0.34444226257880306,0.6555577374211969
1,1,0.33689816383174476,0.6631018361682552
1,1,0.32414036704725024,0.6758596329527498
0,1,0.3619739649924124,0.6380260350075876
0,1,0.38962189401193437,0.6103781059880656
1,1,0.36342452823470484,0.6365754717652952
1,1,0.3877580949599284,0.6122419050400716
1,1,0.34916192932329115,0.6508380706767088
1,1,0.3299057278830617,0.6700942721169383
0,1,0.3467168985974026,0.6532831014025974
1,1,0.34827337525966284,0.6517266247403372
1,1,0.3749569261264477,0.6250430738735523
1,1,0.3457785699891417,0.6542214300108583
0,1,0.3404826589259321,0.6595173410740679
0,1,0.34593035122760707,0.6540696487723929
0,1,0.3442861403925218,0.6557138596074782
1,1,0.35019915168252513,0.6498008483174749
0,1,0.3302562916185956,0.6697437083814044
1,1,0.3673702479924684,0.6326297520075316
1,1,0.3703728661154504,0.6296271338845496
1,1,0.38492400046227004,0.61507599953773
0,1,0.358280621856219,0.641719378143781
1,1,0.36824621623605425,0.6317537837639458
1,1,0.36546161736607874,0.6345383826339213
0,1,0.40098415813891575,0.5990158418610843
1,1,0.34719576109187755,0.6528042389081224
1,1,0.3635317872405064,0.6364682127594936
0,1,0.37337750989549945,0.6266224901045006
1,1,0.3586237586093717,0.6413762413906283
1,1,0.33033852419576837,0.6696614758042316
1,1,0.3808345860903699,0.6191654139096301
1,1,0.38265749288053486,0.6173425071194651
1,1,0.36249530633290383,0.6375046936670962
1,1,0.3546525322973825,0.6453474677026175
0,1,0.33426601985219184,0.6657339801478082
1,1,0.3438838073674647,0.6561161926325353
1,1,0.3627851844922674,0.6372148155077326
1,1,0.3638685709604681,0.6361314290395319
0,1,0.36790283501122634,0.6320971649887737
1,1,0.34235115509777636,0.6576488449022236
0,1,0.3728161281559629,0.6271838718440371
0,1,0.3799436905612775,0.6200563094387225
0,1,0.32741435975096134,0.6725856402490387
1,1,0.34585969009189577,0.6541403099081042
1,1,0.35397285851024973,0.6460271414897503
0,1,0.33117246163454583,0.6688275383654542
1,1,0.34873444810119236,0.6512655518988076
0,1,0.3654975724938424,0.6345024275061576
1,1,0.3703837332214327,0.6296162667785673
0,1,0.3273378911745093,0.6726621088254907
1,1,0.34636640245457595,0.653633597545424
1,1,0.3716374401522371,0.6283625598477629
1,1,0.3532817096222939,0.6467182903777061
1,1,0.3617227029955504,0.6382772970044496
1,1,0.36048606470926836,0.6395139352907316
0,1,0.3546540838379172,0.6453459161620828
0,1,0.38179929882618335,0.6182007011738166
1,1,0.34725773261952597,0.652742267380474
0,1,0.35503926159103705,0.644960738408963
0,1,0.387991795818979,0.612008204181021
0,1,0.36377377246501297,0.636226227534987
0,1,0.32233711949935673,0.6776628805006433
0,1,0.35758844637865383,0.6424115536213462
1,1,0.3369908072728849,0.6630091927271151
0,1,0.3478723864241675,0.6521276135758325
0,1,0.3281542266486195,0.6718457733513805
0,1,0.3480486940727999,0.6519513059272001
1,1,0.35067158320713265,0.6493284167928673
0,1,0.35848567396037356,0.6415143260396264
0,1,0.34611156258863374,0.6538884374113663
1,1,0.37375280297981406,0.6262471970201859
1,1,0.34137725717771994,0.6586227428222801
1,1,0.34804757055284674,0.6519524294471533
1,1,0.36103726675600467,0.6389627332439953
1,1,0.34822947736255927,0.6517705226374407
0,1,0.3534218050357194,0.6465781949642806
1,1,0.34915023424554004,0.65084976575446
0,1,0.3774069585110096,0.6225930414889904
1,1,0.3649997707460113,0.6350002292539887
0,1,0.35548273052956025,0.6445172694704397
1,1,0.32430354380171067,0.6756964561982893
0,1,0.3548508246995776,0.6451491753004224
1,1,0.3674176372000062,0.6325823627999938
1,1,0.3435196086344714,0.6564803913655286
1,1,0.36046871587562745,0.6395312841243725
1,1,0.37942827865107664,0.6205717213489234
1,1,0.3112271625095323,0.6887728374904677
1,1,0.38596416263525957,0.6140358373647404
1,1,0.3515073350154959,0.6484926649845041
1,1,0.34408635440893476,0.6559136455910652
0,1,0.3619957796615123,0.6380042203384877
1,1,0.3238540240247909,0.6761459759752091
1,1,0.3623596704794453,0.6376403295205547
0,1,0.36710428004563345,0.6328957199543666
0,1,0.3674179670196631,0.6325820329803369
1,1,0.3457622610214347,0.6542377389785653
0,1,0.35952718810390616,0.6404728118960938
0,1,0.38491368401616144,0.6150863159838386
1,1,0.3711214495325025,0.6288785504674975
0,1,0.3591361449653738,0.6408638550346262
1,1,0.34306030513510755,0.6569396948648925
1,1,0.3473432666488109,0.6526567333511891
0,1,0.36619296408693247,0.6338070359130675
0,1,0.35567397554134805,0.644326024458652
0,1,0.3447892724439625,0.6552107275560375
1,1,0.3566241139397923,0.6433758860602077
1,1,0.3512610398302908,0.6487389601697092
1,1,0.3467615166540815,0.6532384833459185
0,1,0.37559237772522513,0.6244076222747749
1,1,0.3818262988784106,0.6181737011215894
1,1,0.3625734334495522,0.6374265665504478
1,1,0.34449466492247327,0.6555053350775267
0,1,0.3671055413998393,0.6328944586001607
1,1,0.35103286959774394,0.6489671304022561
1,1,0.39133019333399444,0.6086698066660056
0,1,0.3709744614115834,0.6290255385884166
0,1,0.36731382901383014,0.6326861709861699
0,1,0.31099607181842603,0.689003928181574
1,1,0.35754732303631864,0.6424526769636814
1,1,0.3613066876248352,0.6386933123751648
1,1,0.38800601094193854,0.6119939890580615
1,1,0.3453087846812082,0.6546912153187918
1,1,0.36065341250664884,0.6393465874933512
0,1,0.37507410893371274,0.6249258910662873
1,1,0.3680444612944742,0.6319555387055258
0,1,0.3324361850427723,0.6675638149572277
0,1,0.3461281317626297,0.6538718682373703
1,1,0.3284254496977981,0.6715745503022019
0,1,0.3556934145171208,0.6443065854828792
1,1,0.348127788609664,0.651872211390336
1,1,0.34687373577068803,0.653126264229312
0,1,0.367530654742215,0.632469345257785
1,1,0.37444205360365224,0.6255579463963478
1,1,0.36345126935970373,0.6365487306402963
1,1,0.3475735641339591,0.6524264358660409
0,1,0.33496737797114995,0.66503262202885
0,1,0.37738260406060287,0.6226173959393971
1,1,0.3778452316250357,0.6221547683749643
1,1,0.3774274908379902,0.6225725091620098
1,1,0.3228997643066568,0.6771002356933432
1,1,0.34215077771366953,0.6578492222863305
1,1,0.3326873053582673,0.6673126946417327
0,1,0.36560616237051313,0.6343938376294869
1,1,0.36930077420234586,0.6306992257976541
0,1,0.35317779428766694,0.6468222057123331
1,1,0.3468202902728581,0.6531797097271419
1,1,0.3165586629238242,0.6834413370761758
1,1,0.3697895710028284,0.6302104289971716
0,1,0.3604402597112115,0.6395597402887885
0,1,0.36702582237783055,0.6329741776221695
0,1,0.36748601403714776,0.6325139859628522
0,1,0.33942259990545853,0.6605774000945415
1,1,0.3904512254811122,0.6095487745188878
0,1,0.3386277726276956,0.6613722273723044
1,1,0.37240937974330024,0.6275906202566998
1,1,0.3477308192465597,0.6522691807534403
1,1,0.380242373833513,0.619757626166487
0,1,0.3350715412626952,0.6649284587373048
1,1,0.33777624557827635,0.6622237544217237
1,1,0.3652020521423256,0.6347979478576744
1,1,0.35703548692848597,0.642964513071514
1,1,0.34370884198335716,0.6562911580166428
0,1,0.34955410244459895,0.650445897555401
1,1,0.34555457052548955,0.6544454294745105
1,1,0.36687920729809953,0.6331207927019005
1,1,0.35257964776101924,0.6474203522389808
1,1,0.35179656911608925,0.6482034308839107
0,1,0.3356879897242261,0.6643120102757739
1,1,0.3389668372628989,0.6610331627371011
0,1,0.35592778723377505,0.644072212766225
0,1,0.36366090103751636,0.6363390989624836
0,1,0.3522733941837066,0.6477266058162934
1,1,0.35148660339391247,0.6485133966060875
1,1,0.3257336439504247,0.6742663560495753
1,1,0.3445588122669846,0.6554411877330154
0,1,0.35898760163154075,0.6410123983684592
1,1,0.34426260813100884,0.6557373918689912
1,1,0.3475346528470751,0.6524653471529249
1,1,0.3487739749359978,0.6512260250640022
1,1,0.3595109270819249,0.6404890729180751
0,1,0.3424099087302723,0.6575900912697277
1,1,0.3543412737639067,0.6456587262360933
1,1,0.36768254942297607,0.6323174505770239
0,1,0.36038547199669524,0.6396145280033048
1,1,0.34776466137192463,0.6522353386280754
0,1,0.3793175476486511,0.6206824523513489
1,1,0.35254992855428136,0.6474500714457186
1,1,0.38450733751204036,0.6154926624879596
1,1,0.3455472359798186,0.6544527640201814
0,1,0.3229749239010189,0.6770250760989811
1,1,0.3828665897628949,0.6171334102371051
1,1,0.3408114906993023,0.6591885093006977
0,1,0.35950678149741844,0.6404932185025816
1,1,0.3380250704920098,0.6619749295079902
1,1,0.35307509656709746,0.6469249034329025
1,1,0.3584940888346537,0.6415059111653463
1,1,0.3368822767621954,0.6631177232378046
1,1,0.3536447670546672,0.6463552329453328
1,1,0.33453417704381905,0.665465822956181
1,1,0.3507281659592385,0.6492718340407615
1,1,0.36374815955017914,0.6362518404498209
1,1,0.3380540268542841,0.6619459731457159
1,1,0.3793333007758095,0.6206666992241905
1,1,0.362047069493732,0.637952930506268
0,1,0.34461296290273846,0.6553870370972615
1,1,0.3701754614373577,0.6298245385626423
1,1,0.4307418288647745,0.5692581711352255
1,1,0.3419557089150981,0.6580442910849019
1,1,0.36337241546054566,0.6366275845394543
1,1,0.3613996999871092,0.6386003000128908
1,1,0.37601999052397517,0.6239800094760248
1,1,0.3636156397739271,0.6363843602260729
1,1,0.3549591709288157,0.6450408290711843
1,1,0.3458886432551882,0.6541113567448118
1,1,0.3824637043888396,0.6175362956111604
1,1,0.3694859659672055,0.6305140340327945
1,1,0.33583492163973283,0.6641650783602672
1,1,0.37935148820644393,0.6206485117935561
1,1,0.33158057222944914,0.6684194277705509
0,1,0.37409975557429,0.62590024442571
1,1,0.3755876811844341,0.6244123188155659
0,1,0.373844307459382,0.626155692540618
0,1,0.3422179566837471,0.6577820433162529
0,1,0.34835244639379015,0.6516475536062099
0,1,0.37366094634964586,0.6263390536503541
1,1,0.3449337879177219,0.6550662120822781
1,1,0.35543958991956726,0.6445604100804327
0,1,0.34339631282823546,0.6566036871717645
0,1,0.391437668825,0.608562331175
0,1,0.35682865955205567,0.6431713404479443
1,1,0.3432311304590637,0.6567688695409363
0,1,0.3097789638105978,0.6902210361894022
0,1,0.36939356302624526,0.6306064369737547
1,1,0.3723984361222966,0.6276015638777034
1,1,0.3661096702198835,0.6338903297801165
0,1,0.36723118185152503,0.632768818148475
1,1,0.3547485819441032,0.6452514180558968
1,1,0.3509519661475179,0.6490480338524821
1,1,0.3673613018807863,0.6326386981192137
1,1,0.35899984001999663,0.6410001599800034
1,1,0.35025133394676655,0.6497486660532334
0,1,0.3626718761611125,0.6373281238388875
0,1,0.3737112928217792,0.6262887071782208
1,1,0.35802298632554574,0.6419770136744543
0,1,0.34500612712117684,0.6549938728788232
1,1,0.3629623665547027,0.6370376334452973
0,1,0.3391031488590853,0.6608968511409147
1,1,0.3475326130692069,0.6524673869307931
1,1,0.3902116676703532,0.6097883323296468
0,1,0.33853462620889285,0.6614653737911071
1,1,0.3598527720384158,0.6401472279615842
1,1,0.32415477582379915,0.6758452241762009
1,1,0.38155886328967925,0.6184411367103207
0,1,0.36196854413676594,0.6380314558632341
1,1,0.3684258442209407,0.6315741557790593
1,1,0.34569008943001567,0.6543099105699843
0,1,0.3802634662658194,0.6197365337341806
0,1,0.35171036597473215,0.6482896340252678
1,1,0.3988442932555838,0.6011557067444162
0,1,0.3486961680836551,0.6513038319163449
1,1,0.3563714514347327,0.6436285485652673
1,1,0.3450548281531577,0.6549451718468423
0,1,0.312651461150659,0.687348538849341
0,1,0.36930521637135605,0.630694783628644
0,1,0.353008284689593,0.646991715310407
0,1,0.33665338511982856,0.6633466148801714
0,1,0.3743464768897984,0.6256535231102016
1,1,0.34555157898934774,0.6544484210106523
1,1,0.3213649624714564,0.6786350375285436
0,1,0.3572549296859837,0.6427450703140163
1,1,0.3471943111681117,0.6528056888318883
0,1,0.35202077680038724,0.6479792231996128
1,1,0.3779920371038853,0.6220079628961147
0,1,0.348852739440499,0.651147260559501
0,1,0.3411086022921441,0.6588913977078559
0,1,0.3615227402237252,0.6384772597762748
1,1,0.35509118846001264,0.6449088115399874
0,1,0.340269688437268,0.659730311562732
0,1,0.3607698411236979,0.6392301588763021
0,1,0.33746083698337515,0.6625391630166249
1,1,0.40591279304419026,0.5940872069558097
1,1,0.3373104511922087,0.6626895488077913
0,1,0.36146087760914525,0.6385391223908548
1,1,0.3908629306264484,0.6091370693735516
1,1,0.3612141830396345,0.6387858169603655
0,1,0.35730885235749055,0.6426911476425095
1,1,0.32498737972093306,0.6750126202790669
1,1,0.38471695563522934,0.6152830443647707
0,1,0.33878068426119756,0.6612193157388024
1,1,0.3440081487476897,0.6559918512523103
1,1,0.34388717366035637,0.6561128263396436
0,1,0.3730177695177912,0.6269822304822088
0,1,0.3351309474534917,0.6648690525465083
1,1,0.38878231902978966,0.6112176809702103
1,1,0.3427801345004091,0.6572198654995909
1,1,0.35804107989973843,0.6419589201002616
0,1,0.3567865259400719,0.6432134740599281
1,1,0.374371172598856,0.625628827401144
0,1,0.35371750808521496,0.646282491914785
0,1,0.35457303632958836,0.6454269636704116
0,1,0.358874860345368,0.641125139654632
0,1,0.31940386862505454,0.6805961313749455
1,1,0.3549214587167496,0.6450785412832504
1,1,0.37794327070717537,0.6220567292928246
1,1,0.35321003800995565,0.6467899619900443
1,1,0.353296001122653,0.646703998877347
0,1,0.3485746177695327,0.6514253822304673
1,1,0.3450664436385532,0.6549335563614468
0,1,0.3605238373898977,0.6394761626101023
1,1,0.362540883424462,0.637459116575538
1,1,0.34535459893040044,0.6546454010695996
0,1,0.36759543192353394,0.6324045680764661
1,1,0.34809973053128296,0.651900269468717
1,1,0.3428150487863959,0.6571849512136041
1,1,0.35313083964301006,0.6468691603569899
1,1,0.3517002316374672,0.6482997683625328
1,1,0.32646156341689103,0.673538436583109
0,1,0.3751557043754419,0.6248442956245581
1,1,0.37452074246317013,0.6254792575368299
1,1,0.37164997878901207,0.6283500212109879
1,1,0.3638015706116242,0.6361984293883758
0,1,0.3937595540907288,0.6062404459092712
1,1,0.35251158171518193,0.6474884182848181
1,1,0.34413249924608513,0.6558675007539149
1,1,0.34902699281800253,0.6509730071819975
0,1,0.37947802795119323,0.6205219720488068
1,1,0.35364916862051554,0.6463508313794845
1,1,0.34648498300129627,0.6535150169987037
1,1,0.34383581447085854,0.6561641855291415
1,1,0.3518643807077194,0.6481356192922806
0,1,0.3434905363035611,0.6565094636964389
1,1,0.3533920660457711,0.6466079339542289
0,1,0.34408303992679246,0.6559169600732075
1,1,0.3263175781676977,0.6736824218323023
1,1,0.33694096337202994,0.66305903662797
0,1,0.3392442381917381,0.6607557618082619
1,1,0.360476685032427,0.639523314967573
1,1,0.36216269423277425,0.6378373057672257
0,1,0.35340387038885235,0.6465961296111477
0,1,0.3534938395138829,0.6465061604861171
0,1,0.36050974263055624,0.6394902573694438
1,1,0.3316725940615576,0.6683274059384424
1,1,0.34506313102598907,0.6549368689740109
1,1,0.35176357471177444,0.6482364252882256
0,1,0.36767598032955817,0.6323240196704418
1,1,0.3348050109399837,0.6651949890600163
1,1,0.3560282844209285,0.6439717155790715
1,1,0.3487495864490072,0.6512504135509928
1,1,0.3517546282893469,0.6482453717106531
1,1,0.3250971578223303,0.6749028421776697
1,1,0.3232781694372312,0.6767218305627688
1,1,0.3668243400460728,0.6331756599539272
1,1,0.3741491410844815,0.6258508589155185
1,1,0.35859160027615666,0.6414083997238433
1,1,0.37073150971435265,0.6292684902856474
1,1,0.36702465482368507,0.6329753451763149
1,1,0.3369603278603306,0.6630396721396694
0,1,0.3460746854217467,0.6539253145782533
0,1,0.37297342029539404,0.627026579704606
1,1,0.3485900028944845,0.6514099971055155
1,1,0.3589797539709989,0.6410202460290011
1,1,0.3778498241865659,0.6221501758134341
1,1,0.36397398604090625,0.6360260139590938
1,1,0.3707919925061519,0.6292080074938481
0,1,0.353350250816599,0.646649749183401
1,1,0.35020313420772065,0.6497968657922794
0,1,0.3818406733448718,0.6181593266551282
1,1,0.3595312501184418,0.6404687498815582
1,1,0.3786360128347679,0.6213639871652321
1,1,0.3626858898306585,0.6373141101693415
0,1,0.35601812953235157,0.6439818704676484
0,1,0.32543190723362403,0.674568092766376
1,1,0.34484135857703957,0.6551586414229604
0,1,0.3712679143560291,0.6287320856439709
0,1,0.35716847951875275,0.6428315204812473
1,1,0.35598432962562754,0.6440156703743725
1,1,0.32693748208056694,0.6730625179194331
1,1,0.3599633895111637,0.6400366104888363
1,1,0.37120595431604264,0.6287940456839574
0,1,0.34726835137579226,0.6527316486242077
0,1,0.36640252718155786,0.6335974728184421
1,1,0.39052124364729934,0.6094787563527007
1,1,0.3612775984594522,0.6387224015405478
1,1,0.36992223703518545,0.6300777629648145
1,1,0.3668858803349042,0.6331141196650958
1,1,0.3722361754025951,0.6277638245974049
1,1,0.35403384008674577,0.6459661599132542
1,1,0.3633347604269015,0.6366652395730985
1,1,0.3641820890387395,0.6358179109612605
1,1,0.38694066055047804,0.613059339449522
1,1,0.33880682111421023,0.6611931788857898
0,1,0.3400212380593888,0.6599787619406112
1,1,0.33834134455442555,0.6616586554455745
1,1,0.3543898888921988,0.6456101111078012
1,1,0.38636343201634415,0.6136365679836558
0,1,0.35288359846412154,0.6471164015358785
0,1,0.351547681025848,0.648452318974152
1,1,0.3830754735011279,0.6169245264988721
1,1,0.3516768809378996,0.6483231190621004
1,1,0.3534586947083814,0.6465413052916186
1,1,0.3594275399035429,0.6405724600964571
0,1,0.3593449954062431,0.6406550045937569
0,1,0.34949253263079794,0.6505074673692021
1,1,0.38784919782909977,0.6121508021709002
1,1,0.36027004477506874,0.6397299552249313
0,1,0.3437324099871395,0.6562675900128605
1,1,0.36057616831115447,0.6394238316888455
0,1,0.3732000018288659,0.6267999981711341
1,1,0.3557220850533427,0.6442779149466573
1,1,0.34916731978377413,0.6508326802162259
1,1,0.33304495874371176,0.6669550412562882
1,1,0.376192873489272,0.623807126510728
0,1,0.32658434458478036,0.6734156554152196
1,1,0.3379932611010795,0.6620067388989205
1,1,0.3588568325204512,0.6411431674795488
1,1,0.35146306043682485,0.6485369395631752
1,1,0.3486493531007345,0.6513506468992655
0,1,0.3550803446340136,0.6449196553659864
0,1,0.35072043611574055,0.6492795638842594
1,1,0.3591674890849679,0.6408325109150321
1,1,0.3391410823860863,0.6608589176139137
0,1,0.33912256296611654,0.6608774370338835
1,1,0.35725871350831584,0.6427412864916842
1,1,0.3625607080975485,0.6374392919024515
1,1,0.36895171934264426,0.6310482806573557
0,1,0.3505376385225082,0.6494623614774918
1,1,0.34034396371226006,0.6596560362877399
1,1,0.37584444441791043,0.6241555555820896
1,1,0.3585530654552901,0.6414469345447099
1,1,0.37913708166540594,0.6208629183345941
1,1,0.3514986887235637,0.6485013112764363
1,1,0.3483261796504181,0.6516738203495819
1,1,0.36710853513281494,0.6328914648671851
1,1,0.33993245692096996,0.66006754307903
1,1,0.37422083156367636,0.6257791684363236
1,1,0.3394548523950296,0.6605451476049704
1,1,0.3739685233207869,0.6260314766792131
0,1,0.3868025611272168,0.6131974388727832
1,1,0.3863877799130515,0.6136122200869485
1,1,0.34024587629590997,0.65975412370409
1,1,0.3934916102967687,0.6065083897032313
0,1,0.3574259039956238,0.6425740960043762
1,1,0.3495691152848034,0.6504308847151966
0,1,0.3630251918727134,0.6369748081272866
1,1,0.36448097137251945,0.6355190286274806
1,1,0.3583748081398246,0.6416251918601754
1,1,0.3303393261058786,0.6696606738941214
1,1,0.35038424680406954,0.6496157531959305
1,1,0.3595047027646291,0.6404952972353709
1,1,0.3592933256249158,0.6407066743750842
1,1,0.3449740838861677,0.6550259161138323
1,1,0.35378132601347045,0.6462186739865295
1,1,0.3159054730036247,0.6840945269963753
1,1,0.36797226574810527,0.6320277342518947
1,1,0.36451659776643897,0.635483402233561
0,1,0.35083004393473727,0.6491699560652627
1,1,0.3548773169567445,0.6451226830432555
1,1,0.3601823531163203,0.6398176468836797
1,1,0.3466299069965133,0.6533700930034867
1,1,0.3416650243272664,0.6583349756727336
0,1,0.35912966216005937,0.6408703378399406
1,1,0.34863170810456556,0.6513682918954344
1,1,0.3233338445197548,0.6766661554802452
0,1,0.35735673221951836,0.6426432677804816
1,1,0.344606755179409,0.655393244820591
0,1,0.3717843454487447,0.6282156545512553
1,1,0.32881929624736295,0.671180703752637
0,1,0.34438852645959206,0.6556114735404079
0,1,0.3612491228982536,0.6387508771017464
1,1,0.36606642323938254,0.6339335767606175
1,1,0.3546830006330356,0.6453169993669644
0,1,0.35823480253267403,0.641765197467326
0,1,0.3423811523834398,0.6576188476165602
1,1,0.33585774163517157,0.6641422583648284
1,1,0.35092554968424117,0.6490744503157588
0,1,0.3545852824842397,0.6454147175157603
1,1,0.3550675533593194,0.6449324466406806
1,1,0.3693270710088121,0.6306729289911879
1,1,0.3559584795203554,0.6440415204796446
1,1,0.3529221791108137,0.6470778208891863
1,1,0.3663169032339768,0.6336830967660232
0,1,0.34850044519851053,0.6514995548014895
0,1,0.3795591066914351,0.6204408933085649
1,1,0.37008490649305337,0.6299150935069466
1,1,0.3545050610558109,0.6454949389441891
1,1,0.3526377114678786,0.6473622885321214
1,1,0.3339136117409186,0.6660863882590814
0,1,0.33687950727813043,0.6631204927218696
1,1,0.3764508627480948,0.6235491372519052
0,1,0.365513428800777,0.634486571199223
0,1,0.3433246186234593,0.6566753813765407
1,1,0.35129410374478,0.64870589625522
0,1,0.3343686250896627,0.6656313749103373
1,1,0.34500026942504813,0.6549997305749519
1,1,0.35100933506374654,0.6489906649362535
1,1,0.3369136224903585,0.6630863775096415
1,1,0.3744138116190816,0.6255861883809184
0,1,0.3735961476394909,0.6264038523605091
1,1,0.3452860035033235,0.6547139964966765
1,1,0.3450352514078632,0.6549647485921368
1,1,0.3509486603711294,0.6490513396288706
1,1,0.359183793949432,0.640816206050568
1,1,0.34252001507644514,0.6574799849235549
1,1,0.3493403664250905,0.6506596335749095
1,1,0.36506423816973654,0.6349357618302635
1,1,0.34060220862354396,0.659397791376456
0,1,0.3534327000418287,0.6465672999581713
0,1,0.3800580148396585,0.6199419851603415
1,1,0.3270492263559587,0.6729507736440413
1,1,0.3295943414267163,0.6704056585732837
0,1,0.34150230998620856,0.6584976900137914
1,1,0.35342190941695606,0.6465780905830439
1,1,0.34205857982010435,0.6579414201798957
1,1,0.34428157291721895,0.655718427082781
1,1,0.37253465432408095,0.627465345675919
1,1,0.317774550081632,0.682225449918368
0,1,0.342458885883288,0.657541114116712
1,1,0.36633172064962083,0.6336682793503792
0,1,0.37409277661450213,0.6259072233854979
0,1,0.3347306686977056,0.6652693313022944
1,1,0.34059414498572804,0.659405855014272
1,1,0.3411443695105749,0.6588556304894251
1,1,0.37736164700515107,0.6226383529948489
0,1,0.366636940588818,0.633363059411182
1,1,0.35829097282092726,0.6417090271790727
1,1,0.34809368625881143,0.6519063137411886
0,1,0.350593389985416,0.649406610014584
1,1,0.35983582041769724,0.6401641795823028
0,1,0.36533619834028874,0.6346638016597113
1,1,0.3371165441624059,0.6628834558375941
1,1,0.3591326316903143,0.6408673683096857
1,1,0.3931379317594115,0.6068620682405885
0,1,0.4007377055281838,0.5992622944718162
1,1,0.339704704586539,0.660295295413461
1,1,0.3790955099470912,0.6209044900529088
1,1,0.3736973557770571,0.6263026442229429
1,1,0.35369934448018403,0.646300655519816
1,1,0.35680972764869756,0.6431902723513024
1,1,0.3478846470279633,0.6521153529720367
1,1,0.35516147868002945,0.6448385213199705
0,1,0.3603876873675739,0.6396123126324261
1,1,0.36845935245470607,0.6315406475452939
1,1,0.35588848896939007,0.6441115110306099
0,1,0.32314383910687583,0.6768561608931242
1,1,0.34417937111195007,0.6558206288880499
0,1,0.3471117152185017,0.6528882847814983
0,1,0.36106802152805473,0.6389319784719453
0,1,0.3495210469189841,0.6504789530810159
0,1,0.35151666373530643,0.6484833362646936
1,1,0.3608132232982655,0.6391867767017345
1,1,0.38597948037554297,0.614020519624457
1,1,0.3524637429362869,0.6475362570637131
1,1,0.35117639326232564,0.6488236067376744
1,1,0.3596954568301427,0.6403045431698573
1,1,0.38663310102664694,0.6133668989733531
0,1,0.35280296341884176,0.6471970365811582
1,1,0.3489854215918682,0.6510145784081318
0,1,0.3704751738962997,0.6295248261037003
0,1,0.33785660498007974,0.6621433950199203
1,1,0.35896424902905877,0.6410357509709412
0,1,0.3919061946511855,0.6080938053488145
1,1,0.3374402160549659,0.6625597839450341
1,1,0.35356776399455714,0.6464322360054429
1,1,0.3873041434771951,0.6126958565228049
1,1,0.3629810295098559,0.6370189704901441
1,1,0.342274855432515,0.657725144567485
1,1,0.3662700379175514,0.6337299620824486
1,1,0.34816696327223595,0.651833036727764
0,1,0.3917780997934457,0.6082219002065543
0,1,0.37361590562701064,0.6263840943729894
0,1,0.37897179108974643,0.6210282089102536
0,1,0.3349082689024927,0.6650917310975073
1,1,0.3635096818208954,0.6364903181791046
1,1,0.3383597074960951,0.6616402925039049
1,1,0.380475529157316,0.619524470842684
1,1,0.3398610633184841,0.6601389366815159
1,1,0.30701049617204534,0.6929895038279547
1,1,0.3130777648441603,0.6869222351558397
0,1,0.36966876960129136,0.6303312303987086
0,1,0.34385723950850766,0.6561427604914923
1,1,0.34399790835934974,0.6560020916406503
0,1,0.4013805783434685,0.5986194216565315
1,1,0.3556157719207571,0.6443842280792429
1,1,0.3376491057456946,0.6623508942543054
1,1,0.367404250938282,0.632595749061718
1,1,0.3476756291596952,0.6523243708403048
1,1,0.36933147272115086,0.6306685272788491
1,1,0.33668569362041234,0.6633143063795877
1,1,0.3421436903710747,0.6578563096289253
1,1,0.3390631008761884,0.6609368991238116
1,1,0.35226043705078935,0.6477395629492106
1,1,0.3472590777160327,0.6527409222839673
0,1,0.3813767736936614,0.6186232263063386
1,1,0.37271659708221894,0.6272834029177811
1,1,0.33981506392470395,0.660184936075296
0,1,0.37753661637757807,0.6224633836224219
0,1,0.3802618456504794,0.6197381543495206
0,1,0.378978189711096,0.621021810288904
1,1,0.3439182327933892,0.6560817672066108
0,1,0.3528920619467715,0.6471079380532285
1,1,0.3793452744153115,0.6206547255846885
1,1,0.3473598614567035,0.6526401385432965
0,1,0.3557467170756371,0.6442532829243629
1,1,0.3736237542416765,0.6263762457583235
1,1,0.3790355400317077,0.6209644599682923
1,1,0.3637759158842999,0.6362240841157001
1,1,0.3600167468187555,0.6399832531812445
0,1,0.36957410210699293,0.6304258978930071
1,1,0.37364954592944444,0.6263504540705556
1,1,0.3159714326840466,0.6840285673159534
1,1,0.3657032706066041,0.6342967293933959
1,1,0.33980388340528844,0.6601961165947116
1,1,0.35872679358344906,0.641273206416551
1,1,0.3609721356107495,0.6390278643892505
1,1,0.3565647697235924,0.6434352302764076
0,1,0.42670104701838474,0.5732989529816153
1,1,0.3593600166747708,0.6406399833252292
1,1,0.3358356640070287,0.6641643359929713
1,1,0.3729452932814715,0.6270547067185285
0,1,0.37976418250026023,0.6202358174997398
1,1,0.3436346260973916,0.6563653739026084
0,1,0.3469851214025509,0.6530148785974491
0,1,0.3423195613726794,0.6576804386273206
1,1,0.32975497296801537,0.6702450270319846
1,1,0.3461940908800831,0.6538059091199169
0,1,0.35260032658904117,0.6473996734109588
0,1,0.3328773971874657,0.6671226028125343
1,1,0.3402994653545144,0.6597005346454856
0,1,0.354601454198892,0.645398545801108
1,1,0.36395067498320555,0.6360493250167945
0,1,0.33961599575584545,0.6603840042441546
1,1,0.3733244835540801,0.6266755164459199
0,1,0.3389811414704871,0.6610188585295129
1,1,0.3501891277335306,0.6498108722664694
0,1,0.32980681442663085,0.6701931855733692
0,1,0.34963759364652314,0.6503624063534769
0,1,0.34450674425012684,0.6554932557498732
1,1,0.32336780817428035,0.6766321918257197
0,1,0.38495667820278534,0.6150433217972147
1,1,0.3372920458656524,0.6627079541343476
1,1,0.35143820758082256,0.6485617924191774
1,1,0.3511229535992556,0.6488770464007444
0,1,0.3399151581372244,0.6600848418627756
0,1,0.36023032910732344,0.6397696708926766
1,1,0.3500642429354973,0.6499357570645027
1,1,0.3734868046160119,0.6265131953839881
1,1,0.34853147207800395,0.651468527921996
1,1,0.37044170549210165,0.6295582945078984
1,1,0.3641251789102383,0.6358748210897617
1,1,0.35879967355020936,0.6412003264497906
1,1,0.3484283243315214,0.6515716756684786
1,1,0.33845361485115133,0.6615463851488487
1,1,0.3567008173585674,0.6432991826414326
1,1,0.3689846191141767,0.6310153808858233
0,1,0.33005220847832406,0.6699477915216759
0,1,0.35815514683280036,0.6418448531671996
1,1,0.3518157283256631,0.6481842716743369
1,1,0.34372084915169787,0.6562791508483021
1,1,0.3279139543396985,0.6720860456603015
0,1,0.3515175225720317,0.6484824774279683
1,1,0.36627791669047494,0.6337220833095251
1,1,0.3303706373753392,0.6696293626246608
1,1,0.336315741541215,0.663684258458785
0,1,0.3324344739966113,0.6675655260033887
0,1,0.3509003377667208,0.6490996622332792
1,1,0.3539609922131749,0.6460390077868251
1,1,0.3685996364267192,0.6314003635732808
0,1,0.35434724371235937,0.6456527562876406
1,1,0.358593439084848,0.641406560915152
1,1,0.34611536775947993,0.6538846322405201
1,1,0.35363586954129544,0.6463641304587046
0,1,0.35803608360530303,0.641963916394697
0,1,0.36475177558838023,0.6352482244116198
0,1,0.34710498274172064,0.6528950172582794
1,1,0.39211711888940126,0.6078828811105987
1,1,0.3550782995450301,0.6449217004549699
1,1,0.3732676693550042,0.6267323306449958
0,1,0.3537500916077361,0.6462499083922639
1,1,0.3432148017023289,0.6567851982976711
1,1,0.36101130498897294,0.6389886950110271
1,1,0.3779131810574311,0.6220868189425689
1,1,0.32579500210227663,0.6742049978977234
0,1,0.4026093989974967,0.5973906010025033
1,1,0.3642937975758439,0.6357062024241561
1,1,0.37558994840216264,0.6244100515978374
0,1,0.3635809035826457,0.6364190964173543
1,1,0.3760166098328659,0.6239833901671341
0,1,0.37581675427131667,0.6241832457286833
1,1,0.3565440395767636,0.6434559604232364
1,1,0.348883512126126,0.651116487873874
0,1,0.3492568462039437,0.6507431537960563
1,1,0.3499008738480526,0.6500991261519474
0,1,0.3677692258853381,0.6322307741146619
1,1,0.35708294973839494,0.6429170502616051
1,1,0.3513848860444275,0.6486151139555725
1,1,0.3653996269209757,0.6346003730790243
0,1,0.3353842763068917,0.6646157236931083
1,1,0.3938736273429334,0.6061263726570666
1,1,0.3761508440839506,0.6238491559160494
1,1,0.39237900965897543,0.6076209903410246
0,1,0.35443643801168845,0.6455635619883116
1,1,0.3459656325613083,0.6540343674386917
1,1,0.34757752835246947,0.6524224716475305
1,1,0.39224651361840734,0.6077534863815927
1,1,0.34668089526077994,0.6533191047392201
1,1,0.37541151772630177,0.6245884822736982
0,1,0.32452085907786166,0.6754791409221383
0,1,0.3618986811363396,0.6381013188636604
1,1,0.329971095383662,0.670028904616338
1,1,0.33865169615225776,0.6613483038477422
1,1,0.3528873567858035,0.6471126432141965
0,1,0.3407233128749364,0.6592766871250636
0,1,0.365630065400798,0.634369934599202
1,1,0.34841740908703744,0.6515825909129626
1,1,0.36877986323943635,0.6312201367605637
1,1,0.3793532359402968,0.6206467640597032
0,1,0.40154587441101086,0.5984541255889891
0,1,0.3576994785637967,0.6423005214362033
0,1,0.32477390449935184,0.6752260955006482
1,1,0.34837041340925445,0.6516295865907455
0,1,0.351965218121957,0.648034781878043
1,1,0.34188872883295407,0.6581112711670459
1,1,0.36072175672910733,0.6392782432708927
0,1,0.38897702165155457,0.6110229783484454
1,1,0.33836521079472015,0.6616347892052798
1,1,0.343316149489199,0.656683850510801
0,1,0.32632247679502346,0.6736775232049765
1,1,0.3467772856814636,0.6532227143185364
0,1,0.34705556949026395,0.652944430509736
1,1,0.37416412585321956,0.6258358741467804
0,1,0.35011511251346406,0.649884887486536
1,1,0.3439840231704162,0.6560159768295838
0,1,0.3595889534533494,0.6404110465466506
0,1,0.34905110809107587,0.6509488919089241
1,1,0.3648279304609444,0.6351720695390556
1,1,0.37183200034288033,0.6281679996571197
0,1,0.35057664119231935,0.6494233588076807
0,1,0.35915050160993256,0.6408494983900674
1,1,0.3602541915641797,0.6397458084358203
1,1,0.3704143205482041,0.6295856794517959
1,1,0.35358054950824325,0.6464194504917568
1,1,0.35164220425846704,0.648357795741533
1,1,0.34975186929126045,0.6502481307087395
1,1,0.3585559632307077,0.6414440367692923
0,1,0.3519419179134686,0.6480580820865314
1,1,0.37568741042978226,0.6243125895702177
1,1,0.34714290924535984,0.6528570907546402
1,1,0.35573625352230365,0.6442637464776964
1,1,0.36330652945960196,0.636693470540398
1,1,0.40376484310988636,0.5962351568901136
1,1,0.34876530654188065,0.6512346934581194
1,1,0.3559576496100729,0.6440423503899271
1,1,0.34623044386192825,0.6537695561380718
0,1,0.35262114605895467,0.6473788539410453
0,1,0.36033380545581617,0.6396661945441838
1,1,0.36593977112549736,0.6340602288745026
1,1,0.35515588527293374,0.6448441147270663
1,1,0.3528282927307834,0.6471717072692166
1,1,0.34558045221558176,0.6544195477844182
0,1,0.36752970326586254,0.6324702967341375
1,1,0.3334441303848382,0.6665558696151618
0,1,0.36535879533554516,0.6346412046644548
1,1,0.34899393373292,0.65100606626708
1,1,0.3216444779469513,0.6783555220530487
1,1,0.349003274277473,0.650996725722527
1,1,0.3336641045336435,0.6663358954663565
1,1,0.35061284269669624,0.6493871573033038
1,1,0.37947312894731444,0.6205268710526856
1,1,0.3727972866391951,0.6272027133608049
0,1,0.36117158969332464,0.6388284103066754
1,1,0.38760674662401007,0.6123932533759899
0,1,0.340074582614165,0.659925417385835
0,1,0.35532449058834936,0.6446755094116506
0,1,0.36581241800245745,0.6341875819975425
1,1,0.34521346168966927,0.6547865383103307
1,1,0.3427705630195649,0.6572294369804351
1,1,0.3372090057525384,0.6627909942474616
1,1,0.35826805963751074,0.6417319403624893
0,1,0.3832657591610771,0.6167342408389229
1,1,0.3459437302943078,0.6540562697056922
1,1,0.3577833922157698,0.6422166077842302
1,1,0.37571446636849093,0.6242855336315091
1,1,0.34075626017368954,0.6592437398263105
1,1,0.35250138001297837,0.6474986199870216
1,1,0.3834047129086804,0.6165952870913196
1,1,0.36525490521527193,0.6347450947847281
0,1,0.3291650705830398,0.6708349294169602
1,1,0.361571959865419,0.638428040134581
1,1,0.3621516736239554,0.6378483263760446
1,1,0.3548216052677936,0.6451783947322064
1,1,0.3616142952734207,0.6383857047265793
0,1,0.35097724924639173,0.6490227507536083
1,1,0.39336539012938576,0.6066346098706142
1,1,0.36300165259552986,0.6369983474044701
0,1,0.3578905086014468,0.6421094913985532
1,1,0.330145983851969,0.669854016148031
1,1,0.3628424573897743,0.6371575426102257
1,1,0.3879792462726782,0.6120207537273218
1,1,0.35458461130813623,0.6454153886918638
1,1,0.35886004611191524,0.6411399538880848
1,1,0.37147582563349557,0.6285241743665044
1,1,0.34365090023500533,0.6563490997649947
0,1,0.354516552978444,0.645483447021556
0,1,0.33531965267840247,0.6646803473215975
1,1,0.3860039432008925,0.6139960567991075
1,1,0.36097625365783403,0.639023746342166
1,1,0.34220828231996103,0.657791717680039
1,1,0.3689806294763862,0.6310193705236138
0,1,0.3637308425074183,0.6362691574925817
1,1,0.3478826942158717,0.6521173057841283
0,1,0.3574374643933852,0.6425625356066148
1,1,0.34694019448908553,0.6530598055109145
1,1,0.36295945757052783,0.6370405424294722
1,1,0.35426705627967736,0.6457329437203226
1,1,0.35868219956621994,0.6413178004337801
1,1,0.4585522270909187,0.5414477729090813
1,1,0.3343065220504995,0.6656934779495005
1,1,0.3640467082429817,0.6359532917570183
1,1,0.3602446616334014,0.6397553383665986
1,1,0.33955181867505824,0.6604481813249418
0,1,0.32536962154002336,0.6746303784599766
1,1,0.34192480336457176,0.6580751966354282
1,1,0.3346404620394232,0.6653595379605768
1,1,0.35021277512520455,0.6497872248747955
0,1,0.3414470661029152,0.6585529338970848
1,1,0.35066922977088677,0.6493307702291132
0,1,0.37477866522761727,0.6252213347723827
1,1,0.3863881262043152,0.6136118737956848
1,1,0.3343691377345642,0.6656308622654358
0,1,0.33391778044960396,0.666082219550396
0,1,0.3659070033710382,0.6340929966289618
1,1,0.3592620192738971,0.6407379807261029
1,1,0.3764243716221205,0.6235756283778795
1,1,0.312304062946241,0.687695937053759
0,1,0.3592162814875651,0.6407837185124349
1,1,0.3383245908508957,0.6616754091491043
1,1,0.35871304566168616,0.6412869543383138
1,1,0.3625410963103963,0.6374589036896037
1,1,0.3568638634296831,0.6431361365703169
0,1,0.32967225774861453,0.6703277422513855
1,1,0.33957333081970675,0.6604266691802932
0,1,0.3380527071549454,0.6619472928450546
1,1,0.3522330213092394,0.6477669786907606
1,1,0.37320699927971634,0.6267930007202837
1,1,0.3412933205915085,0.6587066794084915
1,1,0.3672301966016588,0.6327698033983412
0,1,0.3660590015106464,0.6339409984893536
0,1,0.37059121593398214,0.6294087840660179
1,1,0.3355609634486354,0.6644390365513646
0,1,0.35822463748315403,0.641775362516846
0,1,0.3572473709411713,0.6427526290588287
1,1,0.33666216512522784,0.6633378348747722
1,1,0.34740669220059706,0.6525933077994029
0,1,0.36563355943935216,0.6343664405606478
0,1,0.35031592996085126,0.6496840700391487
0,1,0.3385275950245352,0.6614724049754648
1,1,0.3633259909643207,0.6366740090356793
1,1,0.36271135149168765,0.6372886485083123
1,1,0.3337644615887011,0.6662355384112989
1,1,0.3579343569109754,0.6420656430890246
1,1,0.3597055834278128,0.6402944165721872
1,1,0.3369146247361089,0.6630853752638911
1,1,0.3394149114357422,0.6605850885642578
1,1,0.35571719196858975,0.6442828080314102
1,1,0.3293247563788936,0.6706752436211064
0,1,0.33728091731474175,0.6627190826852583
1,1,0.3467409971390759,0.6532590028609241
0,1,0.37044284641051317,0.6295571535894868
1,1,0.35935509880090466,0.6406449011990953
0,1,0.362501579219224,0.637498420780776
1,1,0.31472217163246974,0.6852778283675303
0,1,0.33825205281489334,0.6617479471851067
1,1,0.3624355744528356,0.6375644255471644
1,1,0.3470052288254184,0.6529947711745816
0,1,0.33384866343122765,0.6661513365687723
1,1,0.3603256347901235,0.6396743652098765
1,1,0.3545975569623867,0.6454024430376133
1,1,0.3555259125381449,0.6444740874618551
1,1,0.36873705285335734,0.6312629471466427
0,1,0.3487928803203788,0.6512071196796212
1,1,0.3515816557564121,0.6484183442435879
1,1,0.36860663030486174,0.6313933696951383
1,1,0.35198119717367016,0.6480188028263298
1,1,0.35322614827432075,0.6467738517256792
1,1,0.35598129895270336,0.6440187010472966
1,1,0.3560444047940061,0.6439555952059939
1,1,0.3414517632223645,0.6585482367776355
1,1,0.3355610848121199,0.6644389151878801
1,1,0.37489499908013724,0.6251050009198628
0,1,0.3601300358977322,0.6398699641022678
0,1,0.35240814922782726,0.6475918507721727
1,1,0.3550251910140352,0.6449748089859648
1,1,0.3495486120756768,0.6504513879243232
1,1,0.35322783117119205,0.646772168828808
1,1,0.3531414771042187,0.6468585228957813
1,1,0.37218296337536627,0.6278170366246337
0,1,0.3682302613489886,0.6317697386510114
1,1,0.37436393483929475,0.6256360651607052
1,1,0.3467511026790887,0.6532488973209113
1,1,0.3114605515241724,0.6885394484758276
1,1,0.368066673066726,0.631933326933274
1,1,0.355955469614326,0.644044530385674
1,1,0.3563851450621879,0.6436148549378121
1,1,0.3871927825411955,0.6128072174588045
1,1,0.3542846896403886,0.6457153103596114
0,1,0.36378468165904865,0.6362153183409514
0,1,0.36549031416491606,0.6345096858350839
1,1,0.35005292292310153,0.6499470770768985
1,1,0.3715801163158503,0.6284198836841497
1,1,0.3121098318965354,0.6878901681034646
1,1,0.35091474125121336,0.6490852587487866
0,1,0.34590652041611114,0.6540934795838889
1,1,0.3449908022882804,0.6550091977117196
0,1,0.3424461399352249,0.6575538600647751
0,1,0.32915891966532185,0.6708410803346782
1,1,0.34647103579339955,0.6535289642066004
1,1,0.37655629008561564,0.6234437099143844
0,1,0.36499646566785604,0.635003534332144
1,1,0.3363732694092,0.6636267305908
1,1,0.33892823508707115,0.6610717649129288
1,1,0.35696589473307083,0.6430341052669292
0,1,0.3222149486809237,0.6777850513190763
1,1,0.35509857563993674,0.6449014243600633
1,1,0.3395841792986054,0.6604158207013946
0,1,0.3362765007586951,0.6637234992413049
1,1,0.377620350609966,0.622379649390034
0,1,0.3545530211441118,0.6454469788558882
1,1,0.3446839724813501,0.6553160275186499
1,1,0.3443258485694052,0.6556741514305948
1,1,0.35284207292695724,0.6471579270730428
1,1,0.3714830617950712,0.6285169382049288
0,1,0.34847744052680707,0.6515225594731929
1,1,0.36888145397870054,0.6311185460212995
1,1,0.43913789768933387,0.5608621023106661
1,1,0.36899655665827313,0.6310034433417269
0,1,0.3707575167014967,0.6292424832985033
1,1,0.3510766090247476,0.6489233909752524
1,1,0.3805311607676082,0.6194688392323918
1,1,0.3633367046192719,0.6366632953807281
1,1,0.32321118699352114,0.6767888130064789
1,1,0.3669095447565407,0.6330904552434593
0,1,0.38994532207833854,0.6100546779216615
1,1,0.3669512382613437,0.6330487617386563
1,1,0.3497996912095762,0.6502003087904238
1,1,0.32934360008350694,0.6706563999164931
1,1,0.3438787462919912,0.6561212537080088
1,1,0.3774891772352402,0.6225108227647598
1,1,0.3976498209941869,0.6023501790058131
1,1,0.38839012850488686,0.6116098714951131
1,1,0.3717695100617421,0.6282304899382579
1,1,0.3513572029794576,0.6486427970205424
1,1,0.346335079782486,0.653664920217514
0,1,0.328800553047226,0.671199446952774
0,1,0.36419847887580625,0.6358015211241937
0,1,0.3360632252850855,0.6639367747149145
1,1,0.35627851067401217,0.6437214893259878
1,1,0.35007978646074245,0.6499202135392576
0,1,0.3665221709391878,0.6334778290608122
1,1,0.36275960398661444,0.6372403960133856
1,1,0.35934882982504623,0.6406511701749538
0,1,0.3153874952207717,0.6846125047792283
0,1,0.365921171625614,0.634078828374386
0,1,0.36688698260380925,0.6331130173961907
1,1,0.3394135266635927,0.6605864733364073
1,1,0.33005325134429886,0.6699467486557011
0,1,0.37073893263732094,0.6292610673626791
1,1,0.3362597606300133,0.6637402393699867
0,1,0.35743550113295985,0.6425644988670401
1,1,0.37098708945972825,0.6290129105402718
0,1,0.35776048467737254,0.6422395153226275
1,1,0.38689894064395947,0.6131010593560405
1,1,0.3267964521830584,0.6732035478169416
1,1,0.3452872644500772,0.6547127355499228
0,1,0.3764579097056946,0.6235420902943054
1,1,0.3579515170620443,0.6420484829379557
0,1,0.34792609050496104,0.652073909495039
1,1,0.36284346632325515,0.6371565336767449
1,1,0.3770025137896268,0.6229974862103732
1,1,0.42493446772980237,0.5750655322701976
1,1,0.35126251765600647,0.6487374823439935
1,1,0.4061263312027099,0.5938736687972901
0,1,0.3494867745958833,0.6505132254041167
0,1,0.36044422647128715,0.6395557735287128
1,1,0.3499699422297813,0.6500300577702187
1,1,0.3915581000899906,0.6084418999100094
0,1,0.35148233487034564,0.6485176651296544
1,1,0.4042273610610366,0.5957726389389634
0,1,0.36072039903971087,0.6392796009602891
1,1,0.37341340286266766,0.6265865971373323
1,1,0.34686224333100646,0.6531377566689935
1,1,0.3350887798799165,0.6649112201200835
0,1,0.3610823417892167,0.6389176582107833
1,1,0.3372629256443552,0.6627370743556448
0,1,0.36284482418958064,0.6371551758104194
1,1,0.40226019043016326,0.5977398095698367
1,1,0.33461453161358345,0.6653854683864165
1,1,0.3611228069313963,0.6388771930686037
1,1,0.355775764850943,0.644224235149057
1,1,0.36347343750481065,0.6365265624951894
0,1,0.35782240021959055,0.6421775997804094
1,1,0.3200282994686633,0.6799717005313367
0,1,0.33940474140520593,0.6605952585947941
0,1,0.3669110054943656,0.6330889945056344
0,1,0.3547445365733616,0.6452554634266384
1,1,0.3884448777910182,0.6115551222089818
1,1,0.3636351900078394,0.6363648099921606
1,1,0.3555674043402287,0.6444325956597713
1,1,0.36600870693368703,0.633991293066313
0,1,0.3108183509384157,0.6891816490615843
0,1,0.3716547758389007,0.6283452241610993
1,1,0.3515110549555108,0.6484889450444892
0,1,0.3712031958281835,0.6287968041718165
0,1,0.35096119183737684,0.6490388081626232
1,1,0.4042695917653649,0.5957304082346351
0,1,0.35576760445262845,0.6442323955473716
1,1,0.3524059844390144,0.6475940155609856
0,1,0.34786457805509263,0.6521354219449074
1,1,0.3615280144471752,0.6384719855528248
1,1,0.34376783164717684,0.6562321683528232
1,1,0.3697736505129541,0.6302263494870459
1,1,0.34101966498487324,0.6589803350151268
0,1,0.32330946430311247,0.6766905356968875
1,1,0.33592646297134,0.66407353702866
1,1,0.3594229685584419,0.6405770314415581
0,1,0.34560793746728236,0.6543920625327176
1,1,0.3618784286849951,0.6381215713150049
0,1,0.3650041902858131,0.6349958097141869
1,1,0.3447779868360751,0.6552220131639249
0,1,0.34654511721084813,0.6534548827891519
1,1,0.351772540556307,0.648227459443693
1,1,0.34538772821686015,0.6546122717831399
0,1,0.3656017060800001,0.6343982939199999
0,1,0.34991581574688,0.65008418425312
1,1,0.3449506930301669,0.6550493069698331
1,1,0.3491686378842417,0.6508313621157583
0,1,0.3126450681597114,0.6873549318402886
1,1,0.3906523976168049,0.6093476023831951
1,1,0.32759176756304154,0.6724082324369585
0,1,0.361459536549554,0.638540463450446
0,1,0.3241325177827642,0.6758674822172358
0,1,0.37959321262056367,0.6204067873794363
1,1,0.3293232938242586,0.6706767061757414
1,1,0.3834516370120723,0.6165483629879277
0,1,0.3754917712157908,0.6245082287842092
1,1,0.36184511770604166,0.6381548822939583
0,1,0.338191224061718,0.661808775938282
0,1,0.3354075473676108,0.6645924526323892
1,1,0.38669198233590896,0.613308017664091
1,1,0.3553765013333373,0.6446234986666627
0,1,0.3257350742210827,0.6742649257789173
1,1,0.35130233914528575,0.6486976608547143
1,1,0.3552589861603829,0.6447410138396171
1,1,0.3306933238828146,0.6693066761171854
0,1,0.3454684277708642,0.6545315722291358
1,1,0.3800367937800633,0.6199632062199367
1,1,0.3725404510288777,0.6274595489711223
1,1,0.36170396271387983,0.6382960372861202
0,1,0.3514742763938803,0.6485257236061197
0,1,0.3625276109393931,0.6374723890606069
1,1,0.3845358142889511,0.6154641857110489
0,1,0.3894482865830019,0.6105517134169981
1,1,0.3524303712960227,0.6475696287039773
1,1,0.3677181766249824,0.6322818233750176
1,1,0.34950561983465955,0.6504943801653404
1,1,0.3679426084760631,0.6320573915239369
1,1,0.33356106962175003,0.66643893037825
0,1,0.3518154337279401,0.6481845662720599
1,1,0.3881881381534089,0.6118118618465911
1,1,0.3667416386537019,0.6332583613462981
1,1,0.3736681362213362,0.6263318637786638
0,1,0.3539333729302889,0.6460666270697111
1,1,0.3581258118459566,0.6418741881540434
1,1,0.3893560940313521,0.6106439059686479
0,1,0.34964549058710437,0.6503545094128956
0,1,0.3562023453930532,0.6437976546069468
1,1,0.3578266498776619,0.6421733501223381
1,1,0.3547801352015536,0.6452198647984464
0,1,0.34072686488435033,0.6592731351156497
1,1,0.3283304935662933,0.6716695064337067
1,1,0.39376873307993654,0.6062312669200635
1,1,0.38050043496173347,0.6194995650382665
1,1,0.3499757053518867,0.6500242946481133
1,1,0.39561143024687995,0.60438856975312
1,1,0.3467462273362334,0.6532537726637666
1,1,0.34514767985743056,0.6548523201425694
1,1,0.35949375302372666,0.6405062469762733
1,1,0.35611177026944574,0.6438882297305543
0,1,0.34321470027312373,0.6567852997268763
1,1,0.3528381358472019,0.6471618641527981
0,1,0.3495359277007579,0.6504640722992421
1,1,0.38001652293173105,0.619983477068269
0,1,0.32333493034455096,0.676665069655449
0,1,0.3887163604035788,0.6112836395964212
1,1,0.3777542252338906,0.6222457747661094
0,1,0.3628242836314187,0.6371757163685813
1,1,0.3415133752317938,0.6584866247682062
0,1,0.33516405308134867,0.6648359469186513
1,1,0.3466917082008849,0.6533082917991151
0,1,0.3479138725538631,0.6520861274461369
0,1,0.3447202337071654,0.6552797662928346
0,1,0.34466756587593084,0.6553324341240692
1,1,0.37224850458066505,0.627751495419335
0,1,0.34105052062884245,0.6589494793711576
1,1,0.37101879915046376,0.6289812008495362
1,1,0.36088898707985906,0.6391110129201409
0,1,0.3726398584744841,0.6273601415255159
1,1,0.3707913174979973,0.6292086825020027
1,1,0.34592743933870895,0.654072560661291
1,1,0.33677352788013015,0.6632264721198698
1,1,0.3681464182345915,0.6318535817654085
1,1,0.3492167797833675,0.6507832202166325
0,1,0.34497881863440694,0.6550211813655931
0,1,0.3695967649054407,0.6304032350945593
0,1,0.36328251682903334,0.6367174831709667
1,1,0.34877802495724197,0.651221975042758
0,1,0.33294876519906047,0.6670512348009395
1,1,0.38969881070872525,0.6103011892912747
0,1,0.3658174750017421,0.6341825249982579
0,1,0.3701817600752797,0.6298182399247203
1,1,0.3473299177411503,0.6526700822588497
1,1,0.36163650789123636,0.6383634921087636
1,1,0.3444729202331075,0.6555270797668925
0,1,0.3614398965282235,0.6385601034717765
0,1,0.3338350954024226,0.6661649045975774
1,1,0.36433839026994386,0.6356616097300561
0,1,0.3480034642606832,0.6519965357393168
1,1,0.37597556304075663,0.6240244369592434
1,1,0.34264106399500305,0.657358936004997
1,1,0.36035535380991046,0.6396446461900895
0,1,0.33500662430659156,0.6649933756934084
1,1,0.32922131552030354,0.6707786844796965
0,1,0.35503060222686056,0.6449693977731394
1,1,0.4042672217609554,0.5957327782390446
1,1,0.3246008100901715,0.6753991899098285
1,1,0.33725518800125154,0.6627448119987485
0,1,0.3740085404917023,0.6259914595082977
1,1,0.34146674909853125,0.6585332509014687
0,1,0.340477237030542,0.659522762969458
1,1,0.35254512757626455,0.6474548724237355
1,1,0.34459733737721976,0.6554026626227802
1,1,0.34867707904514866,0.6513229209548513
0,1,0.35614092394701247,0.6438590760529875
0,1,0.3583227803821777,0.6416772196178223
0,1,0.3294834263699111,0.6705165736300889
1,1,0.35447047204227333,0.6455295279577267
0,1,0.3701140909518984,0.6298859090481016
1,1,0.3531408183115051,0.6468591816884949
1,1,0.3579869350484496,0.6420130649515504
1,1,0.33296173654593086,0.6670382634540691
0,1,0.3302683474572845,0.6697316525427155
0,1,0.33938238063122894,0.6606176193687711
0,1,0.33595154569770425,0.6640484543022958
1,1,0.34451240863511257,0.6554875913648874
1,1,0.3662278889640107,0.6337721110359893
1,1,0.3646004413540044,0.6353995586459956
0,1,0.36358626107590275,0.6364137389240972
1,1,0.39473604773450843,0.6052639522654916
0,1,0.4132957099067136,0.5867042900932864
1,1,0.36295400186336346,0.6370459981366365
0,1,0.3542287533442714,0.6457712466557286
1,1,0.3547351113789231,0.6452648886210769
1,1,0.3677460286749423,0.6322539713250577
1,1,0.37618680541059,0.62381319458941
1,1,0.3435349129702844,0.6564650870297156
1,1,0.337604846039006,0.662395153960994
1,1,0.3579506276250082,0.6420493723749918
0,1,0.33921217536596615,0.6607878246340338
1,1,0.35654392152719905,0.643456078472801
1,1,0.3744349067306496,0.6255650932693504
1,1,0.37245127009551005,0.62754872990449
0,1,0.3252533316997628,0.6747466683002372
0,1,0.3421710830126189,0.6578289169873811
0,1,0.39320377996197275,0.6067962200380272
0,1,0.38917937297231786,0.6108206270276821
1,1,0.3548005881180455,0.6451994118819545
0,1,0.3478120257442189,0.6521879742557811
1,1,0.3525318495250873,0.6474681504749127
0,1,0.35122019460048237,0.6487798053995176
1,1,0.36362510456227315,0.6363748954377269
1,1,0.3738095872783098,0.6261904127216902
0,1,0.3484051190912856,0.6515948809087144
0,1,0.34519267796558106,0.6548073220344189
1,1,0.3653208401552793,0.6346791598447207
0,1,0.358900557937436,0.641099442062564
0,1,0.34466775497438984,0.6553322450256102
1,1,0.3469906763254146,0.6530093236745854
1,1,0.3507382288616683,0.6492617711383317
1,1,0.346815304877072,0.653184695122928
0,1,0.3502675501533824,0.6497324498466176
1,1,0.3446035615450156,0.6553964384549844
0,1,0.35452738366374126,0.6454726163362587
1,1,0.3983325788339972,0.6016674211660028
1,1,0.363170304350087,0.636829695649913
0,1,0.3956752625465153,0.6043247374534847
0,1,0.3656119674461361,0.6343880325538639
1,1,0.33910616051692655,0.6608938394830735
1,1,0.40785328521627295,0.592146714783727
1,1,0.3427237074256474,0.6572762925743526
1,1,0.3538231139976814,0.6461768860023186
0,1,0.34988962907969356,0.6501103709203064
1,1,0.40148922433395295,0.598510775666047
0,1,0.34127440433277245,0.6587255956672275
1,1,0.3437523699641535,0.6562476300358465
1,1,0.3764394207420213,0.6235605792579787
0,1,0.34639708225646226,0.6536029177435377
0,1,0.3566482601211304,0.6433517398788696
1,1,0.2980471276450314,0.7019528723549686
0,1,0.33547174765506116,0.6645282523449388
0,1,0.33355550559024916,0.6664444944097508
1,1,0.32934463963035254,0.6706553603696475
1,1,0.35756349132810206,0.6424365086718979
0,1,0.3717823993060442,0.6282176006939558
1,1,0.38086720120235573,0.6191327987976443
1,1,0.3486392654542849,0.6513607345457151
1,1,0.33697314918384447,0.6630268508161555
1,1,0.3504133427745565,0.6495866572254435
1,1,0.35122003851605865,0.6487799614839413
0,1,0.32985460992438465,0.6701453900756154
1,1,0.3626587593573066,0.6373412406426934
0,1,0.3485011229693371,0.6514988770306629
0,1,0.32630246573019406,0.6736975342698059
1,1,0.3194275040855753,0.6805724959144247
1,1,0.33455028782152074,0.6654497121784793
0,1,0.3627106218134244,0.6372893781865756
1,1,0.3309423283159182,0.6690576716840818
1,1,0.34340735538004974,0.6565926446199503
1,1,0.35505945255572535,0.6449405474442746
1,1,0.358147734801455,0.641852265198545
1,1,0.3649262628704667,0.6350737371295333
1,1,0.3568876418922783,0.6431123581077217
1,1,0.3865809326332694,0.6134190673667306
1,1,0.34511019025594813,0.6548898097440519
1,1,0.3448761676903509,0.6551238323096491
0,1,0.3580314343040847,0.6419685656959153
0,1,0.3307920531495526,0.6692079468504474
1,1,0.3549806749308926,0.6450193250691074
0,1,0.3628388198188276,0.6371611801811724
0,1,0.3639822701667196,0.6360177298332804
1,1,0.3356940605024443,0.6643059394975557
0,1,0.3352905118955287,0.6647094881044713
0,1,0.3544870982811267,0.6455129017188733
0,1,0.35506127377808194,0.6449387262219181
1,1,0.3663697913895886,0.6336302086104114
1,1,0.39068523169690017,0.6093147683030998
1,1,0.37490453860172746,0.6250954613982725
1,1,0.3617768391434768,0.6382231608565232
1,1,0.343730480526959,0.656269519473041
0,1,0.314568402986645,0.685431597013355
0,1,0.3530831836900954,0.6469168163099046
0,1,0.37387988943459305,0.626120110565407
1,1,0.3797010180141399,0.6202989819858601
0,1,0.3528686960158538,0.6471313039841462
1,1,0.3576498007707486,0.6423501992292514
1,1,0.34507334151567326,0.6549266584843267
1,1,0.32547520737608016,0.6745247926239198
0,1,0.34978812543793736,0.6502118745620626
0,1,0.3510574780185618,0.6489425219814382
1,1,0.360134771899834,0.639865228100166
1,1,0.3458726131851243,0.6541273868148757
0,1,0.32576485079695616,0.6742351492030438
1,1,0.3563525479528331,0.6436474520471669
1,1,0.3335254878515447,0.6664745121484553
0,1,0.3556646998475327,0.6443353001524673
1,1,0.35862117775159086,0.6413788222484091
1,1,0.31228695323944367,0.6877130467605563
1,1,0.3352620792986243,0.6647379207013757
1,1,0.3306429936600962,0.6693570063399038
0,1,0.38771541963575695,0.612284580364243
1,1,0.34443981223452225,0.6555601877654778
1,1,0.33915771842225706,0.6608422815777429
1,1,0.3879895824652345,0.6120104175347655
0,1,0.3774069368054376,0.6225930631945624
1,1,0.35217055688418075,0.6478294431158192
0,1,0.35325948778790295,0.646740512212097
1,1,0.3714617114389691,0.6285382885610309
1,1,0.3403013256010835,0.6596986743989165
0,1,0.3605506543396114,0.6394493456603886
0,1,0.3564785996713825,0.6435214003286175
0,1,0.3780403187564384,0.6219596812435616
1,1,0.3785484551182201,0.6214515448817799
0,1,0.34664239761403215,0.6533576023859679
0,1,0.35248964760529355,0.6475103523947064
0,1,0.36744683396121613,0.6325531660387839
0,1,0.33754634834778463,0.6624536516522154
1,1,0.3779037840216296,0.6220962159783704
0,1,0.373667762367176,0.626332237632824
1,1,0.4061354616502698,0.5938645383497302
0,1,0.3755893968206182,0.6244106031793818
0,1,0.34315541991507115,0.6568445800849289
1,1,0.37048043006950504,0.629519569930495
1,1,0.3458097842502017,0.6541902157497983
1,1,0.37573977452196705,0.624260225478033
1,1,0.37605160782143376,0.6239483921785662
1,1,0.3614051184598628,0.6385948815401372
0,1,0.3429540808842909,0.6570459191157091
0,1,0.33242692894469206,0.6675730710553079
0,1,0.34210125394523083,0.6578987460547692
0,1,0.3476418750470298,0.6523581249529702
1,1,0.3796508188400196,0.6203491811599804
0,1,0.34498465266818357,0.6550153473318164
1,1,0.3591401127457037,0.6408598872542963
1,1,0.36274185009669513,0.6372581499033049
1,1,0.3288770702581093,0.6711229297418907
0,1,0.3757639958143073,0.6242360041856927
0,1,0.3277876029673522,0.6722123970326478
1,1,0.34404182832597696,0.655958171674023
1,1,0.3419626235677513,0.6580373764322487
0,1,0.35343626721627897,0.646563732783721
1,1,0.3542263797412364,0.6457736202587636
0,1,0.3249498368645676,0.6750501631354324
1,1,0.37822315257032435,0.6217768474296756
1,1,0.3471971590081723,0.6528028409918277
1,1,0.3570286383134834,0.6429713616865166
1,1,0.36163375660214314,0.6383662433978569
0,1,0.3175549082646685,0.6824450917353315
1,1,0.3536499266624976,0.6463500733375024
0,1,0.3337402108456562,0.6662597891543438
1,1,0.34501281268261264,0.6549871873173874
1,1,0.35655255613764325,0.6434474438623567
1,1,0.358460357692476,0.641539642307524
1,1,0.306654879486395,0.693345120513605
1,1,0.34757515551707696,0.652424844482923
1,1,0.3488145560442354,0.6511854439557646
1,1,0.3408192186089244,0.6591807813910756
0,1,0.35047745291968757,0.6495225470803124
1,1,0.3641616828035167,0.6358383171964833
1,1,0.3301706983003331,0.6698293016996669
1,1,0.3470861283341301,0.6529138716658699
1,1,0.35476073699450916,0.6452392630054908
1,1,0.3450980125552472,0.6549019874447528
0,1,0.3691173024415153,0.6308826975584847
0,1,0.3700112346408071,0.6299887653591929
1,1,0.36748499164384796,0.632515008356152
1,1,0.3652358924898004,0.6347641075101996
1,1,0.3506260610759211,0.6493739389240789
0,1,0.3568109681902927,0.6431890318097073
1,1,0.3714356718555145,0.6285643281444855
1,1,0.3529137185323834,0.6470862814676166
1,1,0.3805736737433687,0.6194263262566313
1,1,0.34070093682978775,0.6592990631702123
0,1,0.3533701197042278,0.6466298802957722
1,1,0.3575459716854379,0.6424540283145621
1,1,0.35174685485543367,0.6482531451445663
0,1,0.3594046054073857,0.6405953945926143
1,1,0.3606195688382625,0.6393804311617375
1,1,0.3371534525138019,0.6628465474861981
1,1,0.3592615797336898,0.6407384202663102
0,1,0.33207644782874357,0.6679235521712564
0,1,0.36268511162346606,0.6373148883765339
1,1,0.3696848301232667,0.6303151698767333
1,1,0.3443197148709689,0.6556802851290311
1,1,0.33422842039060596,0.665771579609394
1,1,0.32683284483360386,0.6731671551663961
1,1,0.34914965603808845,0.6508503439619115
1,1,0.3585499497802396,0.6414500502197604
1,1,0.3460514047549875,0.6539485952450125
1,1,0.35845586583322075,0.6415441341667792
1,1,0.34872507274636655,0.6512749272536335
0,1,0.32184094699535215,0.6781590530046478
1,1,0.35664755939082693,0.6433524406091731
0,1,0.35271020156901967,0.6472897984309803
0,1,0.34678868768620397,0.653211312313796
0,1,0.36560119036719374,0.6343988096328063
0,1,0.3456997486715164,0.6543002513284836
1,1,0.3270458805080122,0.6729541194919878
1,1,0.4037700006276368,0.5962299993723632
0,1,0.34230572737736287,0.6576942726226371
0,1,0.3345279625414289,0.6654720374585711
0,1,0.3071856487825314,0.6928143512174686
0,1,0.3491107620392133,0.6508892379607867
1,1,0.3432890660999176,0.6567109339000824
1,1,0.36848840471023137,0.6315115952897686
0,1,0.36709033727075135,0.6329096627292486
1,1,0.36542641842029233,0.6345735815797077
0,1,0.3646187745109192,0.6353812254890808
0,1,0.3765164569520013,0.6234835430479987
1,1,0.366567774699168,0.633432225300832
1,1,0.3463312070647404,0.6536687929352596
1,1,0.34168638190474,0.65831361809526
0,1,0.37120964317822913,0.6287903568217709
0,1,0.3590108121934872,0.6409891878065128
1,1,0.37799721930015473,0.6220027806998453
0,1,0.33638935409012927,0.6636106459098707
1,1,0.32645817728261783,0.6735418227173822
0,1,0.37454220664562554,0.6254577933543745
1,1,0.33143187003424324,0.6685681299657568
1,1,0.3510450873410853,0.6489549126589147
1,1,0.35875818271991267,0.6412418172800873
1,1,0.34910060546951893,0.6508993945304811
1,1,0.3589652293087998,0.6410347706912002
1,1,0.3914225126217108,0.6085774873782892
1,1,0.3332786506935588,0.6667213493064412
1,1,0.358160764191224,0.641839235808776
0,1,0.3438036020924111,0.6561963979075889
0,1,0.3417139922948904,0.6582860077051096
1,1,0.3634966095464708,0.6365033904535292
1,1,0.34803926297803955,0.6519607370219604
1,1,0.36492418679430494,0.6350758132056951
0,1,0.3729686859804463,0.6270313140195537
0,1,0.3531645155229681,0.6468354844770319
0,1,0.36037839454393494,0.6396216054560651
1,1,0.34534669961628994,0.6546533003837101
1,1,0.3622258863440794,0.6377741136559206
1,1,0.3509672483558769,0.6490327516441231
1,1,0.3516369476676865,0.6483630523323135
0,1,0.3397404571165351,0.6602595428834649
1,1,0.34684709568056327,0.6531529043194367
1,1,0.35309685001857627,0.6469031499814237
1,1,0.33675295675923467,0.6632470432407653
1,1,0.37525783896982445,0.6247421610301755
0,1,0.34752341543515686,0.6524765845648431
1,1,0.35550643416480443,0.6444935658351956
1,1,0.3514154985202993,0.6485845014797007
0,1,0.34220704927588996,0.65779295072411
1,1,0.32250152973335944,0.6774984702666406
0,1,0.35705551714147277,0.6429444828585272
1,1,0.3653754427121604,0.6346245572878396
0,1,0.3501676957947337,0.6498323042052663
1,1,0.36693020854124514,0.6330697914587549
1,1,0.3451088730137042,0.6548911269862958
1,1,0.34690880766028964,0.6530911923397104
1,1,0.3262481430247902,0.6737518569752098
1,1,0.3686005081954685,0.6313994918045315
1,1,0.3661599749115567,0.6338400250884433
1,1,0.3635265297228195,0.6364734702771805
1,1,0.3620782092452097,0.6379217907547903
0,1,0.32370959726717596,0.676290402732824
1,1,0.33726906653263966,0.6627309334673603
0,1,0.35122950738005376,0.6487704926199462
1,1,0.3742401843157216,0.6257598156842784
1,1,0.3336174627462615,0.6663825372537385
0,1,0.35426775203839844,0.6457322479616016
1,1,0.3442964882411014,0.6557035117588986
1,1,0.3772865582859716,0.6227134417140284
1,1,0.33896616205011265,0.6610338379498873
1,1,0.33015352270905785,0.6698464772909422
1,1,0.3589329458859285,0.6410670541140715
0,1,0.3665953367418602,0.6334046632581398
1,1,0.3612651278505866,0.6387348721494134
1,1,0.3487776357455664,0.6512223642544336
1,1,0.3661119832796873,0.6338880167203127
1,1,0.36782417033117987,0.6321758296688201
0,1,0.30387560338460573,0.6961243966153943
1,1,0.36526471153052764,0.6347352884694724
1,1,0.37072952813291127,0.6292704718670887
0,1,0.3218853654715057,0.6781146345284943
1,1,0.34858653094143566,0.6514134690585643
1,1,0.34992360187578075,0.6500763981242192
1,1,0.333225107734065,0.666774892265935
0,1,0.36962809309105804,0.630371906908942
1,1,0.41998100783693215,0.5800189921630678
1,1,0.3589550961807517,0.6410449038192483
1,1,0.37133825757402195,0.628661742425978
0,1,0.35011091705471387,0.6498890829452861
1,1,0.36302771926678734,0.6369722807332127
0,1,0.34585112680444263,0.6541488731955574
1,1,0.3438349514632142,0.6561650485367858
1,1,0.3483221151300039,0.6516778848699961
0,1,0.35301733966714766,0.6469826603328523
0,1,0.3314083347155137,0.6685916652844863
1,1,0.39197093432565644,0.6080290656743436
0,1,0.351580752228576,0.648419247771424
0,1,0.3592424395973549,0.6407575604026451
1,1,0.36678007932692014,0.6332199206730799
1,1,0.33848360531431565,0.6615163946856844
1,1,0.32998967332331597,0.670010326676684
1,1,0.37898364711115207,0.6210163528888479
1,1,0.3501272734791254,0.6498727265208746
0,1,0.33423720984576744,0.6657627901542326
0,1,0.3580808522707757,0.6419191477292243
1,1,0.37803326247628155,0.6219667375237184
0,1,0.36058080729905284,0.6394191927009472
1,1,0.3727978853129781,0.6272021146870219
1,1,0.3644606795590548,0.6355393204409452
1,1,0.3573362675019274,0.6426637324980726
0,1,0.3506920834175382,0.6493079165824618
0,1,0.3657244257671922,0.6342755742328078
1,1,0.38895589186021384,0.6110441081397862
1,1,0.36104464286947247,0.6389553571305275
0,1,0.3788818466989934,0.6211181533010066
1,1,0.34907937846870707,0.6509206215312929
0,1,0.31732591730533244,0.6826740826946676
0,1,0.3465444818632384,0.6534555181367616
0,1,0.36462464097437874,0.6353753590256213
1,1,0.3841415730857266,0.6158584269142734
0,1,0.3782494316303431,0.6217505683696569
1,1,0.34957942999016034,0.6504205700098397
1,1,0.34306831065485277,0.6569316893451472
0,1,0.3716551070345925,0.6283448929654075
1,1,0.3643964096064658,0.6356035903935342
1,1,0.37604543571666127,0.6239545642833387
1,1,0.36358158819999975,0.6364184118000002
0,1,0.35562103881209073,0.6443789611879093
0,1,0.3461344752972364,0.6538655247027636
1,1,0.35764260526594116,0.6423573947340588
1,1,0.3283018028270832,0.6716981971729168
0,1,0.3625624994813351,0.6374375005186649
1,1,0.32289071053366225,0.6771092894663377
1,1,0.3121201407744042,0.6878798592255958
1,1,0.35719555995747965,0.6428044400425204
1,1,0.3796279001268469,0.6203720998731531
0,1,0.36625093109059315,0.6337490689094069
0,1,0.35801347939058126,0.6419865206094187
0,1,0.36142796714726066,0.6385720328527393
0,1,0.33022146307731526,0.6697785369226847
1,1,0.3883526021325583,0.6116473978674417
1,1,0.36684626594511593,0.6331537340548841
1,1,0.3693757548523324,0.6306242451476676
0,1,0.3360527050070454,0.6639472949929546
1,1,0.3468939623609092,0.6531060376390908
1,1,0.3778988757837013,0.6221011242162987
1,1,0.33840306658551644,0.6615969334144836
0,1,0.3496520255551835,0.6503479744448165
1,1,0.3600922453058064,0.6399077546941936
0,1,0.3695358061337498,0.6304641938662502
1,1,0.34892316035436066,0.6510768396456393
1,1,0.34700092050643094,0.6529990794935691
1,1,0.3762550099907571,0.6237449900092429
1,1,0.3520426749932687,0.6479573250067313
0,1,0.36399723362529424,0.6360027663747058
0,1,0.32122930300860275,0.6787706969913972
1,1,0.3635778131283014,0.6364221868716986
1,1,0.3378319634792609,0.6621680365207391
1,1,0.3442426923365508,0.6557573076634492
0,1,0.3773943721587365,0.6226056278412635
1,1,0.36709587848780967,0.6329041215121903
1,1,0.36375503970380707,0.6362449602961929
0,1,0.3483581837510241,0.6516418162489759
1,1,0.3730784912668229,0.6269215087331771
0,1,0.38007752060641065,0.6199224793935894
1,1,0.37528693917576617,0.6247130608242338
0,1,0.3580829184860108,0.6419170815139892
0,1,0.37975986633699366,0.6202401336630063
0,1,0.36490943899898554,0.6350905610010145
1,1,0.3427255595613794,0.6572744404386206
0,1,0.38415066500341677,0.6158493349965832
0,1,0.35590668080475674,0.6440933191952433
0,1,0.34087769586093764,0.6591223041390624
1,1,0.34902430714240384,0.6509756928575962
0,1,0.3963561956993398,0.6036438043006602
1,1,0.3532093427268439,0.6467906572731561
1,1,0.3545855078562772,0.6454144921437228
1,1,0.36926861773437536,0.6307313822656246
0,1,0.3693459270749666,0.6306540729250334
0,1,0.3335418114928277,0.6664581885071723
1,1,0.38692213626137595,0.613077863738624
1,1,0.37862560306784165,0.6213743969321583
0,1,0.3366268899703595,0.6633731100296405
1,1,0.3516363174371081,0.6483636825628919
1,1,0.3715402688993438,0.6284597311006562
1,1,0.3546551346121769,0.6453448653878231
1,1,0.3881419669806654,0.6118580330193346
0,1,0.40407171148616006,0.5959282885138399
0,1,0.3410767632345779,0.6589232367654221
0,1,0.3755500690838769,0.6244499309161231
1,1,0.34004382414424184,0.6599561758557582
0,1,0.3452242366334387,0.6547757633665613
0,1,0.3475095503380857,0.6524904496619143
1,1,0.3472365732233753,0.6527634267766247
1,1,0.35549442512457785,0.6445055748754221
0,1,0.36191712206337,0.63808287793663
0,1,0.3493224473499166,0.6506775526500834
1,1,0.35340786732535623,0.6465921326746438
1,1,0.3566916974977382,0.6433083025022618
1,1,0.3482684319177872,0.6517315680822128
0,1,0.36503238676600513,0.6349676132339949
1,1,0.3690185968576196,0.6309814031423804
1,1,0.40762819234463243,0.5923718076553676
1,1,0.3465314082916333,0.6534685917083667
1,1,0.3629611255872287,0.6370388744127713
1,1,0.37782731196179253,0.6221726880382075
1,1,0.38464779587559617,0.6153522041244038
1,1,0.3656262104803978,0.6343737895196022
0,1,0.3783509311194041,0.6216490688805959
0,1,0.34056826289417175,0.6594317371058283
1,1,0.34414984594893383,0.6558501540510662
1,1,0.3640676250865088,0.6359323749134912
0,1,0.34019665828411894,0.6598033417158811
0,1,0.3206035626961403,0.6793964373038597
0,1,0.3414857633671746,0.6585142366328254
1,1,0.36719172853012716,0.6328082714698728
0,1,0.3613994191832943,0.6386005808167057
1,1,0.3688771763750245,0.6311228236249755
0,1,0.3735634924692005,0.6264365075307995
0,1,0.40598196960837984,0.5940180303916202
0,1,0.3467005512718634,0.6532994487281366
1,1,0.35421641322754027,0.6457835867724597
1,1,0.34131592365415997,0.65868407634584
0,1,0.3518144370083055,0.6481855629916945
1,1,0.37469771779970906,0.6253022822002909
1,1,0.35894050451688797,0.641059495483112
1,1,0.3740488541405279,0.6259511458594721
0,1,0.352237354150441,0.647762645849559
1,1,0.3580915132165927,0.6419084867834073
0,1,0.3284935878837153,0.6715064121162847
0,1,0.3390100041127586,0.6609899958872414
1,1,0.3687558269946034,0.6312441730053966
1,1,0.35828781141791166,0.6417121885820883
1,1,0.37384598113184664,0.6261540188681534
0,1,0.3739297740002214,0.6260702259997786
1,1,0.3413504358058177,0.6586495641941823
1,1,0.36683371086817507,0.6331662891318249
1,1,0.36342393999868006,0.6365760600013199
0,1,0.38379721043526005,0.61620278956474
0,1,0.33426098426344775,0.6657390157365523
0,1,0.33254047675937426,0.6674595232406257
0,1,0.3460479979036484,0.6539520020963516
1,1,0.3496787487204227,0.6503212512795773
1,1,0.3602285648422032,0.6397714351577968
0,1,0.37737046308483047,0.6226295369151695
1,1,0.3474082627322088,0.6525917372677912
1,1,0.3476652167815767,0.6523347832184233
1,1,0.35080412080572343,0.6491958791942766
0,1,0.365445489700401,0.634554510299599
1,1,0.36112132279679743,0.6388786772032026
1,1,0.34513286587874537,0.6548671341212546
1,1,0.33892330270586846,0.6610766972941315
0,1,0.35608560505660347,0.6439143949433965
1,1,0.3589863551366772,0.6410136448633228
1,1,0.35262122811163765,0.6473787718883623
0,1,0.35606198899003716,0.6439380110099628
1,1,0.32982079853702906,0.6701792014629709
0,1,0.34566986009050826,0.6543301399094917
0,1,0.3986813655165292,0.6013186344834708
0,1,0.38339014070265676,0.6166098592973432
1,1,0.3539319889681074,0.6460680110318926
1,1,0.37108451203349,0.62891548796651
1,1,0.3352033091818257,0.6647966908181743
1,1,0.35324257037040896,0.646757429629591
0,1,0.41980510708992114,0.5801948929100789
0,1,0.3427191836374911,0.6572808163625089
1,1,0.36696839190381636,0.6330316080961836
0,1,0.3819296732480727,0.6180703267519273
1,1,0.37336146727902664,0.6266385327209734
0,1,0.3421917139916065,0.6578082860083935
1,1,0.36845367117097694,0.6315463288290231
0,1,0.3428861404120471,0.6571138595879529
1,1,0.3724667264479179,0.6275332735520821
1,1,0.3792001397163999,0.6207998602836001
1,1,0.36863655786609417,0.6313634421339058
0,1,0.35948378749387566,0.6405162125061243
0,1,0.3577490735676454,0.6422509264323546
1,1,0.37101106003466555,0.6289889399653344
1,1,0.34832044846610366,0.6516795515338963
1,1,0.34359129182864656,0.6564087081713534
0,1,0.36060089527771744,0.6393991047222826
0,1,0.3504236733553765,0.6495763266446235
1,1,0.35987897182979134,0.6401210281702087
1,1,0.3661927988897683,0.6338072011102317
0,1,0.3689117593128193,0.6310882406871807
0,1,0.3495980014816106,0.6504019985183894
1,1,0.3525330661541295,0.6474669338458705
1,1,0.3398367474309596,0.6601632525690404
0,1,0.3175313620108984,0.6824686379891016
1,1,0.37235642653682977,0.6276435734631702
1,1,0.376921357704637,0.623078642295363
1,1,0.3582758525828852,0.6417241474171148
1,1,0.3392307230864212,0.6607692769135788
0,1,0.3508380181134172,0.6491619818865828
1,1,0.35314393819864287,0.6468560618013571
0,1,0.3531279810190785,0.6468720189809215
0,1,0.394108210628182,0.605891789371818
1,1,0.389856071362913,0.610143928637087
1,1,0.34500744041592,0.65499255958408
1,1,0.32307971832146265,0.6769202816785373
0,1,0.3499527384904231,0.6500472615095769
0,1,0.3794690042771709,0.6205309957228291
1,1,0.36974179496044435,0.6302582050395557
1,1,0.3553170221574009,0.6446829778425991
1,1,0.3548062903439233,0.6451937096560767
1,1,0.36483116451393227,0.6351688354860677
0,1,0.36619594459881133,0.6338040554011887
1,1,0.3635741834479166,0.6364258165520834
1,1,0.3463932612514229,0.6536067387485771
1,1,0.3408938218720333,0.6591061781279667
1,1,0.3384915384637255,0.6615084615362745
1,1,0.32668016493828833,0.6733198350617117
1,1,0.3350487423553349,0.6649512576446651
0,1,0.3324698050447219,0.6675301949552781
1,1,0.3871981061688782,0.6128018938311218
1,1,0.36472409719462373,0.6352759028053763
0,1,0.3615768320395263,0.6384231679604737
1,1,0.3620558702111305,0.6379441297888695
0,1,0.3801940638063718,0.6198059361936282
0,1,0.3787915105616555,0.6212084894383445
0,1,0.39654387598082896,0.603456124019171
1,1,0.357875542755436,0.642124457244564
1,1,0.36863135497896626,0.6313686450210337
1,1,0.3708343506472781,0.6291656493527219
1,1,0.3523569450831602,0.6476430549168398
1,1,0.36494031174715935,0.6350596882528406
0,1,0.3229681627722626,0.6770318372277374
1,1,0.3584162480072841,0.6415837519927159
1,1,0.35074044570122,0.64925955429878
0,1,0.3194131547036335,0.6805868452963665
0,1,0.34968388916298276,0.6503161108370172
1,1,0.38670738628918044,0.6132926137108196
1,1,0.35847903573551343,0.6415209642644866
1,1,0.30872474927030447,0.6912752507296955
1,1,0.3691975292215304,0.6308024707784696
1,1,0.34008679157588073,0.6599132084241193
0,1,0.3346120032944374,0.6653879967055626
0,1,0.36466896768451096,0.635331032315489
1,1,0.387917472477912,0.612082527522088
1,1,0.3308096626124063,0.6691903373875937
0,1,0.34913971677059774,0.6508602832294023
1,1,0.3315991300332982,0.6684008699667018
1,1,0.362021547378247,0.637978452621753
1,1,0.38845876212183994,0.6115412378781601
0,1,0.3629622169313834,0.6370377830686166
1,1,0.3564470446261848,0.6435529553738152
1,1,0.3308878915952811,0.6691121084047189
0,1,0.3834936948655928,0.6165063051344072
1,1,0.34165601403492996,0.65834398596507
1,1,0.33393319670718424,0.6660668032928158
1,1,0.3748695597214933,0.6251304402785067
1,1,0.3701991000142204,0.6298008999857796
1,1,0.4595460511657796,0.5404539488342204
1,1,0.35993937663349995,0.6400606233665
1,1,0.37239846627763784,0.6276015337223622
0,1,0.3681935103696852,0.6318064896303148
1,1,0.3542374456473323,0.6457625543526677
1,1,0.35394191313508594,0.6460580868649141
1,1,0.4291218949109543,0.5708781050890457
0,1,0.3686540026515617,0.6313459973484383
1,1,0.3573261020055739,0.6426738979944261
0,1,0.33244719373254394,0.6675528062674561
1,1,0.35352603217211387,0.6464739678278861
1,1,0.356707675423687,0.643292324576313
1,1,0.3590608175242519,0.6409391824757481
0,1,0.35450413064823105,0.645495869351769
0,1,0.37150393637736523,0.6284960636226348
1,1,0.36803589594997166,0.6319641040500283
1,1,0.3682960981940946,0.6317039018059054
1,1,0.38637409877104045,0.6136259012289595
1,1,0.38197197471356215,0.6180280252864379
1,1,0.36410973976628214,0.6358902602337179
1,1,0.3468123152459647,0.6531876847540353
1,1,0.33452577035876585,0.6654742296412341
1,1,0.3344158543745239,0.6655841456254761
1,1,0.33492011805273736,0.6650798819472626
1,1,0.3664885617059662,0.6335114382940338
1,1,0.3736487260975333,0.6263512739024667
1,1,0.35583901652800576,0.6441609834719942
1,1,0.3024438745289666,0.6975561254710334
1,1,0.39790007800254923,0.6020999219974508
1,1,0.35699388183127767,0.6430061181687223
0,1,0.36298298426659426,0.6370170157334057
0,1,0.3712691944640957,0.6287308055359043
0,1,0.3531013543701248,0.6468986456298752
0,1,0.3388044111546711,0.6611955888453289
0,1,0.3798589995996394,0.6201410004003606
0,1,0.33688541571950004,0.6631145842805
0,1,0.3664796160641258,0.6335203839358742
1,1,0.37389389684655827,0.6261061031534417
1,1,0.3563708130368739,0.6436291869631261
0,1,0.3425026500680415,0.6574973499319585
1,1,0.3530624039035979,0.6469375960964021
0,1,0.3736475381350479,0.6263524618649521
0,1,0.343096850018751,0.656903149981249
0,1,0.3379071996555708,0.6620928003444292
1,1,0.35357570273531447,0.6464242972646855
1,1,0.3658716764943727,0.6341283235056273
0,1,0.37651600829158305,0.623483991708417
1,1,0.35000839747821944,0.6499916025217806
0,1,0.3582053652532091,0.6417946347467909
1,1,0.401327823924449,0.598672176075551
0,1,0.34460745003777027,0.6553925499622297
1,1,0.3174958521556299,0.6825041478443701
0,1,0.34282759389787787,0.6571724061021221
0,1,0.3285460690783063,0.6714539309216937
1,1,0.3472892637109518,0.6527107362890482
1,1,0.3229479429747981,0.6770520570252019
1,1,0.3673577675095987,0.6326422324904013
0,1,0.37225622984889994,0.6277437701511001
0,1,0.36049599998756177,0.6395040000124382
0,1,0.3444100310272845,0.6555899689727155
1,1,0.34255698183729344,0.6574430181627066
1,1,0.3341373144993939,0.6658626855006061
0,1,0.38399683970659526,0.6160031602934047
1,1,0.3464464105180606,0.6535535894819394
1,1,0.3480497493885063,0.6519502506114937
0,1,0.3473133379371267,0.6526866620628733
0,1,0.3483985894660093,0.6516014105339907
1,1,0.35489066419213267,0.6451093358078673
1,1,0.3527375711773745,0.6472624288226255
1,1,0.36111825571008305,0.638881744289917
0,1,0.3432700396995697,0.6567299603004303
0,1,0.3640556023941153,0.6359443976058847
1,1,0.36417725637579657,0.6358227436242034
1,1,0.36709286309346,0.63290713690654
1,1,0.3080728290431064,0.6919271709568936
1,1,0.36815022148376453,0.6318497785162355
1,1,0.36123206670299757,0.6387679332970024
0,1,0.35470854724582057,0.6452914527541794
1,1,0.3608991577045241,0.6391008422954759
0,1,0.33003463483055495,0.669965365169445
0,1,0.3760535958835912,0.6239464041164088
1,1,0.3420293430623925,0.6579706569376075
1,1,0.3833184769987762,0.6166815230012238
0,1,0.3376413658474312,0.6623586341525688
1,1,0.352385165349721,0.647614834650279
1,1,0.35010825549592284,0.6498917445040772
1,1,0.3499481090534379,0.6500518909465621
0,1,0.32423425165964115,0.6757657483403589
1,1,0.30872485522025495,0.691275144779745
0,1,0.3222036891552482,0.6777963108447518
1,1,0.35805280615962964,0.6419471938403704
1,1,0.3669610291509331,0.6330389708490669
1,1,0.3932050197611363,0.6067949802388637
1,1,0.33429861323261545,0.6657013867673846
1,1,0.3726747722621505,0.6273252277378495
0,1,0.38170106853240127,0.6182989314675987
0,1,0.3537444922416264,0.6462555077583736
1,1,0.3537467828516949,0.6462532171483051
1,1,0.3724833407105951,0.6275166592894049
1,1,0.3915901651265855,0.6084098348734145
1,1,0.3521093303162516,0.6478906696837484
1,1,0.3592933190457621,0.6407066809542379
0,1,0.3535850860795857,0.6464149139204143
1,1,0.3698300546204982,0.6301699453795018
1,1,0.34475952596780424,0.6552404740321958
0,1,0.35871291113932646,0.6412870888606735
0,1,0.3441352806464847,0.6558647193535153
1,1,0.3606083089806189,0.6393916910193811
1,1,0.37774989663719094,0.6222501033628091
1,1,0.35430295249248145,0.6456970475075186
1,1,0.35476153927969356,0.6452384607203064
0,1,0.3625674505472679,0.6374325494527321
1,1,0.3540811664017681,0.6459188335982319
1,1,0.35602675600763756,0.6439732439923624
1,1,0.34162823760090766,0.6583717623990923
0,1,0.3527320523779336,0.6472679476220664
1,1,0.3690970273934606,0.6309029726065394
0,1,0.3668700254339934,0.6331299745660066
1,1,0.37430958813903636,0.6256904118609636
0,1,0.32240571689774933,0.6775942831022507
1,1,0.3510150068984158,0.6489849931015842
1,1,0.38744422069062123,0.6125557793093788
1,1,0.3275536255395701,0.6724463744604299
0,1,0.37147739405018065,0.6285226059498193
1,1,0.3591953951234572,0.6408046048765428
1,1,0.3459808022976134,0.6540191977023866
1,1,0.34319326860898025,0.6568067313910197
1,1,0.3608678057635203,0.6391321942364797
1,1,0.3743325166024871,0.6256674833975129
1,1,0.35402587594697477,0.6459741240530252
0,1,0.35087944820120454,0.6491205517987955
0,1,0.36164410213665454,0.6383558978633455
1,1,0.37203702647921755,0.6279629735207825
0,1,0.35439924984812654,0.6456007501518735
0,1,0.35892735497955774,0.6410726450204423
0,1,0.33629395255567174,0.6637060474443283
1,1,0.3481644661779245,0.6518355338220755
1,1,0.3326667522510369,0.6673332477489631
1,1,0.34523121586904515,0.6547687841309549
0,1,0.345154004317465,0.654845995682535
1,1,0.3321221514536131,0.6678778485463869
0,1,0.35364831910950434,0.6463516808904957
1,1,0.33277080616076016,0.6672291938392398
0,1,0.3489596770700458,0.6510403229299542
1,1,0.3850016943942959,0.6149983056057041
0,1,0.3457020099268536,0.6542979900731464
1,1,0.38312334167617745,0.6168766583238225
0,1,0.34938892724574067,0.6506110727542593
1,1,0.35043699411408724,0.6495630058859128
1,1,0.3452806513381149,0.6547193486618851
1,1,0.3428466244161469,0.6571533755838531
1,1,0.3369016700944486,0.6630983299055514
0,1,0.3396770980779493,0.6603229019220507
1,1,0.3398666059189298,0.6601333940810702
0,1,0.3184966363217161,0.6815033636782839
1,1,0.3507288555670329,0.6492711444329671
0,1,0.41620748461495904,0.583792515385041
1,1,0.41007869271648245,0.5899213072835175
1,1,0.3396021048730399,0.6603978951269601
0,1,0.33823676807420333,0.6617632319257967
1,1,0.38163678294088776,0.6183632170591122
1,1,0.3293841943095903,0.6706158056904097
1,1,0.329382211526308,0.670617788473692
1,1,0.36225772159826275,0.6377422784017373
1,1,0.33487809565152205,0.665121904348478
1,1,0.3431036664981616,0.6568963335018384
1,1,0.34347905031384085,0.6565209496861591
0,1,0.38688828242191553,0.6131117175780845
1,1,0.36089440980655574,0.6391055901934443
1,1,0.3931900016196236,0.6068099983803764
1,1,0.37937004283481846,0.6206299571651815
1,1,0.3311158596466395,0.6688841403533605
1,1,0.347554207349135,0.652445792650865
1,1,0.34552223556920725,0.6544777644307928
1,1,0.37087793475297515,0.6291220652470249
1,1,0.35659278864559096,0.643407211354409
1,1,0.35832502767668484,0.6416749723233152
0,1,0.3444878661349735,0.6555121338650265
1,1,0.3664068067981494,0.6335931932018506
1,1,0.3525299629187404,0.6474700370812596
1,1,0.3204220905325029,0.6795779094674971
0,1,0.42589098511378054,0.5741090148862195
1,1,0.3492756263535154,0.6507243736464846
1,1,0.3402689481893393,0.6597310518106607
1,1,0.36968933039257024,0.6303106696074298
0,1,0.3260158912728871,0.6739841087271129
0,1,0.36448595207431,0.63551404792569
1,1,0.3680807320999001,0.6319192679000999
1,1,0.35998757269001624,0.6400124273099838
1,1,0.36519787639614054,0.6348021236038595
1,1,0.34416757415764676,0.6558324258423532
0,1,0.3812415477747596,0.6187584522252404
0,1,0.3677972759370155,0.6322027240629845
1,1,0.3242758060484232,0.6757241939515768
1,1,0.3678163894182439,0.6321836105817561
0,1,0.3772316762663859,0.6227683237336141
1,1,0.3632712433814662,0.6367287566185338
1,1,0.3501279192662401,0.6498720807337599
0,1,0.36345460368994886,0.6365453963100511
0,1,0.35978015110973194,0.6402198488902681
1,1,0.37245331218260036,0.6275466878173996
0,1,0.36969355090887823,0.6303064490911218
1,1,0.3690084897411071,0.6309915102588929
1,1,0.3651987350300756,0.6348012649699244
1,1,0.40827684386244567,0.5917231561375543
1,1,0.31682854697985985,0.6831714530201402
0,1,0.3691694847666259,0.6308305152333741
1,1,0.3442217088720777,0.6557782911279223
0,1,0.36397808796530207,0.6360219120346979
0,1,0.3393211851040562,0.6606788148959438
1,1,0.3359017285718374,0.6640982714281626
0,1,0.3444097401736652,0.6555902598263348
1,1,0.37483105232063907,0.6251689476793609
1,1,0.3675740158190507,0.6324259841809493
1,1,0.3272466389966059,0.6727533610033941
1,1,0.3820037309518949,0.6179962690481051
1,1,0.34311774158621267,0.6568822584137873
0,1,0.37580036419834506,0.6241996358016549
1,1,0.36494343225883374,0.6350565677411663
1,1,0.3306675231404128,0.6693324768595872
1,1,0.3564584978477169,0.6435415021522831
0,1,0.37312655907233105,0.626873440927669
0,1,0.3588171566633437,0.6411828433366563
1,1,0.3778873975749355,0.6221126024250645
1,1,0.3620874565567721,0.6379125434432279
0,1,0.34276164783711016,0.6572383521628898
0,1,0.3435572310225593,0.6564427689774407
1,1,0.3550541435120559,0.6449458564879441
1,1,0.3684244153997682,0.6315755846002318
1,1,0.34696009663738536,0.6530399033626146
0,1,0.34049446739092015,0.6595055326090798
0,1,0.3516788551682465,0.6483211448317535
1,1,0.3575928288343705,0.6424071711656295
1,1,0.3428458347622283,0.6571541652377717
1,1,0.3575956800491311,0.6424043199508689
1,1,0.3608352197631317,0.6391647802368683
1,1,0.37494283242310456,0.6250571675768954
0,1,0.35531484078885134,0.6446851592111487
1,1,0.3471108757348391,0.6528891242651609
1,1,0.34787094661090756,0.6521290533890924
1,1,0.34091231515270015,0.6590876848472998
0,1,0.3659999339796347,0.6340000660203653
1,1,0.3558165065736355,0.6441834934263645
1,1,0.36154165663335003,0.63845834336665
1,1,0.33612340332604485,0.6638765966739552
0,1,0.32039990393683326,0.6796000960631667
1,1,0.3518838821606143,0.6481161178393857
1,1,0.3145514532616307,0.6854485467383693
1,1,0.35168570188677817,0.6483142981132218
0,1,0.34339691761345637,0.6566030823865436
0,1,0.32548752625166566,0.6745124737483343
1,1,0.3393888953121629,0.6606111046878371
1,1,0.3462267714650624,0.6537732285349376
1,1,0.35952638174680096,0.640473618253199
1,1,0.3454903263175664,0.6545096736824336
0,1,0.36026508867960083,0.6397349113203992
0,1,0.35158465742607836,0.6484153425739216
0,1,0.34755790771369865,0.6524420922863013
1,1,0.35721849688224494,0.6427815031177551
0,1,0.3307804674067649,0.6692195325932351
0,1,0.3560354743785147,0.6439645256214853
1,1,0.3498326609176341,0.6501673390823659
1,1,0.3456409020399063,0.6543590979600937
1,1,0.3603687208100479,0.6396312791899521
0,1,0.3561912265812428,0.6438087734187572
1,1,0.33294732437657937,0.6670526756234206
1,1,0.3570390819325747,0.6429609180674253
0,1,0.34910833447491485,0.6508916655250852
0,1,0.37669129545230107,0.6233087045476989
0,1,0.34169407807257857,0.6583059219274214
0,1,0.33118467477223246,0.6688153252277675
0,1,0.34215314333435143,0.6578468566656486
1,1,0.3269604857853591,0.6730395142146409
1,1,0.3311203112613734,0.6688796887386266
1,1,0.34598856087298724,0.6540114391270128
1,1,0.3501907862032053,0.6498092137967947
1,1,0.35624848280150834,0.6437515171984917
1,1,0.3538519576077248,0.6461480423922752
1,1,0.34690615917776557,0.6530938408222344
0,1,0.36275816068870836,0.6372418393112916
1,1,0.3618177156583212,0.6381822843416788
1,1,0.3409629129987396,0.6590370870012604
0,1,0.3638576955131241,0.6361423044868759
1,1,0.32523981074060293,0.6747601892593971
1,1,0.362677648790212,0.637322351209788
1,1,0.3775216479655762,0.6224783520344238
0,1,0.34163523648146954,0.6583647635185305
1,1,0.3432537995678575,0.6567462004321425
1,1,0.35281044884823365,0.6471895511517664
0,1,0.3446344051469564,0.6553655948530436
1,1,0.3820145184830287,0.6179854815169713
0,1,0.35285926137957424,0.6471407386204258
0,1,0.35397077978108826,0.6460292202189117
1,1,0.3548472792813121,0.6451527207186879
1,1,0.33901816751496217,0.6609818324850378
1,1,0.37093373649227623,0.6290662635077238
1,1,0.36410972941591313,0.6358902705840869
1,1,0.3936356482848129,0.6063643517151871
1,1,0.3909039914694352,0.6090960085305648
0,1,0.3617354860757389,0.6382645139242611
0,1,0.36731467279622865,0.6326853272037714
1,1,0.3526580455213334,0.6473419544786666
1,1,0.3486637165110831,0.6513362834889169
1,1,0.3471783785046656,0.6528216214953344
1,1,0.3605548505827699,0.6394451494172301
0,1,0.3368739303699594,0.6631260696300406
1,1,0.377629202600017,0.622370797399983
1,1,0.33604888140675504,0.663951118593245
0,1,0.33160654017682556,0.6683934598231744
0,1,0.36996213879877093,0.6300378612012291
1,1,0.3709722199594435,0.6290277800405565
1,1,0.3667274113050699,0.6332725886949301
1,1,0.34664392356409546,0.6533560764359045
1,1,0.38540409414801824,0.6145959058519818
1,1,0.35315614559752706,0.6468438544024729
0,1,0.3194713086382135,0.6805286913617865
1,1,0.3416658764760757,0.6583341235239243
1,1,0.3522650376563331,0.6477349623436669
0,1,0.3746548925221027,0.6253451074778973
1,1,0.3518678024285212,0.6481321975714788
1,1,0.34605131352964946,0.6539486864703505
1,1,0.3524949100660387,0.6475050899339613
1,1,0.3706798554605776,0.6293201445394224
0,1,0.3252150209001574,0.6747849790998426
0,1,0.3738470755707177,0.6261529244292823
1,1,0.3465151184101506,0.6534848815898494
1,1,0.3670536777841259,0.6329463222158741
1,1,0.38371321570662575,0.6162867842933742
0,1,0.3795204834368845,0.6204795165631155
0,1,0.34712830168327347,0.6528716983167265
1,1,0.3563126163950684,0.6436873836049316
1,1,0.3548067653708218,0.6451932346291782
1,1,0.3696694578510461,0.6303305421489539
1,1,0.37123586146616383,0.6287641385338362
1,1,0.3187909315133741,0.6812090684866259
1,1,0.3572734202588339,0.6427265797411661
1,1,0.34736613393196303,0.652633866068037
1,1,0.3448533050856233,0.6551466949143767
1,1,0.36398811111010454,0.6360118888898955
0,1,0.358125423790739,0.641874576209261
0,1,0.3361474400467739,0.6638525599532261
1,1,0.3676755498403179,0.6323244501596821
1,1,0.33924805428905347,0.6607519457109465
1,1,0.36843901623973974,0.6315609837602603
0,1,0.36945161256796644,0.6305483874320336
1,1,0.3667090044371054,0.6332909955628946
0,1,0.35080670234488975,0.6491932976551102
1,1,0.35046865873810407,0.6495313412618959
1,1,0.37559964280150127,0.6244003571984987
1,1,0.3686245721474519,0.6313754278525481
1,1,0.3544234549403089,0.6455765450596911
0,1,0.3546214204534518,0.6453785795465482
1,1,0.36532543814277707,0.6346745618572229
0,1,0.3524200366276491,0.6475799633723509
1,1,0.3285136095648532,0.6714863904351468
0,1,0.34127673040970585,0.6587232695902941
0,1,0.3563517550761609,0.6436482449238391
1,1,0.34272166915583524,0.6572783308441648
1,1,0.34396876945218635,0.6560312305478136
1,1,0.3640625251034514,0.6359374748965486
1,1,0.376406764156905,0.623593235843095
0,1,0.3258197555811462,0.6741802444188538
1,1,0.34590272380052955,0.6540972761994704
0,1,0.35251891933446355,0.6474810806655364
1,1,0.3781255639260622,0.6218744360739378
1,1,0.3036940016846562,0.6963059983153438
0,1,0.34717770243679036,0.6528222975632096
1,1,0.3404365011256939,0.6595634988743061
1,1,0.35066177288977773,0.6493382271102223
1,1,0.34729516075792644,0.6527048392420736
1,1,0.3475533782823572,0.6524466217176428
1,1,0.3673625420217641,0.6326374579782359
1,1,0.34455342982009995,0.6554465701799
0,1,0.40273081682541156,0.5972691831745884
0,1,0.3619439895575467,0.6380560104424533
0,1,0.3720166645950662,0.6279833354049338
1,1,0.37710900223710553,0.6228909977628945
1,1,0.4252503164825864,0.5747496835174136
1,1,0.3537821069860002,0.6462178930139998
1,1,0.37566702765495297,0.624332972345047
0,1,0.35404416561567653,0.6459558343843235
1,1,0.35261483122578596,0.647385168774214
1,1,0.3530245367217133,0.6469754632782867
0,1,0.3740443454599892,0.6259556545400108
1,1,0.34142785383671737,0.6585721461632826
0,1,0.3605662145724937,0.6394337854275063
1,1,0.34810799966033035,0.6518920003396697
1,1,0.3381705300860618,0.6618294699139382
1,1,0.3688390717780302,0.6311609282219698
1,1,0.37044975495971644,0.6295502450402836
1,1,0.36162250371841154,0.6383774962815885
0,1,0.3662486225948923,0.6337513774051077
1,1,0.3412575864139148,0.6587424135860852
0,1,0.40268775213327146,0.5973122478667285
1,1,0.35285631083463476,0.6471436891653652
1,1,0.3193618479553968,0.6806381520446032
1,1,0.3517321540766667,0.6482678459233333
0,1,0.33586221641114855,0.6641377835888514
0,1,0.35934460918997335,0.6406553908100266
1,1,0.3559470848814462,0.6440529151185538
0,1,0.3740183153281842,0.6259816846718158
1,1,0.32884824057299766,0.6711517594270023
0,1,0.3650649455687359,0.6349350544312641
1,1,0.35412888221455563,0.6458711177854444
0,1,0.35856602835511653,0.6414339716448835
1,1,0.36461727868132654,0.6353827213186735
1,1,0.35656383793713686,0.6434361620628631
1,1,0.3659111462071649,0.6340888537928351
1,1,0.38752703717729464,0.6124729628227054
1,1,0.3784437183695718,0.6215562816304282
1,1,0.35681681323360925,0.6431831867663907
1,1,0.37081624237692745,0.6291837576230725
1,1,0.3768278238856534,0.6231721761143466
1,1,0.3421306398828817,0.6578693601171183
0,1,0.35032497917121763,0.6496750208287824
1,1,0.36108165199501685,0.6389183480049831
0,1,0.36909391945791037,0.6309060805420896
0,1,0.3644958696908215,0.6355041303091785
1,1,0.34139370331524854,0.6586062966847515
1,1,0.3361345003983921,0.6638654996016079
1,1,0.37956244256670546,0.6204375574332945
0,1,0.31176241179801656,0.6882375882019834
1,1,0.3448348045699493,0.6551651954300507
1,1,0.333913581021027,0.666086418978973
1,1,0.35864865955396075,0.6413513404460393
0,1,0.376118273197387,0.623881726802613
0,1,0.3545153493593197,0.6454846506406803
1,1,0.35535333324507024,0.6446466667549298
1,1,0.363101858987362,0.636898141012638
1,1,0.343507782788558,0.656492217211442
1,1,0.3708412801305302,0.6291587198694698
0,1,0.32814960046348063,0.6718503995365194
1,1,0.4292440649304262,0.5707559350695738
0,1,0.3349572102952695,0.6650427897047305
0,1,0.3675233237221166,0.6324766762778834
1,1,0.3946336240436772,0.6053663759563228
1,1,0.34837191295399805,0.651628087046002
1,1,0.3375849778681915,0.6624150221318085
1,1,0.3517641189364702,0.6482358810635298
0,1,0.3592729994143822,0.6407270005856178
0,1,0.34619844739680117,0.6538015526031988
1,1,0.3621059618456971,0.6378940381543029
1,1,0.3559953870280488,0.6440046129719512
1,1,0.37113881064745524,0.6288611893525448
0,1,0.3441719463398206,0.6558280536601794
1,1,0.36670056543252905,0.633299434567471
1,1,0.34870640674527964,0.6512935932547204
1,1,0.3628160457781128,0.6371839542218872
1,1,0.3440889795687,0.6559110204313
1,1,0.3702310671699236,0.6297689328300764
1,1,0.3541842906734425,0.6458157093265575
1,1,0.3595906658590542,0.6404093341409458
1,1,0.34061371180999156,0.6593862881900084
0,1,0.3656945889793467,0.6343054110206533
0,1,0.34573717594399034,0.6542628240560097
1,1,0.3399423050713324,0.6600576949286676
0,1,0.36121510383880984,0.6387848961611902
0,1,0.34689086554042925,0.6531091344595708
1,1,0.3473631544759801,0.6526368455240199
1,1,0.3617400732616638,0.6382599267383362
1,1,0.309862945123242,0.690137054876758
0,1,0.3472477999996182,0.6527522000003818
1,1,0.35702767707773997,0.64297232292226
1,1,0.3126887852226846,0.6873112147773154
0,1,0.3459278256328078,0.6540721743671922
0,1,0.4041024330550723,0.5958975669449277
1,1,0.3694418770733682,0.6305581229266318
0,1,0.33105310079628025,0.6689468992037197
0,1,0.33621789935054835,0.6637821006494516
1,1,0.3595504023098778,0.6404495976901222
0,1,0.3550051679723675,0.6449948320276325
1,1,0.34692323081062004,0.65307676918938
1,1,0.39431742189165475,0.6056825781083452
1,1,0.38050606817639976,0.6194939318236002
1,1,0.351894426133913,0.648105573866087
0,1,0.3840597042653747,0.6159402957346253
1,1,0.3207450995311564,0.6792549004688436
1,1,0.3626117076939911,0.6373882923060089
0,1,0.35410812496256217,0.6458918750374378
1,1,0.3503355693472915,0.6496644306527085
0,1,0.3736500412759859,0.6263499587240141
1,1,0.3648784562516558,0.6351215437483442
1,1,0.3548010084334635,0.6451989915665365
0,1,0.35754602481390974,0.6424539751860903
1,1,0.3020086549850296,0.6979913450149704
1,1,0.35246990433535963,0.6475300956646404
1,1,0.3769663497802629,0.6230336502197371
1,1,0.35412686222078904,0.645873137779211
1,1,0.34293941476240053,0.6570605852375995
1,1,0.35330734780129214,0.6466926521987079
1,1,0.3944880020216097,0.6055119979783903
0,1,0.33435464298067785,0.6656453570193221
0,1,0.369139020372485,0.630860979627515
1,1,0.3432167800404895,0.6567832199595105
1,1,0.35269682836599825,0.6473031716340018
1,1,0.4033074643066721,0.5966925356933279
0,1,0.353309064497878,0.646690935502122
0,1,0.3933348017082986,0.6066651982917014
0,1,0.41806069866342455,0.5819393013365755
1,1,0.34894601811887727,0.6510539818811227
1,1,0.3574099297915052,0.6425900702084948
1,1,0.33149316326511036,0.6685068367348896
0,1,0.35540716474289735,0.6445928352571026
1,1,0.34912044812491405,0.650879551875086
0,1,0.344257773200233,0.655742226799767
1,1,0.361643449132678,0.638356550867322
1,1,0.3759344097858298,0.6240655902141702
0,1,0.35467598929800137,0.6453240107019986
1,1,0.38532126243832143,0.6146787375616786
1,1,0.35129307523374487,0.6487069247662551
1,1,0.3554171980505818,0.6445828019494182
0,1,0.3636838456010585,0.6363161543989415
1,1,0.3748775149687362,0.6251224850312638
1,1,0.3367126529016903,0.6632873470983097
1,1,0.3184452089032287,0.6815547910967713
0,1,0.3313214758538817,0.6686785241461183
1,1,0.37265765936300677,0.6273423406369932
1,1,0.3320465883881861,0.6679534116118139
1,1,0.342021711312013,0.657978288687987
1,1,0.38489378126666285,0.6151062187333372
1,1,0.37492203535832613,0.6250779646416739
1,1,0.3695035384920018,0.6304964615079982
0,1,0.3685188618859593,0.6314811381140407
0,1,0.35285378059788275,0.6471462194021173
1,1,0.37996843146812265,0.6200315685318774
1,1,0.3435866349706723,0.6564133650293277
1,1,0.3679066582124231,0.6320933417875769
1,1,0.36485398499457933,0.6351460150054207
1,1,0.3493250595747881,0.6506749404252119
0,1,0.37155411112931935,0.6284458888706806
0,1,0.3341472536531024,0.6658527463468976
0,1,0.3777506954933906,0.6222493045066094
1,1,0.35079938567572133,0.6492006143242787
0,1,0.3685387658421615,0.6314612341578385
1,1,0.3791124626950363,0.6208875373049637
0,1,0.35766141309079347,0.6423385869092065
0,1,0.3876782055579079,0.6123217944420921
1,1,0.3550364624927048,0.6449635375072952
1,1,0.37642812797899694,0.6235718720210031
1,1,0.36228015309592654,0.6377198469040735
1,1,0.3375317620683649,0.6624682379316351
0,1,0.3485720436209505,0.6514279563790495
0,1,0.3563658107248088,0.6436341892751912
0,1,0.3785134898541176,0.6214865101458824
1,1,0.3289853925026267,0.6710146074973733
1,1,0.36036434312697085,0.6396356568730291
0,1,0.4025550855065668,0.5974449144934332
0,1,0.3298417853160296,0.6701582146839704
0,1,0.32939972424795816,0.6706002757520418
1,1,0.3555398914164799,0.6444601085835201
1,1,0.3598284067970443,0.6401715932029557
1,1,0.36177909873567216,0.6382209012643278
0,1,0.3539703609744672,0.6460296390255328
1,1,0.3292410638336526,0.6707589361663474
0,1,0.3606371591468477,0.6393628408531523
0,1,0.32103616695355164,0.6789638330464484
1,1,0.35714516887986203,0.642854831120138
0,1,0.356014067211163,0.643985932788837
0,1,0.3114829566010221,0.6885170433989779
1,1,0.3413255800272741,0.6586744199727259
0,1,0.351369874464344,0.648630125535656
1,1,0.3790543743908664,0.6209456256091336
0,1,0.3597974912166392,0.6402025087833608
1,1,0.3507523062598118,0.6492476937401882
1,1,0.3397610696802855,0.6602389303197145
1,1,0.3593929698671495,0.6406070301328505
1,1,0.3691469335941483,0.6308530664058517
1,1,0.3595327674165514,0.6404672325834486
0,1,0.34385308080250787,0.6561469191974921
0,1,0.34950931641953387,0.6504906835804661
0,1,0.3597766721361969,0.6402233278638031
1,1,0.3600464612835469,0.6399535387164531
0,1,0.37698581050601043,0.6230141894939896
1,1,0.40448855216051405,0.595511447839486
1,1,0.3690122476764549,0.6309877523235451
1,1,0.3336502530321306,0.6663497469678694
1,1,0.3363550691026078,0.6636449308973922
1,1,0.343226253850641,0.656773746149359
1,1,0.3569527492113552,0.6430472507886448
0,1,0.34025214362225353,0.6597478563777465
1,1,0.35073721312882533,0.6492627868711747
0,1,0.3448208290119471,0.6551791709880529
1,1,0.34056854148266624,0.6594314585173338
0,1,0.3618390425823088,0.6381609574176912
0,1,0.3418360276203841,0.6581639723796159
1,1,0.34927109578748994,0.6507289042125101
1,1,0.33783786344609534,0.6621621365539047
1,1,0.36264526716867795,0.637354732831322
0,1,0.3468316635023354,0.6531683364976646
0,1,0.3305911134812448,0.6694088865187552
0,1,0.38663632019454375,0.6133636798054563
0,1,0.3745734824944247,0.6254265175055753
0,1,0.337555812146204,0.662444187853796
1,1,0.3447171140786499,0.6552828859213501
1,1,0.35076298141711726,0.6492370185828827
1,1,0.3568029318287854,0.6431970681712146
0,1,0.3911810548417638,0.6088189451582362
0,1,0.34618765547136554,0.6538123445286345
1,1,0.349790985151342,0.650209014848658
1,1,0.3930175528581762,0.6069824471418238
1,1,0.33695678766103243,0.6630432123389676
0,1,0.3383559016334736,0.6616440983665264
0,1,0.35617441795800586,0.6438255820419941
1,1,0.3278059449532501,0.6721940550467499
1,1,0.37224931222343227,0.6277506877765677
1,1,0.34723110853754036,0.6527688914624596
1,1,0.3687391867437435,0.6312608132562565
1,1,0.3754529758681905,0.6245470241318095
0,1,0.3465927725297989,0.6534072274702011
1,1,0.3699160438437319,0.6300839561562681
1,1,0.3512462245511909,0.6487537754488091
0,1,0.32104014999254205,0.678959850007458
0,1,0.34083512622929957,0.6591648737707004
1,1,0.35919883100045324,0.6408011689995468
0,1,0.3399177305870411,0.6600822694129589
1,1,0.3468257692881169,0.6531742307118831
1,1,0.3473633653579742,0.6526366346420258
0,1,0.3426238143679169,0.6573761856320831
0,1,0.420090851137106,0.579909148862894
1,1,0.35419225377166974,0.6458077462283303
0,1,0.37707353041831493,0.6229264695816851
0,1,0.37481589267092597,0.625184107329074
1,1,0.35543098893679725,0.6445690110632027
0,1,0.3486199805231528,0.6513800194768472
1,1,0.3253334221624157,0.6746665778375843
0,1,0.3587479091930674,0.6412520908069326
0,1,0.37781439738809675,0.6221856026119033
0,1,0.3559506103496656,0.6440493896503344
1,1,0.347074000302933,0.652925999697067
0,1,0.34812766726036815,0.6518723327396319
1,1,0.3318814637854087,0.6681185362145913
1,1,0.34581674891102465,0.6541832510889753
1,1,0.35635933565241307,0.6436406643475869
1,1,0.35779261936054296,0.642207380639457
0,1,0.3398240665151936,0.6601759334848064
1,1,0.330262897445319,0.669737102554681
0,1,0.33175544112856725,0.6682445588714327
0,1,0.32326735052607103,0.676732649473929
0,1,0.39984800372671214,0.6001519962732879
1,1,0.34309700520252207,0.6569029947974779
1,1,0.3282146790231055,0.6717853209768945
0,1,0.3575802964078084,0.6424197035921916
0,1,0.3627408720386296,0.6372591279613704
0,1,0.3340182301005925,0.6659817698994075
1,1,0.38425351501405114,0.6157464849859489
1,1,0.3152722175530881,0.6847277824469119
0,1,0.36457988655410256,0.6354201134458974
0,1,0.35474647718475694,0.6452535228152431
0,1,0.3605043375754792,0.6394956624245208
1,1,0.3745832547124607,0.6254167452875393
1,1,0.36502503034895195,0.634974969651048
1,1,0.37854481778268956,0.6214551822173104
1,1,0.3460574087816708,0.6539425912183292
1,1,0.3594206508250527,0.6405793491749473
1,1,0.3806781766578188,0.6193218233421812
1,1,0.34310011036087074,0.6568998896391293
1,1,0.3659079259582182,0.6340920740417818
1,1,0.3467903257893563,0.6532096742106437
1,1,0.3413936157261843,0.6586063842738157
1,1,0.39007021741182657,0.6099297825881734
0,1,0.3794004254706701,0.6205995745293299
1,1,0.3410606604858448,0.6589393395141552
1,1,0.34748229406124265,0.6525177059387574
0,1,0.35267453954604233,0.6473254604539577
1,1,0.3600703338328536,0.6399296661671464
1,1,0.35101504978261455,0.6489849502173854
1,1,0.3973540133468383,0.6026459866531617
1,1,0.3526464144307977,0.6473535855692023
0,1,0.3750288266817431,0.6249711733182569
1,1,0.33705198795648694,0.6629480120435131
0,1,0.35728670242261673,0.6427132975773833
1,1,0.3186018899201625,0.6813981100798375
0,1,0.3491135417990633,0.6508864582009367
1,1,0.35899664625338423,0.6410033537466158
1,1,0.36564536557825067,0.6343546344217493
0,1,0.3519914010483862,0.6480085989516138
0,1,0.4036168535247835,0.5963831464752165
1,1,0.37271055827658983,0.6272894417234102
1,1,0.33998839799683467,0.6600116020031653
1,1,0.3447294236955172,0.6552705763044828
1,1,0.37576077415091136,0.6242392258490886
1,1,0.3739780717941359,0.6260219282058641
1,1,0.3688057131709136,0.6311942868290864
1,1,0.34905151653472166,0.6509484834652783
1,1,0.3288431106709062,0.6711568893290938
0,1,0.37672182747359695,0.623278172526403
1,1,0.33433453751384035,0.6656654624861597
1,1,0.361294121161984,0.638705878838016
1,1,0.3765560995658126,0.6234439004341874
1,1,0.3435923672556398,0.6564076327443602
1,1,0.35502363630984257,0.6449763636901574
1,1,0.33268173829620695,0.667318261703793
1,1,0.37114351520365496,0.628856484796345
1,1,0.34729456198463415,0.6527054380153658
0,1,0.3841307877746065,0.6158692122253935
0,1,0.3670867568454135,0.6329132431545865
1,1,0.33946444068900905,0.660535559310991
0,1,0.3356985122237782,0.6643014877762218
0,1,0.34674580089021423,0.6532541991097858
1,1,0.33981147153709723,0.6601885284629028
1,1,0.35527122207324546,0.6447287779267545
0,1,0.3598774436998796,0.6401225563001204
1,1,0.348967221673684,0.651032778326316
1,1,0.3562006797391696,0.6437993202608304
1,1,0.3734119514884382,0.6265880485115618
1,1,0.3804134561308181,0.6195865438691819
0,1,0.3615718735626473,0.6384281264373527
1,1,0.3602382019918382,0.6397617980081618
0,1,0.31130839614062844,0.6886916038593716
1,1,0.3673440896796226,0.6326559103203774
1,1,0.3527347219897021,0.6472652780102979
1,1,0.39967020216250215,0.6003297978374978
1,1,0.3567839882864233,0.6432160117135767
1,1,0.33299801950826824,0.6670019804917318
1,1,0.3632090290797101,0.6367909709202899
1,1,0.36630968738031044,0.6336903126196896
1,1,0.3434070180781592,0.6565929819218408
1,1,0.3229046506695189,0.6770953493304811
0,1,0.3576046678508811,0.6423953321491189
1,1,0.36227743154280334,0.6377225684571967
1,1,0.3545772611783248,0.6454227388216752
1,1,0.3254195943278356,0.6745804056721644
1,1,0.3777854064028062,0.6222145935971938
0,1,0.35595487125008773,0.6440451287499123
1,1,0.3396867936877699,0.6603132063122301
0,1,0.328633239164685,0.671366760835315
0,1,0.3552590312774525,0.6447409687225475
1,1,0.3481234421927737,0.6518765578072263
1,1,0.3883240559711042,0.6116759440288958
1,1,0.364567161821706,0.635432838178294
1,1,0.38517598722095103,0.614824012779049
1,1,0.34780565201503955,0.6521943479849605
1,1,0.37235325328342084,0.6276467467165792
0,1,0.3632121130169571,0.6367878869830429
1,1,0.3563016994813598,0.6436983005186402
0,1,0.3791408760094841,0.6208591239905159
1,1,0.3467206209572635,0.6532793790427365
1,1,0.3596456900777415,0.6403543099222585
1,1,0.3849655956498571,0.6150344043501429
1,1,0.36090619611600194,0.6390938038839981
1,1,0.34248655124375005,0.65751344875625
0,1,0.3238408664349409,0.6761591335650591
1,1,0.3703747010562446,0.6296252989437554
1,1,0.34370678550376355,0.6562932144962365
1,1,0.32947121515086275,0.6705287848491372
1,1,0.34726122645332624,0.6527387735466738
1,1,0.3622205589955596,0.6377794410044404
1,1,0.375359555488722,0.624640444511278
0,1,0.32649829115316964,0.6735017088468304
1,1,0.36086003480252205,0.639139965197478
0,1,0.3660830291522702,0.6339169708477298
1,1,0.3899148274283536,0.6100851725716464
1,1,0.34601306605017024,0.6539869339498298
1,1,0.3434095390658123,0.6565904609341877
1,1,0.3071404685091419,0.6928595314908581
1,1,0.36797840580532637,0.6320215941946736
0,1,0.361380199969663,0.638619800030337
1,1,0.37350058174334444,0.6264994182566556
1,1,0.3518690492200601,0.6481309507799399
1,1,0.3916663969149323,0.6083336030850677
0,1,0.3499409490231954,0.6500590509768046
0,1,0.35965637278224083,0.6403436272177592
0,1,0.37856077927248033,0.6214392207275197
0,1,0.35231432899123516,0.6476856710087648
1,1,0.3631431129944047,0.6368568870055953
0,1,0.3694171902470902,0.6305828097529098
1,1,0.36429137459145877,0.6357086254085412
0,1,0.3698158633318184,0.6301841366681816
0,1,0.36819499665905087,0.6318050033409491
1,1,0.3788003716742545,0.6211996283257455
1,1,0.3833797098908336,0.6166202901091664
1,1,0.35521644647168427,0.6447835535283157
1,1,0.361633173021066,0.638366826978934
1,1,0.3785421532123635,0.6214578467876365
1,1,0.3498567754221684,0.6501432245778316
0,1,0.34729921249265816,0.6527007875073418
1,1,0.3519587931061203,0.6480412068938797
0,1,0.3141297931007787,0.6858702068992213
1,1,0.3569878401983493,0.6430121598016507
1,1,0.35290866911400043,0.6470913308859996
1,1,0.362795829584022,0.637204170415978
0,1,0.38880551915633377,0.6111944808436662
1,1,0.3386338512822722,0.6613661487177278
0,1,0.3656513182318365,0.6343486817681635
1,1,0.3827552273516118,0.6172447726483882
1,1,0.3519766076953815,0.6480233923046185
1,1,0.3756626926398544,0.6243373073601456
1,1,0.34523781368162043,0.6547621863183796
1,1,0.3765498590547235,0.6234501409452765
1,1,0.3485979213322645,0.6514020786677355
1,1,0.35410160094847976,0.6458983990515202
1,1,0.3526585894493466,0.6473414105506534
1,1,0.3617477732025117,0.6382522267974883
1,1,0.35840192053760755,0.6415980794623924
1,1,0.3444461280752502,0.6555538719247498
1,1,0.3394002872561235,0.6605997127438765
1,1,0.33390266371745747,0.6660973362825425
1,1,0.34501935114034643,0.6549806488596536
0,1,0.35438508026655524,0.6456149197334448
1,1,0.3471542155693562,0.6528457844306438
1,1,0.36256197798471756,0.6374380220152824
1,1,0.3523916550695695,0.6476083449304305
0,1,0.34856974700409527,0.6514302529959047
0,1,0.3585995072143219,0.6414004927856781
1,1,0.330592386477192,0.669407613522808
0,1,0.3689995229439019,0.6310004770560981
0,1,0.35482239325547393,0.6451776067445261
1,1,0.33302600899910384,0.6669739910008962
1,1,0.38243928999360965,0.6175607100063903
0,1,0.3489724916399922,0.6510275083600078
1,1,0.32863779328522047,0.6713622067147795
1,1,0.3588902335329409,0.6411097664670591
1,1,0.3890394396160223,0.6109605603839777
1,1,0.3481034526936554,0.6518965473063446
1,1,0.36073153646524003,0.63926846353476
1,1,0.3879508094822899,0.6120491905177101
1,1,0.3544303920711722,0.6455696079288278
0,1,0.3611326778066548,0.6388673221933452
1,1,0.3660732315677112,0.6339267684322888
1,1,0.3725176550968148,0.6274823449031852
0,1,0.35707022355920626,0.6429297764407937
1,1,0.35441880192215036,0.6455811980778496
0,1,0.3707892651465807,0.6292107348534193
1,1,0.3520207024110399,0.6479792975889601
0,1,0.3408716928624336,0.6591283071375664
0,1,0.35941366704188804,0.640586332958112
0,1,0.3593615999234284,0.6406384000765716
1,1,0.3534289868788074,0.6465710131211926
1,1,0.37336960848155454,0.6266303915184455
1,1,0.3446699432696497,0.6553300567303503
1,1,0.34343685145829483,0.6565631485417052
0,1,0.34450215482290125,0.6554978451770987
1,1,0.3351653857159501,0.6648346142840499
1,1,0.3169218091336031,0.6830781908663969
0,1,0.35498354341269545,0.6450164565873046
0,1,0.343701695387873,0.656298304612127
0,1,0.3545981342426433,0.6454018657573567
1,1,0.38056873724863605,0.619431262751364
1,1,0.3903652815404689,0.6096347184595311
0,1,0.35914174152878153,0.6408582584712185
0,1,0.3538295543182589,0.6461704456817411
0,1,0.3850174417692035,0.6149825582307965
0,1,0.3605769372611004,0.6394230627388996
1,1,0.31429901605982413,0.6857009839401759
1,1,0.3441673132583286,0.6558326867416714
1,1,0.33591395282635383,0.6640860471736462
0,1,0.3507686295723196,0.6492313704276804
0,1,0.34441064416592937,0.6555893558340706
1,1,0.35382551333981016,0.6461744866601898
1,1,0.34711732548225405,0.652882674517746
1,1,0.34129838929946754,0.6587016107005325
1,1,0.33957082091566526,0.6604291790843347
1,1,0.35129796144613235,0.6487020385538677
1,1,0.3584686707604049,0.6415313292395951
1,1,0.3613549848652171,0.6386450151347829
1,1,0.3636176711061565,0.6363823288938435
1,1,0.3722684502158661,0.6277315497841339
1,1,0.3634413485845952,0.6365586514154048
1,1,0.3435712465301112,0.6564287534698888
1,1,0.33733911052597654,0.6626608894740235
1,1,0.34866693442605123,0.6513330655739488
0,1,0.3381955328504378,0.6618044671495622
1,1,0.3770934782621238,0.6229065217378762
1,1,0.3500824125193306,0.6499175874806694
1,1,0.3684070689502431,0.6315929310497569
1,1,0.3661755913686884,0.6338244086313116
1,1,0.34606106571312434,0.6539389342868757
0,1,0.3723849941406874,0.6276150058593126
1,1,0.3636115649841487,0.6363884350158513
1,1,0.3506033164585356,0.6493966835414644
1,1,0.3301080465554581,0.6698919534445419
0,1,0.37709247021557,0.62290752978443
1,1,0.3447703724426969,0.6552296275573031
0,1,0.32821352913153623,0.6717864708684638
1,1,0.3378493356797545,0.6621506643202455
1,1,0.3937632725798813,0.6062367274201187
1,1,0.3787415713570562,0.6212584286429438
0,1,0.35775802478147734,0.6422419752185227
1,1,0.3548846160554838,0.6451153839445162
1,1,0.34289152412374146,0.6571084758762585
0,1,0.36221461291696866,0.6377853870830313
0,1,0.345566245934253,0.654433754065747
0,1,0.373567720484556,0.626432279515444
0,1,0.3477992568565774,0.6522007431434226
1,1,0.3676038831167614,0.6323961168832386
1,1,0.34911585222247743,0.6508841477775226
1,1,0.36401685412171925,0.6359831458782808
1,1,0.37679765505928553,0.6232023449407145
1,1,0.36380344205702597,0.636196557942974
1,1,0.3560787726659538,0.6439212273340462
1,1,0.3454485695818914,0.6545514304181086
0,1,0.3418919599669573,0.6581080400330427
0,1,0.3273204544861864,0.6726795455138136
1,1,0.3268186508016018,0.6731813491983982
0,1,0.3535544362750749,0.6464455637249251
1,1,0.3471200026859893,0.6528799973140107
1,1,0.3884353069726847,0.6115646930273153
1,1,0.33955008258282926,0.6604499174171707
1,1,0.3510308987242805,0.6489691012757195
1,1,0.36669425215218665,0.6333057478478133
1,1,0.3329651888316778,0.6670348111683222
1,1,0.36513957317065304,0.634860426829347
1,1,0.33752736169520337,0.6624726383047966
0,1,0.36313293272146174,0.6368670672785383
1,1,0.3654626240108545,0.6345373759891455
1,1,0.3306481210746185,0.6693518789253815
1,1,0.3387369001719448,0.6612630998280552
1,1,0.3716764209134805,0.6283235790865195
1,1,0.35525035346176115,0.6447496465382389
1,1,0.36155682718785276,0.6384431728121472
1,1,0.35675306615036295,0.643246933849637
1,1,0.3631603608333458,0.6368396391666542
0,1,0.36274820136951447,0.6372517986304855
1,1,0.353438875051467,0.646561124948533
1,1,0.31608871078884715,0.6839112892111529
1,1,0.3575699572233205,0.6424300427766795
1,1,0.35999493300905017,0.6400050669909498
1,1,0.37274835247870597,0.627251647521294
1,1,0.38078910769743557,0.6192108923025644
0,1,0.32024635771237375,0.6797536422876262
1,1,0.33769253617259576,0.6623074638274042
0,1,0.32787102169423143,0.6721289783057686
0,1,0.35638244430426236,0.6436175556957376
1,1,0.3319287876202828,0.6680712123797172
1,1,0.3617400414778883,0.6382599585221117
1,1,0.3779160386091712,0.6220839613908288
0,1,0.35255720965756177,0.6474427903424382
1,1,0.3369153834531835,0.6630846165468165
0,1,0.367201074706182,0.632798925293818
1,1,0.37138530341862974,0.6286146965813703
1,1,0.35020444992412314,0.6497955500758769
0,1,0.38252110495022495,0.617478895049775
0,1,0.3477781380685544,0.6522218619314456
1,1,0.3738999432526119,0.6261000567473881
0,1,0.35293509921951816,0.6470649007804818
1,1,0.346866522076282,0.653133477923718
1,1,0.3263067895276145,0.6736932104723855
1,1,0.32738672816339365,0.6726132718366064
0,1,0.34763552943502984,0.6523644705649702
1,1,0.3218490578087232,0.6781509421912768
0,1,0.35644606999477546,0.6435539300052245
0,1,0.37487444870939934,0.6251255512906007
0,1,0.34628516015748445,0.6537148398425155
0,1,0.34310934247864944,0.6568906575213506
1,1,0.3460984883108875,0.6539015116891125
1,1,0.326053487309654,0.673946512690346
1,1,0.3548103404755023,0.6451896595244977
1,1,0.34397531442611073,0.6560246855738893
1,1,0.3471106270672156,0.6528893729327844
1,1,0.35339287997491065,0.6466071200250894
0,1,0.35313347787564253,0.6468665221243575
1,1,0.36136163527871,0.63863836472129
1,1,0.33568942093808063,0.6643105790619194
0,1,0.3568326017656287,0.6431673982343713
0,1,0.32786941479910314,0.6721305852008969
1,1,0.34270921607574845,0.6572907839242516
1,1,0.36657247681989713,0.6334275231801029
0,1,0.3624472137000858,0.6375527862999142
1,1,0.34202289082557025,0.6579771091744298
1,1,0.3640000785881138,0.6359999214118862
1,1,0.34837578163165595,0.651624218368344
1,1,0.34561842257531983,0.6543815774246802
1,1,0.37922781067779243,0.6207721893222076
1,1,0.35087752478428624,0.6491224752157138
0,1,0.346169368157774,0.653830631842226
0,1,0.3563033440796405,0.6436966559203595
1,1,0.3643916762375008,0.6356083237624992
1,1,0.35038252336598463,0.6496174766340154
0,1,0.3926898029286159,0.6073101970713841
0,1,0.343355858208399,0.656644141791601
1,1,0.3850914149175457,0.6149085850824543
1,1,0.3474294143958987,0.6525705856041013
1,1,0.3178394003471088,0.6821605996528912
0,1,0.3451036332733778,0.6548963667266222
0,1,0.36351852370744664,0.6364814762925534
1,1,0.46196010047107094,0.538039899528929
0,1,0.3928073997252961,0.6071926002747039
0,1,0.3678749262699492,0.6321250737300508
0,1,0.35571900180725946,0.6442809981927405
0,1,0.3093550509141437,0.6906449490858563
0,1,0.39333384232908475,0.6066661576709153
0,1,0.38413624445439587,0.6158637555456041
0,1,0.32340065835333554,0.6765993416466645
1,1,0.34915922151698253,0.6508407784830175
1,1,0.34164510252086233,0.6583548974791377
1,1,0.35974691017295213,0.6402530898270479
1,1,0.3758706981813742,0.6241293018186258
0,1,0.3527706909972751,0.6472293090027249
1,1,0.35616344009402445,0.6438365599059755
1,1,0.37129355679495424,0.6287064432050458
0,1,0.3525743253917969,0.6474256746082031
1,1,0.3529391446190948,0.6470608553809052
1,1,0.3455060943019854,0.6544939056980146
0,1,0.3418642653858851,0.6581357346141149
0,1,0.3236361371013228,0.6763638628986772
1,1,0.35997650647078316,0.6400234935292168
1,1,0.3103100651053844,0.6896899348946156
0,1,0.3427133704350308,0.6572866295649692
0,1,0.38432355444046895,0.615676445559531
0,1,0.36041844744391927,0.6395815525560807
0,1,0.35351274161862056,0.6464872583813794
1,1,0.36866701780156697,0.631332982198433
1,1,0.33097488441968304,0.669025115580317
1,1,0.34687538817327557,0.6531246118267244
0,1,0.35140650588819033,0.6485934941118097
1,1,0.33909676898787067,0.6609032310121293
1,1,0.35625036039230273,0.6437496396076973
1,1,0.33464839779650435,0.6653516022034957
0,1,0.3656788702367403,0.6343211297632597
1,1,0.3338975682504607,0.6661024317495393
0,1,0.3437345069892227,0.6562654930107773
0,1,0.35242671664519976,0.6475732833548002
1,1,0.34228731023272096,0.657712689767279
1,1,0.3484778729478495,0.6515221270521505
1,1,0.3455578999024832,0.6544421000975168
1,1,0.3692252539719526,0.6307747460280474
1,1,0.34397254139914424,0.6560274586008558
1,1,0.3451140728251495,0.6548859271748505
0,1,0.35141437860710667,0.6485856213928933
0,1,0.35275673745361114,0.6472432625463889
0,1,0.3504326667725882,0.6495673332274118
0,1,0.3841724722581271,0.6158275277418729
1,1,0.33852288555682486,0.6614771144431751
0,1,0.35411141007979285,0.6458885899202071
1,1,0.3610219934007487,0.6389780065992513
0,1,0.36509017091966955,0.6349098290803304
0,1,0.3621383220611507,0.6378616779388493
1,1,0.3857237361241377,0.6142762638758623
1,1,0.3521187542079487,0.6478812457920513
0,1,0.3226665500816326,0.6773334499183674
1,1,0.33327108218606427,0.6667289178139357
1,1,0.3325409916627843,0.6674590083372157
0,1,0.37047308893695396,0.629526911063046
1,1,0.3454231104227704,0.6545768895772296
1,1,0.34808428080163145,0.6519157191983685
1,1,0.35488631699386386,0.6451136830061361
1,1,0.36097487432689646,0.6390251256731035
0,1,0.35743615651512906,0.642563843484871
0,1,0.3316882082909728,0.6683117917090272
1,1,0.33347853459036425,0.6665214654096357
0,1,0.3530901472546022,0.6469098527453978
0,1,0.37714724376682185,0.6228527562331782
1,1,0.3485150903853196,0.6514849096146804
1,1,0.38323497852928345,0.6167650214707165
1,1,0.3625504468860693,0.6374495531139307
1,1,0.3860156320564775,0.6139843679435225
1,1,0.3585095750732262,0.6414904249267738
0,1,0.3913845616830105,0.6086154383169895
1,1,0.3511658532743632,0.6488341467256368
1,1,0.3435602872105201,0.6564397127894799
0,1,0.3674833696755705,0.6325166303244295
1,1,0.34410725474372494,0.6558927452562751
1,1,0.37487153687793817,0.6251284631220618
1,1,0.37629196907960405,0.623708030920396
0,1,0.34425908092557733,0.6557409190744227
1,1,0.3385890853650687,0.6614109146349313
1,1,0.3685225288601792,0.6314774711398208
1,1,0.3684238873786504,0.6315761126213496
1,1,0.3401235348432884,0.6598764651567116
1,1,0.3157058240117039,0.6842941759882961
1,1,0.3594325782589971,0.6405674217410029
1,1,0.3657961844954368,0.6342038155045632
0,1,0.3360377544768175,0.6639622455231825
0,1,0.35896211736054073,0.6410378826394593
1,1,0.3793744250973796,0.6206255749026204
1,1,0.36370885735988456,0.6362911426401154
0,1,0.3720421389035048,0.6279578610964952
1,1,0.34756711225196024,0.6524328877480398
0,1,0.3482629173858436,0.6517370826141564
1,1,0.31276270008198215,0.6872372999180179
1,1,0.3640872085102056,0.6359127914897944
1,1,0.32892718579200086,0.6710728142079991
1,1,0.34207149406071247,0.6579285059392875
1,1,0.35747456869665684,0.6425254313033432
1,1,0.34899516429599,0.65100483570401
1,1,0.3290179654531614,0.6709820345468386
1,1,0.3586384002625381,0.6413615997374619
0,1,0.3544507280856234,0.6455492719143766
1,1,0.3687350506200405,0.6312649493799595
1,1,0.36405963645082007,0.6359403635491799
1,1,0.36053926116180435,0.6394607388381957
1,1,0.34851493495474495,0.651485065045255
1,1,0.36667141872513387,0.6333285812748661
1,1,0.3596275247757297,0.6403724752242703
1,1,0.3658400352208696,0.6341599647791304
1,1,0.34968103714973664,0.6503189628502634
0,1,0.3341886157216667,0.6658113842783333
1,1,0.35072994609807173,0.6492700539019283
1,1,0.35143893854621977,0.6485610614537802
1,1,0.33459814956464384,0.6654018504353562
0,1,0.3641073694744117,0.6358926305255883
1,1,0.36003094608029795,0.639969053919702
1,1,0.35068610955049717,0.6493138904495028
0,1,0.33960835987874827,0.6603916401212517
1,1,0.3457684777645029,0.6542315222354971
1,1,0.36051888844297797,0.639481111557022
1,1,0.3846212764730108,0.6153787235269892
1,1,0.3725132494822503,0.6274867505177497
1,1,0.3491266158218116,0.6508733841781884
1,1,0.3687947779562907,0.6312052220437093
0,1,0.3423723146650025,0.6576276853349975
1,1,0.3328479539064966,0.6671520460935034
1,1,0.3403140871770103,0.6596859128229897
1,1,0.37660196479703156,0.6233980352029684
1,1,0.3554072204747084,0.6445927795252916
1,1,0.3478072534331277,0.6521927465668723
1,1,0.36948371279928016,0.6305162872007198
1,1,0.35568322983675615,0.6443167701632438
1,1,0.3395320351819411,0.6604679648180589
0,1,0.3585721481505212,0.6414278518494788
1,1,0.3561243436693524,0.6438756563306476
1,1,0.3369068695291084,0.6630931304708916
1,1,0.37033998578430627,0.6296600142156937
0,1,0.3557526714590181,0.6442473285409819
1,1,0.3198648797780259,0.6801351202219741
0,1,0.3473764728368721,0.6526235271631279
0,1,0.3580417670802113,0.6419582329197887
0,1,0.4243031583150765,0.5756968416849235
0,1,0.3382613349104445,0.6617386650895555
0,1,0.3702480599739245,0.6297519400260755
0,1,0.3230808702893181,0.6769191297106819
0,1,0.41910480708516273,0.5808951929148373
1,1,0.3643113568500951,0.6356886431499049
0,1,0.36377648112062155,0.6362235188793784
1,1,0.39373384604611106,0.6062661539538889
0,1,0.37387646041365163,0.6261235395863484
1,1,0.3567706533451849,0.6432293466548151
1,1,0.33877636526199495,0.661223634738005
1,1,0.3495149887573856,0.6504850112426144
1,1,0.32994886487476527,0.6700511351252347
1,1,0.3859760152813916,0.6140239847186084
1,1,0.3435660924060584,0.6564339075939416
0,1,0.39304320456791153,0.6069567954320885
1,1,0.36248201561493754,0.6375179843850625
1,1,0.3492825829694507,0.6507174170305493
1,1,0.3692077060594958,0.6307922939405042
1,1,0.33645262441278934,0.6635473755872107
0,1,0.3500220609862179,0.6499779390137821
1,1,0.3547421522177028,0.6452578477822972
1,1,0.35474105399065103,0.645258946009349
0,1,0.37329082539835645,0.6267091746016435
0,1,0.3251225055505673,0.6748774944494327
0,1,0.3270852789790273,0.6729147210209727
1,1,0.34317881154247143,0.6568211884575286
1,1,0.3603614885571713,0.6396385114428287
0,1,0.3367075416009222,0.6632924583990778
0,1,0.4174631998599655,0.5825368001400345
1,1,0.36457314513560923,0.6354268548643908
1,1,0.3502566301260771,0.6497433698739229
1,1,0.34665852469202996,0.65334147530797
1,1,0.3738208535329277,0.6261791464670723
0,1,0.35678496525979353,0.6432150347402065
1,1,0.3540144675840903,0.6459855324159097
1,1,0.34969566725238854,0.6503043327476115
1,1,0.36264314099441597,0.637356859005584
1,1,0.35799593832695975,0.6420040616730402
1,1,0.34946298897812167,0.6505370110218783
1,1,0.3446244223621603,0.6553755776378397
1,1,0.34222496782634826,0.6577750321736517
0,1,0.3581930274004608,0.6418069725995392
0,1,0.36025307389815275,0.6397469261018472
1,1,0.30988568165116404,0.690114318348836
1,1,0.35371487009154823,0.6462851299084518
1,1,0.33793217346943916,0.6620678265305608
0,1,0.36896657554758583,0.6310334244524142
0,1,0.34753221765217,0.65246778234783
1,1,0.3490257218346807,0.6509742781653193
0,1,0.322141547556289,0.677858452443711
1,1,0.36887778243639746,0.6311222175636025
0,1,0.35842777756290867,0.6415722224370913
1,1,0.36031604937965767,0.6396839506203423
1,1,0.34500381858732854,0.6549961814126715
0,1,0.3751010621820362,0.6248989378179638
0,1,0.35821672925229575,0.6417832707477042
0,1,0.35656271412724305,0.643437285872757
1,1,0.3475546543050385,0.6524453456949615
0,1,0.3545446300696785,0.6454553699303215
1,1,0.3599811291591264,0.6400188708408736
0,1,0.3641866957152118,0.6358133042847882
1,1,0.3767061397999383,0.6232938602000617
0,1,0.3534039068627106,0.6465960931372894
1,1,0.32922683658048035,0.6707731634195196
1,1,0.34579649055913875,0.6542035094408613
1,1,0.34736233341276546,0.6526376665872345
1,1,0.3552431686304841,0.6447568313695159
1,1,0.35899862931205395,0.641001370687946
1,1,0.336498068267547,0.663501931732453
1,1,0.35461473449697556,0.6453852655030244
1,1,0.33012169342096387,0.6698783065790361
0,1,0.3486662384269029,0.6513337615730971
1,1,0.3294667595409534,0.6705332404590466
0,1,0.3293514048719761,0.6706485951280239
1,1,0.356868261204247,0.643131738795753
0,1,0.3506982644099349,0.6493017355900651
1,1,0.3946721277926625,0.6053278722073375
1,1,0.35927583635762816,0.6407241636423718
0,1,0.3244161695125123,0.6755838304874877
0,1,0.3400230854198488,0.6599769145801512
1,1,0.34728687058589036,0.6527131294141096
0,1,0.347286128082519,0.652713871917481
1,1,0.31532896883453,0.68467103116547
0,1,0.35049503172567653,0.6495049682743235
1,1,0.33185868209226077,0.6681413179077392
1,1,0.32666069280173826,0.6733393071982617
1,1,0.32152672315481245,0.6784732768451875
1,1,0.304246090574519,0.695753909425481
0,1,0.3749360914785932,0.6250639085214068
1,1,0.3388368477952124,0.6611631522047876
0,1,0.3422257878285294,0.6577742121714706
1,1,0.4022388812754809,0.5977611187245191
0,1,0.3614861731396142,0.6385138268603858
1,1,0.3579742315482307,0.6420257684517693
0,1,0.34946181243985064,0.6505381875601494
0,1,0.3503578900075991,0.6496421099924009
0,1,0.34269664145785894,0.6573033585421411
1,1,0.3826383351886762,0.6173616648113238
1,1,0.3515742189605573,0.6484257810394427
1,1,0.35748648581124287,0.6425135141887571
0,1,0.3685205152372083,0.6314794847627917
1,1,0.3468344758226639,0.6531655241773361
0,1,0.34144265198896206,0.6585573480110379
0,1,0.3366927260762792,0.6633072739237208
0,1,0.35701008872126716,0.6429899112787328
0,1,0.3366989336541816,0.6633010663458184
0,1,0.333219307441334,0.666780692558666
1,1,0.3786947088835525,0.6213052911164475
0,1,0.37859272060190696,0.621407279398093
0,1,0.3667963622370748,0.6332036377629252
1,1,0.35114115810042335,0.6488588418995767
1,1,0.35752661716994305,0.642473382830057
0,1,0.3615294505907046,0.6384705494092954
1,1,0.40241652382366533,0.5975834761763347
0,1,0.3446922180126497,0.6553077819873503
0,1,0.34417329033022936,0.6558267096697706
1,1,0.3683657652454675,0.6316342347545325
1,1,0.37590037070187676,0.6240996292981232
0,1,0.35061761316573914,0.6493823868342609
0,1,0.3221216624946297,0.6778783375053703
0,1,0.36092819993625935,0.6390718000637406
0,1,0.3611921546766621,0.6388078453233379
0,1,0.39985927418062506,0.6001407258193749
1,1,0.32515401383078546,0.6748459861692145
1,1,0.3769048738903682,0.6230951261096318
1,1,0.3921699410617968,0.6078300589382032
0,1,0.35656249404614726,0.6434375059538527
1,1,0.35264569598127393,0.6473543040187261
1,1,0.35593181270776586,0.6440681872922341
0,1,0.34125653182507565,0.6587434681749244
1,1,0.3584362399848392,0.6415637600151608
1,1,0.3652766524755193,0.6347233475244807
0,1,0.3306141752383158,0.6693858247616842
1,1,0.3641510079904908,0.6358489920095092
0,1,0.36142139091085845,0.6385786090891415
1,1,0.32995300267740413,0.6700469973225959
1,1,0.35769430018330495,0.642305699816695
1,1,0.36505962630581634,0.6349403736941837
1,1,0.35175970682489155,0.6482402931751085
0,1,0.3437500576999303,0.6562499423000697
1,1,0.3681677990046558,0.6318322009953442
0,1,0.37578718945860523,0.6242128105413948
1,1,0.35964247635735036,0.6403575236426496
0,1,0.35146420835620296,0.648535791643797
1,1,0.3692114583515669,0.6307885416484331
1,1,0.3531843506114054,0.6468156493885946
0,1,0.3572243100902889,0.6427756899097111
1,1,0.35713355541062863,0.6428664445893714
1,1,0.35565336154218075,0.6443466384578193
0,1,0.3626891103938883,0.6373108896061117
1,1,0.35615102293318934,0.6438489770668107
1,1,0.3687759433333224,0.6312240566666776
1,1,0.33672300764800567,0.6632769923519943
0,1,0.36966389755181606,0.6303361024481839
1,1,0.37146440563953853,0.6285355943604615
1,1,0.3448568872089951,0.6551431127910049
1,1,0.31002081116449365,0.6899791888355064
0,1,0.3566265194233912,0.6433734805766088
1,1,0.36177748504217944,0.6382225149578206
1,1,0.3398221088759775,0.6601778911240225
1,1,0.34784676522953784,0.6521532347704622
1,1,0.34417850606511746,0.6558214939348825
1,1,0.3745994102676202,0.6254005897323798
0,1,0.3486632551766058,0.6513367448233942
1,1,0.38486272423570633,0.6151372757642937
1,1,0.3619114155844013,0.6380885844155987
1,1,0.33537951012142464,0.6646204898785754
1,1,0.3421178302855684,0.6578821697144316
1,1,0.43695949292540803,0.563040507074592
0,1,0.3483546025935007,0.6516453974064993
1,1,0.36632862778473174,0.6336713722152683
1,1,0.34361080987755643,0.6563891901224436
0,1,0.40371905056527324,0.5962809494347268
1,1,0.34721770382128936,0.6527822961787106
0,1,0.34049411912741423,0.6595058808725858
0,1,0.3641780104764357,0.6358219895235643
1,1,0.34418480747341074,0.6558151925265893
1,1,0.37398167895141265,0.6260183210485873
1,1,0.34962193272645825,0.6503780672735417
1,1,0.3524002852532133,0.6475997147467867
0,1,0.34768065657679403,0.652319343423206
1,1,0.3870266986353842,0.6129733013646158
0,1,0.363686942355968,0.636313057644032
0,1,0.3792068233870505,0.6207931766129495
1,1,0.3423213495575279,0.6576786504424721
1,1,0.3635462678442153,0.6364537321557847
1,1,0.3909488834906788,0.6090511165093212
1,1,0.3354708837351311,0.6645291162648689
1,1,0.3622500925305263,0.6377499074694737
0,1,0.3662788193967339,0.6337211806032661
1,1,0.33801965954977264,0.6619803404502274
1,1,0.3606696285657466,0.6393303714342534
1,1,0.35002013336524096,0.649979866634759
1,1,0.3726048289246886,0.6273951710753114
1,1,0.37094799757994734,0.6290520024200527
0,1,0.35059069255752273,0.6494093074424773
0,1,0.3539512205420249,0.6460487794579751
1,1,0.35869932554994877,0.6413006744500512
0,1,0.32573921754607593,0.6742607824539241
1,1,0.3568664897638034,0.6431335102361966
1,1,0.3663119372748005,0.6336880627251995
1,1,0.3661694254403983,0.6338305745596017
1,1,0.3465397192252927,0.6534602807747073
1,1,0.37624010752681447,0.6237598924731855
1,1,0.36890317702912157,0.6310968229708784
0,1,0.35994804327703833,0.6400519567229617
0,1,0.35940213611727634,0.6405978638827237
1,1,0.35222357372684177,0.6477764262731582
1,1,0.33823170437367844,0.6617682956263216
1,1,0.3583009160232191,0.6416990839767809
1,1,0.3242753322882862,0.6757246677117138
0,1,0.3408407398006119,0.6591592601993881
0,1,0.3150502812576277,0.6849497187423723
0,1,0.377999421240113,0.622000578759887
1,1,0.35481257756707807,0.6451874224329219
1,1,0.36442837537902906,0.6355716246209709
1,1,0.35032824748274427,0.6496717525172557
0,1,0.3341247200790942,0.6658752799209058
1,1,0.3506908820453878,0.6493091179546122
1,1,0.35595978830634234,0.6440402116936577
1,1,0.36384640192346374,0.6361535980765363
1,1,0.3392394002739707,0.6607605997260293
1,1,0.34345410453567915,0.6565458954643209
1,1,0.39335425605420615,0.6066457439457938
1,1,0.388352067024489,0.611647932975511
1,1,0.37791584274837453,0.6220841572516255
1,1,0.3674855088222043,0.6325144911777957
0,1,0.34711368336623616,0.6528863166337638
1,1,0.3644952120608934,0.6355047879391066
1,1,0.35624127210660617,0.6437587278933938
1,1,0.3244938302553352,0.6755061697446648
1,1,0.36153843669345076,0.6384615633065492
1,1,0.3586241038052601,0.6413758961947399
0,1,0.3780985118287524,0.6219014881712476
1,1,0.35263935910009914,0.6473606408999009
1,1,0.3686660228828641,0.6313339771171359
0,1,0.33622518996131523,0.6637748100386848
0,1,0.35368229065065215,0.6463177093493478
1,1,0.3544602346188037,0.6455397653811963
0,1,0.3685860428754103,0.6314139571245897
1,1,0.36951857122168985,0.6304814287783101
1,1,0.34251028992609267,0.6574897100739073
1,1,0.33709702928228524,0.6629029707177148
1,1,0.3993657854130571,0.6006342145869429
0,1,0.3796126988788804,0.6203873011211196
0,1,0.34301313544767487,0.6569868645523251
1,1,0.3644812669179103,0.6355187330820897
1,1,0.3629002648484021,0.6370997351515979
0,1,0.34610239647206786,0.6538976035279321
1,1,0.3401498193942789,0.6598501806057211
1,1,0.3604401527815093,0.6395598472184907
1,1,0.3553785130721411,0.6446214869278589
1,1,0.34090285660636455,0.6590971433936355
1,1,0.3757012145419121,0.6242987854580879
1,1,0.3275532883919384,0.6724467116080616
0,1,0.36957144596768077,0.6304285540323192
0,1,0.3559974832171936,0.6440025167828064
1,1,0.3635865939358186,0.6364134060641814
1,1,0.3401439701876672,0.6598560298123328
1,1,0.3975022493688818,0.6024977506311182
1,1,0.3530625274057988,0.6469374725942012
1,1,0.3675809888601983,0.6324190111398017
1,1,0.3562156492048444,0.6437843507951556
1,1,0.3773760904703509,0.6226239095296491
1,1,0.3543259593606758,0.6456740406393242
0,1,0.3903801760440765,0.6096198239559235
1,1,0.33278204800896005,0.66721795199104
1,1,0.3217475360047799,0.6782524639952201
1,1,0.344301085227785,0.655698914772215
1,1,0.3663470783173467,0.6336529216826533
1,1,0.35250598311398174,0.6474940168860183
1,1,0.35114972459924976,0.6488502754007502
1,1,0.33557601036328133,0.6644239896367187
1,1,0.3427770923451883,0.6572229076548117
1,1,0.3616594195399996,0.6383405804600004
1,1,0.3337823614840284,0.6662176385159716
1,1,0.3720361332429647,0.6279638667570353
0,1,0.3630893201018812,0.6369106798981188
0,1,0.34766755581537656,0.6523324441846234
1,1,0.3823880720763668,0.6176119279236332
1,1,0.39956442076658516,0.6004355792334148
1,1,0.35549376468645555,0.6445062353135445
0,1,0.33820990759532144,0.6617900924046786
1,1,0.37456079577410184,0.6254392042258982
1,1,0.3717535533751468,0.6282464466248532
1,1,0.34159723559194755,0.6584027644080525
0,1,0.3509935472364506,0.6490064527635494
1,1,0.339498215243639,0.660501784756361
0,1,0.3584414273237483,0.6415585726762517
1,1,0.3586442636530135,0.6413557363469865
1,1,0.36788271079354606,0.6321172892064539
1,1,0.3790641050903447,0.6209358949096553
1,1,0.35423758285375284,0.6457624171462472
1,1,0.3693591711134805,0.6306408288865195
1,1,0.3700266812384114,0.6299733187615886
1,1,0.3529673542550661,0.6470326457449339
1,1,0.3477905357732668,0.6522094642267332
1,1,0.32437240243095045,0.6756275975690496
1,1,0.34447398617202263,0.6555260138279774
1,1,0.3243132569172569,0.6756867430827431
1,1,0.35872467889286097,0.641275321107139
1,1,0.3531427739221118,0.6468572260778882
1,1,0.3684781249276805,0.6315218750723195
1,1,0.3486625385496539,0.6513374614503461
1,1,0.32271166529598094,0.6772883347040191
0,1,0.34863387982577176,0.6513661201742282
1,1,0.3586861472557399,0.6413138527442601
1,1,0.3742521665279702,0.6257478334720298
0,1,0.3532271084650265,0.6467728915349735
1,1,0.3516871839977692,0.6483128160022308
1,1,0.3338160185011737,0.6661839814988263
1,1,0.3705801545929168,0.6294198454070832
1,1,0.35124125608071777,0.6487587439192822
1,1,0.3384537605194011,0.6615462394805989
0,1,0.3581191562871855,0.6418808437128145
0,1,0.36608434836553516,0.6339156516344648
1,1,0.3414221423453635,0.6585778576546365
1,1,0.3229832240548739,0.6770167759451261
1,1,0.36802178999838164,0.6319782100016184
1,1,0.3815388790187375,0.6184611209812625
0,1,0.3443315978797796,0.6556684021202204
0,1,0.34905697274756764,0.6509430272524324
1,1,0.39791641961198043,0.6020835803880196
1,1,0.36832062758489337,0.6316793724151066
1,1,0.3544771964691148,0.6455228035308852
1,1,0.3617672233642685,0.6382327766357315
0,1,0.33952717449670156,0.6604728255032984
1,1,0.32545165128709386,0.6745483487129061
0,1,0.3665856274995739,0.6334143725004261
0,1,0.3482910503598301,0.6517089496401699
1,1,0.31031643155074085,0.6896835684492592
1,1,0.3271704536957558,0.6728295463042442
1,1,0.37239992077535355,0.6276000792246464
1,1,0.36143958234823204,0.638560417651768
0,1,0.39754457129421694,0.6024554287057831
1,1,0.3570281252055334,0.6429718747944666
1,1,0.355494178462325,0.644505821537675
1,1,0.3685423087884988,0.6314576912115012
0,1,0.35584889599409286,0.6441511040059071
0,1,0.34403578029658477,0.6559642197034152
0,1,0.3255914859933269,0.6744085140066731
1,1,0.3353929084210684,0.6646070915789316
1,1,0.3514973398835718,0.6485026601164282
1,1,0.3641749187489235,0.6358250812510765
1,1,0.34320290869170356,0.6567970913082964
0,1,0.3258076545593338,0.6741923454406662
1,1,0.38636482195226074,0.6136351780477393
1,1,0.3697056753578666,0.6302943246421334
0,1,0.36405255484717136,0.6359474451528286
0,1,0.3577673696652667,0.6422326303347333
1,1,0.3945544890616337,0.6054455109383663
1,1,0.3572430322210708,0.6427569677789292
1,1,0.34665919892293984,0.6533408010770602
0,1,0.357300904970703,0.642699095029297
0,1,0.34313598088013353,0.6568640191198665
1,1,0.3630645645199593,0.6369354354800407
1,1,0.370487483100042,0.629512516899958
0,1,0.3616520192407984,0.6383479807592016
1,1,0.3387155063830686,0.6612844936169314
1,1,0.35408909965652335,0.6459109003434766
1,1,0.35614419529048247,0.6438558047095175
1,1,0.3858630759172109,0.6141369240827891
1,1,0.3710172529160358,0.6289827470839642
1,1,0.35031962189361865,0.6496803781063814
1,1,0.3388174118927739,0.6611825881072261
1,1,0.3669283903001809,0.6330716096998191
1,1,0.37346182433603925,0.6265381756639608
1,1,0.35533440353340084,0.6446655964665992
0,1,0.35195342800995677,0.6480465719900432
1,1,0.37810548486274764,0.6218945151372524
0,1,0.32644541857479425,0.6735545814252057
1,1,0.3626712257940562,0.6373287742059438
1,1,0.36403786851497166,0.6359621314850283
1,1,0.33825703589577993,0.6617429641042201
0,1,0.35057969736605654,0.6494203026339435
0,1,0.3445547058203592,0.6554452941796408
0,1,0.3489237313926421,0.6510762686073579
0,1,0.3629697014222456,0.6370302985777544
1,1,0.36101216470780984,0.6389878352921902
0,1,0.3295482492622045,0.6704517507377955
0,1,0.3307842250918609,0.6692157749081391
0,1,0.3711207052524772,0.6288792947475228
1,1,0.36408020132992713,0.6359197986700729
1,1,0.3550766975569145,0.6449233024430855
0,1,0.3597369911257282,0.6402630088742718
1,1,0.35295480831870163,0.6470451916812984
0,1,0.35851330783581514,0.6414866921641849
1,1,0.3451281570387603,0.6548718429612397
1,1,0.35481454866697504,0.645185451333025
0,1,0.3380351061707807,0.6619648938292193
0,1,0.34375739416052953,0.6562426058394705
1,1,0.35128949403481313,0.6487105059651869
1,1,0.3663271354366936,0.6336728645633064
1,1,0.3644652184067273,0.6355347815932727
1,1,0.36453949001135444,0.6354605099886456
1,1,0.3675962364345734,0.6324037635654266
1,1,0.3705884975432072,0.6294115024567928
1,1,0.3726990604659538,0.6273009395340462
1,1,0.3798579255396832,0.6201420744603168
1,1,0.3749383104060324,0.6250616895939676
0,1,0.35340942921907803,0.646590570780922
1,1,0.33286296977836305,0.667137030221637
1,1,0.35842357393427526,0.6415764260657247
1,1,0.37010726118803217,0.6298927388119678
1,1,0.38014031002998927,0.6198596899700107
0,1,0.32370582560376515,0.6762941743962348
0,1,0.3339620054567405,0.6660379945432595
0,1,0.3642549005825344,0.6357450994174656
1,1,0.3317902578181253,0.6682097421818747
1,1,0.3426357098349513,0.6573642901650487
1,1,0.30095982994537807,0.6990401700546219
1,1,0.3692450079550641,0.6307549920449359
0,1,0.3558580397290013,0.6441419602709987
1,1,0.3447071156458916,0.6552928843541084
1,1,0.32807598227337387,0.6719240177266261
1,1,0.3558332766026854,0.6441667233973146
0,1,0.3355715319580682,0.6644284680419318
1,1,0.33484758754672084,0.6651524124532792
1,1,0.3161705721188762,0.6838294278811238
1,1,0.3544488565420221,0.6455511434579779
0,1,0.3138725376249095,0.6861274623750905
1,1,0.3751881023148149,0.6248118976851851
1,1,0.3394734170942231,0.6605265829057769
1,1,0.357196647648124,0.642803352351876
1,1,0.34929286319614095,0.650707136803859
1,1,0.3719293705827683,0.6280706294172317
1,1,0.37643673209564465,0.6235632679043553
1,1,0.4040967998381574,0.5959032001618426
1,1,0.34889939638133116,0.6511006036186688
1,1,0.3326688453416038,0.6673311546583962
1,1,0.37201605963927686,0.6279839403607231
1,1,0.3435556813833457,0.6564443186166543
0,1,0.36711696579356323,0.6328830342064368
1,1,0.37575613493844806,0.6242438650615519
0,1,0.3602854371798101,0.6397145628201899
0,1,0.32659289580383144,0.6734071041961686
1,1,0.341146102559018,0.658853897440982
1,1,0.3554282157994617,0.6445717842005383
0,1,0.3678575053350849,0.6321424946649151
1,1,0.34918283940636186,0.6508171605936381
0,1,0.3529410268046208,0.6470589731953792
1,1,0.3489483257634166,0.6510516742365834
1,1,0.32435449914463177,0.6756455008553682
1,1,0.3662246542349782,0.6337753457650218
1,1,0.3545351717098716,0.6454648282901284
1,1,0.34683494139440896,0.653165058605591
1,1,0.36762453312059873,0.6323754668794013
1,1,0.36223174238669065,0.6377682576133094
1,1,0.33960043458851696,0.660399565411483
1,1,0.3597140417172221,0.6402859582827779
1,1,0.3687819627200918,0.6312180372799082
1,1,0.3689705851055276,0.6310294148944724
1,1,0.3138951048975478,0.6861048951024522
0,1,0.34934986957908065,0.6506501304209193
1,1,0.3721636719493302,0.6278363280506698
1,1,0.3729902967580442,0.6270097032419558
0,1,0.3476520948832844,0.6523479051167156
0,1,0.3327086867435768,0.6672913132564232
1,1,0.38090161416872725,0.6190983858312727
1,1,0.3667085482218,0.6332914517782
1,1,0.32725933144042607,0.6727406685595739
1,1,0.3586744849370873,0.6413255150629127
1,1,0.34991352685111465,0.6500864731488853
1,1,0.329408790728288,0.670591209271712
1,1,0.35596746006099766,0.6440325399390023
0,1,0.3172034361259807,0.6827965638740193
1,1,0.3622455694836064,0.6377544305163936
1,1,0.33582710323539455,0.6641728967646054
0,1,0.35293089381082565,0.6470691061891743
1,1,0.38346376153039974,0.6165362384696003
1,1,0.3535554270911291,0.6464445729088709
1,1,0.35896815121573955,0.6410318487842604
1,1,0.3547973663829579,0.6452026336170421
0,1,0.3136933902569222,0.6863066097430778
0,1,0.40404821614094744,0.5959517838590526
0,1,0.38772287562938823,0.6122771243706118
1,1,0.32987025734652176,0.6701297426534782
1,1,0.3440351768558393,0.6559648231441607
0,1,0.3190294263184936,0.6809705736815064
1,1,0.330807252746232,0.669192747253768
0,1,0.3441302729830853,0.6558697270169147
1,1,0.34633042250454327,0.6536695774954567
0,1,0.3782978593841929,0.6217021406158071
1,1,0.3548333125503772,0.6451666874496228
1,1,0.3688585874975192,0.6311414125024808
0,1,0.3677548384978262,0.6322451615021738
0,1,0.35356127188029807,0.6464387281197019
0,1,0.3710669938386518,0.6289330061613482
1,1,0.3433134226058867,0.6566865773941133
1,1,0.35820609885003984,0.6417939011499602
1,1,0.3888742650031395,0.6111257349968605
0,1,0.3651715784405407,0.6348284215594593
1,1,0.354628618970372,0.645371381029628
1,1,0.3590870891257979,0.6409129108742021
1,1,0.42233322776707094,0.5776667722329291
0,1,0.40212433015376325,0.5978756698462367
0,1,0.36337213226835163,0.6366278677316484
1,1,0.35329303849961813,0.6467069615003819
1,1,0.35984166613147783,0.6401583338685222
0,1,0.3580854039754289,0.6419145960245711
1,1,0.35699736316911335,0.6430026368308867
0,1,0.37117298667046505,0.628827013329535
0,1,0.36976947645083735,0.6302305235491626
1,1,0.3620927266644737,0.6379072733355263
0,1,0.35685701896479693,0.6431429810352031
1,1,0.3672102576240629,0.6327897423759371
1,1,0.36286813070619495,0.637131869293805
1,1,0.33738858644822234,0.6626114135517777
0,1,0.35552221911557935,0.6444777808844206
0,1,0.3463663303773806,0.6536336696226194
1,1,0.35907247125213027,0.6409275287478697
1,1,0.3288805198068212,0.6711194801931788
0,1,0.3272342390153208,0.6727657609846792
0,1,0.3585994916707316,0.6414005083292684
1,1,0.31909738857877445,0.6809026114212255
1,1,0.3899360180230702,0.6100639819769298
1,1,0.3684226697145311,0.6315773302854689
1,1,0.3538048354705824,0.6461951645294176
1,1,0.3561417034991783,0.6438582965008217
1,1,0.38086916607084764,0.6191308339291524
1,1,0.34323419181051307,0.6567658081894869
0,1,0.35903962307004067,0.6409603769299593
0,1,0.3380821120405022,0.6619178879594978
0,1,0.37127295538092164,0.6287270446190784
1,1,0.3843727062366533,0.6156272937633467
1,1,0.34555991606530445,0.6544400839346955
1,1,0.3595228425292466,0.6404771574707534
1,1,0.33923334857467413,0.6607666514253259
0,1,0.34387468088776263,0.6561253191122374
1,1,0.3730407560654002,0.6269592439345998
1,1,0.33746129092933164,0.6625387090706684
0,1,0.35169642028811743,0.6483035797118826
0,1,0.36368951444546704,0.636310485554533
0,1,0.34813150652053415,0.6518684934794658
1,1,0.3789524299084811,0.6210475700915189
1,1,0.34688687541037033,0.6531131245896297
1,1,0.36412471787931866,0.6358752821206813
1,1,0.361105483029701,0.638894516970299
1,1,0.3658749387382446,0.6341250612617554
1,1,0.38945387027491796,0.610546129725082
0,1,0.3573385541566546,0.6426614458433454
0,1,0.3482496939486076,0.6517503060513924
0,1,0.3764246978543383,0.6235753021456617
0,1,0.3551518378639742,0.6448481621360258
1,1,0.40179549945012616,0.5982045005498738
0,1,0.3938281496898851,0.6061718503101149
1,1,0.35910690569405945,0.6408930943059405
1,1,0.3778619579383631,0.6221380420616369
0,1,0.3556942927351001,0.6443057072648999
1,1,0.3733549835513721,0.6266450164486279
0,1,0.36000530857288293,0.6399946914271171
0,1,0.37289915411991714,0.6271008458800829
1,1,0.38681701303469407,0.6131829869653059
0,1,0.37649827185209184,0.6235017281479082
1,1,0.35359796323777426,0.6464020367622257
0,1,0.337536186249081,0.662463813750919
1,1,0.37903264019230587,0.6209673598076941
1,1,0.38283698874970973,0.6171630112502903
1,1,0.3382755691166073,0.6617244308833927
1,1,0.3648080583768799,0.6351919416231201
0,1,0.35375347582994787,0.6462465241700521
1,1,0.37848990758103673,0.6215100924189633
1,1,0.3476798873563456,0.6523201126436544
1,1,0.37813735111164926,0.6218626488883507
1,1,0.3384913614027081,0.6615086385972919
0,1,0.35529536563941366,0.6447046343605863
0,1,0.36384123533483637,0.6361587646651636
0,1,0.3849245289951957,0.6150754710048043
1,1,0.34894873580093577,0.6510512641990642
0,1,0.3537776859344147,0.6462223140655853
1,1,0.3289486901622497,0.6710513098377503
1,1,0.3112323301689661,0.6887676698310339
1,1,0.3006259265730885,0.6993740734269115
1,1,0.3472560934979183,0.6527439065020817
1,1,0.3569586630123429,0.6430413369876571
1,1,0.32252969228715134,0.6774703077128487
1,1,0.3875456474766432,0.6124543525233568
0,1,0.33661952907806514,0.6633804709219349
0,1,0.3377689420687433,0.6622310579312567
0,1,0.40390336404557237,0.5960966359544276
0,1,0.3440829034411773,0.6559170965588227
1,1,0.383257719100738,0.616742280899262
1,1,0.3623224552468993,0.6376775447531007
0,1,0.3106353088806443,0.6893646911193557
0,1,0.33971729143285234,0.6602827085671477
0,1,0.3560843676768781,0.6439156323231219
1,1,0.36876355478244816,0.6312364452175518
0,1,0.35028773760415066,0.6497122623958493
0,1,0.3401594627410436,0.6598405372589564
0,1,0.3619617780964084,0.6380382219035916
1,1,0.3361350359386326,0.6638649640613674
1,1,0.34658707376537223,0.6534129262346278
1,1,0.3535325974850617,0.6464674025149383
1,1,0.3577095971336275,0.6422904028663725
0,1,0.3481178367400236,0.6518821632599764
1,1,0.35179544408279095,0.648204555917209
1,1,0.3680034359633769,0.6319965640366231
0,1,0.37068014104974634,0.6293198589502537
1,1,0.35514854258146455,0.6448514574185354
1,1,0.38046952718493143,0.6195304728150686
1,1,0.34810568149837007,0.6518943185016299
1,1,0.3760827526141922,0.6239172473858078
1,1,0.34438599193749886,0.6556140080625011
1,1,0.33501763142207586,0.6649823685779241
0,1,0.37918828374246305,0.620811716257537
1,1,0.34557142496193205,0.654428575038068
1,1,0.35879838144954546,0.6412016185504545
0,1,0.3447367963853488,0.6552632036146512
1,1,0.3590216675456125,0.6409783324543875
1,1,0.36823168260993366,0.6317683173900663
0,1,0.3391242666833535,0.6608757333166465
1,1,0.36657973487745776,0.6334202651225422
0,1,0.36044298433675837,0.6395570156632416
1,1,0.36181488002969553,0.6381851199703045
0,1,0.34733989508068697,0.652660104919313
1,1,0.35066544015144074,0.6493345598485593
0,1,0.35109289501533847,0.6489071049846615
0,1,0.3918109938108153,0.6081890061891847
1,1,0.3571053752823129,0.6428946247176871
1,1,0.3699620074149135,0.6300379925850865
1,1,0.32353160561822636,0.6764683943817736
0,1,0.35367387726092314,0.6463261227390769
0,1,0.3613223472649474,0.6386776527350526
1,1,0.3521559871434782,0.6478440128565218
1,1,0.3677024649327276,0.6322975350672724
1,1,0.37438156445690496,0.625618435543095
1,1,0.3653200635451972,0.6346799364548028
1,1,0.3595030232818459,0.6404969767181541
0,1,0.3631248827334317,0.6368751172665683
0,1,0.3790418804437945,0.6209581195562055
1,1,0.37566750735577936,0.6243324926442206
0,1,0.36784117302696573,0.6321588269730343
0,1,0.3681548892054006,0.6318451107945994
0,1,0.3949470801898972,0.6050529198101028
0,1,0.36072297864240743,0.6392770213575926
1,1,0.3500441251675671,0.6499558748324329
1,1,0.3495391293835336,0.6504608706164664
1,1,0.35342579619163095,0.646574203808369
0,1,0.39636907330929283,0.6036309266907072
1,1,0.32560878226631496,0.674391217733685
0,1,0.3700394354353421,0.6299605645646579
0,1,0.33975366474874047,0.6602463352512595
1,1,0.35981245391593253,0.6401875460840675
0,1,0.3700490028015123,0.6299509971984877
1,1,0.34074956259705,0.65925043740295
1,1,0.37818033467335177,0.6218196653266482
0,1,0.3303696725854883,0.6696303274145117
1,1,0.3346510416040339,0.6653489583959661
1,1,0.3380575676696389,0.6619424323303611
1,1,0.3633176948873501,0.6366823051126499
0,1,0.3748563473158403,0.6251436526841597
1,1,0.3547181773018222,0.6452818226981778
1,1,0.37707444563179504,0.622925554368205
1,1,0.361815862162999,0.638184137837001
1,1,0.36913404603228694,0.6308659539677131
0,1,0.3509518725999641,0.6490481274000359
1,1,0.3960963000877735,0.6039036999122265
1,1,0.35689545283164903,0.643104547168351
1,1,0.34672515291231176,0.6532748470876882
0,1,0.35124062453871263,0.6487593754612874
0,1,0.35909024811733514,0.6409097518826649
0,1,0.34094897343703745,0.6590510265629625
0,1,0.31292788285733997,0.68707211714266
0,1,0.3746971734307706,0.6253028265692294
1,1,0.37762124853623136,0.6223787514637686
1,1,0.3695890989038181,0.6304109010961819
1,1,0.34649983480332225,0.6535001651966778
1,1,0.35062186899603354,0.6493781310039665
1,1,0.3682238593801872,0.6317761406198128
0,1,0.33811243766542576,0.6618875623345742
1,1,0.32767593172684195,0.672324068273158
0,1,0.3589173117543256,0.6410826882456744
1,1,0.36568955199683795,0.634310448003162
0,1,0.3100753019561251,0.6899246980438749
1,1,0.3652613532541632,0.6347386467458368
1,1,0.3416523758881098,0.6583476241118902
1,1,0.3653092809133113,0.6346907190866887
1,1,0.3290376014364834,0.6709623985635166
1,1,0.37030050756090227,0.6296994924390977
1,1,0.3575963997131576,0.6424036002868424
0,1,0.3315649860131906,0.6684350139868094
0,1,0.3471192355629077,0.6528807644370923
1,1,0.35198202652415345,0.6480179734758466
1,1,0.3845215754072451,0.6154784245927549
1,1,0.3719013788422926,0.6280986211577074
0,1,0.3725036397738303,0.6274963602261697
1,1,0.3600744246174643,0.6399255753825357
1,1,0.3416247157248713,0.6583752842751287
0,1,0.3394331375504276,0.6605668624495724
0,1,0.3456758928706133,0.6543241071293867
0,1,0.36444468206574654,0.6355553179342535
1,1,0.36252668247764497,0.637473317522355
0,1,0.34934185100357296,0.650658148996427
1,1,0.35346069413934467,0.6465393058606553
1,1,0.35098746177718954,0.6490125382228105
1,1,0.34351947060954924,0.6564805293904508
1,1,0.35746374146502324,0.6425362585349768
1,1,0.3503800182521871,0.6496199817478129
1,1,0.36557642577057314,0.6344235742294269
0,1,0.33193496646412324,0.6680650335358768
1,1,0.33060496257279515,0.6693950374272049
1,1,0.3727013337069357,0.6272986662930643
1,1,0.35442188642592654,0.6455781135740735
1,1,0.33504149423706886,0.6649585057629311
1,1,0.3501702294790383,0.6498297705209617
1,1,0.34433343590744747,0.6556665640925525
0,1,0.37185264623192715,0.6281473537680728
1,1,0.3488330482080645,0.6511669517919355
0,1,0.3486477664499611,0.6513522335500389
1,1,0.34611323527766313,0.6538867647223369
1,1,0.39559063679675144,0.6044093632032486
0,1,0.3526510093549743,0.6473489906450257
1,1,0.33335438152056296,0.666645618479437
0,1,0.3600076853968016,0.6399923146031984
0,1,0.3448851150021244,0.6551148849978756
1,1,0.40520580734329603,0.594794192656704
1,1,0.3600272808595397,0.6399727191404603
0,1,0.3476608936403286,0.6523391063596714
1,1,0.3725127711763927,0.6274872288236073
0,1,0.36395720544367016,0.6360427945563298
1,1,0.40273443971179423,0.5972655602882058
1,1,0.36785247145542455,0.6321475285445755
1,1,0.34741495287060353,0.6525850471293965
1,1,0.3547963011640859,0.6452036988359141
0,1,0.35396404933930103,0.646035950660699
1,1,0.35219382902306084,0.6478061709769392
1,1,0.3238821972451511,0.6761178027548489
1,1,0.3798815283611364,0.6201184716388636
1,1,0.36545857630050627,0.6345414236994937
1,1,0.36021571908025396,0.639784280919746
1,1,0.42714743268724353,0.5728525673127565
1,1,0.3605195384932157,0.6394804615067843
1,1,0.3772914532402317,0.6227085467597683
1,1,0.3202274978615992,0.6797725021384008
1,1,0.3614650797154201,0.6385349202845799
1,1,0.3756954555617473,0.6243045444382527
1,1,0.363946878564398,0.636053121435602
1,1,0.337626089156427,0.662373910843573
1,1,0.3408046837041079,0.6591953162958921
1,1,0.3367292116624606,0.6632707883375394
1,1,0.3433928271474407,0.6566071728525593
1,1,0.37022714003757595,0.629772859962424
1,1,0.3464144044706561,0.6535855955293439
1,1,0.3425958960010832,0.6574041039989168
0,1,0.37573012022149044,0.6242698797785096
1,1,0.3653590526099071,0.6346409473900929
1,1,0.3522894563568224,0.6477105436431776
0,1,0.3447883512180344,0.6552116487819656
0,1,0.36263541897988705,0.637364581020113
1,1,0.37615023987427865,0.6238497601257214
0,1,0.3412455104911778,0.6587544895088222
1,1,0.34039189836317707,0.6596081016368229
0,1,0.3529528999402177,0.6470471000597823
1,1,0.3499688883470121,0.6500311116529879
0,1,0.37016483561910374,0.6298351643808963
1,1,0.35547532778723023,0.6445246722127698
0,1,0.35640316399941063,0.6435968360005894
1,1,0.3532987352157698,0.6467012647842302
1,1,0.36439107969656226,0.6356089203034377
1,1,0.3461592599691642,0.6538407400308358
1,1,0.35457352530432573,0.6454264746956743
0,1,0.33280767409898937,0.6671923259010106
1,1,0.37730169122975366,0.6226983087702463
0,1,0.37811287224954093,0.6218871277504591
0,1,0.3875211391160519,0.6124788608839481
1,1,0.3755298492082103,0.6244701507917897
1,1,0.35557584797733255,0.6444241520226675
1,1,0.35333024717555306,0.6466697528244469
1,1,0.33404646108423164,0.6659535389157684
0,1,0.3335992237887405,0.6664007762112595
0,1,0.36583148253913433,0.6341685174608657
1,1,0.3521887627404209,0.6478112372595791
1,1,0.34931976206293525,0.6506802379370648
1,1,0.335645369869515,0.664354630130485
0,1,0.37398027924552013,0.6260197207544799
0,1,0.3263387353457571,0.6736612646542429
0,1,0.35533822968527606,0.6446617703147239
0,1,0.36022910119160045,0.6397708988083995
1,1,0.34598844385296146,0.6540115561470385
1,1,0.3567985527168228,0.6432014472831772
0,1,0.3477883942390332,0.6522116057609668
0,1,0.3552592994625867,0.6447407005374133
1,1,0.3853742302749693,0.6146257697250307
1,1,0.3855007165523342,0.6144992834476658
1,1,0.3605493722330293,0.6394506277669707
0,1,0.3685777856404342,0.6314222143595658
1,1,0.37423333899188616,0.6257666610081138
1,1,0.3284044510877939,0.6715955489122061
1,1,0.3735992510760804,0.6264007489239196
0,1,0.3971990245148901,0.6028009754851099
1,1,0.3582900026980187,0.6417099973019813
1,1,0.3256574107508907,0.6743425892491093
0,1,0.33657686547107246,0.6634231345289275
1,1,0.34618648274822794,0.6538135172517721
1,1,0.3324527346823296,0.6675472653176704
1,1,0.3582343505391842,0.6417656494608158
0,1,0.36848689354169817,0.6315131064583018
1,1,0.3963048412126289,0.6036951587873711
0,1,0.35962815947934856,0.6403718405206514
0,1,0.3587450138874334,0.6412549861125666
0,1,0.3490517416547787,0.6509482583452213
0,1,0.40870876417693314,0.5912912358230669
1,1,0.39153745427213904,0.608462545727861
1,1,0.36132023277126935,0.6386797672287307
1,1,0.3455790177920264,0.6544209822079736
1,1,0.3372395416804207,0.6627604583195793
1,1,0.3344966348207301,0.6655033651792699
1,1,0.3380640814027328,0.6619359185972672
0,1,0.3464425959985654,0.6535574040014346
0,1,0.3792149787953758,0.6207850212046242
1,1,0.37205301131988866,0.6279469886801113
0,1,0.3786267428341187,0.6213732571658813
1,1,0.3397432220436196,0.6602567779563804
1,1,0.319441678585891,0.680558321414109
1,1,0.33808547073775863,0.6619145292622414
1,1,0.35934452799732686,0.6406554720026731
1,1,0.3451947355873005,0.6548052644126995
1,1,0.33212584128690026,0.6678741587130997
1,1,0.35687679610858625,0.6431232038914138
1,1,0.369303521618512,0.630696478381488
1,1,0.3653531933612607,0.6346468066387393
1,1,0.3454630235871309,0.6545369764128691
1,1,0.35590214839727996,0.64409785160272
1,1,0.3330587645117492,0.6669412354882508
1,1,0.3643387658074352,0.6356612341925648
1,1,0.362431664668294,0.637568335331706
0,1,0.3429444562721784,0.6570555437278216
0,1,0.37022398481996643,0.6297760151800336
1,1,0.3759499143381617,0.6240500856618383
1,1,0.3365434836999872,0.6634565163000128
1,1,0.31925373060377726,0.6807462693962227
1,1,0.3277429377457407,0.6722570622542593
1,1,0.379806388313888,0.620193611686112
1,1,0.3588425335734803,0.6411574664265197
0,1,0.3413761162503276,0.6586238837496724
1,1,0.3573205398886332,0.6426794601113668
0,1,0.39416298035687836,0.6058370196431216
0,1,0.3316915798878456,0.6683084201121544
1,1,0.3650014425686474,0.6349985574313526
1,1,0.36538621890445067,0.6346137810955493
1,1,0.38071287775294993,0.6192871222470501
1,1,0.34789718929693125,0.6521028107030687
1,1,0.34555889556586517,0.6544411044341348
1,1,0.3635355672537297,0.6364644327462703
0,1,0.34617347105838225,0.6538265289416177
1,1,0.3578790524335753,0.6421209475664247
0,1,0.3739823099783498,0.6260176900216502
1,1,0.3540589107861435,0.6459410892138565
0,1,0.36022574580076616,0.6397742541992338
0,1,0.34691556114570576,0.6530844388542942
1,1,0.38503563293983134,0.6149643670601687
1,1,0.3698184967087139,0.6301815032912861
1,1,0.41518643830999014,0.5848135616900099
0,1,0.36232416541078005,0.63767583458922
0,1,0.34237844462100453,0.6576215553789955
1,1,0.3714826644371636,0.6285173355628364
1,1,0.3567305147308477,0.6432694852691523
1,1,0.3491677680453972,0.6508322319546028
1,1,0.35723608849436717,0.6427639115056328
1,1,0.3709551703825664,0.6290448296174336
1,1,0.35506301665914775,0.6449369833408523
1,1,0.3602553239004068,0.6397446760995932
0,1,0.34354873373141426,0.6564512662685857
0,1,0.3541463795919674,0.6458536204080326
1,1,0.3467176632360607,0.6532823367639393
1,1,0.35805358173239565,0.6419464182676043
1,1,0.3571561142920818,0.6428438857079182
0,1,0.35639551706046846,0.6436044829395315
1,1,0.3344717777236167,0.6655282222763833
1,1,0.3651169223117444,0.6348830776882556
1,1,0.38114008890092566,0.6188599110990743
0,1,0.3692650074437219,0.6307349925562781
1,1,0.38458220254662046,0.6154177974533795
0,1,0.36480887501113346,0.6351911249888665
1,1,0.3544339696013543,0.6455660303986457
1,1,0.36957400057695977,0.6304259994230402
0,1,0.3600827865294941,0.6399172134705059
1,1,0.3749234382692628,0.6250765617307372
0,1,0.36111002402865255,0.6388899759713474
1,1,0.30812956663131463,0.6918704333686854
1,1,0.29016425169676285,0.7098357483032371
0,1,0.350071491043614,0.649928508956386
1,1,0.3898755725625469,0.6101244274374531
0,1,0.33896066748196696,0.661039332518033
1,1,0.38510117565138624,0.6148988243486138
1,1,0.36668827071849985,0.6333117292815001
0,1,0.36044045137022496,0.639559548629775
0,1,0.35321673998371406,0.6467832600162859
1,1,0.3350447273476632,0.6649552726523368
1,1,0.35963975998022846,0.6403602400197715
0,1,0.37481248064176564,0.6251875193582344
1,1,0.33474389154252837,0.6652561084574716
0,1,0.34281242268619627,0.6571875773138037
1,1,0.35912383599929565,0.6408761640007044
1,1,0.3745336495320345,0.6254663504679655
0,1,0.35243109894768954,0.6475689010523105
1,1,0.3494960911848457,0.6505039088151543
1,1,0.34414877903798324,0.6558512209620168
0,1,0.3483698850557603,0.6516301149442397
1,1,0.39307946577819897,0.606920534221801
1,1,0.39613817729562517,0.6038618227043748
0,1,0.3559467535157921,0.6440532464842079
1,1,0.3538516872559929,0.6461483127440071
1,1,0.3787133756748793,0.6212866243251207
1,1,0.35833034859177126,0.6416696514082287
1,1,0.3114144590542838,0.6885855409457162
1,1,0.3672944605645807,0.6327055394354193
0,1,0.3658854575792396,0.6341145424207604
1,1,0.38119692763738844,0.6188030723626116
1,1,0.33536373070409975,0.6646362692959003
1,1,0.3657411713390627,0.6342588286609373
0,1,0.3627992109077435,0.6372007890922565
0,1,0.3537582204235107,0.6462417795764893
1,1,0.36322003520271784,0.6367799647972822
0,1,0.33996741618711557,0.6600325838128844
1,1,0.34206827876946055,0.6579317212305394
0,1,0.3676757271797739,0.6323242728202261
1,1,0.3431109627482716,0.6568890372517284
1,1,0.38430489498390674,0.6156951050160933
0,1,0.3393374511447509,0.6606625488552491
0,1,0.3453816859578963,0.6546183140421037
0,1,0.3480713235119447,0.6519286764880553
1,1,0.3537597062433152,0.6462402937566848
1,1,0.37487219017867646,0.6251278098213235
0,1,0.3553915534460551,0.6446084465539449
0,1,0.3198714955099856,0.6801285044900144
1,1,0.3429710847898926,0.6570289152101074
1,1,0.3512707574822149,0.6487292425177851
1,1,0.3908403967322909,0.6091596032677091
1,1,0.34308817921653656,0.6569118207834634
1,1,0.3300952039066243,0.6699047960933757
1,1,0.34865484172436667,0.6513451582756333
1,1,0.3664114330589465,0.6335885669410535
1,1,0.3627571400518287,0.6372428599481713
1,1,0.3486755118916183,0.6513244881083817
1,1,0.35864850217398125,0.6413514978260187
0,1,0.34753947588409495,0.652460524115905
1,1,0.3310028840624091,0.6689971159375909
1,1,0.34349191176329286,0.6565080882367071
0,1,0.35659819770050705,0.643401802299493
0,1,0.34890461130079187,0.6510953886992081
1,1,0.34404393011032985,0.6559560698896701
1,1,0.35502444043187154,0.6449755595681285
1,1,0.4110305297760747,0.5889694702239253
1,1,0.35875409931165214,0.6412459006883479
1,1,0.33855946915782176,0.6614405308421782
1,1,0.38500225166845103,0.614997748331549
0,1,0.363981417027904,0.636018582972096
1,1,0.3633457693372032,0.6366542306627968
1,1,0.356220076244941,0.643779923755059
1,1,0.3491734046147096,0.6508265953852904
1,1,0.3721691665582585,0.6278308334417415
1,1,0.3417018879640693,0.6582981120359307
1,1,0.36595881980558365,0.6340411801944164
1,1,0.3175991998786356,0.6824008001213644
1,1,0.35174251975782866,0.6482574802421713
1,1,0.3500235620909097,0.6499764379090903
1,1,0.3405298995412931,0.6594701004587069
1,1,0.33578072424176475,0.6642192757582353
1,1,0.345972663739219,0.654027336260781
1,1,0.3547532606750764,0.6452467393249236
1,1,0.3756363356797279,0.6243636643202721
1,1,0.34448372120910953,0.6555162787908905
1,1,0.36920383350655894,0.6307961664934411
1,1,0.3460242569742734,0.6539757430257266
1,1,0.35032816573781467,0.6496718342621853
0,1,0.3777015686754702,0.6222984313245298
0,1,0.33965544661366176,0.6603445533863382
1,1,0.34089587432085156,0.6591041256791484
1,1,0.3593744848249236,0.6406255151750764
1,1,0.3499095936686598,0.6500904063313402
0,1,0.34295107066675634,0.6570489293332437
1,1,0.34994154267990374,0.6500584573200963
0,1,0.3544376929813614,0.6455623070186386
0,1,0.3342667158863937,0.6657332841136063
0,1,0.36119509995179355,0.6388049000482064
0,1,0.3616246149415101,0.6383753850584899
0,1,0.3400775486042047,0.6599224513957953
1,1,0.3114267005191609,0.6885732994808391
0,1,0.33535436098520355,0.6646456390147965
1,1,0.3687462782050883,0.6312537217949117
0,1,0.3591574964889752,0.6408425035110248
0,1,0.3483815376192104,0.6516184623807896
1,1,0.37722201617021933,0.6227779838297807
0,1,0.3386662764114752,0.6613337235885248
1,1,0.34696927119870513,0.6530307288012949
1,1,0.3797227039956973,0.6202772960043027
0,1,0.3631877088136751,0.6368122911863249
0,1,0.3584701618763715,0.6415298381236285
1,1,0.35495729092663797,0.645042709073362
0,1,0.31990659289142587,0.6800934071085741
0,1,0.3516813308730884,0.6483186691269116
1,1,0.3506264160351873,0.6493735839648127
1,1,0.3683021902707171,0.6316978097292829
0,1,0.3560084370494653,0.6439915629505347
0,1,0.3539263633951315,0.6460736366048685
1,1,0.3600191711896342,0.6399808288103658
1,1,0.34607577785117627,0.6539242221488237
0,1,0.3307048667316441,0.6692951332683559
1,1,0.34325818381961903,0.656741816180381
1,1,0.36075529303471143,0.6392447069652886
0,1,0.3620838703689496,0.6379161296310504
0,1,0.332309179903739,0.667690820096261
1,1,0.37152091087173655,0.6284790891282634
0,1,0.35205360634394833,0.6479463936560517
0,1,0.34852803860466197,0.651471961395338
1,1,0.34931951170943654,0.6506804882905635
1,1,0.34804129219771685,0.6519587078022832
0,1,0.362230009020011,0.637769990979989
0,1,0.3758168954154856,0.6241831045845144
1,1,0.35677399429964696,0.643226005700353
1,1,0.3216408302379036,0.6783591697620964
1,1,0.3969944291692391,0.6030055708307609
1,1,0.384301164631924,0.615698835368076
1,1,0.36543560009216547,0.6345643999078345
0,1,0.4013474604208326,0.5986525395791674
0,1,0.3263304263356157,0.6736695736643843
1,1,0.3483604558087984,0.6516395441912016
1,1,0.33181877552639727,0.6681812244736027
1,1,0.34228114728033254,0.6577188527196675
0,1,0.3581980979032129,0.6418019020967871
1,1,0.34909729946262635,0.6509027005373736
0,1,0.35160582668665197,0.648394173313348
1,1,0.3423811055891056,0.6576188944108944
1,1,0.32332744451629036,0.6766725554837096
0,1,0.3709993176975236,0.6290006823024764
1,1,0.35293054839263716,0.6470694516073628
0,1,0.34133932935427846,0.6586606706457215
1,1,0.3374852500292469,0.6625147499707531
1,1,0.38210769702343983,0.6178923029765602
0,1,0.3405921305448415,0.6594078694551585
0,1,0.3355172497583224,0.6644827502416776
1,1,0.34186526577038456,0.6581347342296154
0,1,0.32736815072263237,0.6726318492773676
0,1,0.3889966894685428,0.6110033105314572
0,1,0.3696296142090907,0.6303703857909093
1,1,0.3559723267746693,0.6440276732253307
1,1,0.32964910820291804,0.670350891797082
1,1,0.3349283886753256,0.6650716113246744
1,1,0.37361073861696326,0.6263892613830367
0,1,0.34989024446660577,0.6501097555333942
1,1,0.33893773687465867,0.6610622631253413
0,1,0.36731294605094156,0.6326870539490584
1,1,0.3614328912393,0.6385671087607
1,1,0.3532160069704178,0.6467839930295822
1,1,0.3805349766225995,0.6194650233774005
0,1,0.3474185286036585,0.6525814713963415
1,1,0.3522078270215008,0.6477921729784992
0,1,0.3715780015362956,0.6284219984637044
1,1,0.35855604665589724,0.6414439533441028
1,1,0.3345277858832446,0.6654722141167554
1,1,0.33311992989467565,0.6668800701053244
1,1,0.35647485412292845,0.6435251458770715
1,1,0.36908121115573045,0.6309187888442696
1,1,0.36706380010759965,0.6329361998924004
0,1,0.35357148062207744,0.6464285193779226
1,1,0.3698094931702881,0.6301905068297119
0,1,0.3694711925031031,0.6305288074968969
1,1,0.3449492081572946,0.6550507918427054
1,1,0.35100532119754146,0.6489946788024585
1,1,0.3605695937324216,0.6394304062675784
0,1,0.3498433613286689,0.6501566386713311
0,1,0.3734743353197796,0.6265256646802204
1,1,0.3588868583593213,0.6411131416406787
1,1,0.35137891523448617,0.6486210847655138
1,1,0.34859627765218004,0.65140372234782
0,1,0.3837777372997112,0.6162222627002888
1,1,0.3197875391606829,0.6802124608393171
1,1,0.340495856897885,0.659504143102115
1,1,0.3776411437854317,0.6223588562145683
1,1,0.3632629513485991,0.6367370486514009
1,1,0.36120749017555387,0.6387925098244461
0,1,0.36455392742599946,0.6354460725740005
0,1,0.33001994960056547,0.6699800503994345
1,1,0.35581152235683555,0.6441884776431644
0,1,0.3772259803109044,0.6227740196890956
1,1,0.3209587362611942,0.6790412637388058
1,1,0.3524969194859252,0.6475030805140748
1,1,0.34218782754580246,0.6578121724541975
0,1,0.35049271941872495,0.649507280581275
1,1,0.3382259129949309,0.6617740870050691
0,1,0.3541226869280424,0.6458773130719576
0,1,0.33572084426078386,0.6642791557392161
0,1,0.35091919388058,0.64908080611942
1,1,0.376468536235936,0.623531463764064
0,1,0.3599428417592496,0.6400571582407504
1,1,0.35638216384723664,0.6436178361527634
0,1,0.3468898077148933,0.6531101922851067
0,1,0.3705522752230377,0.6294477247769623
0,1,0.3266846171036303,0.6733153828963697
1,1,0.3512461843764533,0.6487538156235467
1,1,0.3632120603235752,0.6367879396764248
1,1,0.33755037155017764,0.6624496284498224
1,1,0.37799354520540807,0.6220064547945919
1,1,0.36249681599289063,0.6375031840071094
1,1,0.36664999814152777,0.6333500018584722
0,1,0.38307257029296093,0.6169274297070391
1,1,0.3774560675526025,0.6225439324473975
1,1,0.37559660759295055,0.6244033924070495
1,1,0.3638427009130658,0.6361572990869342
1,1,0.35393687378661254,0.6460631262133875
0,1,0.3224754998036299,0.6775245001963701
1,1,0.35799460699488705,0.642005393005113
1,1,0.3494218886043432,0.6505781113956568
0,1,0.31148187491855306,0.6885181250814469
1,1,0.34248129660336446,0.6575187033966355
1,1,0.3374974235990156,0.6625025764009844
1,1,0.3609739513436484,0.6390260486563516
1,1,0.3641802159180064,0.6358197840819936
1,1,0.357863634684513,0.642136365315487
1,1,0.33780811297102187,0.6621918870289781
1,1,0.33844003068183337,0.6615599693181666
0,1,0.3331297105994716,0.6668702894005284
1,1,0.37628726760177234,0.6237127323982277
0,1,0.34841223603887683,0.6515877639611232
1,1,0.33440121435127734,0.6655987856487227
0,1,0.363466405414133,0.636533594585867
1,1,0.34127019259780644,0.6587298074021936
1,1,0.3629735365049488,0.6370264634950512
1,1,0.3583028210030814,0.6416971789969186
0,1,0.3627043053740524,0.6372956946259476
1,1,0.3224392831354974,0.6775607168645026
1,1,0.34548285445218585,0.6545171455478141
1,1,0.33396123474857864,0.6660387652514214
1,1,0.3705046871152513,0.6294953128847487
1,1,0.34990282534966755,0.6500971746503325
1,1,0.3767372514652332,0.6232627485347668
1,1,0.35607152264695696,0.643928477353043
0,1,0.313368327128429,0.686631672871571
1,1,0.35251810911002246,0.6474818908899775
0,1,0.3683591235342617,0.6316408764657383
1,1,0.34487359248632954,0.6551264075136705
0,1,0.35777222938326336,0.6422277706167366
1,1,0.3873141100678954,0.6126858899321046
1,1,0.39108183411692754,0.6089181658830725
0,1,0.35485060353995856,0.6451493964600414
1,1,0.35708149895809527,0.6429185010419047
1,1,0.3573914183844429,0.6426085816155571
0,1,0.3893341325010591,0.6106658674989409
0,1,0.34327083034996797,0.656729169650032
1,1,0.33466460508701057,0.6653353949129894
1,1,0.353547823266707,0.646452176733293
0,1,0.36808313580750096,0.631916864192499
1,1,0.334632401161451,0.665367598838549
1,1,0.36255888391397617,0.6374411160860238
1,1,0.3685409855159101,0.6314590144840899
0,1,0.34061796937465405,0.659382030625346
1,1,0.3695785843646552,0.6304214156353448
0,1,0.31050068845271916,0.6894993115472808
1,1,0.3561636452809466,0.6438363547190534
0,1,0.3246404266813674,0.6753595733186326
1,1,0.34943589382720885,0.6505641061727911
1,1,0.34591613429109236,0.6540838657089076
1,1,0.36679957183692613,0.6332004281630739
0,1,0.3391479038439119,0.6608520961560881
0,1,0.3710574981048236,0.6289425018951764
1,1,0.35987389355346777,0.6401261064465322
0,1,0.3328018811421415,0.6671981188578585
1,1,0.34195160906815647,0.6580483909318435
1,1,0.34880459089724525,0.6511954091027548
1,1,0.361103741727802,0.638896258272198
0,1,0.3633210618480085,0.6366789381519915
1,1,0.3689661721235218,0.6310338278764782
0,1,0.3646809844087796,0.6353190155912204
0,1,0.3544057809384773,0.6455942190615227
1,1,0.31284231167104737,0.6871576883289526
1,1,0.37044023013471805,0.629559769865282
1,1,0.31869544569608366,0.6813045543039163
1,1,0.3281158003053283,0.6718841996946717
1,1,0.3531861256595087,0.6468138743404913
1,1,0.37243097770898204,0.627569022291018
1,1,0.3480834637129394,0.6519165362870606
1,1,0.34885481586687905,0.651145184133121
1,1,0.33985090995417044,0.6601490900458296
1,1,0.3698892874023193,0.6301107125976807
0,1,0.36310349686767085,0.6368965031323292
1,1,0.3549758369924668,0.6450241630075332
0,1,0.38608174084401836,0.6139182591559816
1,1,0.326488100137051,0.673511899862949
1,1,0.3573979157381666,0.6426020842618334
1,1,0.35528375657853883,0.6447162434214612
0,1,0.3445410681961728,0.6554589318038272
1,1,0.3267223017437877,0.6732776982562123
1,1,0.36653666001904117,0.6334633399809588
0,1,0.3587110428856134,0.6412889571143866
0,1,0.3417733234571142,0.6582266765428858
1,1,0.3688865475981771,0.6311134524018229
1,1,0.32949168120240935,0.6705083187975907
0,1,0.34244360349910186,0.6575563965008981
1,1,0.3492548594138106,0.6507451405861894
1,1,0.33260507023673114,0.6673949297632689
1,1,0.3135976122755746,0.6864023877244254
0,1,0.37164854028862393,0.6283514597113761
0,1,0.34336957196247786,0.6566304280375221
0,1,0.3437896710104419,0.6562103289895581
1,1,0.3576519276518869,0.6423480723481131
1,1,0.3341403056294653,0.6658596943705347
1,1,0.3544589208212179,0.6455410791787821
0,1,0.34376059475645104,0.656239405243549
1,1,0.3340301671765492,0.6659698328234508
1,1,0.3559376905651983,0.6440623094348017
1,1,0.34837202353168095,0.651627976468319
0,1,0.38065356846222687,0.6193464315377731
0,1,0.36288468704412513,0.6371153129558749
1,1,0.35412801219092294,0.6458719878090771
1,1,0.3503374610353528,0.6496625389646472
1,1,0.3680281107693594,0.6319718892306406
1,1,0.3331804031682596,0.6668195968317404
1,1,0.38702079194344385,0.6129792080565561
0,1,0.3414579622493693,0.6585420377506307
1,1,0.3531221057018291,0.6468778942981709
0,1,0.3355710056220613,0.6644289943779387
1,1,0.39599944672298615,0.6040005532770139
1,1,0.3729935381971423,0.6270064618028577
0,1,0.3856253455501476,0.6143746544498524
1,1,0.36778672569473847,0.6322132743052615
1,1,0.3335202409923408,0.6664797590076592
1,1,0.35084724699988445,0.6491527530001155
1,1,0.3470708814215647,0.6529291185784353
1,1,0.3434318533301344,0.6565681466698656
0,1,0.3686436440915162,0.6313563559084838
1,1,0.3377704894519824,0.6622295105480176
1,1,0.36174338687640917,0.6382566131235908
1,1,0.39454151962097805,0.605458480379022
1,1,0.325227703341576,0.674772296658424
1,1,0.35372960257739516,0.6462703974226048
1,1,0.3475095206582003,0.6524904793417997
1,1,0.3502108005630795,0.6497891994369205
1,1,0.3433979721597663,0.6566020278402337
0,1,0.339969999238535,0.660030000761465
0,1,0.36492499411731427,0.6350750058826857
1,1,0.353216115068239,0.646783884931761
1,1,0.34839827679995483,0.6516017232000452
0,1,0.355297670758958,0.644702329241042
0,1,0.33371764179521024,0.6662823582047898
1,1,0.3532889255993703,0.6467110744006297
0,1,0.350367880655555,0.649632119344445
1,1,0.33216232086326214,0.6678376791367379
0,1,0.38068178552418563,0.6193182144758144
1,1,0.3412820002028212,0.6587179997971788
1,1,0.35022766470560607,0.6497723352943939
1,1,0.35111945187353066,0.6488805481264693
1,1,0.35192573698546104,0.648074263014539
1,1,0.3723574393757062,0.6276425606242938
1,1,0.3506890009407224,0.6493109990592776
1,1,0.35201215041741596,0.647987849582584
1,1,0.3364845446205793,0.6635154553794207
0,1,0.3395763927476385,0.6604236072523615
1,1,0.39691706231386237,0.6030829376861376
1,1,0.3443003469743372,0.6556996530256628
1,1,0.36102276507420095,0.638977234925799
0,1,0.3620528766401039,0.6379471233598961
1,1,0.3845885632592714,0.6154114367407286
1,1,0.35507799151384534,0.6449220084861547
1,1,0.34923671938940337,0.6507632806105966
0,1,0.36537700780906146,0.6346229921909385
1,1,0.3786840075694753,0.6213159924305247
0,1,0.3347446038076888,0.6652553961923112
0,1,0.35374091974777166,0.6462590802522283
0,1,0.35015009616671045,0.6498499038332896
1,1,0.35506416643522176,0.6449358335647782
1,1,0.35512954565072097,0.644870454349279
0,1,0.37095581092161756,0.6290441890783824
1,1,0.3679652629822787,0.6320347370177213
1,1,0.3845464936295663,0.6154535063704337
1,1,0.348538677119396,0.651461322880604
1,1,0.3442096446096513,0.6557903553903487
1,1,0.36288653402945004,0.63711346597055
0,1,0.3206124452755825,0.6793875547244175
1,1,0.32959663922065585,0.6704033607793441
0,1,0.31892769137621224,0.6810723086237878
0,1,0.3543721412589541,0.6456278587410459
0,1,0.36971076853202034,0.6302892314679797
0,1,0.3732211305339356,0.6267788694660644
1,1,0.34271755525461545,0.6572824447453846
1,1,0.363081551678357,0.636918448321643
0,1,0.36382790717242863,0.6361720928275714
1,1,0.33309642859021726,0.6669035714097827
1,1,0.374886163549518,0.625113836450482
1,1,0.3520598137991192,0.6479401862008808
1,1,0.3585491244207891,0.6414508755792109
1,1,0.39774689458392654,0.6022531054160735
1,1,0.3539440098179438,0.6460559901820562
1,1,0.3417288979023422,0.6582711020976578
1,1,0.34970400914114463,0.6502959908588554
1,1,0.3400825527847535,0.6599174472152465
1,1,0.37232965691397224,0.6276703430860278
1,1,0.372824294293735,0.627175705706265
0,1,0.3496687528571667,0.6503312471428333
1,1,0.33558135653060184,0.6644186434693982
0,1,0.3790060031576121,0.6209939968423879
1,1,0.3449946882205318,0.6550053117794682
1,1,0.3437523969480978,0.6562476030519022
1,1,0.36875015160794755,0.6312498483920524
1,1,0.38296609450437924,0.6170339054956208
1,1,0.34980181852461156,0.6501981814753884
1,1,0.3472752229335083,0.6527247770664917
1,1,0.35074599605315837,0.6492540039468416
1,1,0.3609783671352612,0.6390216328647388
1,1,0.4019262091777752,0.5980737908222248
1,1,0.3351271480153747,0.6648728519846253
1,1,0.3664151968028052,0.6335848031971948
1,1,0.38476344600634427,0.6152365539936557
1,1,0.3382213939195675,0.6617786060804325
1,1,0.3623401991853673,0.6376598008146327
1,1,0.30742571778456496,0.692574282215435
0,1,0.34913743316473544,0.6508625668352646
1,1,0.3338593099040815,0.6661406900959185
1,1,0.3477532959759886,0.6522467040240114
1,1,0.3784666159475595,0.6215333840524405
1,1,0.3610664083373929,0.6389335916626071
0,1,0.33643750466387046,0.6635624953361295
1,1,0.3348469801517142,0.6651530198482858
1,1,0.3357869636973825,0.6642130363026175
1,1,0.3431445318655669,0.6568554681344331
0,1,0.3313812985887381,0.6686187014112619
1,1,0.3269501442211503,0.6730498557788497
1,1,0.36943637499660353,0.6305636250033965
0,1,0.3382248173377663,0.6617751826622337
1,1,0.3414192993451358,0.6585807006548642
0,1,0.3911361594659968,0.6088638405340032
1,1,0.3386709520163407,0.6613290479836593
1,1,0.38375178408009636,0.6162482159199036
1,1,0.3615236640514551,0.6384763359485449
1,1,0.3681396637496249,0.6318603362503751
1,1,0.3490101269532123,0.6509898730467877
0,1,0.3569179809881179,0.6430820190118821
1,1,0.38108463238884793,0.6189153676111521
1,1,0.3186581173998936,0.6813418826001064
1,1,0.3840017249591191,0.6159982750408809
0,1,0.3534264624980443,0.6465735375019557
1,1,0.33835278544843683,0.6616472145515632
1,1,0.3408060147550357,0.6591939852449643
0,1,0.3637600687159719,0.6362399312840281
0,1,0.37123841167008,0.62876158832992
0,1,0.3569880089397949,0.6430119910602051
1,1,0.35646014696835315,0.6435398530316468
0,1,0.3268785173688017,0.6731214826311983
1,1,0.36056713197070733,0.6394328680292927
1,1,0.3419075335835171,0.6580924664164829
1,1,0.3555696068950067,0.6444303931049933
1,1,0.376202316856593,0.623797683143407
0,1,0.37779713775487167,0.6222028622451283
1,1,0.36362803073836514,0.6363719692616349
1,1,0.3696971865885057,0.6303028134114943
1,1,0.424663493002602,0.575336506997398
1,1,0.3710142835037462,0.6289857164962538
1,1,0.3607809375067068,0.6392190624932932
1,1,0.35060631302128387,0.6493936869787161
1,1,0.33322485838712057,0.6667751416128794
0,1,0.4693207817693946,0.5306792182306054
0,1,0.38879361082993213,0.6112063891700679
1,1,0.3849256821128436,0.6150743178871564
1,1,0.3541931423969523,0.6458068576030477
0,1,0.35928089783016226,0.6407191021698377
1,1,0.34698934983282503,0.653010650167175
1,1,0.3627913644527603,0.6372086355472397
1,1,0.3617436127722934,0.6382563872277066
1,1,0.34999628440374575,0.6500037155962543
1,1,0.360389232113283,0.639610767886717
1,1,0.3286263011074757,0.6713736988925243
0,1,0.3604875372754819,0.6395124627245181
0,1,0.3581185505798218,0.6418814494201782
1,1,0.37805678222412387,0.6219432177758761
1,1,0.355454474906171,0.644545525093829
1,1,0.38200913677316173,0.6179908632268383
0,1,0.3451114283571616,0.6548885716428384
1,1,0.34919771261816634,0.6508022873818337
0,1,0.3471747676252275,0.6528252323747725
1,1,0.3229001066368209,0.6770998933631791
1,1,0.3458906230606039,0.6541093769393961
0,1,0.3437765265605134,0.6562234734394866
1,1,0.3710755868853127,0.6289244131146873
1,1,0.3529392546241942,0.6470607453758058
0,1,0.35516458114199323,0.6448354188580068
1,1,0.331457634493021,0.668542365506979
1,1,0.3439200296223516,0.6560799703776484
1,1,0.366570011861135,0.633429988138865
1,1,0.31338256432202594,0.6866174356779741
0,1,0.35426259500002655,0.6457374049999735
0,1,0.3377635355025135,0.6622364644974865
1,1,0.3539326626875502,0.6460673373124498
0,1,0.3726226894362249,0.6273773105637751
1,1,0.3566406979759412,0.6433593020240588
0,1,0.335807162847336,0.664192837152664
0,1,0.3514197439752247,0.6485802560247753
1,1,0.3532677836848934,0.6467322163151066
1,1,0.3487860449949931,0.6512139550050069
0,1,0.33578172703745657,0.6642182729625434
1,1,0.29869071289599913,0.7013092871040009
1,1,0.35903040339825676,0.6409695966017432
1,1,0.42365867615182884,0.5763413238481712
0,1,0.38897621569878915,0.6110237843012108
1,1,0.3460066267257066,0.6539933732742934
0,1,0.36529116819507834,0.6347088318049217
1,1,0.3730196263231287,0.6269803736768713
1,1,0.3424145550215011,0.6575854449784989
0,1,0.34976706561378523,0.6502329343862148
1,1,0.33883412904116605,0.661165870958834
1,1,0.353863758197026,0.646136241802974
1,1,0.3583905086924324,0.6416094913075676
1,1,0.3413831881504097,0.6586168118495903
1,1,0.3648901563582799,0.6351098436417201
1,1,0.3865627064861341,0.6134372935138659
1,1,0.35818782230498547,0.6418121776950145
1,1,0.3499180946924677,0.6500819053075323
1,1,0.3440219976606582,0.6559780023393418
1,1,0.3709583863848738,0.6290416136151262
1,1,0.3403510909840576,0.6596489090159424
1,1,0.3949199464499975,0.6050800535500025
1,1,0.3419809358237945,0.6580190641762055
1,1,0.3315981278743071,0.6684018721256929
1,1,0.3694635994411687,0.6305364005588313
1,1,0.3189326148570426,0.6810673851429574
0,1,0.37669519346902336,0.6233048065309766
0,1,0.3465399492952129,0.6534600507047871
0,1,0.362506411519253,0.637493588480747
1,1,0.3550808396767985,0.6449191603232015
1,1,0.32788836246278297,0.672111637537217
0,1,0.3611717529080195,0.6388282470919805
1,1,0.3595487436163791,0.6404512563836209
1,1,0.3511222220334701,0.6488777779665299
1,1,0.3442647828929355,0.6557352171070645
0,1,0.37555381033014534,0.6244461896698547
1,1,0.33531546056795125,0.6646845394320487
1,1,0.34914498175778297,0.650855018242217
1,1,0.3341705019142863,0.6658294980857137
0,1,0.3594649053182829,0.6405350946817171
0,1,0.351458342182155,0.648541657817845
1,1,0.34484077234271293,0.6551592276572871
1,1,0.34886862086529535,0.6511313791347046
0,1,0.3630020400391162,0.6369979599608838
0,1,0.3657023587019539,0.6342976412980461
0,1,0.37496273205257324,0.6250372679474268
1,1,0.3354120420619896,0.6645879579380104
1,1,0.3381987686969701,0.6618012313030299
1,1,0.34477268282877993,0.6552273171712201
1,1,0.3452354546364872,0.6547645453635128
0,1,0.35121273484460513,0.6487872651553949
0,1,0.3646691809366269,0.6353308190633731
1,1,0.3483234293608921,0.6516765706391079
1,1,0.3623111460332563,0.6376888539667437
0,1,0.3788432985041217,0.6211567014958783
1,1,0.3456304403693279,0.6543695596306721
0,1,0.35320591097985243,0.6467940890201476
1,1,0.3262201629878275,0.6737798370121725
0,1,0.35714502113537727,0.6428549788646227
1,1,0.3486702336429065,0.6513297663570935
1,1,0.35744237356137165,0.6425576264386283
1,1,0.333491703732692,0.666508296267308
0,1,0.3745862908089177,0.6254137091910823
0,1,0.37346673773461514,0.6265332622653849
1,1,0.34225344573299965,0.6577465542670003
0,1,0.37935768843177897,0.620642311568221
1,1,0.3388374938471055,0.6611625061528945
1,1,0.3772078554457958,0.6227921445542042
0,1,0.3315615143136075,0.6684384856863925
1,1,0.34262453080196287,0.6573754691980371
0,1,0.37446402494398034,0.6255359750560197
1,1,0.3312044310550831,0.6687955689449169
0,1,0.35116595522337846,0.6488340447766215
1,1,0.364804417425616,0.635195582574384
1,1,0.31996677370285187,0.6800332262971481
0,1,0.35591412495294816,0.6440858750470518
1,1,0.3540649867599074,0.6459350132400926
1,1,0.34919535154231374,0.6508046484576863
0,1,0.35661263594406356,0.6433873640559364
1,1,0.34010278407602024,0.6598972159239798
1,1,0.40325354642543787,0.5967464535745621
1,1,0.3477542825776828,0.6522457174223172
1,1,0.32689512392993003,0.67310487607007
0,1,0.3383384767884071,0.6616615232115929
1,1,0.37779043905397003,0.62220956094603
0,1,0.3736082228379851,0.6263917771620149
0,1,0.378640610324947,0.621359389675053
0,1,0.35326488066980766,0.6467351193301923
1,1,0.3466704074906145,0.6533295925093855
0,1,0.37591435537091455,0.6240856446290854
1,1,0.3786617626533144,0.6213382373466856
1,1,0.34694453088299504,0.653055469117005
1,1,0.3665939879740199,0.6334060120259801
0,1,0.35255323173774633,0.6474467682622537
0,1,0.3683337920905039,0.6316662079094961
1,1,0.3673335986214461,0.6326664013785539
1,1,0.3528118882696428,0.6471881117303572
1,1,0.33535820147853435,0.6646417985214657
0,1,0.3385596850727529,0.6614403149272471
1,1,0.38023047250244046,0.6197695274975595
1,1,0.36631022237675925,0.6336897776232407
1,1,0.31415090212393315,0.6858490978760668
1,1,0.3983920359112475,0.6016079640887525
1,1,0.36358709472433703,0.636412905275663
1,1,0.35485656084949824,0.6451434391505018
1,1,0.3456088092094102,0.6543911907905898
0,1,0.3876207583138407,0.6123792416861593
0,1,0.37791648889825813,0.6220835111017419
1,1,0.35303894953882053,0.6469610504611795
1,1,0.34671777589178077,0.6532822241082192
1,1,0.37965371825879424,0.6203462817412058
1,1,0.37890104146786663,0.6210989585321334
1,1,0.34466962349752384,0.6553303765024762
1,1,0.3608320543267145,0.6391679456732855
1,1,0.3518356499851739,0.6481643500148261
1,1,0.3400556236957004,0.6599443763042996
1,1,0.3377889264550915,0.6622110735449085
0,1,0.3521325490169561,0.6478674509830439
1,1,0.3572630652028467,0.6427369347971533
1,1,0.3525511327573919,0.6474488672426081
1,1,0.3393213324613539,0.6606786675386461
0,1,0.3459941541929772,0.6540058458070228
1,1,0.3414058677581838,0.6585941322418162
1,1,0.29729374021805377,0.7027062597819462
1,1,0.3259169237449301,0.6740830762550699
0,1,0.3594594635807482,0.6405405364192518
0,1,0.3230804441593004,0.6769195558406996
0,1,0.38353624423860266,0.6164637557613973
1,1,0.37142421090450206,0.6285757890954979
1,1,0.3585060867530745,0.6414939132469255
0,1,0.3922107406004435,0.6077892593995565
1,1,0.362977290569802,0.637022709430198
0,1,0.3618093287152101,0.6381906712847899
1,1,0.35889521633131893,0.6411047836686811
0,1,0.3515436679075411,0.6484563320924589
1,1,0.3348660437853461,0.6651339562146539
1,1,0.33754151450303904,0.662458485496961
1,1,0.3654980467823975,0.6345019532176025
1,1,0.39992857723787645,0.6000714227621236
1,1,0.3414748344110434,0.6585251655889566
0,1,0.3718647225458651,0.6281352774541349
0,1,0.3915234395180871,0.6084765604819129
0,1,0.34758174275888765,0.6524182572411124
1,1,0.37036100520204795,0.629638994797952
1,1,0.3684032294652726,0.6315967705347274
1,1,0.36342480220914786,0.6365751977908521
1,1,0.32303909935419495,0.676960900645805
0,1,0.3394184168850939,0.6605815831149061
1,1,0.3565880616411564,0.6434119383588436
1,1,0.35105094160416983,0.6489490583958302
0,1,0.3265034169158224,0.6734965830841776
0,1,0.34115162145795286,0.6588483785420471
0,1,0.3696186816330189,0.6303813183669811
0,1,0.3567679999951311,0.6432320000048689
1,1,0.32708423347693794,0.6729157665230621
0,1,0.3550979567259731,0.6449020432740269
1,1,0.3534779315775769,0.6465220684224231
1,1,0.44696768004423515,0.5530323199557649
0,1,0.34831388425048593,0.6516861157495141
1,1,0.3504234701375363,0.6495765298624637
0,1,0.3836980169947093,0.6163019830052907
1,1,0.37591216262670135,0.6240878373732986
0,1,0.34056760100142414,0.6594323989985759
1,1,0.3519398468523408,0.6480601531476592
1,1,0.34894347728010355,0.6510565227198964
1,1,0.3526991174526357,0.6473008825473643
1,1,0.3260055869147933,0.6739944130852067
1,1,0.3601034479964489,0.6398965520035511
0,1,0.38483446453578485,0.6151655354642152
1,1,0.3421301528910069,0.6578698471089931
1,1,0.34961891118316224,0.6503810888168378
0,1,0.3611455902981441,0.6388544097018559
1,1,0.3460676089999545,0.6539323910000455
1,1,0.3595511178016757,0.6404488821983243
1,1,0.3668574094333009,0.6331425905666991
1,1,0.38067170920354454,0.6193282907964555
1,1,0.3632607002704309,0.6367392997295691
1,1,0.3512030706980178,0.6487969293019822
1,1,0.35364714638550765,0.6463528536144924
0,1,0.3412053531307948,0.6587946468692052
1,1,0.36403741957876423,0.6359625804212358
0,1,0.3761968737568485,0.6238031262431515
1,1,0.3716633074389477,0.6283366925610523
0,1,0.35883112473035295,0.641168875269647
0,1,0.37376646549507997,0.62623353450492
1,1,0.3571125480886913,0.6428874519113087
0,1,0.37328553591977187,0.6267144640802281
1,1,0.36835842863212065,0.6316415713678794
1,1,0.4151247614055119,0.5848752385944881
1,1,0.3786989770940864,0.6213010229059136
0,1,0.3473015327848453,0.6526984672151547
0,1,0.3415524003620303,0.6584475996379697
1,1,0.35935528288373353,0.6406447171162665
1,1,0.34745740571605266,0.6525425942839473
1,1,0.34701177991825394,0.6529882200817461
0,1,0.34751704948165474,0.6524829505183453
1,1,0.3484710106238289,0.6515289893761711
0,1,0.35621080789329507,0.6437891921067049
1,1,0.35958744284639943,0.6404125571536006
1,1,0.3482765234022258,0.6517234765977742
0,1,0.3823422205026996,0.6176577794973004
1,1,0.32814190396062504,0.671858096039375
1,1,0.3519833812522375,0.6480166187477625
0,1,0.33844923222824197,0.661550767771758
1,1,0.3426800931781443,0.6573199068218557
0,1,0.3596058033123746,0.6403941966876254
1,1,0.37160731867312546,0.6283926813268745
1,1,0.3140765127957653,0.6859234872042347
0,1,0.4061143750294426,0.5938856249705574
1,1,0.327774377424771,0.672225622575229
1,1,0.3741221275523404,0.6258778724476596
1,1,0.35760617491406155,0.6423938250859385
0,1,0.363633980136603,0.636366019863397
1,1,0.33639014152543034,0.6636098584745697
0,1,0.37093540016512005,0.62906459983488
1,1,0.38166850868223257,0.6183314913177674
0,1,0.3588688729067061,0.6411311270932939
1,1,0.36313686379827115,0.6368631362017289
0,1,0.3379828351973784,0.6620171648026216
1,1,0.38894295948782687,0.6110570405121731
0,1,0.37418607005824267,0.6258139299417573
1,1,0.337588456562821,0.662411543437179
1,1,0.35905693930799076,0.6409430606920092
1,1,0.3764128454371857,0.6235871545628143
0,1,0.35088457369192294,0.6491154263080771
1,1,0.35614473057227414,0.6438552694277259
0,1,0.35448786386212394,0.6455121361378761
0,1,0.3666309330174691,0.6333690669825309
0,1,0.35900105762800927,0.6409989423719907
1,1,0.3252980948853583,0.6747019051146417
1,1,0.3469006226758765,0.6530993773241235
1,1,0.3665815985595069,0.6334184014404931
0,1,0.37771546220474195,0.622284537795258
1,1,0.3665400002723451,0.6334599997276549
1,1,0.3585232512342381,0.6414767487657619
0,1,0.35511284649263475,0.6448871535073653
1,1,0.3456779274544649,0.6543220725455351
1,1,0.3440462565874757,0.6559537434125243
1,1,0.35989459007372093,0.6401054099262791
1,1,0.34054989356532916,0.6594501064346708
1,1,0.3631362587955995,0.6368637412044005
0,1,0.33623325779494895,0.663766742205051
0,1,0.34310686708908966,0.6568931329109103
0,1,0.31609350070822306,0.6839064992917769
1,1,0.3854905173248445,0.6145094826751555
1,1,0.3708240748688486,0.6291759251311514
1,1,0.34268578640328895,0.657314213596711
1,1,0.3959074949843122,0.6040925050156878
1,1,0.34283434705538784,0.6571656529446122
1,1,0.3737027825159619,0.6262972174840381
1,1,0.35793714309114977,0.6420628569088502
0,1,0.35832631148449956,0.6416736885155004
1,1,0.3513008172913016,0.6486991827086984
0,1,0.367652879110247,0.632347120889753
1,1,0.36561548459386317,0.6343845154061368
1,1,0.36717786052194423,0.6328221394780558
0,1,0.3389683523767032,0.6610316476232968
1,1,0.34961874865026077,0.6503812513497392
1,1,0.38538680677703796,0.614613193222962
1,1,0.3496327339269045,0.6503672660730955
1,1,0.38007980275303144,0.6199201972469686
1,1,0.3964184202183746,0.6035815797816254
1,1,0.35106125515733566,0.6489387448426643
1,1,0.36811147159224544,0.6318885284077546
1,1,0.3747195891506657,0.6252804108493343
0,1,0.34418642559167034,0.6558135744083297
1,1,0.337253116618926,0.662746883381074
1,1,0.38067255674147205,0.619327443258528
1,1,0.3304610132355733,0.6695389867644267
1,1,0.3783507221334955,0.6216492778665045
0,1,0.3648609339117509,0.6351390660882491
0,1,0.3588698968754893,0.6411301031245107
1,1,0.3787343885778378,0.6212656114221622
1,1,0.3341462058832608,0.6658537941167392
0,1,0.35924172009941846,0.6407582799005815
1,1,0.366194778689269,0.633805221310731
0,1,0.3670782843909194,0.6329217156090806
1,1,0.342093372370203,0.657906627629797
0,1,0.35015677183195615,0.6498432281680439
1,1,0.40171847965245633,0.5982815203475437
1,1,0.3346813416185527,0.6653186583814473
1,1,0.3619710863834912,0.6380289136165088
1,1,0.3562517818610965,0.6437482181389035
1,1,0.36522151998271923,0.6347784800172808
1,1,0.3591765289010732,0.6408234710989268
1,1,0.35352186037941113,0.6464781396205889
1,1,0.3653554294207457,0.6346445705792543
0,1,0.3473636529851568,0.6526363470148432
1,1,0.3576211654606912,0.6423788345393088
1,1,0.36418207188256047,0.6358179281174395
0,1,0.35756081768295533,0.6424391823170447
1,1,0.36994379173468106,0.6300562082653189
0,1,0.3395828697181602,0.6604171302818398
1,1,0.322222843743331,0.677777156256669
0,1,0.3460037994421986,0.6539962005578014
0,1,0.337342209733133,0.662657790266867
0,1,0.33666240993584795,0.663337590064152
1,1,0.3551347028881833,0.6448652971118167
0,1,0.3421230826603995,0.6578769173396005
1,1,0.3564543098572953,0.6435456901427047
0,1,0.3928632584844688,0.6071367415155312
0,1,0.34388623408984664,0.6561137659101534
1,1,0.33333490071586347,0.6666650992841365
0,1,0.3590535779043048,0.6409464220956952
1,1,0.3565896429330139,0.6434103570669861
1,1,0.3321080614930425,0.6678919385069575
0,1,0.35938448404748813,0.6406155159525119
1,1,0.365254465609684,0.634745534390316
1,1,0.3753573871397009,0.6246426128602991
1,1,0.3992869704544115,0.6007130295455885
0,1,0.3430374751533418,0.6569625248466582
1,1,0.36628771803780824,0.6337122819621918
0,1,0.35249605378448023,0.6475039462155198
0,1,0.34150922746168966,0.6584907725383103
1,1,0.3526557269831275,0.6473442730168725
0,1,0.3656958132442255,0.6343041867557745
1,1,0.3355964258317379,0.6644035741682621
1,1,0.3456104663839261,0.6543895336160739
1,1,0.35752537287176944,0.6424746271282306
1,1,0.3437307796310276,0.6562692203689724
0,1,0.34308625068183907,0.6569137493181609
1,1,0.32915299755254757,0.6708470024474524
1,1,0.36127975212692254,0.6387202478730775
1,1,0.3603938713263415,0.6396061286736585
0,1,0.3133699511025565,0.6866300488974435
0,1,0.3739568970575389,0.6260431029424611
0,1,0.36715628688109136,0.6328437131189086
1,1,0.36617192287828426,0.6338280771217157
1,1,0.359506731385307,0.640493268614693
1,1,0.37632675537720406,0.6236732446227959
0,1,0.35902944678148574,0.6409705532185143
0,1,0.3304295916871358,0.6695704083128642
1,1,0.3560715761315342,0.6439284238684658
0,1,0.3464239199252288,0.6535760800747712
1,1,0.32078549627141417,0.6792145037285858
1,1,0.3441434965381296,0.6558565034618704
0,1,0.37763630005027826,0.6223636999497217
1,1,0.39519122657676364,0.6048087734232364
