y_true,y_pred,proba_High,proba_Low,proba_Medium
Low,Low,5.173933760990798e-06,0.9985091318353692,0.0014856942308699326
Low,Low,1.6459708197182527e-05,0.9918383578997018,0.008145182392101031
High,High,0.9999740144690685,4.934570226222779e-07,2.5492073909004953e-05
High,High,0.9931430741971407,3.131357749014531e-05,0.006825612225369242
High,High,0.9965064408872754,4.781825431838462e-05,0.003445740858406218
High,High,0.9984519124317363,1.2999637700193966e-05,0.0015350879305635328
High,High,0.9544191388521066,0.00015111237627280085,0.04542974877162067
High,High,0.7873385046629179,0.002606566831049005,0.21005492850603313
Low,Medium,0.041413191066404696,0.07391039022146056,0.8846764187121346
Low,Low,1.1794021681060057e-06,0.9996282464097316,0.0003705741881003924
High,High,0.6578977203851962,0.0032873073413800706,0.33881497227342366
High,High,0.9795293208874062,9.83672226223882e-05,0.020372311889971288
High,High,0.9980064858543677,2.91187302399209e-06,0.001990602272608485
High,High,0.9963422952975887,3.526226051216642e-05,0.0036224424418993093
High,High,0.9925464742203873,2.583121394926153e-05,0.0074276945656634764
High,High,0.9987203730466429,5.006785178118846e-06,0.0012746201681788831
Medium,Low,0.001963846383982809,0.6256722694932192,0.372363884122798
High,High,0.9857089489851456,6.353284470128297e-05,0.014227518170153134
Medium,Medium,0.14034859217260182,0.026870456811629088,0.8327809510157691
High,High,0.9070556183103129,0.0004412715686953311,0.09250311012099187
High,High,0.999585100170011,2.731449888274962e-06,0.0004121683801006676
High,High,0.6586676810582831,0.004233558345089271,0.33709876059662763
Medium,Medium,0.012231811382705605,0.3169023477310596,0.6708658408862348
High,High,0.9476782504826265,0.0007407227097694131,0.05158102680760404
Low,Low,3.9604230641487644e-06,0.9987241076909725,0.0012719318859633075
High,High,0.970266851603989,9.365764715659222e-05,0.029639490748854323
High,High,0.9952161243197462,1.582510862174192e-05,0.004768050571631936
High,High,0.9886550507976526,4.240504895177781e-05,0.011302544153395603
Low,Low,7.468907414591657e-05,0.9844776841632102,0.015447626762643872
High,High,0.9988793153784888,7.005870352582014e-06,0.0011136787511584634
Low,Low,0.0038053670292936144,0.6980120650154742,0.2981825679552322
High,High,0.9997069814572995,1.2768137353953903e-06,0.00029174172896513146
Medium,Medium,0.2407626429231523,0.009925452013262436,0.7493119050635852
High,High,0.992483865563961,5.3462947816627034e-05,0.007462671488222477
Medium,Medium,0.032364762625415176,0.1803541410154195,0.7872810963591653
Low,Low,0.0011583282995712614,0.7806788610670772,0.21816281063335144
High,Medium,0.3802740437754617,0.0093212393705158,0.6104047168540225
High,High,0.991086792012416,5.437575622429378e-05,0.008858832231359815
Medium,Medium,0.03859473391729719,0.08376913115109945,0.8776361349316034
High,High,0.9993249656962123,5.266708241201923e-06,0.0006697675955464761
High,High,0.9982458898079292,2.102382868157836e-05,0.0017330863633892603
High,High,0.9998990727237719,8.775836557936353e-07,0.00010004969257239495
High,High,0.9994426351591426,5.733611128543548e-06,0.000551631229728883
Medium,Medium,0.053368616866128656,0.07914142397281582,0.8674899591610554
High,High,0.9462782794652101,0.0005294017414940656,0.05319231879329573
Medium,Medium,0.019736616829515944,0.1019001624907658,0.8783632206797183
High,High,0.9999129450579879,1.1174137825397045e-06,8.593752822946709e-05
Low,Low,3.8341159744031856e-05,0.9883781051104696,0.011583553729786126
High,High,0.9995279951258923,4.552428662209484e-06,0.0004674524454455553
High,High,0.9535966310695911,0.00017039793032348898,0.046232971000085395
High,High,0.9987832388400506,7.92464979027181e-06,0.0012088365101590635
High,High,0.9849689479131185,0.00014675389925300266,0.014884298187628505
Low,Low,3.856440349588019e-05,0.9778612011154806,0.022100234481023634
High,High,0.9796472017988255,4.142779602263379e-05,0.020311370405151866
High,High,0.9977288067483688,7.720156426272122e-06,0.002263473095204828
High,High,0.9967441690442613,1.145380503932476e-05,0.003244377150699306
Low,Low,0.000643584474709326,0.9176276058253713,0.08172880969991926
Low,Low,2.1722990147736188e-05,0.9954467913285783,0.00453148568127398
High,High,0.9986543961142212,6.512759813762957e-06,0.0013390911259648407
High,High,0.8946570126137914,0.0009158367087355071,0.10442715067747306
High,High,0.9921329562341897,4.601417276061313e-05,0.007821029593049696
High,High,0.9275279990124052,0.0004269540028881535,0.07204504698470648
Medium,Medium,0.4095714991806649,0.0035599297751077036,0.5868685710442274
Medium,Medium,0.004991279885391061,0.4865601867481289,0.50844853336648
Medium,Medium,0.3060330004595732,0.015126163295842623,0.6788408362445841
Medium,Medium,0.3421824582914839,0.008881633450167214,0.6489359082583489
High,High,0.8254196460252596,0.0015048889865275923,0.17307546498821277
High,High,0.9273100946456901,0.0005075304246615173,0.07218237492964848
High,High,0.9999063769321955,1.2713094416618068e-06,9.235175836267143e-05
Medium,Medium,0.18852239887424269,0.031370360384178134,0.7801072407415792
High,High,0.9999419206163415,6.909075526312969e-07,5.738847610588966e-05
High,High,0.9868753365599064,7.279039331620561e-05,0.013051873046777426
High,Medium,0.29803595601778426,0.018704424424647717,0.6832596195575681
High,High,0.9923355176680947,6.337672293853348e-05,0.007601105608966862
Medium,Medium,0.026130855632656196,0.09340240713032393,0.8804667372370198
High,High,0.9939666885541181,3.791370533980314e-05,0.0059953977405420725
Low,Low,0.0004151140163589026,0.9638503077290582,0.03573457825458285
High,High,0.5588533095691705,0.007468744326350453,0.4336779461044791
High,High,0.9987542404050955,6.746609033300823e-06,0.0012390129858709936
Medium,High,0.9872926549594171,0.0001273326506799374,0.012580012389903162
High,High,0.9994831841087154,3.22734189216974e-06,0.0005135885493924657
Low,Low,8.804962976661908e-06,0.9982938945746126,0.0016973004624107944
High,High,0.9983135746604599,9.439373599216983e-06,0.0016769859659408876
High,Medium,0.024813473854625043,0.07649612742289877,0.8986903987224762
High,High,0.9998408417308439,1.4768735272521113e-06,0.0001576813956290684
Medium,Medium,0.014699205515993049,0.17719670126013634,0.8081040932238706
High,High,0.9749794500365513,9.909769138587568e-05,0.02492145227206296
High,High,0.9948495827166143,2.2547668570398295e-05,0.005127869614815255
Medium,High,0.7402421508982054,0.0013866410341589952,0.25837120806763547
High,High,0.9850838177810556,0.00014253639527406022,0.014773645823670271
Medium,Medium,0.3683481047909607,0.00908669895460021,0.6225651962544392
Low,Low,0.0002514300046811026,0.9342824132384072,0.06546615675691163
Medium,High,0.976840464225157,9.81093544608969e-05,0.023061426420382128
High,Medium,0.366314394076615,0.01741013958666244,0.6162754663367226
High,High,0.999801431498916,1.3636993383765139e-06,0.0001972048017457212
Low,Medium,0.018225280083914594,0.2449339818580385,0.736840738058047
Low,Low,0.00012378244322031084,0.956756919674853,0.043119297881926776
High,High,0.9997198902894687,1.989405647890657e-06,0.00027812030488330006
High,High,0.9928480444774435,1.978138210743743e-05,0.007132174140449239
High,High,0.801080495590727,0.002231878925597416,0.19668762548367563
Medium,Medium,0.17000342773808808,0.036241538158081454,0.7937550341038305
High,High,0.9983419494452846,7.812732345929838e-06,0.0016502378223694106
Low,Low,0.002130070869784184,0.7177080151861958,0.28016191394402007
High,High,0.9908644191749977,6.403999438204056e-05,0.009071540830620268
High,High,0.9543948867136495,0.00035725579520227697,0.04524785749114833
High,High,0.9437797196319276,0.00048254722091864975,0.05573773314715366
Medium,Medium,0.07995988623668203,0.07000149983146972,0.8500386139318482
Medium,Medium,0.07773695770696117,0.0314598299630365,0.8908032123300023
High,High,0.9998348264734239,1.82672979506894e-06,0.0001633467967810748
Low,Low,0.0001724885111873768,0.9571029155199879,0.042724595968824816
High,High,0.9973587358458451,7.4734121857173886e-06,0.0026337907419689615
High,High,0.9989113735376826,1.2479264399905372e-05,0.0010761471979176375
High,High,0.9281806345867293,0.00022620249275430633,0.07159316292051646
High,High,0.9971365334155843,2.5064875150026506e-05,0.002838401709265758
Low,Low,5.2497186997361556e-06,0.9984961171397815,0.001498633141518774
High,High,0.985025635034685,5.545217167884054e-05,0.014918912793636174
Low,Low,0.00021657055641553091,0.9685127028487969,0.031270726594787544
Low,Low,0.001259792387513943,0.8301102808738359,0.1686299267386501
High,High,0.9999157413473007,7.738626792292482e-07,8.348479002011182e-05
High,High,0.9523921288697531,0.00017019998859758756,0.04743767114164927
Medium,High,0.5612528843161207,0.010262238932929213,0.42848487675095004
High,High,0.9976626632087907,5.3275048337150266e-06,0.0023320092863756145
High,High,0.9928340622039089,3.5808426497162694e-05,0.007130129369593971
Medium,Medium,0.17901799652055592,0.040832673977420686,0.7801493295020233
High,High,0.9972171510354991,1.5736405003641555e-05,0.0027671125594973967
Low,Low,5.565829197946468e-06,0.9983732150422667,0.0016212191285354465
Low,Medium,0.16298019103565395,0.021390729898655054,0.8156290790656909
High,High,0.9991587069301379,1.7573018590939985e-05,0.0008237200512711918
High,High,0.9997349800888202,1.2085875203511822e-06,0.0002638113236592657
Medium,High,0.6680096928849623,0.0027069835765904846,0.32928332353844725
High,High,0.9980020695676202,9.151605223008953e-06,0.001988778827156865
High,High,0.9997076513444355,7.112865279079982e-07,0.00029163736903658344
High,High,0.8325225065673285,0.001313594707899511,0.16616389872477194
High,High,0.9996278376538376,3.0433820128829034e-06,0.0003691189641495372
High,High,0.9998245341364147,8.289319919657032e-07,0.00017463693159347065
Medium,High,0.8539726082252335,0.0009599169995427129,0.1450674747752238
Medium,High,0.9087399520937834,0.00043157628407038384,0.09082847162214619
High,High,0.9343590972921928,0.00013479481695722605,0.06550610789084998
High,High,0.9872259564524392,3.5175356391718635e-05,0.012738868191169195
High,High,0.9856331135266871,7.60444020683569e-05,0.014290842071244392
High,High,0.9995551770527622,2.0873907725735096e-06,0.00044273555646512564
High,High,0.9981146653335347,2.1410949298622807e-05,0.0018639237171666702
High,High,0.8551794295050744,0.0005149132142197967,0.14430565728070574
Low,Low,0.010331989533898682,0.7688016091683664,0.220866401297735
Low,Low,0.004298072403931858,0.5890779033741187,0.40662402422194943
Low,Low,0.00020088166958108925,0.9191924242518428,0.08060669407857605
High,High,0.9224173244337062,0.0005119857424627684,0.0770706898238311
High,High,0.5773678013989874,0.009345418611414984,0.4132867799895977
Medium,Medium,0.0388590047737789,0.17945263709458467,0.7816883581316365
High,High,0.9927531246721842,1.9483032727718264e-05,0.007227392295088045
High,High,0.9857876540042706,5.832075944089351e-05,0.014154025236288533
High,Medium,0.44593499848979085,0.009041672533497276,0.5450233289767119
High,High,0.98747725927353,2.3809279630621733e-05,0.012498931446839317
High,High,0.8688011109037496,0.0012544955600898783,0.12994439353616064
High,High,0.9877928107066246,6.310212645390299e-05,0.012144087166921386
High,High,0.999475336114435,4.643483516006702e-06,0.000520020402049166
Medium,Low,0.006871829699890705,0.5151151995545883,0.47801297074552085
High,High,0.9026941712087273,0.0004236408985262527,0.0968821878927465
Medium,Medium,0.2634685746712665,0.018333908339803646,0.7181975169889299
High,High,0.9953861241874017,1.816240400138157e-05,0.004595713408596819
Low,Medium,0.010392010982031949,0.36697823251613804,0.62262975650183
Medium,Low,8.342164692976091e-05,0.96988854159853,0.030028036754540032
Medium,Medium,0.005967983051600128,0.37740342341913946,0.6166285935292604
High,High,0.6191726545925823,0.003070406210488993,0.37775693919692876
Low,Medium,0.006079991842031313,0.4119107187077048,0.5820092894502639
High,High,0.9983263942335854,1.0873228498562464e-05,0.0016627325379160159
Medium,Low,0.0032141142678738625,0.6286625855751321,0.36812330015699407
High,High,0.9991594622491878,2.01341459812558e-06,0.0008385243362138698
High,High,0.9719612274553296,7.008619790371965e-05,0.027968686346766615
High,High,0.9866475110080613,4.3577668021353315e-05,0.013308911323917393
High,High,0.9980474029730514,1.2862189546519234e-05,0.0019397348374019414
Low,Low,2.124886491224643e-05,0.9848501138555836,0.015128637279504073
High,High,0.9993379672286978,4.3881885582689744e-06,0.0006576445827436965
High,High,0.948589949955017,0.00025839363106668154,0.0511516564139162
Medium,Medium,0.05049243838014046,0.13059683823109844,0.8189107233887611
High,High,0.9999008554841049,1.3898478479567314e-06,9.775466804699218e-05
High,High,0.9430126584510446,0.00039764127174476976,0.056589700277210477
High,High,0.9850153273104837,0.00014205725851301968,0.014842615431003183
High,High,0.9996389632327843,2.230156556937212e-06,0.0003588066106587924
Medium,Low,0.0012954725782944026,0.8074563800147921,0.1912481474069136
High,High,0.9586576807309607,0.0001959670556018905,0.04114635221343728
Medium,Medium,0.060267688976918796,0.10228089918721266,0.8374514118358686
High,High,0.9979968513722927,2.356146617888674e-05,0.001979587161528381
High,High,0.9998370188052743,7.792103706298018e-07,0.0001622019843551111
Low,Low,0.0009431702820986773,0.8512682982941981,0.14778853142370305
High,High,0.9970644979788864,1.8807778395130383e-05,0.0029166942427183346
High,High,0.9930500696408094,0.00010142995803306767,0.006848500401157288
High,High,0.9994084602885845,3.809814970133584e-06,0.0005877298964453068
Medium,Medium,0.2285239786509335,0.06919827684662895,0.7022777445024375
High,High,0.9990382122897667,7.079666806256047e-06,0.0009547080434269143
High,High,0.9825617791530659,0.00018320858050153096,0.01725501226643285
Low,Low,0.0001901081411912056,0.9533500631603974,0.04645982869841145
High,High,0.979488829578935,0.0001247777240199946,0.020386392697044984
High,High,0.9999523833457449,1.8466686166679232e-07,4.7431987393495194e-05
Medium,Medium,0.061913566653421785,0.050460581739599344,0.8876258516069788
High,High,0.9698594477903857,0.0001084214668753151,0.030032130742738843
Medium,High,0.7815641575004953,0.0008040346779560626,0.21763180782154867
Medium,Medium,0.03670231777945822,0.11738032458097743,0.8459173576395642
High,High,0.9995206584982281,1.5351789249651768e-06,0.0004778063228469781
High,High,0.9986470645402504,6.080912729774799e-06,0.001346854547019729
High,High,0.9483808835303783,0.000380743241476777,0.05123837322814503
High,High,0.9997729676094392,3.927733901984236e-06,0.00022310465665882805
High,High,0.937473662593608,0.0002454399637496017,0.06228089744264219
Medium,Medium,0.014255224218252071,0.19776043453425296,0.7879843412474951
High,High,0.9927934808598983,8.921300176100572e-05,0.007117306138340763
High,High,0.6970220992813202,0.003768237744044676,0.29920966297463525
Medium,Medium,0.011155836554659545,0.1945248537881907,0.7943193096571498
Low,Low,0.0006257732744255561,0.901627520369263,0.09774670635631161
High,High,0.9563003543750215,0.00023111557903770382,0.04346853004594095
High,High,0.9992595764006117,1.0348119862545202e-05,0.0007300754795258258
Medium,Medium,0.01569436521830413,0.20265712435823022,0.7816485104234657
High,High,0.9999187793626843,4.586927186335523e-07,8.076194459713187e-05
High,High,0.8752447271024169,0.0007175211702865389,0.12403775172729661
High,High,0.9845942174374477,5.0183144882023815e-05,0.015355599417670349
High,High,0.9526293545744153,0.0001390752203267224,0.047231570205257895
High,High,0.7734612167282028,0.003132408496754959,0.22340637477504216
Medium,Medium,0.01898866580668453,0.17212205411845483,0.8088892800748607
High,High,0.9993445840767924,1.6586091799206124e-06,0.0006537573140276819
Low,Low,5.793182286814586e-06,0.9975132777559973,0.0024809290617158965
High,High,0.9991505923097614,4.601205967036086e-06,0.0008448064842714509
High,High,0.9707857641177415,0.00032815083419446956,0.02888608504806393
High,High,0.9620256499296468,0.00046233298162492417,0.03751201708872827
Medium,Medium,0.019750022843769012,0.20475479033341426,0.7754951868228167
Low,Low,0.0008235835795502827,0.8971736156622262,0.10200280075822352
Medium,Medium,0.03490725585033621,0.0889192352585986,0.876173508891065
High,High,0.9999026076812818,8.016819394171548e-07,9.659063677879809e-05
High,High,0.9837660993375573,0.00010463417068480802,0.016129266491757867
Medium,Medium,0.04845435101943881,0.07481526349678452,0.8767303854837767
High,High,0.9939607030241798,3.3252001045464496e-05,0.0060060449747747005
Medium,Medium,0.05781054586694253,0.07971946369728068,0.8624699904357769
Medium,Medium,0.11644516619786192,0.0252285857011188,0.8583262481010192
Low,Low,0.0003059984046517348,0.9422960962088266,0.05739790538652181
High,High,0.9998421962451001,1.4062448806768415e-06,0.00015639751001929824
High,High,0.9963725472319738,2.2078134430413088e-05,0.0036053746335959302
High,High,0.9997808589622347,1.2391175895258521e-06,0.00021790192017578285
Low,Medium,0.00970035260779432,0.38425970530521886,0.6060399420869869
Low,Low,4.902119831297289e-05,0.985207602520979,0.014743376280708006
High,High,0.9269846387628329,0.00043693718954157453,0.07257842404762552
High,High,0.985592291279741,7.944021592026317e-05,0.014328268504338649
Medium,High,0.9008104252967811,0.0008420742550957801,0.09834750044812308
High,High,0.9909803671525268,2.6369195962462787e-05,0.00899326365151069
Low,Low,0.0006181680596713411,0.9242160497853839,0.07516578215494497
Low,Low,2.3033992236335855e-05,0.9882847837370611,0.01169218227070258
Low,Low,9.545648581140712e-05,0.9547166775463626,0.04518786596782595
High,High,0.9972174627877214,1.640727986460971e-05,0.002766129932413944
High,High,0.9999622323644303,4.4610352272855127e-07,3.732153204715251e-05
Medium,Medium,0.07049768892903278,0.060314144208346764,0.8691881668626206
Medium,Medium,0.15684281365814748,0.07311567197419847,0.770041514367654
High,High,0.9997652886256637,1.287968457280113e-06,0.0002334234058789129
Medium,Medium,0.042307642129041936,0.08732538959594552,0.8703669682750125
High,Medium,0.06506948638811816,0.07712282412213518,0.8578076894897467
High,Medium,0.43231761751333997,0.011615246016520754,0.5560671364701393
Low,Medium,0.012212375542538607,0.2952636924706722,0.6925239319867892
Medium,Medium,0.006501036262946964,0.3331664403395329,0.6603325233975201
High,High,0.9999518715767086,5.195675039185775e-07,4.760885578755007e-05
High,High,0.9953750576267975,3.554800606906854e-05,0.004589394367133469
Low,Low,0.0031449190253802378,0.6283504228564676,0.3685046581181521
Low,Medium,0.006970742329609036,0.3736533206593029,0.619375937011088
Medium,Medium,0.030160462034124275,0.131025409664413,0.8388141283014627
Low,Low,0.00033313834047461147,0.9342258271710988,0.0654410344884265
High,High,0.9934426020149492,2.971293695301143e-05,0.0065276850480978565
High,High,0.9986119416875497,9.634193214322528e-06,0.0013784241192360287
High,High,0.8139891746041137,0.0014295730206572025,0.18458125237522904
High,High,0.9754326162715761,0.00024105986590805496,0.02432632386251596
Low,Low,0.0006285875416932484,0.8539680202657082,0.14540339219259849
High,High,0.999706047498014,1.2939624780850388e-06,0.00029265853950797134
High,High,0.9935032687078764,2.869463707373418e-05,0.0064680366550497505
High,High,0.611365431198583,0.0026967720441608512,0.3859377967572561
Low,Medium,0.026318684631000143,0.17237166726997064,0.8013096480990292
Medium,Medium,0.00566082151425058,0.38989638383752223,0.6044427946482271
High,High,0.9428537584609077,0.0003603489430139606,0.05678589259607835
High,High,0.965394032156351,0.0002030533395118531,0.03440291450413704
Low,Low,0.008442728069515164,0.6343464476959031,0.3572108242345817
Medium,Medium,0.18724488862811425,0.09547344249768012,0.7172816688742056
High,High,0.9967835066919865,6.150944366019434e-05,0.003154983864353537
High,High,0.9080046609265838,0.0005795658420361214,0.09141577323138006
High,Medium,0.35315959208718833,0.004711245461064621,0.642129162451747
High,High,0.866362304152969,0.0007385097986472768,0.13289918604838363
Medium,Low,0.0005274221525513533,0.919061249167249,0.08041132868019975
Medium,Medium,0.07414996257950936,0.13044554289460553,0.7954044945258851
High,High,0.9620100716871935,0.00048544911544321986,0.03750447919736331
Low,Low,1.6949884234414534e-06,0.9994629647024605,0.0005353403091161253
High,High,0.9996534793626827,4.814481369295389e-06,0.0003417061559479997
High,High,0.997930816937709,7.373928033145257e-06,0.002061809134257725
High,Medium,0.10481715618741479,0.04486479182999721,0.850318051982588
High,High,0.9954215225166572,2.2118412509219678e-05,0.0045563590708335685
High,High,0.9982917535894329,5.085483683902545e-06,0.0017031609268832436
High,High,0.798604535535409,0.001040606042563204,0.20035485842202774
Medium,Medium,0.05639472507502239,0.062291168088968944,0.8813141068360087
High,High,0.9993670110321058,2.8517130800733367e-06,0.0006301372548141494
Medium,High,0.5506360884324295,0.00411120935232815,0.44525270221524244
Medium,Medium,0.036823235756590585,0.10797763347084247,0.8551991307725669
Low,Low,0.0005570296203032,0.9077270997635439,0.09171587061615301
High,High,0.9996266469925371,2.2227378822407944e-06,0.0003711302695807089
High,High,0.9989924860633846,2.062828918216996e-05,0.0009868856474333323
Low,Low,5.776538139977495e-05,0.9945175311356889,0.005424703482911267
Low,Low,0.00012750420238524945,0.9747049015876019,0.02516759421001273
High,High,0.9972025351617283,8.561932027337815e-06,0.0027889029062445323
High,High,0.9990994343203524,5.415040111139582e-06,0.0008951506395364914
Medium,High,0.6846068388879435,0.002792271005503772,0.31260089010655273
High,High,0.5147032211151105,0.005716903307629688,0.4795798755772598
Medium,Medium,0.0075188429678241155,0.2591976293804254,0.7332835276517504
High,High,0.9140963339355794,0.0004969395703024267,0.08540672649411801
High,High,0.9617046926296078,0.0001034802640217951,0.03819182710637035
High,High,0.9952231115982608,1.556147979671736e-05,0.004761326921942506
High,High,0.9998856219866061,4.625918760704973e-07,0.00011391542151776493
Low,Low,0.00012949817707071993,0.9694707917756055,0.03039971004732382
High,High,0.9959965327407494,2.132116786388029e-05,0.003982146091386716
Medium,Medium,0.03543716497808262,0.1342522067539869,0.8303106282679305
Medium,High,0.8556405755883217,0.0020601043972443022,0.1422993200144339
Medium,Medium,0.05976322219162826,0.11663761283851706,0.8235991649698546
Low,Low,0.00048556225169425933,0.9662455146320004,0.03326892311630542
High,High,0.9792315245109299,0.0001290704983287709,0.020639404990741277
High,High,0.8449374173473555,0.0028139439178794415,0.152248638734765
Low,Medium,0.004263141671222948,0.4639116644295053,0.5318251938992716
High,High,0.9999555924188038,5.935212626292693e-07,4.381405993348483e-05
High,High,0.9887078623830284,6.956769263173629e-05,0.01122256992433979
Low,Low,0.005421306153649688,0.55214076709836,0.44243792674799026
High,High,0.9963758190446232,6.45892976911182e-06,0.0036177220256077064
Low,Medium,0.014687371606487388,0.18381711543851947,0.8014955129549932
High,High,0.994370573327442,3.277028424889331e-05,0.005596656388309013
Medium,Low,0.006265889052612313,0.5500861237968213,0.44364798715056636
Medium,Medium,0.004437187644928335,0.4689961545544996,0.5265666578005721
Low,Low,0.00030086338676383223,0.9583390119034892,0.04136012470974689
High,High,0.9954779499683379,1.5267194992423966e-05,0.004506782836669726
Medium,Medium,0.24507138966636077,0.014857913256387346,0.7400706970772519
Medium,Medium,0.07091435379314369,0.045515290474384115,0.8835703557324721
High,High,0.9958417074712393,1.8633526838774496e-05,0.004139659001921995
High,High,0.994507175561223,5.772489131350935e-05,0.005435099547463566
Medium,Medium,0.1628190310560406,0.04872719541144635,0.788453773532513
High,High,0.9105264285662219,0.0006367947518725613,0.08883677668190552
Medium,High,0.6831784507037441,0.009445184022644318,0.3073763652736117
High,High,0.9996563944099042,1.1497120462388466e-06,0.0003424558780497392
High,High,0.9996999118777729,1.9845693582348505e-06,0.0002981035528688014
High,High,0.8309314908677599,0.0007786262351360843,0.1682898828971042
Low,Low,0.0002770740264314363,0.946068407950248,0.053654518023320635
Low,Low,6.507438169244211e-06,0.9994597329728379,0.0005337595889928167
Low,Low,7.702390356561856e-05,0.9764051273360802,0.023517848760354294
Low,Low,0.0006609092400719671,0.8034824638698506,0.19585662689007735
High,High,0.9766531403122173,0.00011667001201770838,0.02323018967576492
High,Medium,0.026656491482015033,0.17942940480613925,0.7939141037118457
High,Medium,0.13165224248770896,0.028249600885662602,0.8400981566266285
Medium,Medium,0.34938747745838966,0.011613289241294811,0.6389992333003155
Low,Low,0.0011669883820141043,0.7195093926871673,0.27932361893081864
High,High,0.9886919863412744,5.7835308719227995e-05,0.01125017835000623
High,High,0.9991907049075834,7.003865207782965e-06,0.0008022912272087624
Low,Medium,0.010922360636474983,0.2804430537302981,0.708634585633227
High,High,0.7766217736940568,0.0018764323690264176,0.22150179393691677
Medium,Medium,0.02266004411011556,0.15160476013438418,0.8257351957555004
High,High,0.9974366554814426,1.3647044217506191e-05,0.0025496974743398197
High,High,0.887427414756825,0.0005244745616621866,0.11204811068151285
Medium,Medium,0.06137271175756779,0.09268343775529088,0.8459438504871413
Medium,Medium,0.030606668126045528,0.1604947248535053,0.8088986070204492
Low,Low,7.99079787876151e-05,0.9834943570124692,0.016425735008743097
Medium,Low,0.0005699942114798179,0.9135721267328742,0.08585787905564599
Low,Low,0.0006965179750937024,0.8671582949980435,0.1321451870268626
High,High,0.9982387796623776,6.286524247536569e-06,0.0017549338133748264
Low,Low,0.0009873461209934887,0.902588588582209,0.09642406529679755
Low,Medium,0.010243430582673118,0.2717209286210555,0.7180356407962714
High,High,0.9971249126316718,7.667350781570443e-06,0.002867420017546701
High,High,0.9938378004148252,2.284600881014997e-05,0.006139353576364646
High,High,0.998736226110811,1.712476633371151e-05,0.001246649122855364
High,High,0.5563720738928405,0.006820659964608004,0.43680726614255155
High,High,0.8934322266545548,0.00021550682527511885,0.10635226652017
High,High,0.997624403601855,1.1351962994423045e-05,0.0023642444351507546
High,High,0.9987746558868194,1.5685696060544804e-05,0.0012096584171201533
Medium,Medium,0.10744509304298258,0.03605598599126939,0.856498920965748
Medium,Medium,0.011948068113233215,0.29859794123011824,0.6894539906566485
Low,Low,0.00044351085248252846,0.8802194920406482,0.11933699710686946
High,High,0.9956606681314849,2.6674408201488686e-05,0.004312657460313556
High,High,0.9960886654823113,1.4267218630337537e-05,0.003897067299058464
High,High,0.9925605440076545,7.953078144867613e-05,0.0073599252108968284
High,High,0.9821835968264336,0.00010269163370779987,0.017713711539858745
High,High,0.9996303446260423,1.0928546596052852e-06,0.00036856251929817424
Low,Low,0.000907917943794651,0.8999897528391304,0.09910232921707487
High,High,0.9971881988197155,6.645409571416711e-06,0.002805155770712914
Medium,Medium,0.019783408963540687,0.28111754933427296,0.6990990417021864
High,High,0.9939998682732922,3.1525701450520295e-05,0.005968606025257392
High,High,0.9983121333498844,1.2630322521634317e-05,0.0016752363275939913
High,High,0.9987750774232597,2.9503876584762532e-06,0.0012219721890816622
High,High,0.9595158167647899,6.92975193716699e-05,0.04041488571583845
Medium,Medium,0.18445528968536049,0.019536069197799003,0.7960086411168406
Medium,Medium,0.03738476412509221,0.07646310269926905,0.8861521331756388
High,High,0.9107951749804327,0.0006111921179851871,0.08859363290158204
Low,Low,0.00011286336907783333,0.9761426169279181,0.02374451970300394
High,High,0.9950750041736665,1.4247323304376739e-05,0.00491074850302933
High,High,0.9941692920804314,3.800657645895724e-05,0.0057927013431095156
Medium,Medium,0.11151455582910508,0.03181124263868172,0.8566742015322133
High,Medium,0.4312657006451445,0.0066684102378857715,0.5620658891169696
Low,Medium,0.013405234504954781,0.25480454413177406,0.7317902213632712
High,High,0.999831624356758,3.5210684547788804e-06,0.00016485457478726274
Medium,High,0.7725817600215292,0.001722221873669514,0.22569601810480122
High,High,0.8562375770539241,0.0012377345886875396,0.14252468835738832
Low,Low,0.0008161536285630116,0.8715947544705919,0.127589091900845
Medium,Medium,0.018254052991576508,0.30464782454452366,0.6770981224638998
High,High,0.9960712268682307,2.0261050592054886e-05,0.003908512081177438
Low,Low,0.00016329837376290608,0.988006810090661,0.011829891535575964
High,High,0.9732521779318608,0.00012229272273889618,0.026625529345400325
High,High,0.9996414228737521,2.937367072123891e-06,0.0003556397591757148
High,High,0.9983373125742074,1.0993609553926853e-05,0.0016516938162385712
Low,Low,8.866871037823822e-05,0.9675526530200754,0.03235867826954625
High,High,0.978546968804005,8.052653578362159e-05,0.021372504660211362
Low,Low,0.0004391400555041506,0.9411384776905171,0.058422382253978875
Medium,Low,0.001688691680207171,0.7887103712504838,0.20960093706930905
Low,Low,0.0021813872304117504,0.725607563965929,0.27221104880365926
Medium,Medium,0.3818462749444225,0.009576328342314224,0.6085773967132633
Medium,Medium,0.1336140592648266,0.029489122078783497,0.8368968186563899
High,High,0.9572585752345338,0.0003096284949435653,0.04243179627052264
High,High,0.9997091487916949,8.557214914062756e-07,0.00028999548681370765
High,High,0.9658447969211961,0.0001110663641444563,0.03404413671465963
High,High,0.9973871623907083,1.4944690273343158e-05,0.0025978929190184565
Medium,Medium,0.14875291951218605,0.0264385533187616,0.8248085271690524
High,High,0.7845683970390243,0.0012821427864980455,0.21414946017447778
High,High,0.9811419661923647,0.00011222869228831035,0.018745805115346965
High,High,0.9979803137480971,2.7905696521353138e-05,0.001991780555381523
High,High,0.7409443497402618,0.00201303524743557,0.2570426150123027
Low,Low,1.6510916517944505e-06,0.9997960817684284,0.00020226713991966692
High,High,0.7422909423450741,0.001632068744897003,0.2560769889100289
High,Medium,0.20647546020489263,0.1058603408620064,0.6876641989331009
High,Medium,0.43820509191959295,0.016325830020519152,0.5454690780598879
High,High,0.9992145914082029,3.0454897514553743e-06,0.0007823631020455458
High,High,0.9994104661651992,1.7127344451324868e-06,0.0005878211003556619
High,High,0.8088825470932491,0.0019533091827101143,0.18916414372404075
High,High,0.9997700950757193,2.0900856006649556e-06,0.0002278148386800194
High,High,0.9947300813453357,1.809065041053172e-05,0.00525182800425387
Medium,High,0.5449978578706671,0.0037854018161096125,0.4512167403132233
High,High,0.8937884830177828,0.0005569150320073188,0.10565460195020986
High,High,0.8439826524668508,0.0010545078991051656,0.1549628396340441
High,High,0.9999123377917264,4.803148273463604e-07,8.718189344627418e-05
Medium,Medium,0.03691045530293813,0.061010385977913695,0.9020791587191482
Medium,High,0.7586716865268941,0.002416774086526455,0.2389115393865793
High,High,0.6142177917532067,0.006256785857559224,0.37952542238923404
High,High,0.8822935853393576,0.0005910372042901776,0.11711537745635213
Low,Low,0.0016967273725322135,0.8589406907903588,0.13936258183710898
Medium,Medium,0.0198708750859476,0.20818449651280665,0.7719446284012458
Low,Low,0.00024927901690968495,0.9173313188686876,0.0824194021144028
High,High,0.9618362444042984,0.00015411295840293428,0.038009642637298766
High,High,0.9946446339359214,3.3980299751789826e-05,0.005321385764326756
High,High,0.9930933046918957,2.4913757816173658e-05,0.006881781550288007
High,High,0.9958310339010062,1.3947833573767402e-05,0.004155018265420011
High,High,0.9997035563497255,1.4418429084803807e-06,0.0002950018073658905
High,High,0.9955917048638185,3.0871779651618076e-05,0.004377423356529722
High,High,0.9960613868043123,1.2084868951474064e-05,0.003926528326736123
High,High,0.9967528756471087,1.03794170593042e-05,0.0032367449358320674
High,High,0.9837013180247722,6.697532971888235e-05,0.0162317066455088
Medium,Medium,0.06566479741670468,0.10479179837608253,0.8295434042072128
High,High,0.9993610184373939,2.637194746223351e-06,0.0006363443678599467
Low,Low,4.862264148509944e-05,0.9775928261028004,0.022358551255714527
High,High,0.9996432190109216,1.8294826074555118e-06,0.0003549515064709111
High,High,0.9581780784447209,0.0002865583380889704,0.04153536321719011
Medium,Medium,0.040514298275161266,0.037032282724247675,0.922453419000591
Medium,Low,0.011756630701273923,0.8140873972981957,0.17415597200053048
High,High,0.9995069252227732,5.192613869995568e-06,0.0004878821633568094
Low,Medium,0.13591928409137452,0.03884050214751714,0.8252402137611082
Medium,High,0.6168371248616645,0.010651904837931214,0.37251097030040436
Low,Low,3.163535865408191e-05,0.9855799181713171,0.014388446470028769
Low,Low,0.0001948283688962393,0.9454601776713024,0.0543449939598014
Low,Medium,0.02783317877176992,0.12823006543828683,0.8439367557899432
Low,Low,0.0025513411358329173,0.5521610928804699,0.44528756598369723
High,High,0.9324766951582252,0.0003057394888072723,0.06721756535296748
High,High,0.9461947442149455,0.000328032272348079,0.05347722351270629
Low,Low,0.0003729450028350881,0.8207692270869281,0.1788578279102368
High,High,0.9847303991646543,9.58163928217867e-05,0.015173784442524025
High,High,0.9996203453499135,1.8164635858141956e-06,0.00037783818650077156
High,High,0.9936313067655234,2.6758296131583414e-05,0.006341934938345138
High,High,0.9992772182321867,5.711663575151075e-06,0.0007170701042382548
High,High,0.8534924042733163,0.0009948824203812976,0.1455127133063024
Low,Low,5.783668942057496e-05,0.9925559550657067,0.007386208244872755
High,High,0.997144236839875,1.3241363801869818e-05,0.002842521796323014
Medium,Medium,0.018906906885262486,0.15257752446490852,0.8285155686498291
High,High,0.9996903831209059,4.485564439361271e-06,0.0003051313146546822
Low,Low,0.0039222794258143125,0.6302665162178762,0.3658112043563093
Medium,Low,0.0024696267146798114,0.6386282022143998,0.35890217107092043
High,High,0.9997402465171598,2.0196979598492617e-06,0.0002577337848802069
High,High,0.9830297143988578,8.57302387316145e-05,0.01688455536241045
High,High,0.9997516785739246,3.7827400919631083e-06,0.0002445386859834639
High,High,0.9936586662075432,1.9929760842534885e-05,0.006321404031614179
Medium,Medium,0.13197793971865546,0.11705148086746982,0.7509705794138747
High,High,0.9951832025667923,2.8678653804782997e-05,0.0047881187794028765
Low,Low,6.994294212969501e-05,0.9923440993528297,0.00758595770504055
Low,Medium,0.011637243650619938,0.3536481387790758,0.6347146175703042
High,High,0.9969343507625071,2.746197600974478e-05,0.003038187261482961
Medium,Medium,0.019800398781098565,0.34180076024071426,0.6383988409781872
Medium,Medium,0.04452223561209803,0.040003413272407334,0.9154743511154946
Low,Low,6.211975940490458e-05,0.9684059868438316,0.03153189339676363
High,High,0.9911523089751917,5.369813707569981e-05,0.008793992887732516
Medium,Medium,0.1762174759727512,0.025039438718185078,0.7987430853090637
High,High,0.9965975177171028,1.101638791155233e-05,0.0033914658949856544
High,High,0.8276119052166745,0.0013822939305127694,0.17100580085281286
High,High,0.8947618201254315,0.001085130283469248,0.10415304959109944
High,High,0.9533921889770616,0.000312399316027791,0.046295411706910636
High,High,0.9952613870043232,3.605986640791462e-05,0.004702553129268738
High,High,0.9811732237964013,0.00012825100668468827,0.01869852519691419
Low,Low,0.0003850094497588807,0.9265875733302924,0.07302741721994868
High,High,0.9993488917197357,2.9019670635325474e-06,0.000648206313200809
High,High,0.7804467984693865,0.0024381806696503867,0.21711502086096307
Medium,Low,0.001708647924466934,0.6865196454594775,0.31177170661605563
Medium,Low,0.014372411658304619,0.53607411527957,0.44955347306212534
Low,Low,1.1377523869935609e-05,0.9977346732688712,0.0022539492072589443
Medium,Medium,0.05365298293341441,0.12639439950452178,0.8199526175620638
Medium,Medium,0.11589100061374909,0.03411974479705534,0.8499892545891955
High,Medium,0.12832885059847013,0.05576751246165226,0.8159036369398777
High,High,0.999504237374446,4.497361390475171e-06,0.0004912652641635159
Medium,Medium,0.0373828965806983,0.04744133756667387,0.9151757658526279
Medium,Medium,0.05408936690334826,0.18472450462671733,0.7611861284699344
Medium,High,0.6303843041126483,0.003290117258397508,0.36632557862895404
Low,Low,0.0018502602930493294,0.7155883915250681,0.28256134818188255
High,High,0.6917681620184749,0.004444627641450698,0.3037872103400744
High,High,0.8546822689662132,0.0008680350075248744,0.14444969602626181
High,High,0.5829510628189012,0.005061086902980402,0.41198785027811835
High,High,0.979551313090884,4.22073930621675e-05,0.020406479516053847
Medium,Low,0.001466496022601309,0.783071037487313,0.21546246649008566
Medium,High,0.6419263601052122,0.004405363005123227,0.35366827688966446
Low,Low,5.8660272049637006e-05,0.9736494987549401,0.026291840973010364
High,High,0.9998197549299762,3.46246396862728e-06,0.00017678260605521982
Low,Low,0.002892809280269249,0.6093641918342548,0.3877429988854759
Medium,Medium,0.47974500980600815,0.01496305248979153,0.5052919377042003
High,High,0.9999249498751358,8.905465659990812e-07,7.415957829826695e-05
High,High,0.9304548619370002,0.0006897547647184326,0.06885538329828136
High,High,0.9997258815251908,1.4448030744682191e-06,0.00027267367173470467
Medium,Medium,0.4723051015529425,0.0076846697704105165,0.520010228676647
Low,Low,0.00036122880252928966,0.9155994540953228,0.084039317102148
Medium,High,0.7758329014536269,0.001112354533379121,0.223054744012994
High,High,0.9293703681244128,0.0005078707108369955,0.07012176116475032
Low,Low,0.0005668588083455078,0.9235263279510068,0.0759068132406478
Medium,High,0.70739698813727,0.0027587686454568824,0.28984424321727303
Low,Low,0.00014566329780524978,0.9819914197045393,0.017862916997655322
Low,Low,3.9125053875297096e-05,0.9916990619078243,0.008261813038300458
Low,Low,4.800856280759362e-06,0.9973951416419817,0.0026000575017374418
High,High,0.998547781559868,4.030429016925068e-06,0.0014481880111149917
High,High,0.961930773191275,0.00013275815415882166,0.03793646865456624
Low,Low,0.000203047327522217,0.9764396225076926,0.02335733016478528
High,Medium,0.06462045819956985,0.04935841740066121,0.886021124399769
High,High,0.9999130784129148,1.066768068765096e-06,8.585481901644483e-05
High,Medium,0.2787092682224947,0.021846074504752358,0.6994446572727528
High,High,0.9997902493220316,1.975394548668833e-06,0.00020777528341961915
High,High,0.9997245694009388,2.803009866368761e-06,0.0002726275891948196
High,High,0.9523030541712352,0.0004121128846819431,0.047284832944082894
High,High,0.9959050488919102,2.884128386841192e-05,0.004066109824221462
Medium,Medium,0.052856366797107805,0.0739292930184964,0.8732143401843958
High,High,0.9912780953261356,4.9082217357186186e-05,0.00867282245650699
High,High,0.9992038444919302,4.715060111961062e-06,0.000791440447957903
High,High,0.8664069600403123,0.0009875063334786507,0.1326055336262092
Medium,Medium,0.04453139644264414,0.0782351186775361,0.8772334848798197
High,High,0.9970353387151607,1.2894094596734963e-05,0.0029517671902426663
Low,Low,2.5687162419964767e-06,0.9994432099172281,0.0005542213665298908
High,High,0.9948140917836616,3.11611149792942e-05,0.0051547471013589875
High,Medium,0.4495703400777176,0.008107314347796645,0.5423223455744857
Medium,Medium,0.11549231040299344,0.03396460151011409,0.8505430880868924
Medium,Medium,0.02232609337486414,0.2905949996499942,0.6870789069751416
High,High,0.8457366827163398,0.001663299904801477,0.15260001737885873
Medium,Medium,0.43458122657115844,0.008743527554042159,0.5566752458747993
Low,Low,1.0385973390288023e-05,0.9980465050034196,0.0019431090231901962
High,High,0.9999030847834911,1.4483148174804689e-06,9.546690169141322e-05
Low,Low,3.570377561543331e-05,0.9875754660712827,0.012388830153102
Low,Medium,0.014601866904795553,0.42279888075589067,0.5625992523393137
Low,Low,0.0002212054912483425,0.9608851823694671,0.03889361213928468
High,Medium,0.4302446280131601,0.004936939270419475,0.5648184327164204
High,High,0.9355398184986998,0.00045889143182905435,0.06400129006947115
High,High,0.942696492843682,0.0006637847139124808,0.056639722442405706
Medium,Medium,0.43215193555137704,0.005661596659270274,0.5621864677893526
High,High,0.9646942726154882,0.00012775418424366703,0.035177973200267956
Medium,Low,0.0008664968377957101,0.8299783881386782,0.16915511502352606
High,High,0.8360982723703868,0.0005200593076539437,0.16338166832195922
High,High,0.9830829800826586,0.0002362806479549411,0.01668073926938657
Medium,Medium,0.10249421659443107,0.021110557860225268,0.8763952255453437
Low,Low,8.40125091862523e-05,0.989328710050768,0.010587277440045782
Medium,Medium,0.24045360681491385,0.03879727803983723,0.720749115145249
High,High,0.9996982258492045,1.1082385045513439e-06,0.0003006659122909104
High,High,0.9983495452215975,1.1215226911175403e-05,0.0016392395514914552
High,High,0.9866490766020016,9.024648022040716e-05,0.013260676917777846
High,High,0.7734930273750987,0.0014453614356533793,0.22506161118924795
Medium,Medium,0.06516786727108383,0.04689767485257893,0.8879344578763372
High,High,0.9980313699947192,7.146422312998499e-06,0.0019614835829677366
Medium,Medium,0.4564464780110721,0.009805715411860842,0.533747806577067
High,High,0.9884004417910118,3.87967447332673e-05,0.01156076146425478
High,High,0.9992180896797347,1.5156767288100847e-05,0.00076675355297715
High,High,0.9989834878886811,4.176753250544607e-06,0.0010123353580682682
High,High,0.9820657854666517,6.742472828086926e-05,0.01786678980506761
High,High,0.9926048856336548,2.6421621226085286e-05,0.007368692745119182
Low,Low,0.000905560177906869,0.7472337820407541,0.25186065778133887
Medium,Medium,0.011685937321753978,0.4652530902801378,0.5230609723981083
Low,Low,0.001499372582411752,0.8433046013671713,0.15519602605041694
Low,Low,0.0024098753443810676,0.6090708821762997,0.3885192424793191
Medium,Medium,0.24920097186333967,0.033459941170246046,0.7173390869664142
Medium,Medium,0.1563722916018061,0.03904661089237685,0.804581097505817
Medium,Low,0.0038067741281012676,0.6999392366384847,0.29625398923341406
High,High,0.8912040122721575,0.0006466170819503743,0.10814937064589217
Medium,Medium,0.034450080784681154,0.0943191346491454,0.8712307845661734
High,High,0.9988615088044357,4.866476628063813e-06,0.0011336247189361413
Low,Medium,0.014725548258284942,0.2869521307857554,0.6983223209559597
Medium,Medium,0.02711265383429837,0.09625210970592225,0.8766352364597793
High,High,0.9722218956732688,0.0004120598734655187,0.027366044453265632
High,High,0.9980229283483745,1.1418331859571058e-05,0.0019656533197661454
Medium,Medium,0.00837791451629335,0.3925424700225787,0.599079615461128
High,High,0.9955158973846135,2.853949307219152e-05,0.004455563122314258
Medium,Low,0.008246417140630737,0.565444763339692,0.42630881951967725
High,High,0.9892594617654838,5.717957837170692e-05,0.01068335865614444
High,High,0.994343050268108,2.1276594751728204e-05,0.005635673137140375
High,High,0.9994203438811574,2.5104463977491225e-06,0.0005771456724447706
High,High,0.9646574724085542,6.884645414013705e-05,0.03527368113730569
Medium,Medium,0.05526299202434345,0.11855135439606197,0.8261856535795946
Medium,Medium,0.2324215232299478,0.028510753186988768,0.7390677235830635
High,High,0.9966874450292043,1.6091077313497705e-05,0.0032964638934822586
Medium,Medium,0.4397189674303904,0.01415400821860606,0.5461270243510035
Low,Low,9.637164856356627e-05,0.9652708495621559,0.03463277878928063
Medium,Medium,0.33016049484385224,0.01006911020532745,0.6597703949508202
Medium,Medium,0.01642436140049546,0.1755086004861259,0.8080670381133785
Medium,Medium,0.01014102007783264,0.2699353352909923,0.7199236446311751
High,High,0.9972063453015557,1.5518046892266948e-05,0.002778136651552055
Low,Medium,0.01359125308137161,0.20179837486684926,0.7846103720517791
High,High,0.9960509066275397,1.4639914306997302e-05,0.0039344534581532715
High,High,0.9976765803507648,8.591891881385973e-06,0.002314827757353916
Medium,Low,0.011388156980833463,0.5039272804648048,0.4846845625543617
High,High,0.9926398953674065,2.233330212167072e-05,0.007337771330471924
High,High,0.9049587932569596,0.0003391766715512729,0.094702030071489
High,High,0.9998713580330353,1.3137731518928876e-06,0.00012732819381273687
High,High,0.9497969050335462,0.00021811816358223126,0.04998497680287158
Medium,Medium,0.05794928095294599,0.07774155486031359,0.8643091641867404
High,High,0.9998635314395836,1.1553617874364864e-06,0.00013531319862899059
Medium,High,0.7956522413466476,0.0010568542866845258,0.2032909043666679
High,High,0.996746944861065,8.276377818596048e-06,0.0032447787611165004
Medium,Medium,0.019939545500691835,0.282425008741134,0.6976354457581742
Low,Low,0.004516112238893053,0.6218760649133985,0.3736078228477084
Low,Medium,0.021526849466644585,0.3084208310980347,0.6700523194353207
Medium,Medium,0.014655817453875673,0.30084337385291715,0.6845008086932072
Low,Medium,0.005591494666587529,0.46723292837862695,0.5271755769547855
High,High,0.9942981221127863,2.119298771202071e-05,0.0056806848995014795
High,High,0.989632835646764,7.680597743815985e-05,0.010290358375797806
Low,Low,0.000856905706676559,0.8807528930510321,0.11839020124229133
Medium,High,0.7011845137706418,0.002509422227943159,0.29630606400141507
High,High,0.9997289494315221,1.2477429542648616e-06,0.0002698028255235828
Medium,High,0.5143954192392216,0.0085482401114744,0.4770563406493039
Low,Low,0.0002166224225286858,0.9476608884091127,0.05212248916835878
High,High,0.999307406572177,4.869114314250949e-06,0.000687724313508856
High,High,0.9993657223033833,3.6746486696325606e-06,0.0006306030479471126
Medium,Medium,0.0734662783323685,0.07044267594023283,0.8560910457273986
Low,Low,0.001682276550721754,0.8027718179712124,0.19554590547806572
Medium,Medium,0.06498545727566377,0.13341995951308888,0.8015945832112473
High,High,0.997972048375747,4.371469972153173e-06,0.0020235801542807853
Low,Low,4.8949800902886086e-05,0.9638085268303392,0.036142523368757805
Medium,Medium,0.48017550931799763,0.007835576798470835,0.5119889138835315
Medium,Medium,0.009126919521646171,0.38192642214635386,0.6089466583319999
Low,Medium,0.010116900341218366,0.41813231695487807,0.5717507827039036
High,High,0.797016696712493,0.002167875612565651,0.20081542767494143
High,Medium,0.2647062145801313,0.00634447217011889,0.7289493132497499
Medium,Low,0.005468251094506181,0.560447462608523,0.4340842862969709
High,High,0.6010030087126388,0.006348304661541655,0.3926486866258194
Medium,Medium,0.24186090298644172,0.030488512391778202,0.7276505846217801
High,Medium,0.19203303949366152,0.024253718446955657,0.7837132420593829
Medium,Medium,0.24030756708521153,0.020038027692911915,0.7396544052218765
Medium,Low,0.0012564748463448695,0.8344060036809513,0.16433752147270383
Medium,Medium,0.009146900800869096,0.29384217722478095,0.6970109219743499
High,High,0.997130972481728,2.6588306796080904e-05,0.0028424392114758763
High,High,0.894837152297387,0.0006066728487063607,0.10455617485390654
High,High,0.9866961636044651,6.590916732040876e-05,0.01323792722821447
High,High,0.9948039071632079,3.155187915411043e-05,0.005164540957637961
High,High,0.9999215693342899,1.2268233764842472e-06,7.720384233355389e-05
Low,Low,0.0010319300909865767,0.7221153462542682,0.27685272365474517
Low,Low,0.00027624351535398596,0.8889087266428523,0.11081502984179378
High,High,0.9735273085107549,0.000153618673271431,0.02631907281597362
High,High,0.9948808514028131,3.499687540133368e-05,0.005084151721785517
Low,Medium,0.011846291439686525,0.21979673163634458,0.7683569769239689
High,High,0.9978279707152865,6.123390096711692e-06,0.0021659058946168286
Medium,Medium,0.02944434961778295,0.12692046278755414,0.8436351875946629
High,High,0.9998820742818715,9.006220114909961e-07,0.00011702509611710024
Medium,Medium,0.2345352026310544,0.03013232692069451,0.7353324704482511
High,High,0.9992949357393878,1.4716990314952877e-05,0.0006903472702972443
High,High,0.9836022822103311,3.5225970563466634e-05,0.016362491819105582
Medium,High,0.5845278969805597,0.011253633041284506,0.4042184699781557
Medium,Medium,0.04583269665997548,0.03497833586147763,0.9191889674785468
Medium,Medium,0.04383159319197701,0.12128274379009148,0.8348856630179314
High,High,0.9396786416009226,0.0002501992521197036,0.060071159146957674
Medium,Medium,0.21535190067846327,0.03269721700868014,0.7519508823128566
High,High,0.9055129397305158,0.0005451775295698671,0.09394188273991415
High,High,0.9986347710964528,5.588123447385948e-06,0.0013596407800997605
High,High,0.9955124428382197,2.612453346558085e-05,0.004461432628314928
High,High,0.9990758330032196,4.212348442164111e-06,0.0009199546483383269
Medium,Medium,0.07927938080112154,0.03510979615152487,0.8856108230473535
Medium,High,0.7540617905771889,0.0031584846188073396,0.24277972480400364
High,High,0.9880104738320182,2.5655218921775962e-05,0.011963870949060037
Medium,Medium,0.2439403240712982,0.029703021250266776,0.726356654678435
Low,Low,0.00285317089190222,0.6340193361409312,0.3631274929671666
Low,Low,5.413800308262708e-05,0.9926188860958906,0.007326975901026878
High,High,0.9976613396095405,1.6007887048587237e-05,0.0023226525034108466
High,High,0.9791477959477622,8.955606305195283e-05,0.020762647989185937
Low,Low,0.00012955603298755398,0.9717261352659712,0.028144308701041298
High,High,0.9964032088199929,4.60941560109452e-05,0.003550697023996243
Medium,Medium,0.10868239000352406,0.04540189672319738,0.8459157132732786
High,Medium,0.32564956542865986,0.01579182004276489,0.6585586145285752
High,High,0.9999754816686339,4.2381837551277074e-07,2.409451299042926e-05
High,High,0.9904298633769789,3.1174365487170744e-05,0.009538962257534027
High,High,0.6500976620369192,0.002611749403504025,0.3472905885595768
High,High,0.9958665626294719,1.7927587877745598e-05,0.004115509782650264
High,High,0.9994516082642397,5.963715663681932e-06,0.0005424280200965879
Medium,Medium,0.015200161028249618,0.17780299072360148,0.8069968482481489
Medium,Medium,0.05808209681449907,0.10477901295636617,0.8371388902291348
High,High,0.9737745834938955,0.0002150090830668199,0.02601040742303766
High,High,0.6346977945086287,0.004488937690669168,0.36081326780070216
Medium,Medium,0.17818592388335022,0.021069654361600475,0.8007444217550493
Medium,Medium,0.4229100228730284,0.030630008055590276,0.5464599690713813
High,Medium,0.23567717022707801,0.009472130863580345,0.7548506989093416
High,High,0.9962086338887585,1.5941272530215045e-05,0.0037754248387111625
High,High,0.9970678212291469,2.4578270540506336e-05,0.0029076005003125334
High,High,0.9994954787369087,3.2984614531880007e-06,0.0005012228016379894
Medium,Medium,0.11609949649190365,0.05337764235414046,0.8305228611539559
High,High,0.9122126915525616,0.0009459383843936805,0.0868413700630448
High,High,0.6050634874220218,0.010255107795774427,0.3846814047822039
High,Medium,0.26576398906051707,0.017484677260156258,0.7167513336793266
High,High,0.9992272061415826,4.717194235110303e-06,0.000768076664182394
High,High,0.9994243783427111,4.478098123610708e-06,0.0005711435591652524
Medium,Medium,0.47576898093735803,0.007555636279089364,0.5166753827835526
High,High,0.9996020338448449,7.327940840694183e-06,0.00039063821431439334
Low,Medium,0.017883683576131303,0.19795429870816883,0.7841620177156998
High,High,0.999389217335591,1.780247462210007e-06,0.0006090024169467073
Low,Low,0.00230709823425617,0.7811809390591331,0.21651196270661063
High,High,0.9959370800352872,2.835526597876579e-05,0.004034564698733866
High,High,0.9976926731187734,5.771104983279215e-06,0.0023015557762434457
High,High,0.9998587981757536,5.328581362109453e-07,0.0001406689661100582
High,High,0.9852232552700864,8.386763286575778e-05,0.014692877097047904
High,High,0.9998083871511907,6.037867818588059e-06,0.00018557498099060806
High,High,0.9998312908390788,1.8770710748023266e-06,0.00016683208984642284
Low,Low,0.003704522427943419,0.8231629872287111,0.17313249034334546
High,High,0.9989456620420707,9.47847834029676e-06,0.0010448594795889263
High,High,0.8176037060461225,0.0010210155835160802,0.18137527837036133
High,High,0.998521843009108,5.9180830154179685e-06,0.001472238907876582
High,High,0.9833650146551324,9.719038276403113e-05,0.016537794962103416
High,Medium,0.3178682195342371,0.014622127939727867,0.6675096525260351
High,High,0.9990592184765407,4.99911264350022e-06,0.0009357824108158353
Medium,High,0.7479554067083507,0.00143748696732349,0.2506071063243258
High,High,0.9971498184867132,1.0687285221264226e-05,0.002839494228065458
High,High,0.9782740810487457,0.0003615162488568898,0.021364402702397454
High,High,0.9935743310427557,3.666570634878548e-05,0.006389003250895387
High,High,0.9586263486786002,0.00029779521944777056,0.041075856101951885
High,High,0.9997752367199896,3.464228469610103e-06,0.00022129905154080545
High,Medium,0.49000279674583663,0.005785042491838399,0.504212160762325
High,High,0.9984247614372255,2.6039363993060464e-05,0.001549199198781596
Low,Low,0.0006780336340267436,0.8533636226646633,0.1459583437013101
High,High,0.9910311426822852,2.9208779711159738e-05,0.008939648538003725
High,High,0.5683909947170633,0.004262423675143925,0.4273465816077927
High,High,0.996451722058213,4.5068988593863235e-05,0.00350320895319317
High,High,0.9911780980163508,3.348991871311631e-05,0.008788412064935976
High,High,0.999380272315948,3.143582467221527e-06,0.0006165841015848504
High,High,0.9975747949788744,3.765999626187348e-05,0.002387545024863723
Medium,Medium,0.3390476254485675,0.014429097698094154,0.6465232768533383
High,High,0.9432151707283734,0.0003226964695705685,0.05646213280205606
High,High,0.9994336793849266,2.560789205137472e-06,0.0005637598258683205
High,High,0.9829455097256319,0.0001584005119361336,0.016896089762431888
High,High,0.9921212386009501,2.5803309317720167e-05,0.00785295808973209
High,High,0.9061292516087925,0.0005404285327916016,0.09333031985841586
Low,Low,5.8359790974746186e-05,0.9837659826013674,0.016175657607657965
Low,Low,0.0007459636638042124,0.8998141222853905,0.09943991405080539
High,High,0.9998632029379709,7.27735984666001e-07,0.00013606932604435227
High,Medium,0.4231448957909889,0.004786068554106611,0.5720690356549045
High,High,0.9960663001669305,9.526524548209087e-06,0.003924173308521434
Medium,Medium,0.0820563783563902,0.10483825553470122,0.8131053661089086
High,High,0.9990563965352168,1.5699862385179933e-05,0.0009279036023978589
High,High,0.9432807689217976,0.001020329782700182,0.05569890129550226
High,High,0.9684658692829529,6.532518778025489e-05,0.03146880552926684
High,High,0.9210423472349305,0.0004833682368288171,0.0784742845282407
High,High,0.9888416652359477,3.1061839551568144e-05,0.011127272924500739
Medium,Medium,0.2500468803281636,0.04134701410108297,0.7086061055707534
Low,Low,6.99141496747628e-05,0.9714688161808842,0.02846126966944095
High,Medium,0.24506798721614279,0.03304926274953493,0.7218827500343223
Low,Low,0.0012534039548693164,0.6628139500186702,0.33593264602646045
High,Medium,0.17202120798053905,0.03539588423478466,0.7925829077846763
Medium,Medium,0.006662934914709878,0.38304023015563926,0.6102968349296509
High,High,0.9817793327562352,6.319324281604264e-05,0.018157474000948585
Medium,Medium,0.13328617846890997,0.04373251562848045,0.8229813059026095
Medium,Medium,0.0540516726227328,0.06754677180737186,0.8784015555698954
Medium,Low,0.0018362919852290163,0.6900047266025976,0.30815898141217335
High,High,0.9881460042288093,4.7385463814174806e-05,0.011806610307376474
High,High,0.9942874962395202,4.073264419335983e-05,0.005671771116286379
High,High,0.8569859585987923,0.001663743499573832,0.14135029790163386
Low,Low,0.0011972029730929693,0.6340944531779621,0.36470834384894496
Low,Low,0.00262835514493865,0.7369832432727571,0.26038840158230425
Low,Medium,0.024431918709871422,0.2879943761889771,0.6875737051011515
Low,Low,4.6173956658794927e-05,0.9803419416862926,0.019611884357048623
High,High,0.9745302157294439,0.00020246143856000602,0.025267322831996245
High,High,0.9940482305537657,3.286533630961651e-05,0.005918904109924823
Low,Medium,0.00916341512421647,0.3104193169978062,0.6804172678779773
High,High,0.5498551809788628,0.0039658737696086676,0.4461789452515286
Low,Low,0.002656344712126055,0.7377584544018518,0.2595852008860221
High,High,0.7765976670054715,0.001220759100700492,0.22218157389382795
High,Medium,0.3791368817830057,0.01406649151805793,0.6067966266989364
High,High,0.5776291809719835,0.004405323690156353,0.4179654953378601
High,High,0.9959054829098729,2.9708441937400775e-05,0.0040648086481897
High,High,0.9549826363794528,0.0004499761833160142,0.044567387437231105
Medium,High,0.6570249796730255,0.006404051767256231,0.3365709685597182
High,High,0.9888842712676083,3.5951435190897616e-05,0.011079777297200813
High,High,0.9827267936119232,4.5482296134356406e-05,0.017227724091942415
High,High,0.9998854015590621,1.5800563955029102e-06,0.00011301838454244508
High,High,0.9171047809336491,0.00039928442763126945,0.0824959346387198
High,High,0.9969561414882671,4.083667946335061e-05,0.0030030218322696714
High,High,0.9980078533294815,6.7441521462442305e-06,0.001985402518372223
Medium,High,0.7537478231957631,0.0034207403897635468,0.24283143641447325
Medium,Medium,0.15330275211750824,0.021786874132373794,0.8249103737501179
High,High,0.9999130590689131,9.991842999523136e-07,8.594174678670077e-05
High,High,0.9803686903296559,0.00024397812036413213,0.01938733154997993
Low,Medium,0.016625153128427186,0.3203286313094308,0.663046215562142
High,High,0.9993539430209868,5.7316416747243695e-06,0.0006403253373383555
Medium,Medium,0.23693300021573108,0.03816239056774736,0.7249046092165216
High,High,0.9821009267459188,3.6268564902169366e-05,0.017862804689179234
High,High,0.9989635802916818,4.7143173429578955e-06,0.001031705390975253
High,High,0.9961513803587311,2.0135180708312486e-05,0.0038284844605605867
Low,Low,0.0018510823252277182,0.6243094076327859,0.3738395100419865
High,High,0.999970023727546,3.491986044476917e-07,2.962707384972378e-05
Medium,High,0.53204378074195,0.0029352050422358058,0.46502101421581427
Medium,High,0.9442027171736891,0.0001793158480220306,0.05561796697828878
High,High,0.9994169915970904,4.780689570165856e-06,0.0005782277133393021
High,High,0.9965394223999733,7.4130014965091984e-06,0.003453164598530161
Medium,Medium,0.10091647594256482,0.07792756973950274,0.8211559543179324
Medium,High,0.6452541904178818,0.004990790089089653,0.34975501949302845
High,High,0.9925524802342024,2.449825325723058e-05,0.007423021512540373
Low,Medium,0.017322033468819855,0.22036046646637739,0.7623175000648027
High,High,0.9776360240702141,0.00027725187888088073,0.022086724050905063
High,High,0.6895420480170288,0.0046389390201364,0.3058190129628348
High,High,0.9635936238166921,0.00013820629005702737,0.03626816989325092
High,High,0.9988454623183349,5.827968264823625e-06,0.0011487097134001267
High,High,0.9997912656251183,2.405221630307273e-06,0.00020632915325149341
High,High,0.998982783322374,1.5175763306734818e-06,0.0010156991012953427
High,High,0.9986138190885644,6.670881719420357e-06,0.0013795100297163416
Low,Low,0.00027027353083007637,0.9632069033408404,0.03652282312832951
High,High,0.9998437562438334,6.623626227617827e-07,0.0001555813935438111
High,Medium,0.20114745045033755,0.018461800355266733,0.7803907491943958
Low,Low,0.0007748324333947311,0.8949268263425472,0.10429834122405804
Medium,High,0.5803790287405568,0.00726617983414464,0.41235479142529846
High,High,0.9761285104774059,0.00015197247980522905,0.02371951704278877
High,High,0.9394534351648658,0.0003809802157482861,0.06016558461938595
Medium,Medium,0.010980528235086214,0.2264211335884431,0.7625983381764707
High,High,0.9997176150587159,2.623894547355645e-06,0.0002797610467367216
High,High,0.9956145587935866,2.1876588729229462e-05,0.004363564617684091
High,High,0.9903884252208464,4.892573039169028e-05,0.009562649048761949
High,High,0.984040941243756,8.543691612807072e-05,0.01587362184011588
High,High,0.9992492183876959,4.1119088505501836e-06,0.0007466697034535971
Low,Low,2.2234603519006926e-05,0.9920611927964529,0.007916572600027934
High,High,0.8765557196418524,0.0006648486391692514,0.12277943171897832
Medium,Medium,0.0083881790368372,0.35281004503175944,0.6388017759314033
High,High,0.9478022646638822,0.00026795063623228835,0.05192978469988568
Medium,Medium,0.03265631887496625,0.11916552315805269,0.8481781579669811
Medium,Medium,0.0372677050672885,0.13004059636997192,0.8326916985627396
Medium,Medium,0.015510150604867476,0.15341772461741132,0.8310721247777213
Low,Low,3.2849689173965627e-06,0.9992940452233922,0.0007026698076904991
Low,Low,0.008577853736750164,0.7262213146014749,0.26520083166177494
High,High,0.9951492983579865,2.2235727949043763e-05,0.004828465914064567
Medium,Medium,0.10274210936651221,0.08887090379132288,0.8083869868421649
High,High,0.9979135404356374,6.812240847625986e-06,0.002079647323514912
Medium,Medium,0.15979542808279767,0.028336877045864576,0.8118676948713378
High,High,0.9912943988684664,2.7620089596361027e-05,0.008677981041937196
Medium,Low,0.0012207378457718071,0.9015530594718811,0.09722620268234704
High,High,0.9918964869899927,6.437009055195192e-05,0.008039142919455287
High,High,0.9996167876654688,2.3415224211089774e-06,0.0003808708121099253
High,High,0.9340341441235994,0.0006992580593263746,0.06526659781707422
High,High,0.9999569044850947,4.3759954375601866e-07,4.2657915361691686e-05
High,High,0.9967859162708493,1.653820158847562e-05,0.00319754552756223
High,High,0.904959138402939,0.0004756552418821723,0.09456520635517875
Medium,Medium,0.0459557777271225,0.13391208905874546,0.820132133214132
High,High,0.9999334209416877,5.631619546942819e-07,6.601589635767962e-05
High,Medium,0.17105910619498352,0.07345767628040015,0.7554832175246163
High,High,0.9856605711532755,6.735903146983186e-05,0.014272069815254557
High,High,0.9848717651659314,0.00016103188520976634,0.014967202948858624
High,High,0.996289044673399,2.1085849740808725e-05,0.0036898694768602615
High,High,0.9991800844790042,5.4923740177171025e-06,0.0008144231469780018
Medium,Medium,0.10574470909607024,0.04242532288442452,0.8518299680195052
High,High,0.9723179795280488,0.0002649581466813993,0.027417062325269862
Low,Low,0.0035891803579365163,0.5030037460265052,0.49340707361555813
Medium,Medium,0.029423713999746567,0.22945871397455866,0.7411175720256947
High,High,0.8190610501579846,0.0010115229746958908,0.17992742686731955
High,High,0.9818332828043076,6.672989702065348e-05,0.01809998729867171
High,High,0.6578085385668696,0.0032007390081765837,0.3389907224249537
Medium,Medium,0.08809002716462142,0.06724009117297598,0.8446698816624025
Low,Medium,0.0025689415789369365,0.4419163775888346,0.5555146808322284
High,Medium,0.4751257373005536,0.002203245813935199,0.5226710168855112
Medium,Medium,0.31787755552862196,0.013301846207740215,0.6688205982636378
Low,Medium,0.09669978739414418,0.03979215057987253,0.8635080620259832
High,High,0.9998237832026283,5.66215672312674e-07,0.0001756505816994663
High,High,0.9783011251907383,8.545812852593201e-05,0.021613416680735856
Medium,Medium,0.027191510929886423,0.12872119031592646,0.8440872987541872
High,High,0.9887306904385068,6.923148179913542e-05,0.011200078079693884
High,High,0.9858638392851322,3.802861332239887e-05,0.01409813210154547
High,High,0.9956222199057164,3.2498918406091634e-05,0.004345281175877411
Medium,High,0.8968279006440721,0.00043536123798480417,0.10273673811794302
High,High,0.9992025021831915,2.4640618914884638e-06,0.0007950337549169468
High,High,0.859959626366748,0.0005388939175345026,0.1395014797157173
Medium,Medium,0.03593702333067996,0.33982532725936293,0.6242376494099571
Medium,High,0.9800674711877617,8.973914377113005e-05,0.019842789668467108
Low,Low,0.00048216834741288795,0.8847510022607157,0.11476682939187123
High,High,0.9994111100536415,2.252976910122969e-06,0.0005866369694483719
High,High,0.9643315205865798,0.00015945638349503026,0.03550902302992504
Medium,Low,0.0037627473411997107,0.5311222180339236,0.46511503462487674
High,High,0.9997108781968581,6.390462191247102e-07,0.0002884827569227887
High,High,0.9807121110341386,8.539666277820787e-05,0.019202492303083275
Low,Low,0.00016181376960044697,0.9771254715796084,0.022712714650791093
High,High,0.9996800962339009,1.7416532600409928e-06,0.00031816211283913396
High,High,0.935217680212144,0.0003234106827305438,0.0644589091051253
High,High,0.9998995058869499,8.672880251836089e-07,9.9626825025004e-05
Low,Low,0.000971908379299917,0.8597745347474852,0.13925355687321503
Medium,Medium,0.2081137403353281,0.01717166978013632,0.7747145898845357
Medium,Medium,0.12294425778079204,0.024279930499516742,0.8527758117196913
High,High,0.9998547740503793,1.2556653316245562e-06,0.00014397028428898956
High,High,0.9994406726549988,3.188392257333934e-06,0.0005561389527438086
Medium,Medium,0.09899812611805882,0.052103680862394953,0.8488981930195462
Medium,Low,0.00602583589594458,0.5031197158503783,0.49085444825367713
High,High,0.9961329290179036,1.2937115205910436e-05,0.003854133866890415
High,High,0.9347970044599906,0.00025464150682287664,0.06494835403318659
High,High,0.5519321239585034,0.012628488466755695,0.4354393875747409
High,High,0.9998605672322786,2.7742600012906906e-06,0.00013665850772004835
High,High,0.9973711221271253,2.4334739453819636e-05,0.0026045431334207857
High,High,0.9394408561111786,0.0005458552344306162,0.06001328865439073
Medium,Medium,0.17402272823753392,0.03658038752945623,0.7893968842330099
High,Medium,0.1607023905788122,0.016081345545731752,0.8232162638754561
Medium,Medium,0.45509173594524277,0.008820224545142601,0.5360880395096146
High,High,0.9096893704345845,0.0005112689150810614,0.08979936065033428
Medium,Medium,0.02487108472307327,0.12226669095755659,0.8528622243193701
Medium,Medium,0.40025407117730355,0.01878302369238655,0.5809629051303099
High,High,0.9971866707120466,4.432282283580663e-05,0.0027690064651174785
High,High,0.9973001403282749,9.740431831275885e-06,0.0026901192398938968
High,High,0.9995863093306101,2.642357242453418e-06,0.00041104831214738917
High,High,0.9443775696550257,0.00018027613113472175,0.05544215421383969
Low,Medium,0.006306110254248209,0.3512499051837433,0.6424439845620085
High,High,0.9992550272578941,6.743171718480534e-06,0.0007382295703874668
High,High,0.9957683974078179,4.9217357228902526e-05,0.004182385234953187
Low,Low,0.0015881069625055667,0.7175401972939495,0.280871695743545
Medium,Medium,0.17224543906639606,0.022452458666227006,0.805302102267377
High,High,0.9993675173458298,6.832227136244423e-06,0.0006256504270337511
High,High,0.9998556188941068,6.504269332690021e-07,0.00014373067895989133
High,High,0.857729676528667,0.000632655080530104,0.14163766839080286
High,High,0.9970696609983847,1.2928699117511423e-05,0.0029174103024978914
Medium,High,0.7966056259304839,0.00222091691937014,0.20117345715014612
High,High,0.9244232238639312,0.0002999044083452605,0.0752768717277236
High,High,0.885413255159566,0.0007631712392096297,0.11382357360122426
Low,Low,0.0002599602520712761,0.9477831232657812,0.05195691648214761
High,High,0.9716088840006842,0.0001653322180191833,0.028225783781296785
Low,Low,0.0053982507039296275,0.5727637870814052,0.42183796221466524
Low,Low,0.005099882019591691,0.7832334112628471,0.21166670671756124
High,High,0.9987654512190574,9.385278823085304e-06,0.0012251635021195677
Low,Low,0.00012527250515022257,0.9581220270257281,0.04175270046912156
High,High,0.9994749680833062,3.1314663904211044e-06,0.0005219004503034264
High,High,0.9980187563613878,4.202577111769472e-06,0.0019770410615002317
High,High,0.9958867946279475,1.7284218463939328e-05,0.0040959211535887
Low,Low,0.0019030515926652218,0.8417851284127063,0.15631181999462862
High,Medium,0.23270850659761455,0.01242138075094456,0.7548701126514409
Medium,Medium,0.006659082693428357,0.3736075356612684,0.6197333816453032
High,High,0.9997669220944747,3.827301414605843e-06,0.00022925060411067204
High,High,0.7790166691652366,0.001210747766191019,0.21977258306857228
Medium,Medium,0.018836119586098654,0.21508351118372016,0.7660803692301813
Medium,High,0.6425366881014102,0.00501921062087796,0.3524441012777119
High,High,0.9872693303529372,0.00011201219522640755,0.012618657451836442
Medium,Medium,0.1518007727176586,0.07754390949973534,0.770655317782606
High,High,0.9344554009738089,0.00022867651198361257,0.06531592251420745
Low,Low,0.0036863340780761062,0.5205811274813171,0.4757325384406068
Medium,Medium,0.0071301268357358595,0.29731751980295285,0.6955523533613114
Medium,Medium,0.04414166464432068,0.12404220203764156,0.8318161333180377
Medium,Medium,0.01144019048984957,0.3080767723388937,0.6804830371712568
Low,Low,0.0011634284892567523,0.7147602411526432,0.2840763303580999
High,High,0.9958292023474186,1.972515150789904e-05,0.0041510725010734705
High,High,0.9952189366575779,2.6230403187345345e-05,0.004754832939234724
High,Medium,0.077283392757267,0.05485953150234342,0.8678570757403895
High,High,0.9943025001020391,1.9744518942483826e-05,0.005677755379018432
Low,Low,5.752236178080739e-06,0.9992818134405589,0.0007124343232629778
High,High,0.9989305621535821,3.4208387992188925e-06,0.0010660170076186677
High,High,0.9921331749817336,7.18785260739422e-05,0.007794946492192596
Medium,Medium,0.006698547228297242,0.486312396643721,0.5069890561279817
Medium,Medium,0.12943554368513688,0.06418856538519002,0.8063758909296731
High,High,0.9958871197360728,3.593858612844464e-05,0.0040769416777988315
High,High,0.8984899525521227,0.000585657634191574,0.1009243898136858
Low,Low,0.0005035607412194006,0.8948826463202569,0.10461379293852364
High,High,0.7925795240585363,0.0011894851747251895,0.20623099076673862
Low,Medium,0.011934250661731862,0.36781908620782355,0.6202466631304445
Medium,High,0.8406010278262056,0.0014196728053032966,0.1579792993684912
High,High,0.9917172450307564,9.27499908538557e-05,0.008190004978389627
High,High,0.9983778828828813,6.958702017389987e-06,0.0016151584151012485
Medium,Medium,0.028110838684031372,0.39841989310402465,0.5734692682119439
High,High,0.8269963010068593,0.0015913333516839783,0.17141236564145676
High,High,0.9990524036200679,1.682917877123419e-05,0.0009307672011609769
Medium,Medium,0.05505660960011999,0.11920605419137123,0.8257373362085088
High,High,0.9925978340474156,3.8664915499091366e-05,0.007363501037085139
Medium,High,0.8606988138085125,0.0010953998965751105,0.13820578629491231
Low,Medium,0.003754501506904907,0.39244376913569096,0.6038017293574041
High,High,0.9324150560696903,0.0008012038757997902,0.06678374005450972
High,High,0.9926025163456936,2.4691331918566096e-05,0.007372792322387765
Medium,Medium,0.11907197718280574,0.030617525026439513,0.8503104977907548
Low,Low,0.0023975374430090196,0.744439275058591,0.25316318749839983
Low,Low,0.00034410728335355803,0.923600062865537,0.07605582985110959
Medium,Medium,0.382132654007416,0.008788596298737137,0.6090787496938469
High,High,0.9922879187914505,2.533480516712923e-05,0.007686746403382275
High,High,0.9452284586744139,0.0006286811629054687,0.054142860162680675
Low,Low,0.0029080264830357956,0.6818100630283932,0.31528191048857096
High,High,0.9982085113982,9.429988145038997e-06,0.0017820586136550257
Low,Low,0.0007234348030927622,0.8712789618295306,0.12799760336737656
High,High,0.9975107213018687,1.9714501151529148e-05,0.0024695641969796345
High,Medium,0.1486724544530209,0.03811539724546265,0.8132121483015163
Medium,Medium,0.0334662230275438,0.14626620617722816,0.820267570795228
Low,Low,7.190750793503968e-05,0.9931237434240743,0.006804349067990858
High,High,0.8785444550067689,0.000738329449143961,0.12071721554408718
High,High,0.9962414015913618,1.4068559557070438e-05,0.0037445298490811673
High,High,0.9979505247375148,1.0640547978188892e-05,0.002038834714506969
Low,Low,0.0007569020471299119,0.9239506682627551,0.0752924296901151
High,High,0.9964248757523304,3.2249739035819963e-05,0.0035428745086337025
High,High,0.9991228859267004,6.017173270617491e-06,0.0008710969000288634
High,High,0.9996581494111645,4.8524156132550206e-06,0.0003369981732220507
High,High,0.988861231504629,0.00025188886654320294,0.010886879628827891
Medium,Medium,0.12997404543052052,0.06808056859203813,0.8019453859774414
Low,Low,0.0005471319474766538,0.8165211814498753,0.182931686602648
Low,Low,0.00256710270239648,0.6283545878620876,0.36907830943551584
High,High,0.9976303155551834,1.7318359955546302e-05,0.002352366084861023
High,High,0.9987397818559323,6.2944474091654e-06,0.0012539236966585734
High,High,0.9996042624827621,6.357634590257678e-06,0.00038937988264767633
High,High,0.9989613312971763,2.685938151241924e-06,0.0010359827646724308
High,High,0.9960732864083455,3.2658020423960244e-05,0.0038940555712305316
High,High,0.9722268840972051,0.00024095608109795614,0.027532159821696912
High,High,0.997628806208452,9.608300250112701e-06,0.0023615854912978737
High,High,0.8869746698343006,0.0020027278801149078,0.1110226022855844
Medium,Medium,0.39114112572730814,0.011870888635683162,0.5969879856370088
Medium,Medium,0.06752735183656111,0.0673372669174675,0.8651353812459714
High,High,0.9989157942646892,6.033598341487181e-06,0.00107817213696926
Medium,Medium,0.0799041315018073,0.0435724758652236,0.8765233926329691
Low,Medium,0.008948490370028397,0.40686498761206,0.5841865220179115
Medium,Medium,0.10267452728390394,0.009616268710992101,0.887709204005104
Low,Low,0.00037046951331016207,0.9464924219503235,0.05313710853636647
Low,Low,6.67822910569761e-05,0.9824292469920471,0.017503970716895797
High,Medium,0.3793211775628973,0.007876748359289983,0.6128020740778126
Medium,Medium,0.057955501244001444,0.17031850747783717,0.7717259912781614
High,High,0.9997454571498826,1.449819501755825e-06,0.00025309303061556734
Medium,Medium,0.262885495511043,0.009547287215706916,0.72756721727325
Low,Low,0.006022108594815335,0.49950805821938643,0.4944698331857981
High,High,0.9987938316608377,6.668143703758562e-06,0.0011995001954585595
Medium,Medium,0.10580973051971265,0.03466058365483511,0.8595296858254522
Medium,Medium,0.40210492306474194,0.010693209456245164,0.5872018674790129
High,High,0.8727169750991375,0.0004951360563479387,0.12678788884451467
Medium,Medium,0.03523934774076343,0.173927201927371,0.7908334503318657
Medium,Medium,0.028606147748018826,0.08408082387456527,0.8873130283774159
High,High,0.9951618228661541,3.716955534942796e-05,0.004801007578496534
High,High,0.9970756756373387,8.376026471679264e-06,0.0029159483361895686
Medium,Medium,0.05167855652887075,0.13046301384903405,0.8178584296220952
High,High,0.9977523657265699,2.0896417639487258e-05,0.0022267378557907424
Low,Low,0.0033579373594198243,0.5365752488609827,0.46006681377959735
High,High,0.9952441184603114,5.565743536144937e-05,0.004700224104327216
Medium,Medium,0.30822123870209456,0.007292349701767533,0.6844864115961379
Low,Medium,0.009759994074833585,0.4104303504210515,0.579809655504115
Medium,Medium,0.02189446148258555,0.22807657378801327,0.7500289647294012
Low,Low,0.0020405673565445292,0.7233701484338675,0.274589284209588
High,Medium,0.0688982897126402,0.2212852450300856,0.7098164652572742
High,High,0.8245600444721367,0.0028545808860211317,0.17258537464184223
Low,Low,1.1941136941671869e-05,0.9986227934863467,0.0013652653767115826
Medium,Medium,0.003241381602056818,0.47476119293719654,0.5219974254607467
High,High,0.8879374019085267,0.0018836755464094889,0.11017892254506387
Low,Low,0.0018203315244413045,0.7059968729630702,0.29218279551248855
High,Medium,0.11097628257969748,0.05528767335970275,0.8337360440605999
High,High,0.9971955879848284,1.8894560320306533e-05,0.0027855174548511784
High,High,0.9988927072234299,8.883965482740022e-06,0.0010984088110872505
Medium,Medium,0.03208227115828306,0.15042754929412697,0.8174901795475901
Medium,High,0.723941772577674,0.005511178711271812,0.2705470487110543
High,High,0.9978911954400724,5.645696547006562e-06,0.0021031588633805055
High,High,0.9941812580512038,5.851199967262624e-05,0.005760229949123546
High,High,0.9788915759444595,0.00028746156622512785,0.02082096248931545
Medium,Medium,0.09328421773251097,0.06313947969200855,0.8435763025754806
Low,Medium,0.016724860487335656,0.3035782517587233,0.6796968877539411
High,High,0.9934275221245428,2.6785538196747607e-05,0.00654569233726046
Medium,Medium,0.23160684065668227,0.011080460379114967,0.7573126989642027
High,High,0.9922578960070825,1.692568149516478e-05,0.00772517831142219
Medium,Medium,0.012690516652915177,0.2529470852594076,0.7343623980876772
High,High,0.9992268307457237,3.595698787694869e-06,0.0007695735554886536
High,High,0.9702409468791872,0.0002461859336344562,0.02951286718717838
High,Medium,0.418834393857469,0.010238716407583986,0.570926889734947
High,High,0.9951094354915104,3.374063466855736e-05,0.004856823873820838
High,High,0.9804860728402179,6.938897470022755e-05,0.019444538185081628
Low,Low,0.0007020908262555612,0.9329193790298275,0.06637853014391679
High,High,0.9894184664891984,5.9676723537723254e-05,0.010521856787264002
High,High,0.9950457525925952,2.757783335821659e-05,0.004926669574046726
Medium,Medium,0.07723344787761209,0.07521480418136546,0.8475517479410225
High,High,0.9606381359161578,0.00044217954197554236,0.03891968454186664
Medium,Medium,0.08871720805841231,0.08395497533067638,0.8273278166109113
High,High,0.8800805081713001,0.0006632718142682789,0.11925622001443167
Low,Low,0.0004294784185839337,0.9380238403619163,0.06154668121949971
High,High,0.9999071930728165,1.4806266016145145e-06,9.132630058183691e-05
High,High,0.997990258991336,3.7686575857248376e-06,0.0020059723510782567
High,High,0.9795967387496322,0.0001103856506331627,0.020292875599734726
High,High,0.9997524767963818,2.6266612673104833e-06,0.00024489654235087773
Medium,Medium,0.03899609831838672,0.09710952912872325,0.8638943725528901
High,High,0.9993933956996297,8.072720676583197e-06,0.0005985315796937077
High,High,0.9976337178980114,1.2670657050472438e-05,0.002353611444938202
High,High,0.9993051283282525,3.1061612021859043e-06,0.000691765510545365
Low,Low,5.77916658025004e-05,0.9876702913926585,0.012271916941538936
High,High,0.9952238916998175,1.6641706932890914e-05,0.004759466593249644
Low,Low,0.00014017728986601803,0.9745574949348799,0.025302327775254152
High,High,0.9998882958217146,7.76453156568458e-07,0.00011092772512900627
High,High,0.9977327967584402,4.644934155929774e-06,0.002262558307403836
High,High,0.9989471618205568,7.775913592763033e-06,0.0010450622658506501
Medium,Medium,0.01923819709534561,0.1506761955443109,0.8300856073603434
High,High,0.9680827897193628,0.0004390967251696147,0.031478113555467604
High,High,0.6427536844707031,0.0034738716727377187,0.3537724438565592
High,High,0.9995694617391849,2.4141077119475017e-06,0.0004281241531032844
Medium,Low,0.0032335125775018905,0.5590843360938819,0.4376821513286162
High,High,0.9900063841725286,2.5768797055840994e-05,0.00996784703041573
High,High,0.7477399714301826,0.0015877000280187172,0.2506723285417987
Medium,Low,0.0036948588594553863,0.5755162807040626,0.420788860436482
High,High,0.9402579161468329,0.00022910316328335987,0.05951298068988381
High,High,0.9988751454899749,2.8017876767797127e-06,0.0011220527223483243
Low,Low,0.0031063850672465336,0.521581533626119,0.4753120813066345
High,High,0.98539328083587,3.598092713192267e-05,0.014570738236997977
High,High,0.9835045449933588,9.776535988401791e-05,0.01639768964675704
Medium,Low,0.0007915408572569638,0.7976516569553825,0.2015568021873605
Low,Low,0.0004054364435326424,0.9698102491046671,0.0297843144518004
Medium,Medium,0.4471136001265921,0.006442248106417693,0.5464441517669901
High,High,0.999861210238008,1.8819288345721245e-06,0.0001369078331572393
High,High,0.5555090102509863,0.003408039456174224,0.44108295029283945
Medium,Medium,0.06116671484351683,0.07710716558679513,0.861726119569688
High,High,0.9447056893622469,0.0007721321974828455,0.05452217844027033
High,Medium,0.04557577401277323,0.07868681868595737,0.8757374073012695
High,High,0.7417911212525282,0.0021776887015473234,0.25603119004592434
High,High,0.9879511834581559,6.985101544017737e-05,0.01197896552640377
Low,Low,3.1419906963600324e-05,0.9853852372007548,0.014583342892281801
High,High,0.5657794466247454,0.009743497766099181,0.4244770556091553
Medium,Medium,0.01110316900500437,0.37866013465814397,0.6102366963368516
Low,Low,0.006199783634096943,0.86849817274892,0.12530204361698305
High,High,0.624566227797336,0.0051877785577607045,0.37024599364490335
Medium,Medium,0.45731358776811276,0.007133443365065161,0.5355529688668221
High,High,0.9917453475654014,3.934602208976407e-05,0.00821530641250883
Medium,Medium,0.03493297263162992,0.17386308802975337,0.7912039393386167
High,High,0.9997195323740345,6.159593920963012e-06,0.0002743080320444439
High,High,0.7928252121585805,0.002181447172665669,0.2049933406687539
High,High,0.9421782029210263,0.0008914553715664626,0.05693034170740716
High,High,0.9962694405359344,1.462840675220913e-05,0.003715931057313479
High,High,0.9650556924808494,0.00019042774478783051,0.03475387977436281
High,High,0.9993311340685198,6.599461381257953e-06,0.0006622664700989082
Medium,Medium,0.40932304413615034,0.007190242250340697,0.5834867136135089
Medium,High,0.5415863194510758,0.003413361618879644,0.4550003189300445
High,High,0.9537164074598508,0.00022551503556700583,0.04605807750458216
High,High,0.9801283374583649,9.247239177880923e-05,0.01977919014985633
High,High,0.9362508591008467,0.0004018380795520765,0.06334730281960116
Low,Low,0.008062537353522536,0.5117513696013377,0.48018609304513976
High,High,0.8882476703843979,0.0012492044347384467,0.11050312518086366
High,High,0.978707501425044,0.00011836958085139174,0.021174128994104598
Medium,Medium,0.005711394365275349,0.4144188648929952,0.5798697407417295
Low,Low,0.00015629166112080868,0.9262189562409135,0.07362475209796564
High,High,0.9978214399639527,1.571760265320709e-05,0.002162842433394074
Medium,Medium,0.00947348108704969,0.3802418759149116,0.6102846429980386
High,High,0.993761029706583,3.134278271143682e-05,0.006207627510705491
Low,Low,0.0014319251425920837,0.9290969228841562,0.06947115197325171
High,High,0.9992855014927808,4.181870241742666e-06,0.0007103166369772956
High,High,0.9742782225230848,0.0001383436034250385,0.025583433873490123
Medium,Medium,0.015311088497025109,0.24825942511441929,0.7364294863885557
Medium,Medium,0.02440451674146055,0.18257344014587737,0.7930220431126621
High,High,0.9129087399421284,0.0005421134885297645,0.08654914656934186
Medium,Medium,0.05736904911509357,0.14537486180635528,0.7972560890785512
High,High,0.980727760088289,7.558232080335569e-05,0.019196657590907697
High,High,0.9994682082041101,6.206032196634608e-06,0.0005255857636933908
High,High,0.9854030307125695,3.853409080432236e-05,0.01455843519662615
Low,Medium,0.005834653546623101,0.4125336410350261,0.5816317054183509
Low,Medium,0.01128432910061222,0.3246215448929321,0.6640941260064557
Low,Low,0.0008430270203757099,0.9298544656316873,0.06930250734793707
Medium,Medium,0.06500207791985474,0.08287928960562281,0.8521186324745225
High,High,0.9249090698458133,0.000644433739507954,0.07444649641467861
Low,Medium,0.013605706427380074,0.11683603036308073,0.8695582632095392
Medium,Medium,0.006875345286407622,0.3222941458257972,0.6708305088877953
High,High,0.9995012533950789,1.4641106661599696e-06,0.000497282494254891
High,High,0.9938625329412818,3.532605893213203e-05,0.006102140999786066
High,High,0.9984924297088462,2.8013864425422694e-06,0.0015047689047111765
High,High,0.9875826817893684,0.00011623754506693783,0.01230108066556472
High,High,0.9823066951456041,0.00012299355477211966,0.017570311299623748
High,Medium,0.29354787096983087,0.04271652583668366,0.6637356031934856
Medium,High,0.8799841608050208,0.001412171977560492,0.11860366721741855
Medium,Medium,0.06019053821991561,0.12163306717395822,0.8181763946061261
Medium,Medium,0.05292844614950933,0.1441334547050611,0.8029380991454296
High,High,0.985929676742548,9.57178869010972e-05,0.013974605370550888
Low,Low,1.350448793853066e-05,0.9963494302789185,0.0036370652331428653
Medium,Medium,0.031995289134080424,0.21151249132516156,0.756492219540758
High,High,0.9941255377822814,2.7643583741309203e-05,0.005846818633977314
High,High,0.8697834095844698,0.0007512601923482161,0.12946533022318182
High,High,0.9646352215557138,7.063985495394778e-05,0.035294138589332454
Low,Low,1.7581979809573645e-06,0.9995719190294834,0.0004263227725356253
High,High,0.9992563754934645,5.999312860981166e-06,0.0007376251936746055
High,High,0.9990799137474928,3.2364115494609514e-06,0.0009168498409578183
High,High,0.9971461358613543,1.02912781204293e-05,0.0028435728605253016
High,Medium,0.38827216950460136,0.007106898219843842,0.6046209322755548
High,High,0.8429012390380509,0.0008693075944620223,0.15622945336748698
High,High,0.9847200558262745,7.433228696609514e-05,0.015205611886759413
High,High,0.9744588992816482,0.00010187243514843193,0.02543922828320341
Medium,Medium,0.10166960704340564,0.0727763219512997,0.8255540710052947
High,High,0.9993488443961315,3.7980743389859684e-06,0.0006473575295294517
Low,Low,0.0016934378934800672,0.7289321934450003,0.26937436866151965
High,High,0.9994657104826491,2.6045370919505787e-06,0.0005316849802589884
Low,Low,0.000983296020932906,0.8796556241378868,0.11936107984118037
Low,Low,0.001461330187621206,0.7469463241229206,0.2515923456894581
Low,Low,0.0006358053929385846,0.9008681315996939,0.09849606300736762
High,High,0.9160779488196256,0.0004422570731445872,0.0834797941072299
High,High,0.9211618317012034,0.000754958046818057,0.07808321025197851
Low,Low,0.0011299522222754249,0.7497192464473604,0.24915080133036416
High,High,0.8144242652100182,0.0030260542038410354,0.18254968058614063
High,High,0.9398813818207189,0.000843338719808358,0.059275279459472745
High,High,0.9914647972013094,0.000190247606610294,0.008344955192080134
High,High,0.889430598609494,0.0008606849832232796,0.10970871640728269
High,High,0.9571449699835547,0.00026414827126690127,0.042590881745178395
Medium,Medium,0.24308795989153126,0.01983012800800176,0.7370819121004669
High,High,0.9711124628981868,0.00010189843372250048,0.028785638668090766
High,High,0.9946620739469922,1.0544507356833313e-05,0.005327381545650984
Medium,High,0.549665016170925,0.006327021289539587,0.44400796253953534
High,High,0.981220207581004,0.0001214835412954397,0.0186583088777006
High,High,0.9995724680739767,9.14640904183258e-07,0.00042661728511907875
High,High,0.999054960856827,1.056663582420867e-05,0.000934472507348744
High,High,0.9644274993800319,0.00014254773071213853,0.03542995288925588
High,High,0.8546274103103106,0.0009162845326392647,0.14445630515705007
Medium,Medium,0.04391758582916333,0.038525274354222316,0.9175571398166145
Low,Low,5.37408847207896e-05,0.9888680915527577,0.011078167562521734
Medium,Medium,0.43560513556632124,0.008233334137911278,0.5561615302957674
Medium,Medium,0.03462080926872676,0.10952742604446601,0.8558517646868072
High,High,0.9711673841125139,0.0001296792914850752,0.02870293659600082
High,High,0.9997073774838167,1.4750032003602635e-06,0.00029114751298317797
High,High,0.9920052346539667,4.857322013221791e-05,0.007946192125901122
High,High,0.6982282366734864,0.004034955184416514,0.2977368081420971
High,High,0.9871292096961083,3.809147412824601e-05,0.012832698829763558
High,High,0.9679559433544676,0.0003043987426175891,0.03173965790291486
High,High,0.7049869004641619,0.0006913764495559955,0.294321723086282
High,High,0.999776421681947,1.456915439585777e-06,0.00022212140261314636
High,High,0.9933849970847191,5.9781417072271646e-05,0.00655522149820865
High,High,0.8589663411838441,0.000577012878014399,0.14045664593814142
Medium,Medium,0.09008598412032676,0.023345583303871615,0.8865684325758016
High,High,0.9898131245851247,6.304144285642007e-05,0.010123833972018824
Medium,Medium,0.03160191379812227,0.0864349184545553,0.8819631677473224
Low,Low,0.003298001873202799,0.692240846272207,0.3044611518545901
Low,Low,2.1319140956005677e-05,0.9975132951460685,0.002465385712975687
High,High,0.9998427719373311,1.4283292464107025e-06,0.00015579973342251053
High,High,0.9901912957341797,3.3776294050256214e-05,0.009774927971769844
High,High,0.9917451841489945,4.308859004342056e-05,0.008211727260962276
High,High,0.9991472284392753,6.200199869448686e-06,0.0008465713608553595
Medium,Medium,0.05089217247198119,0.09088071588621525,0.8582271116418035
Medium,Medium,0.24004927792066133,0.007845382198458454,0.7521053398808802
High,High,0.9408359169429753,0.0002579531288989075,0.05890612992812574
Medium,Low,0.010708408948348003,0.6009656096215145,0.3883259814301375
Low,Low,0.00013640257518669307,0.9713677787066698,0.028495818718143388
Medium,High,0.9645045373502485,0.0001703290692377168,0.035325133580513805
High,High,0.9974912833626787,1.1014025155244092e-05,0.0024977026121660614
High,High,0.9965585068655327,2.0464736690286017e-05,0.0034210283977768167
High,High,0.9831119505939139,7.641613039134404e-05,0.016811633275694873
Low,Medium,0.006698709075172466,0.4658665357203445,0.5274347552044831
Medium,High,0.9223547067280994,0.0004367306357125582,0.07720856263618793
Medium,Medium,0.06976038069578847,0.09884380648388943,0.831395812820322
Medium,Medium,0.016155542776383775,0.31512281227295663,0.6687216449506597
Medium,Medium,0.07229246221449472,0.10060612089933274,0.8271014168861724
High,High,0.9975611762754372,1.0213491991898534e-05,0.002428610232570832
High,High,0.9972371571017844,1.3224474714348738e-05,0.002749618423501246
High,High,0.9988128219344906,4.290284536562779e-06,0.0011828877809727694
Low,Low,0.0005704984057410768,0.9398893104498721,0.0595401911443868
Medium,Medium,0.37792724083336743,0.02149247013417503,0.6005802890324575
High,High,0.8914205272732453,0.0006499635327263643,0.10792950919402843
Low,Low,0.002891109970499452,0.7177553453970634,0.2793535446324371
Low,Low,0.001688823824164695,0.7176899634259634,0.2806212127498719
High,High,0.9977844416315753,8.806008241530461e-06,0.002206752360183384
High,High,0.9906995494732346,5.4187905707438296e-05,0.009246262621057896
High,High,0.9901746526307967,7.626658546183727e-05,0.00974908078374136
High,Medium,0.08076394863691849,0.06365841763266517,0.8555776337304164
Low,Low,0.0026277408251261635,0.7868290546706597,0.21054320450421432
High,High,0.9615082339520856,0.000229947359460079,0.038261818688454324
Medium,Medium,0.0043414956547315675,0.4347269106075183,0.5609315937377501
High,High,0.9997222404975946,6.023703392027343e-07,0.0002771571320662182
High,High,0.9997973590590131,7.96019865192775e-07,0.00020184492112170836
Medium,Medium,0.4583710552326055,0.015117020412252668,0.5265119243551419
High,High,0.8763590554675679,0.0005565164637825707,0.12308442806864967
High,High,0.8141929509819669,0.0028869860855383,0.18292006293249496
High,Medium,0.3132399454137696,0.01021644301076796,0.6765436115754624
High,High,0.9982561487317761,8.57124343443579e-06,0.0017352800247894685
High,High,0.9988414171849124,4.807251473753194e-06,0.0011537755636139243
Medium,Medium,0.01395744464434327,0.24519582503713303,0.7408467303185238
Medium,Low,0.007101450971108156,0.509075645360196,0.48382290366869585
High,High,0.9958611282842136,9.99569996937154e-06,0.004128876015817086
High,High,0.999981213075062,4.2584012417567615e-07,1.8361084813877874e-05
Low,Low,0.0006394591161163004,0.8847099487543316,0.11465059212955216
High,High,0.9760935792653395,9.815071660222289e-05,0.023808270018058263
Medium,Medium,0.41856561312139307,0.011620279796083249,0.5698141070825237
Low,Low,8.014660497007832e-05,0.9571785335922371,0.04274131980279291
Medium,Low,0.0016634711224050856,0.7856683327434901,0.21266819613410484
Medium,Low,0.008399316456381334,0.5109567806955906,0.48064390284802805
High,High,0.9975899791623327,1.9666144049474078e-05,0.0023903546936175912
High,High,0.9900577439343825,2.6015997946800003e-05,0.009916240067670638
High,High,0.8520511531675969,0.0008264937342978895,0.14712235309810517
High,High,0.9967710023275983,6.807299952770114e-06,0.0032221903724490002
Low,Medium,0.040242462646301116,0.13533067625394707,0.8244268610997518
High,High,0.9999191921127384,8.007016752002438e-07,8.000718558648109e-05
High,High,0.9492371998376266,0.00023491493313140788,0.05052788522924205
High,High,0.9987259252945385,2.933404754621829e-06,0.001271141300706913
High,High,0.9954162699569022,3.2689410193071714e-05,0.004551040632904676
Low,Low,0.0003046859366391743,0.8753908121187406,0.12430450194462005
High,High,0.9854415676317613,4.276640532692044e-05,0.014515665962911792
High,High,0.9998685549562671,8.518099273582773e-07,0.00013059323380550217
Medium,Medium,0.010188333828071583,0.2603230985989199,0.7294885675730085
High,High,0.959127222566508,0.000299911521569214,0.04057286591192261
Medium,Medium,0.017814366762464767,0.22287521571248223,0.759310417525053
High,High,0.9953389221472544,3.217681513008056e-05,0.004628901037615426
High,High,0.9952370748267785,3.2113976257356364e-05,0.004730811196964024
High,High,0.9996442371421012,1.7008724276863336e-06,0.00035406198547120873
High,High,0.9937701571912103,3.6833763253837524e-05,0.0061930090455359
Low,Low,2.1350069357407926e-05,0.9937959567675266,0.006182693163115842
High,High,0.9969115463105305,7.84829321285083e-06,0.0030806053962566245
High,High,0.9997960439777008,4.6462287832802455e-06,0.000199309793515989
Medium,Medium,0.03138407496441245,0.1111353845871471,0.8574805404484405
Medium,Medium,0.1403082094358372,0.2418010239613658,0.617890766602797
Medium,Low,0.006307064383273515,0.5296673284390515,0.46402560717767505
Low,Low,0.0005897798084915467,0.8432898651706741,0.15612035502083443
High,High,0.9031226827428599,0.0008003136017768809,0.09607700365536337
High,High,0.9972129344295316,2.3278717230343838e-05,0.0027637868532380625
High,High,0.9905634864028261,3.8213128418960024e-05,0.00939830046875479
High,Medium,0.34770346050165196,0.0038517529810752353,0.6484447865172727
Medium,Medium,0.0655421372907303,0.14309593141139587,0.7913619312978738
Low,Medium,0.05489212006670487,0.06770120961852796,0.8774066703147672
Low,Medium,0.014351486259148404,0.23952139975961123,0.7461271139812404
Low,Low,0.0036761149373062555,0.6002513725590154,0.3960725125036785
Medium,Medium,0.026350051626447758,0.19103641271825791,0.7826135356552942
Medium,Medium,0.019861169087374366,0.16819666091711222,0.8119421699955134
High,High,0.999645602243295,2.8013599492780266e-06,0.00035159639675583454
Medium,High,0.7325175279373765,0.004491291348709387,0.2629911807139141
Medium,Medium,0.3797277337325514,0.0034907452196385365,0.61678152104781
High,High,0.9998807897292392,2.4150426623090473e-06,0.00011679522809864317
Low,Low,0.00019248862041257843,0.9750145491312034,0.02479296224838383
Medium,Medium,0.012058064639070241,0.13854463849437923,0.8493972968665504
High,High,0.9995519249930154,6.044230810706878e-06,0.0004420307761739326
Medium,Medium,0.11375454530772199,0.028598969614827937,0.8576464850774501
High,High,0.9929959238374684,5.19153267598592e-05,0.006952160835771698
High,High,0.9859671668689304,4.715493003651436e-05,0.013985678201032964
High,High,0.9985177019749797,6.586185512821615e-06,0.0014757118395075106
High,High,0.9946125588320507,1.6585549379903455e-05,0.0053708556185693875
Low,Medium,0.02623455631571271,0.1651055057963168,0.8086599378879704
High,High,0.9992614535964436,4.785021303398125e-06,0.0007337613822530751
High,High,0.9989013248448291,3.9664773461091985e-06,0.0010947086778247501
Low,Low,9.064477527684416e-06,0.9986203982697491,0.0013705372527232026
Low,Low,0.0007895713212297756,0.8458160122349179,0.15339441644385238
High,High,0.9980417430335307,6.521423261606167e-06,0.00195173554320753
Low,Low,0.0008221839856803987,0.9166760981922554,0.08250171782206413
High,Medium,0.44079477763313085,0.012135399133064292,0.5470698232338048
High,High,0.938986422933219,0.00026567055431348744,0.060747906512467635
High,High,0.9722490723379319,0.00013250945587840323,0.027618418206189696
High,High,0.9916282141880916,3.511328444053858e-05,0.008336672527467982
High,High,0.9911034491042403,3.23142324333251e-05,0.008864236663326313
High,High,0.998170105226024,1.027597684023967e-05,0.0018196187971356887
High,High,0.9981057045015654,4.874667555442146e-06,0.0018894208308790324
Medium,Medium,0.037582644721541644,0.11278194776056444,0.8496354075178939
High,High,0.9987657960940141,7.494497846216116e-06,0.0012267094081397593
High,Medium,0.41347617376592033,0.009643602305930142,0.5768802239281495
High,High,0.9968436975510132,4.679434204931798e-05,0.0031095081069374055
High,High,0.9998816543771272,4.928909734604343e-07,0.00011785273189935851
Low,Low,0.0004782065963030041,0.908691349654222,0.09083044374947492
High,High,0.999433143461196,2.320083500714676e-06,0.0005645364553032002
High,High,0.9994555170704801,3.868746725879206e-06,0.0005406141827941173
High,High,0.7864870729594623,0.0012070039953150328,0.21230592304522264
Low,Medium,0.00431573959052033,0.37740060436611883,0.6182836560433609
High,High,0.997117401989674,9.586641638614878e-06,0.002873011368687324
Low,Low,0.0002298973072635685,0.9623385930985741,0.03743150959416241
Medium,Medium,0.20417357687718987,0.05995710297104803,0.7358693201517622
High,High,0.970061508123787,0.00010729624542765831,0.02983119563078526
High,High,0.6412801059592237,0.004831061753552226,0.3538888322872243
High,High,0.9549756459106216,0.00020906687109972707,0.044815287218278606
High,High,0.9974903013861859,9.612991636099807e-06,0.002500085622178176
Medium,High,0.7241483213942617,0.0037590027437185264,0.2720926758620198
Low,Low,0.005085407380325926,0.5780791832924899,0.41683540932718416
Low,Medium,0.010464972424825376,0.29247469820287914,0.6970603293722955
Low,Low,0.0006582247157864566,0.9068262568286561,0.09251551845555735
Low,Low,7.994997992737903e-05,0.9653303536615023,0.03458969635857032
Medium,Medium,0.03600974239042933,0.06459403854175126,0.8993962190678194
High,High,0.9624345127530495,0.00042266047930756005,0.037142826767642974
Medium,High,0.7376200586168621,0.0038135307829622166,0.2585664106001756
High,High,0.9532077328030056,0.00013748218808596536,0.04665478500890846
High,High,0.9920794484053939,7.109062018133177e-05,0.007849460974424793
Medium,High,0.9160247429574953,0.00039900092391642204,0.08357625611858828
Medium,Medium,0.0756420453936151,0.05994517251056953,0.8644127820958154
High,High,0.9993375132882308,4.848180979080428e-06,0.0006576385307902048
High,Medium,0.038384167491846324,0.12295456747282349,0.8386612650353302
High,High,0.9990655947212388,1.1570459276931818e-05,0.000922834819484319
Medium,Medium,0.20623894948103588,0.041329732751581964,0.7524313177673821
High,High,0.9909009362618731,0.00018298168783481108,0.008916082050292099
High,High,0.9434863171032177,0.0006919581402829308,0.055821724756499325
High,High,0.9994910699880318,1.9430534269518206e-06,0.0005069869585411691
High,High,0.9975848667861015,1.9110144198610106e-05,0.0023960230696998953
High,High,0.9980776410447114,1.3408106004823173e-05,0.0019089508492836004
High,High,0.9608961977659156,0.00011777261118495067,0.038986029622899404
High,High,0.9996606471364653,1.0920922728472242e-06,0.0003382607712617732
High,High,0.9995284259136613,1.6859403114795568e-06,0.0004698881460271589
Medium,Low,0.0007171925836757979,0.8972463255033908,0.10203648191293337
High,High,0.9903680961480156,8.108512915682364e-05,0.009550818722827715
High,High,0.9962929991826797,1.5275442346316997e-05,0.0036917253749740465
Medium,Medium,0.2745853874529196,0.01570760611267785,0.7097070064344025
High,High,0.9986199486427203,9.353587087398561e-06,0.0013706977701922467
High,High,0.9992050306590443,7.685590112668735e-06,0.0007872837508430034
Medium,Medium,0.008586479228486175,0.26815960345322154,0.7232539173182924
Medium,High,0.6482798205353153,0.005583225614593138,0.3461369538500917
High,High,0.9984211231280163,7.595315781562754e-06,0.0015712815562020637
High,High,0.9991737062062287,2.010984317382537e-06,0.000824282809454012
Medium,High,0.8005574565725367,0.0024614815859294007,0.19698106184153377
Medium,Medium,0.2860576593522687,0.009758676246115178,0.7041836644016161
High,High,0.9950975647965452,4.696711765902405e-05,0.004855468085795789
High,High,0.9423752880382578,0.00018613352052301646,0.057438578441219065
Low,Low,2.6141976724928614e-05,0.9891279432944798,0.010845914728795168
High,High,0.6866553224778374,0.0028865569525328982,0.3104581205696295
High,High,0.9347269032961741,0.0001859451258903659,0.0650871515779356
Medium,Medium,0.2611239328878703,0.0240257885494855,0.7148502785626442
Low,Low,0.001326953764648177,0.7348686984978925,0.26380434773745937
High,Medium,0.4579410150809236,0.005158878201209474,0.5369001067178669
High,High,0.9994533764501705,1.890015240122671e-06,0.0005447335345891856
High,High,0.9989598806712687,1.159787080504426e-05,0.0010285214579262658
High,High,0.9878089344060565,3.5325573528126356e-05,0.012155740020415268
High,High,0.9954092575536451,2.0878949831106565e-05,0.004569863496523946
Medium,High,0.878545710427777,0.0006539935156327431,0.12080029605659028
High,High,0.884695662576498,0.0007603414871080707,0.11454399593639378
Low,Low,3.503226267379143e-05,0.9949122084159636,0.005052759321362567
High,High,0.9992287290757516,3.7887574931876224e-06,0.0007674821667551988
High,High,0.9619276325573596,0.00040813916578377247,0.03766422827685669
Medium,Medium,0.037554947787577314,0.1487826554659016,0.8136623967465211
High,High,0.9992960971637935,3.0466583958612325e-06,0.0007008561778106756
High,High,0.9894863788542668,8.225014951072397e-05,0.010431370996222412
High,High,0.9979604203451732,1.4912863053774398e-05,0.0020246667917730005
High,High,0.9954637188718438,3.9585074662178785e-05,0.004496696053493962
Medium,High,0.5763773669221507,0.003785056419007629,0.41983757665884175
High,High,0.7999316275986297,0.001296458242485384,0.19877191415888498
Low,Low,0.0026069996820493233,0.7831344214871957,0.21425857883075508
High,High,0.5738250367009124,0.0031012236118456576,0.42307373968724177
High,High,0.997639437824751,8.901458814259587e-06,0.002351660716434706
Medium,Medium,0.00848963833930145,0.45672778965444627,0.5347825720062523
Medium,Medium,0.024983839546549088,0.15212756067394587,0.822888599779505
High,High,0.976247392559452,0.00010312559323796793,0.023649481847309955
Medium,Medium,0.11668656028408489,0.0591258573653372,0.824187582350578
High,High,0.9996658174161391,2.0250280319396914e-06,0.00033215755582886007
Medium,Medium,0.30222473165983743,0.04532711549535757,0.652448152844805
High,High,0.9994984155053794,2.151200176835708e-06,0.0004994332944437574
Medium,Medium,0.05573590582699238,0.07017861226311513,0.8740854819098925
Low,Medium,0.010655693294283711,0.44311730600338733,0.546227000702329
High,High,0.7635805805096524,0.0011933976634046803,0.23522602182694288
Medium,Medium,0.04522902236665747,0.18136457693123345,0.7734064007021091
Medium,Low,0.0037904692982554536,0.5507300691464524,0.4454794615552921
High,High,0.5520685071849764,0.0059394894106159215,0.44199200340440775
Low,Low,0.0003027501989096642,0.893354966265624,0.10634228353546615
High,High,0.9994040508854156,2.7261780046940936e-06,0.0005932229365798554
Medium,Medium,0.223696044417969,0.01425602844060549,0.7620479271414254
High,High,0.9992616030459673,4.79768105029017e-06,0.0007335992729824227
High,High,0.9962888911108345,1.900710457636181e-05,0.0036921017845891555
High,High,0.9993781321943768,7.209192332890701e-06,0.0006146586132904381
Medium,High,0.5794000091565192,0.005068131601370823,0.41553185924210984
High,High,0.9981557276603508,6.443515654195074e-06,0.0018378288239952348
High,High,0.9838365750914662,5.968472577007064e-05,0.016103740182763695
Medium,Low,0.00501506015766601,0.7298069559069662,0.26517798393536784
Low,Low,0.0003197472477739726,0.9173727284994184,0.0823075242528075
High,High,0.997801317351405,7.592030081415347e-06,0.0021910906185135643
High,High,0.9376536617402561,0.00045587189150872687,0.061890466368235066
Medium,High,0.8861619293252287,0.000656023321320198,0.11318204735345103
Medium,Low,0.005280068196677195,0.5895728704989919,0.40514706130433087
High,High,0.8880140621943053,0.0005946291800871196,0.11139130862560767
High,High,0.8834122061328442,0.0008386839555218008,0.11574910991163413
Low,Low,0.00241954060905374,0.6787386892999654,0.31884177009098086
Medium,Medium,0.02951155788540126,0.0955288807058451,0.8749595614087537
Medium,Medium,0.04190713655260839,0.10432113096942568,0.853771732477966
Low,Low,0.002366221662933787,0.7402727527667392,0.25736102557032703
High,High,0.9993474253159832,7.343040274937484e-06,0.0006452316437419261
Medium,Medium,0.32554740974534335,0.026308673959451537,0.6481439162952051
High,High,0.9982498782106629,1.687566302092194e-05,0.0017332461263162534
Medium,Medium,0.060336141015715564,0.0725255947005593,0.8671382642837252
High,High,0.9948774350480512,2.889207471268751e-05,0.0050936728772362294
High,High,0.9935381681632578,4.823040362199251e-05,0.0064136014331202
Low,Low,0.002689243695414013,0.5649793050963802,0.4323314512082058
Medium,Medium,0.015365898063216038,0.2963890299354914,0.6882450720012925
High,High,0.9952092291716008,1.6939526243251475e-05,0.004773831302155904
Low,Medium,0.020642826882185935,0.1905758127721957,0.7887813603456184
High,High,0.9982287097233848,5.534551294598946e-06,0.0017657557253204384
Medium,High,0.74771551860205,0.0024887384157824023,0.24979574298216758
Low,Low,1.1944295347656401e-05,0.9957367296723196,0.004251326032332776
Medium,Medium,0.45924731533097685,0.010256225994158206,0.5304964586748651
High,High,0.9894727162715249,9.308209270143896e-05,0.010434201635773887
Medium,Medium,0.4159549355831432,0.011547334852747265,0.5724977295641095
High,High,0.9647719331202164,0.00046089041820418335,0.034767176461579605
High,High,0.9998552980577646,1.6082760414968303e-06,0.00014309366619387045
High,Medium,0.43843654756556893,0.009401630053395239,0.5521618223810358
Medium,Medium,0.04845036529090362,0.10062738190053784,0.8509222528085585
High,High,0.996196525018863,3.515143053196245e-05,0.003768323550604924
High,High,0.9997896257737743,3.2442528913267886e-06,0.00020712997333435402
High,High,0.9980986153892051,1.915573408792814e-05,0.0018822288767069589
High,High,0.9972778375033071,1.6381119047434303e-05,0.002705781377645504
Medium,Medium,0.18219469015385534,0.012240722266642556,0.805564587579502
High,Medium,0.022431589196789135,0.09099443738122774,0.8865739734219832
Medium,High,0.7923382352582963,0.002435425269711937,0.20522633947199187
Low,Low,0.0002603246852004895,0.9609182298805244,0.038821445434275126
Medium,Medium,0.33740378129788395,0.013288192408563227,0.6493080262935528
Low,Low,0.0001669590764971022,0.9422006796415837,0.05763236128191919
High,High,0.9813627601881877,0.00014423833524591616,0.018493001476566462
High,High,0.6568744300323053,0.0021049795523916284,0.3410205904153031
Medium,Medium,0.47836194275686306,0.023492988555022958,0.49814506868811387
High,High,0.9751919851642648,0.00020251224284404136,0.02460550259289118
High,High,0.9552240115987927,0.0002052225000745005,0.044570765901132785
High,High,0.9999672297748211,3.3561805518620905e-07,3.243460712374439e-05
Medium,Medium,0.022727936625325455,0.13598506799839563,0.8412869953762789
High,High,0.9479674423821455,0.0003003993854035662,0.05173215823245089
Low,Medium,0.003539639769517589,0.4722106009470456,0.5242497592834369
Medium,Medium,0.06223837966134742,0.09124399427118035,0.8465176260674722
Medium,High,0.5656477375839322,0.003497024842635865,0.43085523757343197
High,Medium,0.08944866849169282,0.04746631527304497,0.8630850162352623
Medium,Medium,0.14069630323016122,0.04030475331919578,0.818998943450643
High,High,0.9881181891086455,6.711443499038001e-05,0.011814696456364312
High,High,0.9993951531765324,6.374468245157228e-06,0.0005984723552225726
High,High,0.9964938115293145,1.729695189738354e-05,0.003488891518788202
High,High,0.8033010092509262,0.0016658451580487824,0.19503314559102494
High,High,0.9796628287616821,0.00010948469415223844,0.020227686544165742
High,High,0.999663494586835,1.2869252238616913e-06,0.0003352184879409876
High,High,0.9810277355793477,0.00020575949659751928,0.018766504924054808
High,High,0.9545848736551468,0.0002808204857212519,0.04513430585913199
High,High,0.9991376510363102,5.063309278990651e-06,0.0008572856544107516
High,High,0.9924666129912748,2.854380148910944e-05,0.007504843207236093
High,High,0.6534715800038894,0.016390376370238432,0.33013804362587224
High,High,0.9227717492143966,0.0006779057167092574,0.07655034506889394
High,High,0.9989713252237613,2.605733213426788e-06,0.001026069043025267
High,High,0.993355368763804,4.796534477666283e-05,0.006596665891419388
Medium,Medium,0.14874030742916883,0.030621725241469715,0.8206379673293615
High,High,0.9981783875443093,8.068040542520334e-06,0.0018135444151482212
High,High,0.9999588996416564,4.1574054274240166e-07,4.0684617800788025e-05
Medium,Low,0.002223588342316834,0.6838868368301231,0.3138895748275602
High,High,0.9998256588815846,2.210317525770848e-06,0.0001721308008895638
Low,Medium,0.019161893361896245,0.21088676331611936,0.7699513433219844
High,High,0.9996508240907632,1.2653995182827444e-06,0.0003479105097185692
Medium,Low,0.0036742138693927743,0.549739198971438,0.44658658715916927
Low,Medium,0.003982013850915544,0.4840949573941852,0.5119230287548994
High,High,0.9837162593386344,0.00012646591164640293,0.016157274749719286
Medium,Medium,0.014501253385814622,0.3890235549249388,0.5964751916892466
High,High,0.9162833913325987,0.00044719147969998486,0.08326941718770146
High,High,0.9848492729874051,9.1417398405196e-05,0.015059309614189593
High,High,0.9990540448699363,3.5453978742069086e-06,0.0009424097321894071
Medium,Medium,0.22382348862620838,0.00699766236616237,0.7691788490076293
High,High,0.5673449563582866,0.0021140796995269898,0.4305409639421863
High,High,0.9902622771938723,5.35069658060353e-05,0.00968421584032176
High,High,0.9998360551361419,2.828295884680017e-06,0.0001611165679734246
High,High,0.9948736314903814,1.5731919736280438e-05,0.005110636589882223
High,High,0.9995488576666005,1.1955825556180115e-06,0.000449946750843958
High,High,0.9972162021751084,3.0472837550357867e-05,0.0027533249873411864
Medium,Low,0.0045670160667641855,0.55617044631853,0.43926253761470596
Low,Low,5.436381114079978e-05,0.9890704809897882,0.01087515519907095
High,High,0.9817525001132723,0.00013897590617282057,0.01810852398055487
High,High,0.6547530784995028,0.0028314975844475113,0.3424154239160498
Medium,High,0.5081259976484961,0.0042044846199161415,0.4876695177315878
High,High,0.9974652599677761,1.542327836948335e-05,0.0025193167538545076
High,High,0.9922446980702219,7.265766604825285e-05,0.00768264426372986
Low,Medium,0.005690195784669844,0.37700055185815157,0.6173092523571786
Medium,Low,0.001877415908133327,0.8225697443333476,0.17555283975851907
High,High,0.9896645232944653,8.53588787137549e-05,0.010250117826821071
Low,Low,0.007495623837004174,0.5154603397506176,0.4770440364123782
Medium,Medium,0.3341846605793138,0.00950502074581946,0.6563103186748668
Low,Low,0.0003443736559058047,0.9569407644729429,0.04271486187115135
Medium,Low,0.00023002336362782348,0.948835110836621,0.050934865799751185
High,High,0.9990808588289571,4.2528661352291445e-06,0.0009148883049077425
High,High,0.9997159095779505,2.901415104048926e-06,0.0002811890069453593
High,High,0.7556710959672843,0.00198150205994325,0.2423474019727724
Low,Low,0.0029194601130263878,0.7788208216091531,0.21825971827782048
High,High,0.8878077666093944,0.0009412169425104742,0.11125101644809499
High,High,0.9811665520418513,0.00018070878662533176,0.018652739171523304
High,High,0.9984298710383065,8.564145610794008e-06,0.0015615648160827477
Low,Medium,0.017117492816930754,0.20573507637889038,0.7771474308041788
Medium,Medium,0.015314836285903152,0.19286934535038602,0.791815818363711
Medium,Medium,0.026264973926550705,0.29512916624872754,0.6786058598247219
High,High,0.9980414869500212,5.2463186849589875e-06,0.0019532667312938813
High,High,0.9993666598302527,3.3470171469038964e-06,0.0006299931526002542
Low,Low,1.2641666867417003e-05,0.9947980825449685,0.005189275788164104
Medium,High,0.5829353700720266,0.009127672797992167,0.4079369571299813
High,High,0.9990102394632294,2.6174905753627437e-06,0.000987143046195011
Low,Low,1.735091122059854e-05,0.9949094592558372,0.005073189832942244
Low,Low,7.395740863088778e-05,0.9918051126787509,0.008120929912618199
Medium,High,0.6416934579737817,0.005245854553323817,0.3530606874728945
High,High,0.9875355605394454,6.895112590423392e-05,0.012395488334650543
High,High,0.9972680361484172,2.457692262753491e-05,0.0027073869289552617
High,High,0.9977430266147311,9.548653773114112e-06,0.0022474247314957694
High,High,0.9756180125511668,0.00012882956874562347,0.024253157880087577
Medium,Medium,0.034050170984430445,0.19038523147913658,0.7755645975364329
High,High,0.9984312846022987,4.929882757807109e-06,0.0015637855149434855
Medium,Medium,0.0666131701136432,0.05646019393011749,0.8769266359562393
High,High,0.9907494145378041,0.0001212180293404933,0.009129367432855471
High,High,0.9526719609212011,0.0005031075934547047,0.04682493148534421
Low,Low,4.778841519123791e-05,0.983985562875494,0.015966648709314756
Medium,High,0.7030567950365054,0.002438454499481222,0.2945047504640133
High,High,0.9981296301470287,8.111238324566502e-06,0.0018622586146466657
High,High,0.8823003693645365,0.0009664170968928311,0.11673321353857063
Low,Low,0.0003972195968276107,0.9352308662306946,0.06437191417247787
High,High,0.9911290341562743,5.288015638945895e-05,0.008818085687336271
Low,Medium,0.01067636532677526,0.23815911545301607,0.7511645192202087
Low,Low,0.003315537287998977,0.7278249834934353,0.2688594792185656
High,High,0.9884775795267797,8.676669685120257e-05,0.011435653776369013
High,High,0.9911000934848888,0.00012873803575491768,0.00877116847935636
High,High,0.996426050272108,1.168087166928115e-05,0.0035622688562226873
High,Medium,0.030673636269309544,0.20787913065482674,0.7614472330758638
High,High,0.9487531761534405,0.0004603753015753769,0.05078644854498428
Low,Low,0.00036840401785574625,0.9125535887914448,0.08707800719069954
Low,Low,0.002063458382323737,0.8772730019846607,0.12066353963301547
High,High,0.9201004945415775,0.0003162702858123845,0.07958323517260998
Low,Low,0.0017556788398015242,0.7322754173296977,0.2659689038305008
Medium,Medium,0.13165072414981727,0.04550182503201477,0.8228474508181679
Medium,Low,0.015075640308906676,0.5214783175031582,0.46344604218793517
High,High,0.9979967890135121,1.1190177466080034e-05,0.0019920208090217014
High,High,0.9993928059706073,4.1730955326162014e-06,0.0006030209338600501
High,High,0.9986690743257671,6.136118518581398e-06,0.0013247895557142388
High,High,0.8904610311956038,0.0001818473304468659,0.10935712147394944
High,High,0.9973231604495512,1.9770271856991775e-05,0.0026570692785916608
High,High,0.9948563484441818,5.261882978479013e-05,0.005091032726033488
High,High,0.9773274028919964,0.0001662760756036558,0.022506321032400186
High,High,0.7208778830149182,0.0030429036680577823,0.276079213317024
Medium,High,0.5449087184324212,0.004726701183530276,0.45036458038404864
High,High,0.9873049148194241,2.7943354739926927e-05,0.012667141825836139
High,High,0.9987576245099209,4.2104281946967786e-06,0.001238165061884504
High,Medium,0.4224447069539935,0.00656325545273287,0.5709920375932737
High,High,0.9976281505662024,1.2923102791967988e-05,0.002358926331005727
High,High,0.9970357301281115,9.879552409684036e-06,0.0029543903194787394
Medium,Medium,0.3096476826337141,0.019130134669316932,0.6712221826969689
High,High,0.9987922107317796,5.1649975146442505e-06,0.001202624270705789
Medium,Medium,0.10598837783212145,0.04821804262650671,0.8457935795413718
Medium,Medium,0.05812420953592634,0.051100495997863135,0.8907752944662105
High,High,0.9872755774925255,2.9507092501792817e-05,0.012694915414972622
Medium,Medium,0.3559663610564769,0.013376609308823097,0.6306570296346999
High,High,0.9732327554659331,0.00010055723623747424,0.026666687297829544
High,High,0.9984310998125556,6.476985689436761e-06,0.001562423201754867
Low,Low,0.0009390886699426792,0.7877436719577657,0.2113172393722917
Low,Low,4.556924723537187e-06,0.9987322885568761,0.0012631545184004216
Low,Low,4.176742421963359e-05,0.9831372925291566,0.01682094004662367
Medium,High,0.7165197382531837,0.004726123603977739,0.2787541381428386
High,High,0.8750355582965185,0.0006102621201392589,0.12435417958334238
High,High,0.9077627270282449,0.00031931533498604235,0.09191795763676908
Low,Low,0.0010483955637717772,0.8709727902499763,0.12797881418625182
High,High,0.9998582626549827,1.3186079182083797e-06,0.00014041873709919427
High,High,0.9997371231798061,1.8149131425329978e-06,0.00026106190705141633
High,High,0.9914199961060923,0.00011084795049698095,0.008469155943410599
Medium,High,0.5430520811112828,0.005992716075057305,0.45095520281365997
Medium,Medium,0.030860167121803703,0.09143063889805188,0.8777091939801445
Low,Low,0.0029614250007801075,0.8719427298328761,0.1250958451663438
Low,Medium,0.0053445490025914215,0.3485541814776865,0.646101269519722
High,High,0.9997263208310452,2.68272210431164e-06,0.00027099644685042463
High,High,0.9982823397053582,8.690296930631185e-06,0.0017089699977112605
High,High,0.9914600949325215,3.956339887290913e-05,0.008500341668605398
Low,Low,0.00216792911046019,0.8148954732484789,0.18293659764106104
Low,Medium,0.004333964368008524,0.4700230585969579,0.5256429770350335
Medium,High,0.7528361878216671,0.0009555690109111836,0.24620824316742174
Low,Low,1.2078711858493401e-05,0.9959531342357616,0.004034787052379879
High,High,0.9990914418782414,6.069045976133465e-06,0.0009024890757823043
High,High,0.8206288859664164,0.0013038212137353948,0.17806729281984823
Medium,Medium,0.004362691266162311,0.2723801443198019,0.7232571644140358
Low,Low,5.425452035753179e-05,0.9850280095705886,0.014917735909053946
High,High,0.9978700702288621,3.876530635139859e-06,0.0021260532405026223
High,High,0.9085778449633932,0.0007893715962592876,0.09063278344034748
High,High,0.998875994323979,7.395240959263089e-06,0.001116610435061789
Medium,Low,0.005027063291336537,0.5411460324160146,0.45382690429264894
Low,Low,9.376194544325942e-05,0.9794791849467526,0.02042705310780428
Low,Low,0.0061960392371138455,0.5882691184472744,0.40553484231561177
High,High,0.9995469641912229,8.471145849328983e-07,0.0004521886941921316
High,High,0.8070558196788565,0.004104377672800434,0.18883980264834305
Medium,High,0.6507263063294317,0.004545816775514286,0.34472787689505396
High,High,0.9031090903862278,0.0014683456027802051,0.09542256401099214
High,High,0.9976856050901227,9.776983509218247e-06,0.002304617926367986
High,High,0.9892650172624831,5.5529430913492554e-05,0.010679453306603649
High,High,0.8188836838118421,0.0024238458241543095,0.17869247036400357
High,High,0.9988881630789194,6.271380570236447e-06,0.001105565540510367
High,High,0.9987449554105531,7.130837600276354e-06,0.0012479137518465954
Medium,Medium,0.022917476528778697,0.2829038901376277,0.6941786333335936
Medium,Low,0.008491637392370834,0.533479268863851,0.45802909374377826
Medium,Medium,0.05344869483048904,0.16614718738360132,0.7804041177859097
Low,Medium,0.010715431872084792,0.3144074925661046,0.6748770755618105
High,High,0.9929521719938352,7.337697139440796e-05,0.006974451034770463
Medium,High,0.6417955949657391,0.004452048558579891,0.35375235647568093
High,High,0.985997247479961,4.907978134032846e-05,0.013953672738698675
Medium,Medium,0.08067883666497071,0.09315838651418487,0.8261627768208444
Low,Medium,0.021347193847824485,0.15339652649130542,0.8252562796608701
High,High,0.521705938037363,0.012063614248309217,0.4662304477143278
Medium,Medium,0.2346970375334069,0.028412878918240705,0.7368900835483524
High,High,0.9996790458621513,1.3926222422136192e-06,0.0003195615156063779
Medium,Medium,0.028126997203802122,0.18821036200653074,0.7836626407896671
Medium,Medium,0.06952175861027766,0.06231485587932049,0.8681633855104018
High,High,0.9839757567203464,0.00015414776470089095,0.01587009551495265
High,High,0.9999846407700119,4.670438348880312e-07,1.4892186153008158e-05
High,High,0.993827281852898,4.314118759632326e-05,0.006129576959505649
High,High,0.9975429562775198,1.0558810585980954e-05,0.0024464849118941458
Low,Low,1.1206991733300466e-05,0.9954987621610012,0.004490030847265507
Medium,Medium,0.006576761116907421,0.4576892676415929,0.5357339712414996
Medium,High,0.8292805642942599,0.0013881965811035264,0.16933123912463652
High,High,0.9929476720507637,4.568746290287449e-05,0.007006640486333219
High,High,0.5017188638139913,0.00779614402470125,0.4904849921613074
High,High,0.999956571775187,4.674208054245419e-07,4.296080400756621e-05
High,High,0.9997746367812945,1.6932923250542287e-06,0.00022366992638058389
Medium,Medium,0.3872545506902408,0.019759706583100445,0.5929857427266587
Low,Low,0.0019235984043513479,0.7841432941503197,0.2139331074453289
High,Medium,0.23003325239898548,0.022373830619586147,0.7475929169814284
High,High,0.951341139662654,0.0005037703303796736,0.04815509000696635
Medium,Medium,0.011549415099560834,0.15629780406768742,0.8321527808327518
High,High,0.9995855545873602,5.581164711800683e-06,0.00040886424792814307
Low,Low,0.0038434652878962454,0.7856019712251314,0.2105545634869723
High,High,0.9998665262236746,1.3127628754576662e-06,0.0001321610134500222
Medium,Medium,0.47627215075948615,0.007674381387352401,0.5160534678531614
High,High,0.8307805381043306,0.0005570330506315522,0.1686624288450378
High,High,0.9995600895964856,7.055904201743928e-06,0.00043285449931254193
High,High,0.9994784765404665,2.4597671603023154e-06,0.0005190636923731564
High,High,0.9567884111947597,0.00021467105546836126,0.042996917749772
Low,Medium,0.021128122843060183,0.2454849301441171,0.7333869470128228
High,High,0.9997146089088591,1.519070483515765e-06,0.00028387202065730536
Low,Low,0.0018328461491515925,0.7308941313563369,0.2672730224945115
High,High,0.9865258648251786,9.199441725691885e-05,0.013382140757564434
Low,Medium,0.1067020192047719,0.0181121387858683,0.8751858420093599
Low,Low,0.0001296091375821868,0.9754464974450793,0.024423893417338596
High,High,0.9994417782587781,3.4205299248894433e-06,0.0005548012112969059
Medium,Medium,0.009834278441595033,0.43199026652706846,0.5581754550313366
Medium,High,0.9607589147363179,0.000174249701879707,0.039066835561802356
High,High,0.9985642306195748,5.0583277094577975e-06,0.0014307110527155714
Medium,Medium,0.01896756219302774,0.19706446310592876,0.7839679747010435
Medium,High,0.5157936112905195,0.007464809657224201,0.47674157905225634
High,Medium,0.26601721274935336,0.009841862769585985,0.7241409244810607
High,High,0.9964817312900583,1.4208316130226824e-05,0.003504060393811512
High,High,0.9678900670764153,0.00014037125818612192,0.031969561665398605
High,High,0.99930996692446,6.382966589619224e-06,0.0006836501089505139
High,High,0.7955601206989547,0.0013485107321110825,0.20309136856893437
High,High,0.9873182163124241,0.00014346334273610187,0.012538320344839855
High,High,0.9997899319471383,1.1772951794879466e-06,0.00020889075768230257
High,High,0.9999102692547402,1.4477342382072364e-06,8.828301102157061e-05
Medium,Low,0.01110912768854164,0.5370403043856395,0.4518505679258189
High,Medium,0.32466145376636685,0.011827887298348777,0.6635106589352843
High,High,0.9396379927848623,0.000514385441003241,0.0598476217741345
High,High,0.9998249230805079,9.596382550194113e-07,0.0001741172812372328
High,High,0.9999561245558372,4.726992604424749e-07,4.34027449024681e-05
High,High,0.9976042367762198,2.2082537245402116e-05,0.0023736806865345805
High,High,0.995938942020132,2.393939251469105e-05,0.004037118587353171
High,High,0.9645396895596697,8.913203872225541e-05,0.03537117840160802
Medium,Medium,0.13519215943458004,0.03355303364665375,0.8312548069187662
High,High,0.9988613318561435,4.632437273066046e-06,0.0011340357065835074
High,High,0.9942340227187838,5.98742311905407e-05,0.005706103050025548
High,High,0.9884680807594644,0.00012742519723507665,0.01140449404330056
High,High,0.9987284835272752,9.853007013718305e-06,0.0012616634657111848
Medium,Medium,0.017011310325296035,0.31460651609590257,0.6683821735788015
Low,Medium,0.007724308409052686,0.2699179695861052,0.7223577220048422
High,High,0.9487912754952794,0.00031480467538840575,0.05089391982933224
High,Medium,0.3894390664017942,0.015580534239276243,0.5949803993589295
High,High,0.9925293826598676,9.070604163621483e-05,0.007379911298496323
High,High,0.9903984312527575,6.176879252253617e-05,0.009539799954719866
High,High,0.987724516637538,9.386719120221669e-05,0.01218161617125975
High,High,0.9980784144406787,2.241940158037486e-05,0.001899166157740873
Low,Low,0.00015891365664571334,0.9701953200906187,0.029645766252735607
Medium,Medium,0.06379631209721491,0.058876291179773436,0.8773273967230116
High,High,0.9858604411426428,0.0001221634258663554,0.014017395431491015
High,High,0.6184626290539279,0.0034640120519745135,0.3780733588940977
High,Medium,0.2141958820902108,0.015686959691471696,0.7701171582183175
High,High,0.991625138720639,3.0487354106349892e-05,0.008344373925254726
Medium,Medium,0.0803252214243791,0.14224369588915534,0.7774310826864654
Medium,Medium,0.07736120309717427,0.0693317573914066,0.8533070395114191
High,High,0.9999065236563943,1.508901385584848e-06,9.19674422199699e-05
Low,Medium,0.12879920942836537,0.02451017048457341,0.8466906200870612
High,High,0.8756290493216191,0.0012547864821992785,0.12311616419618156
Medium,Medium,0.028539194651191882,0.10782741664119365,0.8636333887076145
High,High,0.9900379606307514,0.00010778094848213905,0.009854258420766435
High,High,0.9995660147846164,6.6061798007984064e-06,0.0004273790355828122
Medium,High,0.9650908235989816,0.0001731909631558753,0.03473598543786252
Medium,Medium,0.015866725460343865,0.23063394579930788,0.7534993287403482
Low,Low,0.00024006800300961412,0.9696023550417113,0.030157576955279115
Medium,High,0.9046603528492876,0.0005203686156231335,0.0948192785350892
Medium,Medium,0.02571221750235774,0.104233392877216,0.8700543896204262
High,High,0.9984707339885232,1.4656345986140064e-05,0.001514609665490807
Medium,Medium,0.015991909280758394,0.21016405620660128,0.7738440345126403
Low,Low,0.008885442152799584,0.5019167162577128,0.4891978415894877
High,High,0.8729580096420929,0.0005813828859945415,0.12646060747191248
Medium,Medium,0.04537785641000737,0.11849026643136051,0.8361318771586321
High,High,0.9664917458509056,0.0001704727269079367,0.033337781422186345
Medium,Medium,0.023856235781086022,0.11627530820494415,0.8598684560139698
High,High,0.9869602188027389,7.392680337783647e-05,0.012965854393883343
Medium,Low,0.013401977485371154,0.6632773203448272,0.32332070216980163
High,High,0.981595632466617,0.00012590430855202183,0.01827846322483112
Medium,Low,0.002049297356354892,0.7410594496766423,0.2568912529670028
Low,Low,0.0001690120441379795,0.9669373482534935,0.03289363970236843
Low,Medium,0.007095056609487857,0.42153752543628276,0.5713674179542294
High,High,0.9725054120059234,0.00013037191112016857,0.02736421608295638
High,High,0.9990131984369965,1.0624571152491754e-05,0.0009761769918509183
High,High,0.9935086845504006,6.189762605282951e-05,0.0064294178235465675
High,High,0.9968506656973672,1.222621357995442e-05,0.0031371080890529746
High,Medium,0.48200825851856616,0.006561969775536641,0.5114297717058972
High,High,0.9729182797933908,0.00048090203488127155,0.02660081817172789
High,High,0.9825596679702824,6.681846122416369e-05,0.017373513568493548
High,High,0.8739792792059228,0.0007334940407339899,0.12528722675334322
Medium,Medium,0.24612998557532284,0.07050191107797317,0.6833681033467041
Medium,Medium,0.14750539226942472,0.038990620335878835,0.8135039873946965
Low,Low,0.00023094919132301284,0.9656942506111303,0.03407480019754673
High,High,0.9993756011367236,4.333236541960255e-06,0.000620065626734398
High,High,0.9527642703720179,0.0002077901447270593,0.04702793948325487
Low,Low,8.199317468668013e-06,0.9984807369712886,0.0015110637112427676
Medium,Medium,0.1463021745766378,0.059880653573016134,0.7938171718503462
High,High,0.7580461522856776,0.001312032469544199,0.24064181524477818
High,High,0.9570143285968672,0.00022420614580790702,0.042761465257324785
Medium,Medium,0.40971024998721983,0.008301261757767603,0.5819884882550126
Medium,Medium,0.06977562383187154,0.1366002878237942,0.7936240883443344
Medium,Medium,0.35380189901207504,0.012724477247078054,0.6334736237408469
Low,Low,9.78661918601175e-05,0.9841951567412904,0.015706977066849422
Medium,Medium,0.14456881471164498,0.030994809096642994,0.824436376191712
High,High,0.9956905906072085,9.673300156413286e-06,0.0042997360926350595
Medium,Medium,0.011524087535083485,0.2537589692317702,0.7347169432331463
Medium,Medium,0.03920693319760305,0.0704737343931274,0.8903193324092695
Medium,Medium,0.23881244021509937,0.01933196305118034,0.7418555967337204
High,High,0.9711915100545827,0.00018811648371723025,0.028620373461700006
High,Medium,0.10712327655629435,0.05298099742237777,0.839895726021328
High,High,0.9905690775536775,0.0001876812033973769,0.009243241242925243
Medium,High,0.7273474510789615,0.0021304981428521552,0.2705220507781863
High,Medium,0.3923536381329459,0.01594492909811645,0.5917014327689377
Medium,Medium,0.06127323813428894,0.09301586763873407,0.8457108942269771
High,High,0.9985107040072579,1.0301565615277132e-05,0.0014789944271268363
High,High,0.9766032116604793,8.952554900443109e-05,0.02330726279051619
High,High,0.9890435758344123,5.196504771687887e-05,0.01090445911787081
High,Medium,0.0210883010318506,0.1600380399566729,0.8188736590114766
High,High,0.9870614633337248,6.977267918032852e-05,0.012868763987094876
Low,Low,0.0013885020426751306,0.7440931837536838,0.254518314203641
High,High,0.8826151470555187,0.0011299693962517243,0.11625488354822967
High,High,0.9978430856671293,1.3873954533809803e-05,0.00214304037833694
Medium,Medium,0.12883793037744667,0.042663504908767066,0.8284985647137862
High,High,0.9999132486041581,5.476227115419901e-07,8.620377313033963e-05
High,High,0.9970786699067277,2.4439215371315828e-05,0.0028968908779009542
High,High,0.9634059405272257,0.00030107310929577036,0.03629298636347858
Medium,Medium,0.07476792268129534,0.05324410835482759,0.8719879689638771
Medium,Medium,0.016262300298731637,0.22107804423660377,0.7626596554646646
Medium,High,0.6218936451866997,0.004146665635883346,0.373959689177417
High,High,0.9947332755266688,2.1118925236403054e-05,0.005245605548094726
High,High,0.9974066932426727,1.4549080927888178e-05,0.0025787576763993676
Medium,Medium,0.22929970374743086,0.018990656475098674,0.7517096397774705
Medium,Medium,0.18716161027896971,0.037561800359605046,0.7752765893614253
Low,Low,0.0023349171433477128,0.8414393511010905,0.1562257317555619
Medium,Medium,0.34201810674281347,0.010239458882601197,0.6477424343745852
Low,Low,0.002308699566804963,0.8330337955096437,0.16465750492355116
High,High,0.9994164378720066,4.135991918796937e-06,0.0005794261360746772
Medium,Medium,0.014310316889036048,0.20573790071937367,0.7799517823915904
Low,Low,6.0737857621804775e-05,0.9939113973550641,0.006027864787314088
High,High,0.999828202772604,1.549408211680897e-06,0.00017024781918441764
High,High,0.981153001304331,0.00011440311692062128,0.018732595578748307
High,High,0.9840462679793338,0.00014621555502493183,0.01580751646564147
Low,Medium,0.009789547601160235,0.3999104050819033,0.5903000473169364
Low,Low,0.0024742289352521485,0.8137087574713194,0.1838170135934283
Medium,High,0.7259895950393667,0.00690344369826917,0.2671069612623643
Medium,Medium,0.09244376945713018,0.07835669272620054,0.8291995378166692
High,High,0.9960076936873062,2.319116363163479e-05,0.003969115149062062
High,High,0.7962393846772576,0.0012055086092103437,0.20255510671353216
High,Medium,0.46757879378903117,0.007356198787379038,0.5250650074235897
Low,Low,0.000544209098561385,0.8768889452631795,0.12256684563825923
Low,Low,0.0011945819050198311,0.7964692682498478,0.20233614984513246
High,High,0.9995795049106213,3.2611808122779095e-06,0.0004172339085665572
Low,Low,0.00016194498313129636,0.9586415131112067,0.041196541905662
Low,Medium,0.05289280837479514,0.09778554869931447,0.8493216429258904
High,High,0.9973633613159959,1.03759832275285e-05,0.0026262627007766545
High,High,0.9991752566186536,7.977173236048916e-06,0.0008167662081101607
High,High,0.9834632752384572,4.391173741027109e-05,0.016492813024132365
High,High,0.9688382016973,0.00019954656464191728,0.030962251738058097
Medium,Low,0.008214455853552216,0.6024641033530065,0.38932144079344133
Medium,High,0.5494728875510612,0.013045043308302947,0.4374820691406359
High,High,0.9472248130509013,0.0002193262325577871,0.05255586071654094
Low,Low,1.184611659999695e-05,0.9977911464462831,0.002197007437117045
Medium,Medium,0.28168384800783797,0.015160071088319007,0.703156080903843
Medium,Medium,0.11946254670959501,0.03312782560839301,0.847409627682012
High,High,0.9988822116047901,5.0662977974627346e-06,0.0011127220974125145
High,High,0.9967939944228374,2.4985583441080278e-05,0.003181019993721601
Low,Medium,0.14788594646749958,0.047750083547594295,0.8043639699849062
Low,Low,7.646502461019482e-06,0.998560806589591,0.001431546907947932
High,High,0.9997349659136023,1.0956468447370042e-06,0.0002639384395529262
Medium,High,0.9518750968862019,0.0005196310750463091,0.047605272038751936
Low,Medium,0.018566230241268605,0.39144548812201546,0.5899882816367159
High,High,0.9894834343089018,3.142168245346326e-05,0.01048514400864482
Medium,High,0.5132270024645494,0.008064130242926473,0.47870886729252415
High,High,0.9726097085389944,0.00013858377710718439,0.027251707683898504
High,High,0.5280991276412161,0.0037771819090470895,0.46812369044973673
Medium,Low,0.004554837153468301,0.6061821585437569,0.3892630043027747
High,High,0.9944790133754386,1.8796865533461147e-05,0.005502189759027815
Medium,Medium,0.011949790369816273,0.2371868128852606,0.7508633967449232
High,Medium,0.14869129913195975,0.01811748006959256,0.8331912207984477
High,High,0.9947403168410522,3.495209853650677e-05,0.005224731060411274
Medium,Medium,0.2228583542640295,0.01795052952647803,0.7591911162094924
Medium,Medium,0.24516118650024005,0.018116510618306353,0.7367223028814537
High,High,0.9816854566615554,0.00010236123880414847,0.018212182099640484
Medium,Medium,0.1497850703363591,0.03152429028995841,0.8186906393736825
High,High,0.9992750526152955,5.908539533186952e-06,0.0007190388451712533
High,High,0.9924412626305584,8.245232089033696e-05,0.007476285048551091
Low,Low,1.1946237060720907e-05,0.9976716237066129,0.002316430056326275
High,High,0.9832853091117169,6.745562360205366e-05,0.016647235264681162
Low,Low,2.084294772078189e-05,0.9910216055809412,0.008957551471337982
Medium,Medium,0.1124638343627564,0.0990210548194325,0.7885151108178111
High,High,0.9783404652659833,9.379486693751383e-05,0.021565739867079034
Low,Medium,0.018071938869536078,0.33318624294898447,0.6487418181814796
Medium,Medium,0.14096692456531934,0.03280758665555036,0.8262254887791303
Medium,Medium,0.3309405351651676,0.012486257825609097,0.6565732070092234
Low,Low,3.643338860221659e-05,0.9943702525758901,0.0055933140355077975
Low,Low,2.0349284266621545e-05,0.9921143346746898,0.007865316041043475
Medium,Low,0.00018251311468665184,0.9736082512676753,0.02620923561763811
High,High,0.9862335482077982,8.627780107181596e-05,0.013680173991129935
Low,Medium,0.016146252234339683,0.4679855124167697,0.5158682353488907
Medium,High,0.8853210308527578,0.0005713452747594314,0.11410762387248277
High,High,0.9074464879793255,0.0005205411695177852,0.09203297085115673
Medium,Medium,0.018330096227011004,0.21978322947331083,0.7618866742996782
High,High,0.9994809918340062,3.1635353845590052e-06,0.0005158446306092407
High,High,0.9809503849423208,0.00017246002510750826,0.018877155032571553
Low,Low,0.0019814301688723048,0.7701172368535154,0.22790133297761228
High,High,0.8729581748002933,0.0012411216232825683,0.12580070357642398
Low,Low,0.007834173059476254,0.5199206442483543,0.4722451826921694
Low,Medium,0.038125852703442584,0.09108272794059948,0.8707914193559579
High,High,0.9944048126760423,4.613871793521802e-05,0.005549048606022492
High,High,0.9957179457063151,1.643702128293431e-05,0.004265617272401812
High,Medium,0.23808355387966157,0.022999296880691994,0.7389171492396464
High,High,0.9816480494002398,0.00013643586380184547,0.018215514735958255
Medium,Medium,0.018476887988005505,0.15184411168699835,0.8296790003249962
High,High,0.985589298430669,0.00011532871396182269,0.01429537285536913
High,High,0.782587656224027,0.0009035824830888183,0.21650876129288424
Low,Low,0.0005467841485505659,0.8708789878588743,0.12857422799257517
High,High,0.9956339764170191,3.307889445839946e-05,0.004332944688522281
High,High,0.9140474607954112,0.0012070425306534053,0.0847454966739354
Low,Low,0.0009082170571537837,0.8681162240085049,0.1309755589343413
Medium,Medium,0.2708232487010995,0.015898438304701057,0.7132783129941994
Medium,Medium,0.23861903033407922,0.02141814084971808,0.7399628288162027
High,High,0.9892286310340423,3.3525889188393484e-05,0.01073784307676932
High,High,0.9997010686230227,9.466723616260447e-07,0.00029798470461580624
High,High,0.999974553342158,4.6970726788905264e-07,2.497695057412016e-05
High,High,0.9894512147830885,8.344413113507633e-05,0.010465341085776394
High,High,0.9876157889421073,8.525780063033273e-05,0.012298953257262381
High,High,0.9611483535764497,0.0002544194094715388,0.03859722701407889
High,High,0.9982370476998739,1.2807519587607575e-05,0.0017501447805385712
High,High,0.9998227540727713,5.643464651638057e-07,0.00017668158076349688
High,High,0.995822907965239,2.2119050317911445e-05,0.0041549729844431865
Low,Low,8.880878022273032e-05,0.9900396673184856,0.00987152390129156
High,High,0.9998020285806447,1.17366026300676e-06,0.00019679775909229637
High,High,0.9982112902465048,8.989823915283231e-06,0.0017797199295797573
Medium,Medium,0.030701702190631005,0.07623318187025419,0.8930651159391148
High,High,0.925838138752261,0.0003335065542582941,0.07382835469348076
High,High,0.9983742206538746,4.998699133787391e-06,0.0016207806469916287
Medium,Medium,0.19100396561358954,0.029610010287090045,0.7793860240993205
High,High,0.9999550278222699,1.3925256737782607e-06,4.357965205631725e-05
Low,Low,2.53298320237121e-05,0.9947040598999946,0.005270610267981681
Medium,Medium,0.1700709171006407,0.03476548438601849,0.7951635985133407
High,High,0.8393711182799569,0.0013421074577178848,0.1592867742623252
High,High,0.9915260031461607,0.0001314550579191339,0.008342541795920281
High,High,0.9929759920938069,2.145568075094742e-05,0.007002552225441992
High,High,0.9868471720206977,9.145377563618055e-05,0.013061374203665984
High,High,0.9548906175208319,0.000480771987385116,0.04462861049178311
Medium,Medium,0.015434570084232524,0.2842563439970696,0.7003090859186979
Medium,Medium,0.1944430115285495,0.02070425782237473,0.7848527306490758
High,High,0.9974758912193472,7.760991866384385e-06,0.002516347788786503
High,Medium,0.3030325587086145,0.015959610217117393,0.6810078310742682
Medium,Medium,0.14309802931117932,0.029004894012981418,0.8278970766758392
Low,Low,7.740904572718659e-06,0.9980283510869399,0.001963908008487407
High,High,0.9983544592257265,5.768845839040858e-06,0.0016397719284344855
High,High,0.9999605447688942,3.361494109761951e-07,3.911908169494136e-05
Medium,Medium,0.0692627375794306,0.039933117276942334,0.8908041451436272
High,High,0.999770512619652,2.8357643498083267e-06,0.00022665161599818838
High,High,0.9933540707655275,3.9269766681873735e-05,0.006606659467790417
High,High,0.9987479692702511,9.045487327323732e-06,0.0012429852424214742
High,Medium,0.43867667329952975,0.013369327610065285,0.547953999090405
High,High,0.8207424283073557,0.0004409487921436094,0.17881662290050065
High,High,0.9961655256085589,1.1339024167211809e-05,0.003823135367273762
High,High,0.9936526342379599,1.875544362445114e-05,0.006328610318415596
High,High,0.9592615701480479,0.0002466322242131063,0.04049179762773899
High,High,0.9415179713221205,0.00048807798043149983,0.057993950697448095
High,High,0.9993755281203086,2.842146048910896e-06,0.000621629733642527
High,High,0.999730987302604,6.909761282732077e-07,0.0002683217212678417
Medium,Medium,0.02123119488478374,0.2226179938088654,0.7561508113063509
High,Medium,0.3952201700641266,0.011904824860909467,0.592875005074964
Medium,Medium,0.017191685704515552,0.15601714663624747,0.826791167659237
Medium,Medium,0.06479822102790928,0.12385613560361308,0.8113456433684777
Medium,High,0.5785124997468245,0.004359024967196586,0.4171284752859789
Medium,Medium,0.039561897371437775,0.115003541613467,0.8454345610150953
High,High,0.7667810403721803,0.0019768428608738006,0.23124211676694606
High,Medium,0.4754175803165125,0.002770194020812856,0.5218122256626746
High,High,0.9994776937512475,2.694085023372965e-06,0.0005196121637290593
High,High,0.99957660978318,2.8865967255817874e-06,0.0004205036200943624
Medium,Medium,0.1402382786383602,0.038924896797222525,0.8208368245644173
Medium,Medium,0.040330690021989364,0.17523458545854473,0.7844347245194659
High,High,0.9705556287838738,6.488683777486759e-05,0.029379484378351174
Medium,Medium,0.2794121234127763,0.02296597662823173,0.6976218999589919
High,High,0.5689257872075846,0.0033312087065471147,0.42774300408586835
Medium,Medium,0.46426162671483195,0.011220605832590285,0.5245177674525777
High,High,0.9822524842895716,9.585405757252743e-05,0.01765166165285587
High,High,0.5750788896149996,0.004711390612048816,0.42020971977295146
High,High,0.9994825681314697,1.8993000566077734e-06,0.000515532568473655
Medium,Medium,0.273007853607014,0.021073909552477,0.705918236840509
High,High,0.8328734896160578,0.0009980655685324546,0.16612844481540978
High,High,0.6834330147509465,0.002830565775169786,0.31373641947388364
Low,Low,6.201641698820636e-06,0.9971685197032274,0.0028252786550738507
High,High,0.9985644067628177,7.5256399341647545e-06,0.0014280675972483266
High,High,0.9975522513573274,5.885853994515004e-06,0.0024418627886780013
High,High,0.9980513541134791,1.0713856483181375e-05,0.0019379320300377454
High,High,0.9998764281566809,8.681322003878164e-07,0.00012270371111875882
Medium,Medium,0.13137465088278197,0.052516356871632315,0.8161089922455858
High,High,0.9785623999631003,3.6143779298628425e-05,0.02140145625760097
Medium,Medium,0.05489958272112075,0.08750776830228776,0.8575926489765915
Low,Low,0.001045340368613238,0.7907019844863187,0.20825267514506798
High,High,0.999987724057246,2.5809660067459987e-07,1.201784615327111e-05
High,High,0.9999693553578016,4.138230265342534e-07,3.023081917183912e-05
High,High,0.9970363153736574,7.3720760719404524e-06,0.002956312550270474
High,High,0.9712403009493088,0.0001238453040571444,0.028635853746633917
High,High,0.829372128420495,0.001207269700665849,0.1694206018788391
Low,Low,0.0019320334589984641,0.729228331815795,0.26883963472520644
Low,Low,1.1590853779943102e-05,0.9978436117219802,0.002144797424239938
High,High,0.9657033278295937,0.0006236719449485065,0.03367300022545795
High,Medium,0.3629266236940447,0.015082508677970374,0.6219908676279848
High,High,0.994895300653417,3.380490229452543e-05,0.005070894444288397
High,High,0.9981443532759048,1.1382207853003511e-05,0.0018442645162422046
Medium,Medium,0.3990960205205339,0.02173128654784544,0.5791726929316207
High,High,0.7105707750313026,0.0017050766581735793,0.28772414831052384
High,High,0.9421913812242341,0.00043440579389242154,0.057374212981873486
High,High,0.996139280615674,1.3762955757950913e-05,0.003846956428568031
Low,Medium,0.0076712215129389446,0.40085402541056653,0.5914747530764946
Low,Low,0.00020782378306793576,0.9429026751508848,0.056889501066047274
Medium,Medium,0.09748573337174969,0.06909541246236853,0.8334188541658817
High,High,0.8660774022963149,0.0007854490130491079,0.13313714869063603
Low,Medium,0.023611156089609172,0.08224110250139496,0.894147741408996
High,High,0.9571234232524048,0.00039008707486215793,0.04248648967273308
Low,Medium,0.010369262865959029,0.3457485035240405,0.6438822336100004
Medium,Medium,0.08942291040092674,0.04840995153461636,0.862167138064457
High,High,0.9999562273199954,7.357966568276385e-07,4.303688334775056e-05
High,High,0.9467604989939851,0.00026970779344621774,0.05296979321256878
Low,Low,8.818024970699274e-05,0.9788579873733178,0.02105383237697535
High,High,0.9920254798628952,1.1143699079916497e-05,0.007963376438024838
High,High,0.9225333498235602,0.0006969712377429382,0.07676967893869703
Medium,Medium,0.3477471759859764,0.017715755053995964,0.6345370689600276
High,High,0.9220914577578075,0.00027045794092325087,0.07763808430126937
High,High,0.9995837001134092,3.0640912278914806e-06,0.0004132357953628835
Low,Low,9.129958676570024e-06,0.9960842189127762,0.00390665112854736
High,High,0.9989772121557468,8.085724968799687e-06,0.0010147021192844323
High,High,0.7889414994746237,0.0023929056843845567,0.2086655948409917
High,High,0.8565502266898585,0.0016353388969430301,0.14181443441319838
Low,Low,0.0002640294777905736,0.961113353173486,0.03862261734872344
Low,Low,0.0006758999352863981,0.8510973028364801,0.1482267972282334
High,High,0.9971497852436019,1.0395795794736324e-05,0.0028398189606032823
Low,Low,0.0010752258511593585,0.8317309290930632,0.16719384505577736
High,High,0.9996429220612315,1.8029439744915046e-06,0.000355274994793846
Medium,Low,0.0003752777133462117,0.9043556156793819,0.09526910660727177
High,High,0.989201894491287,4.803113078442273e-05,0.01075007437792856
Low,Low,0.002811344293299954,0.8715083729693924,0.12568028273730764
High,High,0.9931520275732363,3.332320723482048e-05,0.006814649219528904
Medium,High,0.6704193969278258,0.002270723593891696,0.3273098794782826
High,High,0.9995469641713052,5.461386990289655e-06,0.00044757444170459717
High,High,0.9988134761396162,5.12180047211913e-06,0.001181402059911564
High,High,0.979261300140838,8.788264585141796e-05,0.020650817213310385
High,High,0.9902927246202495,4.7186090346984355e-05,0.009660089289403416
Low,Low,6.76368064852604e-05,0.9615098732839915,0.038422489909523065
Medium,Medium,0.01707093032479473,0.39064190608631594,0.5922871635888893
Medium,Medium,0.06327013496888755,0.07326526465988406,0.8634646003712284
High,High,0.9712244930644136,0.00030568079126032973,0.028469826144325996
Low,Low,3.2719250282426175e-05,0.9911979037813115,0.008769376968406099
Medium,Medium,0.062327404786061615,0.05682184536157931,0.8808507498523591
High,High,0.9959859284098301,1.9689262366956022e-05,0.003994382327802866
High,High,0.6949429130444315,0.0018132233149717617,0.3032438636405968
Low,Low,3.557715089853958e-06,0.9993324487121203,0.0006639935727895863
High,High,0.9970229480695253,3.6320407574077405e-05,0.002940731522900675
High,High,0.999511696606156,8.062219184008261e-06,0.0004802411746599956
High,High,0.9998571399458843,1.6046254005554593e-06,0.0001412554287151502
High,High,0.9999378043589418,4.819433469510912e-07,6.171369771113599e-05
High,High,0.9973361358901426,1.1243415977632337e-05,0.002652620693879701
Low,Low,1.5535987785292112e-05,0.9912496366789899,0.008734827333224796
High,Medium,0.162802103837691,0.02626534708089443,0.8109325490814147
High,High,0.9825248122584559,8.45909065865728e-05,0.017390596834957566
Low,Medium,0.016396131191647713,0.12968732987756423,0.853916538930788
Medium,Low,0.007236109642416813,0.5409137898197461,0.4518501005378371
High,High,0.9874545848564322,3.6833178670557066e-05,0.01250858196489717
Low,Low,0.002714338331125766,0.6184052740592495,0.3788803876096248
High,High,0.9999651342712049,4.7937297476358e-07,3.43863558202759e-05
Medium,Medium,0.1977393700407321,0.03520657007187771,0.7670540598873903
High,High,0.9996922863355832,1.4788443184113033e-06,0.0003062348200984985
High,High,0.9996599752609618,3.2186343361334556e-06,0.00033680610470196193
Low,Low,1.3940187816745577e-06,0.9996984168333148,0.0003001891479035303
Low,Low,0.0017997498267636443,0.7989743113098994,0.19922593886333698
High,High,0.9911153535646295,7.715478273250192e-05,0.008807491652637832
Medium,Medium,0.017608245522358106,0.28599072186556235,0.6964010326120796
High,High,0.8765162723860631,0.0003540458895651571,0.12312968172437168
High,High,0.9998447366671263,1.319122973070104e-06,0.00015394420990063042
High,High,0.9996584386910121,2.0937439076909914e-06,0.000339467565080154
High,High,0.9844740421222015,7.52180593767021e-05,0.015450739818421747
High,High,0.9994386397238281,3.948411196956151e-06,0.000557411864975018
High,High,0.9876059976868796,5.882293895872233e-05,0.012335179374161589
Low,Medium,0.006260957853649309,0.3989833285825348,0.5947557135638158
Medium,Medium,0.06129852074553501,0.07887055855110849,0.8598309207033565
Low,Low,5.924232446498108e-06,0.9966854527597817,0.0033086230077716415
High,High,0.9949114811959844,1.711722699030022e-05,0.005071401577025306
Medium,Medium,0.08492491928224565,0.06464265328251827,0.8504324274352361
High,Medium,0.05457071798413736,0.0731239431835952,0.8723053388322675
Medium,Medium,0.031131230366124366,0.10978897501289145,0.8590797946209842
High,High,0.9835145087854258,0.00013840249074440196,0.016347088723829818
High,High,0.9997127905825198,3.88904830404728e-06,0.00028332036917601863
High,High,0.504398884004113,0.011363420036843179,0.48423769595904376
Medium,Medium,0.17937062995349054,0.05265145516247882,0.7679779148840307
High,High,0.9965636687261075,2.912759485712021e-05,0.0034072036790353797
High,High,0.9871822568432014,5.0904428244364015e-05,0.01276683872855417
Medium,Medium,0.07525118334239271,0.05381776095918014,0.8709310556984271
High,High,0.9927663747957027,2.7785557659305607e-05,0.00720583964663787
High,High,0.8273007291413077,0.0010647439476776288,0.17163452691101455
Low,Low,0.0004985280145375417,0.8819162258880217,0.1175852460974408
Medium,Medium,0.13002420559692893,0.032643055105625284,0.8373327392974458
Medium,Medium,0.07711607503884363,0.14889030070392956,0.7739936242572267
High,High,0.8073558217085179,0.001400067098163351,0.19124411119331858
Low,Low,0.003393642258742957,0.7520162068962437,0.24459015084501334
High,High,0.9962778016186986,2.117831539179488e-05,0.003701020065909601
High,High,0.9906159242486771,2.2036026979756398e-05,0.009362039724343322
Low,Low,8.272849699192241e-05,0.9858033426242285,0.014113928878779521
Low,Low,0.0058954378050236214,0.6934084280679105,0.3006961341270661
Low,Low,0.0004753822301356242,0.877667658311224,0.1218569594586405
High,High,0.9953473758046644,6.755630916198858e-06,0.00464586856441951
High,High,0.9990673630240041,4.574773785240738e-06,0.0009280622022108978
High,High,0.9832978225366567,0.00022652117256667252,0.01647565629077668
Low,Low,1.1355088138628065e-05,0.9970905297741532,0.002898115137708167
High,High,0.9864291549143183,1.4671407412544182e-05,0.01355617367826918
High,High,0.9716764768315418,0.0002304167200829194,0.028093106448375198
High,High,0.9970934553230765,1.4317706661666651e-05,0.002892226970261848
Low,Low,0.004087753744069205,0.6080509784775513,0.3878612677783795
High,High,0.9079202605753379,0.0016012245763519692,0.0904785148483102
Low,Low,0.00010015996541082466,0.9414258098234782,0.058474030211110896
Low,Low,0.003578234226956358,0.5362309287866623,0.46019083698638125
Low,Low,0.0034471837126603595,0.669962901519213,0.32658991476812665
High,High,0.9183165320784953,0.0005301704145451646,0.0811532975069596
Medium,Medium,0.35889760017746136,0.007238573635606178,0.6338638261869325
High,Medium,0.39043453052464583,0.011168058026160974,0.5983974114491932
High,High,0.9991755199488478,9.783066907391925e-06,0.000814696984244977
Low,Low,0.00016817755389276508,0.9569414989510568,0.04289032349505024
Low,Low,0.0003230048812448716,0.9249052957629913,0.07477169935576376
High,Medium,0.4495400137979667,0.005298421095352094,0.5451615651066811
High,Medium,0.16096311189729898,0.018806446448836812,0.8202304416538643
Medium,High,0.8951078752098598,0.0004416261518053899,0.10445049863833496
High,High,0.9992643520238574,4.067410728611744e-06,0.0007315805654139287
High,High,0.8666655424872083,0.0011226397021788371,0.13221181781061284
High,High,0.996134268437888,2.2026002505230092e-05,0.003843705559606866
High,High,0.9914839176498336,4.373977182886376e-05,0.00847234257833767
Low,Low,0.00011192961875058288,0.957178043255296,0.042710027125953356
High,Medium,0.4392400180199507,0.011428726360833802,0.5493312556192156
Medium,Medium,0.02151750187316344,0.24718189648817948,0.7313006016386572
High,High,0.9775985740770124,0.00014978461002089415,0.02225164131296669
High,High,0.9963998278197724,1.1530918081909564e-05,0.003588641262145658
High,High,0.9977991122998622,1.3940655102705212e-05,0.002186947045035168
High,High,0.9432480304818883,0.0001763546872915586,0.05657561483082016
High,High,0.9899906565878609,4.732022256498731e-05,0.00996202318957411
High,High,0.8814905000201226,0.0006002894353968879,0.1179092105444805
Low,Medium,0.014657329631228878,0.25444600023622566,0.7308966701325456
High,High,0.9996572622704349,2.1536940136951854e-06,0.0003405840355515269
High,High,0.9998563135258607,1.097337685973406e-06,0.00014258913645326293
High,High,0.999501616422145,3.321331267723623e-06,0.000495062246587164
Low,Low,0.00014892377110321212,0.9630802412885593,0.036770834940337616
Medium,Medium,0.0636461094605529,0.05030774385503642,0.8860461466844106
Low,Medium,0.003550501247038594,0.43794352104003975,0.5585059777129218
High,High,0.9982294174098162,1.3226959498890183e-05,0.0017573556306849695
Low,Low,0.00347217591008001,0.612965409021604,0.383562415068316
Medium,Medium,0.28549890965829056,0.02420401528980907,0.6902970750519004
High,High,0.9988156367834903,3.530366316458095e-06,0.0011808328501933115
Low,Low,0.00012844531191051557,0.9816714777981096,0.018200076889980082
High,High,0.9894678630261721,2.946352629721591e-05,0.010502673447530572
Medium,Medium,0.1492672145469068,0.01927055663912258,0.8314622288139706
High,High,0.9998716681380259,1.7209062557646427e-06,0.0001266109557183555
High,High,0.9987472666735692,9.737703867381728e-06,0.001242995622563438
Low,Medium,0.008506147559405342,0.3866239369853691,0.6048699154552255
High,High,0.9832926476680391,7.388811635809285e-05,0.016633464215602644
High,High,0.6986543581890391,0.0026445365270479195,0.2987011052839129
Medium,High,0.925835617158009,0.00029010476516717285,0.07387427807682377
High,High,0.9931190651147747,2.1322800860231857e-05,0.006859612084365189
High,High,0.9737107814254742,0.00014597772113473,0.02614324085339096
High,High,0.8731972600586898,0.0007894877402397219,0.1260132522010704
Medium,High,0.7975382346024374,0.0019003689883901821,0.20056139640917248
Medium,Medium,0.32391738778750206,0.010330337623412476,0.6657522745890854
Medium,Medium,0.15959391341772747,0.06235541149223057,0.7780506750900419
High,High,0.9869258856359149,3.296265761645316e-05,0.013041151706468511
High,High,0.9820587410317149,9.435981146185261e-05,0.017846899156823207
High,High,0.6407932606623968,0.0023146595314855957,0.3568920798061174
High,High,0.9993683736998107,2.6479754302185e-06,0.0006289783247591026
Medium,Medium,0.08540263069252613,0.06034912455944785,0.8542482447480261
High,High,0.9903935087384914,1.7721731070740592e-05,0.00958876953043781
High,High,0.9018444615504512,0.0007753163120688761,0.09738022213747995
High,High,0.9980907324969224,3.6943597199923946e-06,0.0019055731433575535
High,High,0.9695529921702626,0.00011364639372210157,0.030333361436015262
Medium,Medium,0.029445429547818015,0.15335512732337786,0.8171994431288041
Low,Low,0.0005326355373245587,0.8411425068528794,0.15832485760979603
Medium,Medium,0.021507715613940995,0.4595201632337409,0.5189721211523182
High,High,0.8443187997432111,0.0015972872703029432,0.15408391298648597
Low,Low,1.62629564434861e-05,0.9906800500482825,0.009303686995274134
Medium,Medium,0.19829777735457824,0.02268567306279381,0.779016549582628
High,High,0.999156486872803,4.775438534862664e-06,0.0008387376886620494
High,High,0.9942601551840976,3.560502519222983e-05,0.005704239790710184
High,High,0.9993051657683506,4.864046455500985e-06,0.0006899701851940072
High,High,0.9987959933968933,9.331445953059234e-06,0.001194675157153705
High,High,0.9200299502899615,0.001577167419841286,0.07839288229019728
Low,Low,0.001139058841270162,0.8899707483358927,0.10889019282283702
High,High,0.8516841392080986,0.001766900041996352,0.14654896074990495
High,High,0.9868121985541705,9.127614848688523e-05,0.013096525297342756
Low,Low,1.2483500379808152e-05,0.9960946316258373,0.003892884873782667
High,High,0.9916009018057595,3.894783663120665e-05,0.008360150357609394
High,Medium,0.2871228130161103,0.011540001566055664,0.7013371854178341
Medium,High,0.6942046341382433,0.0014653085049284235,0.3043300573568283
High,High,0.9641627865879486,0.0002695103848263521,0.03556770302722495
High,High,0.9996743762713631,3.0202668808549652e-06,0.0003226034617559851
High,High,0.973744321642539,0.00010715993051521575,0.026148518426945773
Low,Low,0.0014333741336970142,0.7760669576961651,0.22249966817013794
High,High,0.999697338937373,1.6654714732128045e-06,0.0003009955911538843
Medium,Medium,0.02657651753408602,0.13823719594761,0.8351862865183041
High,High,0.9957305810224061,9.902634865536367e-06,0.00425951634272841
High,High,0.9575169967657711,0.00034145360133022804,0.04214154963289874
Medium,Medium,0.012765782250578261,0.4513842518883106,0.5358499658611112
Low,Low,0.0016550579636553581,0.7401942379973205,0.2581507040390241
High,High,0.9986818197680318,2.707614250516384e-05,0.001291104089463031
Medium,Low,0.0009802346778154758,0.7504550653276078,0.2485646999945768
High,High,0.9921188154691105,3.3139610705331e-05,0.007848044920184219
High,High,0.9961770527468785,1.6982612748477125e-05,0.0038059646403728912
High,High,0.9961999899058248,2.3759540307903098e-05,0.0037762505538673366
Medium,Medium,0.015273757479857847,0.1526927105887745,0.8320335319313676
High,High,0.9970736345340215,3.21334253626003e-05,0.0028942320406159204
Low,Medium,0.0034429621651271666,0.4921371809925496,0.5044198568423233
High,High,0.5842990198237478,0.004369098198573183,0.4113318819776791
Low,Low,0.0028177734956336404,0.5918320649766201,0.40535016152774617
Low,Low,0.00012931234013931054,0.9554563982606247,0.0444142893992362
Medium,Medium,0.04377948600648244,0.14524018587590592,0.8109803281176117
High,Medium,0.029848915847625584,0.11405720412693693,0.8560938800254375
High,High,0.9996431121451382,9.182341217060382e-07,0.00035596962073998495
High,High,0.9827381279547897,0.00021558534255926773,0.01704628670265109
Medium,Medium,0.010324028784624448,0.4641765813969405,0.525499389818435
High,High,0.9982086905288539,1.665032502561308e-05,0.001774659146120372
High,High,0.9995258642810007,5.3221177629274715e-06,0.00046881360123647705
Low,Low,0.00019141235917796717,0.9674079881011257,0.03240059953969641
High,High,0.9498792195002088,0.00022178055304450714,0.049898999946746646
Low,Low,0.0002317319511294388,0.9812139095244612,0.018554358524409505
High,High,0.5467475883045162,0.007198040038497394,0.4460543716569865
Low,Low,8.684476713813856e-05,0.9620662964923489,0.037846858740512995
Medium,Medium,0.14106535589331207,0.02817019469661176,0.8307644494100762
High,High,0.8621844946955688,0.001205980737021462,0.13660952456740968
High,High,0.9482872877453841,0.0003340823210691719,0.051378629933546804
High,High,0.9892883417245449,2.61898272548482e-05,0.010685468448200269
High,High,0.9953230624625535,2.1962935650709286e-05,0.004654974601795657
Low,Low,0.001222568849202768,0.835789581817414,0.16298784933338326
High,High,0.9205259369804997,0.0010183027635655413,0.07845576025593487
Low,Medium,0.008875127872410717,0.3777562219235613,0.613368650204028
High,High,0.9663491300657409,0.0003067295793055512,0.03334414035495349
High,High,0.9987726619610763,7.224587006412314e-06,0.0012201134519173463
High,High,0.9852759139869591,3.361189652617596e-05,0.014690474116514684
High,High,0.952657465766056,0.00023489650560597523,0.04710763772833796
High,High,0.9973694590413292,7.214600381924074e-06,0.0026233263582888704
Medium,Medium,0.0944160451069658,0.06170314814448427,0.84388080674855
High,High,0.9924548502732027,3.664161605316405e-05,0.0075085081107440135
Medium,Medium,0.37652938089281446,0.007300869445915486,0.61616974966127
High,High,0.9983113799270052,2.0421053902882446e-05,0.0016681990190919064
High,High,0.6361339154555485,0.00205349378205505,0.36181259076239636
High,High,0.9981726054067281,5.0263279185585965e-06,0.001822368265353307
High,High,0.9860023570234795,0.00013903108599649158,0.013858611890524
High,High,0.9091392059586145,0.0003728406155421869,0.09048795342584318
Medium,Medium,0.10839102638773344,0.06631754062148715,0.8252914329907793
Low,Low,0.0006167557413360071,0.9112050141658953,0.08817823009276868
High,High,0.9996161552915971,3.781203450754605e-06,0.00038006350495236517
High,High,0.6393322967488795,0.00467478131165445,0.3559929219394661
Medium,Medium,0.05832110322111999,0.09652339495101774,0.8451555018278623
Medium,High,0.5477699117907141,0.007589379487690818,0.444640708721595
Medium,Low,0.007174687709433403,0.6004777783708328,0.39234753391973365
Medium,Medium,0.08102585768061639,0.0496110814607544,0.8693630608586292
High,Medium,0.11207822300129673,0.04809469020350751,0.8398270867951958
High,High,0.8544150413448844,0.0012624046881245306,0.14432255396699092
High,High,0.8591483704769873,0.0007287455942520797,0.1401228839287607
High,High,0.9908997775669866,3.588727759675715e-05,0.009064335155416485
Low,Low,0.0003604091701860869,0.8472714347443454,0.15236815608546858
High,High,0.9998701624718926,8.684893479436654e-07,0.0001289690387593828
Medium,Medium,0.08689982739672124,0.10363126376616989,0.8094689088371089
Medium,Medium,0.029950571432767158,0.18113116958332084,0.788918258983912
High,High,0.9992512946914064,7.68931110101409e-06,0.0007410159974926677
High,High,0.9947074966201602,6.094729571770912e-05,0.005231556084122078
Low,Low,4.86379329330059e-05,0.9839855766919369,0.015965785375130173
High,High,0.9995597084291643,1.975289351914105e-06,0.00043831628148375407
High,High,0.9805691840652557,0.00015077992132177733,0.019280036013422458
High,High,0.9977306946559406,8.86054708955669e-06,0.0022604447969698004
High,High,0.8909294024251051,0.0005357810917614616,0.1085348164831334
Medium,Medium,0.22773219898842187,0.025353667922311182,0.7469141330892669
High,High,0.983998930158098,8.246030859380082e-05,0.015918609533308054
High,High,0.9977468280477687,1.840463643282605e-05,0.002234767315798517
Low,Low,0.00019318262522901664,0.970064931991667,0.02974188538310401
High,High,0.9680688983240366,0.00014809110739087792,0.03178301056857261
Medium,High,0.5764982663596556,0.006216231653491093,0.4172855019868533
High,High,0.995182836744408,1.893986703047019e-05,0.004798223388561531
High,High,0.9845854921635119,5.240085638648902e-05,0.01536210698010159
High,High,0.9978628592410587,8.848976161205446e-06,0.0021282917827799832
High,Medium,0.4742164125909536,0.005776291916604848,0.5200072954924415
High,High,0.9998478842509166,1.7015030638841657e-06,0.00015041424601949276
High,High,0.9997107946218042,3.177073785718126e-06,0.00028602830441012213
Medium,High,0.6974589891682385,0.004486099376095997,0.29805491145566565
High,High,0.9947847799803943,3.357130788651365e-05,0.005181648711719197
Medium,Medium,0.024767489319760073,0.0907938119905269,0.8844386986897131
High,High,0.9931176675531329,4.41504555373852e-05,0.006838181991329692
High,High,0.9952308670174732,3.189946438238973e-05,0.00473723351814456
High,High,0.9998486009039065,2.6613299027419794e-06,0.0001487377661907209
High,High,0.9930151296250351,3.846316644415683e-05,0.006946407208520783
Low,Low,0.0014993241699584811,0.8079977770617762,0.19050289876826537
Medium,Medium,0.1356971458067492,0.02296577095161437,0.8413370832416365
High,High,0.9924095458055832,1.8595651982638943e-05,0.007571858542434176
High,High,0.9994102655202196,3.849825933420914e-06,0.0005858846538470487
Low,Low,1.5091713820943053e-06,0.9994026927050872,0.000595798123530758
Medium,Medium,0.04567706434396233,0.08687725939902147,0.8674456762570162
Medium,Medium,0.21264585432804162,0.027719106937122814,0.7596350387348355
High,High,0.9635887554314873,0.00012012741920455332,0.036291117149308244
High,High,0.9108267533011171,0.0005349139757453638,0.08863833272313759
High,High,0.9941762383995094,1.2257399714750471e-05,0.005811504200775845
Medium,Medium,0.015122960753630097,0.3505665622751142,0.6343104769712559
High,High,0.9756531246762096,0.00018452309322374984,0.024162352230566637
High,High,0.9991271438537241,5.327699308581652e-06,0.0008675284469673195
High,High,0.923284064897844,0.0005459992874168341,0.0761699358147392
High,High,0.9978680632379254,8.900880461991875e-06,0.002123035881612587
High,High,0.9517264285637885,0.0002770978519525298,0.047996473584258945
High,High,0.9985481959727616,1.9111459932154686e-05,0.0014326925673064205
High,High,0.5924149588604876,0.004366467400710958,0.40321857373880143
High,High,0.9730481012891872,9.171346642054719e-05,0.02686018524439236
High,High,0.969027582427366,0.00012823505322463196,0.030844182519409468
High,High,0.9946123903444616,3.858208038685523e-05,0.005349027575151489
High,High,0.7511659729590411,0.004133090218950401,0.24470093682200855
High,High,0.9961623418355511,3.954908650132088e-05,0.003798109077947687
High,High,0.998005678823887,1.1761179328550212e-05,0.0019825599967844467
High,High,0.979193347097232,0.000238745789559927,0.020567907113208057
High,High,0.879515885210932,0.0019007700311934128,0.11858334475787452
Medium,Low,0.006145383696660718,0.5178935617568554,0.4759610545464839
High,High,0.9986990309390716,7.859846895813895e-06,0.0012931092140326711
Medium,Medium,0.020145995620340564,0.32138298575683244,0.658471018622827
High,High,0.9985255225391357,7.520505608223976e-06,0.001466956955256081
Medium,Medium,0.11463007411964629,0.03969716553655446,0.8456727603437993
High,High,0.8163574938367014,0.001451226042293068,0.18219128012100552
High,High,0.9998740334144102,8.600386655702678e-07,0.0001251065469242922
High,High,0.9970459074450078,2.0073307222754533e-05,0.0029340192477696194
High,Medium,0.1729617735894984,0.03589039576899342,0.7911478306415082
Medium,Medium,0.02761465307958029,0.2181260833077888,0.7542592636126308
High,Medium,0.4889431240680003,0.002684253033225557,0.508372622898774
High,Medium,0.36250024088121,0.009583572226447675,0.6279161868923423
Medium,High,0.6241888489493455,0.003683930651057958,0.37212722039959656
High,High,0.9937877474476753,3.107022907811558e-05,0.006181182323246402
Medium,Medium,0.24724521326337123,0.038984276824268194,0.7137705099123606
High,High,0.9811571167509178,0.00016483764996974828,0.0186780455991124
High,High,0.8979055521772117,0.0002866910245803934,0.1018077567982078
Medium,High,0.994779311806661,3.971176550334566e-05,0.005180976427835704
Low,Medium,0.00821090241553833,0.45322792142991913,0.5385611761545425
High,Medium,0.48559512173177394,0.006966372112974079,0.5074385061552519
High,High,0.997006295863565,2.2932478384984427e-05,0.002970771658050168
Medium,Medium,0.03859735150771259,0.16811011778219448,0.7932925307100929
High,High,0.9997856041778392,3.2912055456581285e-06,0.00021110461661497253
High,High,0.9999315286148603,7.513001538903806e-07,6.772008498574229e-05
High,High,0.9912667254112232,0.00011806648773507957,0.008615208101041945
High,High,0.99993666448331,7.278148184315364e-07,6.260770187159075e-05
Medium,Low,0.013214291391924227,0.5124429937929478,0.47434271481512796
High,High,0.9853042472096624,6.012798841716433e-05,0.014635624801920434
Medium,Medium,0.16255907391154065,0.1327655778400962,0.7046753482483631
High,High,0.9548450732394534,0.00035813901838769446,0.04479678774215876
High,High,0.9641009100236607,0.0001888406164060266,0.035710249359933284
Medium,High,0.9284400782054801,0.0005732300314130444,0.07098669176310672
Medium,Medium,0.08603055307180234,0.12274968842760765,0.79121975850059
Medium,High,0.8656600175842644,0.0003411824931703675,0.13399879992256528
Medium,Medium,0.035688964834540336,0.3016813791827282,0.6626296559827314
Low,Low,0.0004976779230907316,0.951531208051953,0.04797111402495624
Low,Low,0.0038438226088290304,0.5881392487920333,0.40801692859913774
High,High,0.9936671372167034,2.2487001648644478e-05,0.00631037578164802
High,High,0.9894860580932164,5.651436088230064e-05,0.010457427545901309
High,High,0.9916491372729457,3.2682155036372707e-05,0.008318180572018049
Low,Low,0.0005504688206877214,0.8375901579996303,0.16185937317968196
Low,Low,0.00029066326444136673,0.9158179840083573,0.08389135272720141
High,High,0.993303508224407,8.911671382044445e-06,0.006687580104210822
High,High,0.9595709503839834,0.00028124990911131186,0.04014779970690544
Low,Medium,0.012415398725070326,0.14243050877778768,0.845154092497142
High,High,0.9984766988389995,1.7860150209073446e-05,0.0015054410107914133
High,High,0.991868798867936,2.018059086088567e-05,0.008111020541203258
High,High,0.9996210463108844,1.9047082740586097e-06,0.00037704898084137047
Low,Medium,0.03068637490937199,0.2582980716327873,0.7110155534578407
High,High,0.9650238259229788,0.0003532670849253836,0.03462290699209596
High,High,0.999906348226236,1.207063561928629e-06,9.244471020206835e-05
High,High,0.9991943222988265,7.629426057031544e-06,0.000798048275116545
Medium,High,0.5533565598736279,0.0032308456127085865,0.4434125945136636
High,High,0.8354164141779821,0.002078864452722319,0.16250472136929558
Low,Low,0.003090549435011072,0.5895323356512417,0.4073771149137473
High,High,0.9718428790660424,0.00012179875992371243,0.028035322174033872
High,High,0.9990367505026054,4.900830243452742e-06,0.0009583486671510326
Medium,Medium,0.13794787234451697,0.010349935413299665,0.8517021922421834
High,High,0.984860909206068,5.918154968903648e-05,0.015079909244242996
High,High,0.9870196422345358,6.719293890537354e-05,0.012913164826558937
High,Medium,0.34227572467219913,0.006190898428634094,0.6515333768991668
High,High,0.9926835209833738,0.000100430236427944,0.007216048780198219
Low,Low,0.00028666453545147077,0.8923000100811591,0.10741332538338945
Medium,Medium,0.019610573843391748,0.27104554875860315,0.7093438773980051
High,High,0.965126766252508,0.0002446140640572466,0.034628619683434725
High,High,0.9987249334196369,5.481407601050948e-06,0.0012695851727620373
Low,Low,7.80574388236082e-05,0.9785193529581286,0.02140258960304793
High,High,0.9998105648271264,1.676538323598348e-06,0.00018775863454999027
Medium,Medium,0.026988325887902162,0.17660380271919093,0.7964078713929069
Medium,High,0.9766596629076953,8.954208178703865e-05,0.023250795010517484
Medium,Medium,0.024642952706426923,0.06893424194274661,0.9064228053508265
High,High,0.9675182194315186,0.00021421596374481713,0.032267564604736496
High,High,0.9916519505120823,2.9463854907993012e-05,0.008318585633009672
High,High,0.8427001405363272,0.0008488090844928168,0.15645105037917995
High,High,0.985123173331956,0.0001204867789198989,0.014756339889124271
High,High,0.9974318636373416,1.2036527414697005e-05,0.0025560998352437757
Low,Low,1.3536192916930456e-05,0.9940856339571241,0.005900829849959085
High,High,0.9352352236662456,0.0003891066521080653,0.06437566968164646
High,High,0.9950415141477036,2.3196824805858076e-05,0.004935289027490517
High,High,0.9983273187794631,1.1015310403861897e-05,0.0016616659101330322
High,High,0.9874928140442145,4.079088672244723e-05,0.012466395069062943
High,High,0.6581098600160676,0.0036744707405493506,0.33821566924338287
Medium,Medium,0.06338819937690848,0.11033086509325857,0.826280935529833
High,High,0.9935704536940978,3.418398199600098e-05,0.006395362323906286
Low,Low,0.00356807911293543,0.6122727504097717,0.3841591704772928
High,High,0.9927557358666884,5.5810251102233295e-05,0.0071884538822093195
High,High,0.9732521948259121,0.00015879265323384952,0.026589012520854043
Medium,Low,0.003612544155671037,0.7063285629059255,0.2900588929384035
High,High,0.9877961591730255,5.613539933219724e-05,0.012147705427642192
High,High,0.9930178157360148,7.108495602397855e-05,0.006911099307961294
Low,Medium,0.013912065134429281,0.3701897615531973,0.6158981733123734
Low,Low,9.987740086534899e-06,0.9961327350789655,0.003857277180947929
High,High,0.9874819219952587,3.1105872804956504e-05,0.012486972131936317
High,High,0.9926668725900428,5.671220305472213e-05,0.007276415206902455
High,High,0.995035453197873,2.6955474302245237e-05,0.004937591327824591
High,High,0.9982789535256097,5.618457026864169e-06,0.0017154280173633384
High,High,0.9829467704034895,0.0001270890421668589,0.01692614055434351
High,High,0.99875069797042,7.907244539899288e-06,0.0012413947850402072
Low,Low,1.0742484157838698e-05,0.9970168865180875,0.002972370997754653
Medium,Medium,0.005507221757801569,0.45468809740450783,0.5398046808376905
High,High,0.9982694158601917,3.683610872676929e-06,0.0017269005289358525
High,High,0.9997425788878125,3.4822191217392964e-06,0.00025393889306581113
Medium,Medium,0.4926711050439874,0.007764333606050582,0.49956456134996197
High,High,0.9871112153225439,0.00013250156672283227,0.012756283110733449
High,High,0.9989743627147951,8.032531002068876e-06,0.0010176047542028157
High,Medium,0.4296094908863113,0.013310571418924944,0.5570799376947638
High,High,0.6602577765212404,0.004635851039245965,0.33510637243951363
High,High,0.9983969376141845,1.3077001591464382e-05,0.0015899853842239835
High,High,0.999839765882162,1.2617306395129153e-06,0.00015897238719857757
High,High,0.9836303089514186,0.0003027351425171314,0.016066955906064266
Medium,High,0.5606274860210094,0.014824582271700913,0.4245479317072896
High,High,0.998784557506129,9.529083941772453e-06,0.0012059134099291966
High,Medium,0.05208898678621147,0.05914241617732773,0.8887685970364608
High,High,0.9966240682810982,1.2833458127827206e-05,0.003363098260774069
High,High,0.9853040970556909,4.843127879973821e-05,0.014647471665509398
High,High,0.9947546020207381,5.9148678612631925e-05,0.0051862493006493695
High,High,0.9997204758091548,2.982373888577489e-06,0.00027654181695668437
High,Medium,0.4537123181822884,0.010361469701030366,0.5359262121166812
High,High,0.999122902261708,6.609860988746539e-06,0.0008704878773032232
High,High,0.9951807084424034,1.4696917149177728e-05,0.0048045946404476425
Medium,High,0.5767195085668447,0.005881184034363634,0.4173993073987916
Low,Medium,0.01561935298127434,0.35064534805878717,0.6337352989599385
Medium,Medium,0.3501515946020666,0.012489395629497682,0.6373590097684357
High,High,0.9528396389495514,0.000183686119518114,0.046976674930930454
High,High,0.8306496256426763,0.0007884297062258292,0.16856194465109792
Medium,Medium,0.29965030866348913,0.008477214949558347,0.6918724763869525
High,High,0.9984547556210291,8.342070239675459e-06,0.001536902308731285
Low,Low,0.002868730602103668,0.5952011903853265,0.40193007901256994
High,High,0.973568842007599,0.0003768378505169377,0.0260543201418841
High,High,0.9997099799885574,2.125771847177864e-06,0.0002878942395954749
Low,Low,0.002193010854817223,0.6792764035515402,0.3185305855936425
High,High,0.9987565533337066,6.0243029443031876e-06,0.0012374223633491504
Medium,Medium,0.04522687766400882,0.11707903448787033,0.8376940878481208
High,High,0.9994898375250396,2.9046922762012405e-06,0.0005072577826842143
High,High,0.9958852757219957,2.1557054522515446e-05,0.004093167223481681
High,High,0.9984258401579571,6.459570740618996e-06,0.0015677002713023814
Medium,Medium,0.2501703630545255,0.18020354355974452,0.56962609338573
High,High,0.9987977300786743,9.603981420683846e-06,0.001192665939905068
High,High,0.9993711349352254,4.034718349093308e-06,0.0006248303464254546
Medium,High,0.9169387095256902,0.0006860064162458498,0.08237528405806395
High,Medium,0.4344837147055051,0.007731816885442665,0.5577844684090523
High,High,0.9999339771362078,8.127058503960402e-07,6.521015794186989e-05
High,High,0.9664312180155163,0.00010811982625086101,0.033460662158232894
High,High,0.9961431721432845,9.864751243418016e-06,0.003846963105471989
High,Medium,0.43701570698374725,0.012859947146372773,0.5501243458698799
High,High,0.8563168227890969,0.0020560645078698983,0.14162711270303308
Low,Medium,0.06703616235961923,0.08238480190892981,0.850579035731451
High,High,0.9881712561212846,4.752350555016439e-05,0.0117812203731651
Medium,Medium,0.08029567964954964,0.09590081287087004,0.8238035074795803
High,High,0.9968497120256156,2.6875702721174286e-05,0.0031234122716632625
High,Medium,0.26692673275435247,0.01482117131256437,0.7182520959330831
Low,Low,2.4955424960127344e-05,0.9960546241318993,0.003920420443140616
Low,Low,0.0002285069743445457,0.9498371289448156,0.04993436408083986
Low,Low,5.5345333063405326e-05,0.9914118421070259,0.00853281255991085
Medium,Medium,0.03647594575405211,0.05903591880721646,0.9044881354387315
High,High,0.9966912063700907,4.385257478654399e-05,0.003264941055122771
Medium,Medium,0.017659238354766033,0.2731582359502404,0.7091825256949935
Low,Low,3.5405422578506113e-05,0.9926002818725153,0.007364312704906236
Medium,Medium,0.2531825869773394,0.02132826369992798,0.7254891493227326
High,High,0.9949686104450041,5.792621190570118e-05,0.004973463343090162
Medium,High,0.9363022293741352,0.00041684979691158995,0.06328092082895323
Medium,Medium,0.03607502225090036,0.0991228011707086,0.8648021765783911
High,High,0.9924408377748072,7.026218218832202e-05,0.007488900043004424
Medium,Low,0.005155656088193659,0.504459088383319,0.49038525552848744
Medium,Medium,0.01652741706852866,0.21887595500176016,0.7645966279297113
High,High,0.9971844401480106,1.8475335384784294e-05,0.0027970845166045604
High,High,0.9960529196377562,3.858947365273383e-05,0.003908490888590972
Medium,Medium,0.4672859632834793,0.004857489617444072,0.5278565470990766
High,High,0.9723641282894795,0.00019428398334577315,0.02744158772717481
Medium,Medium,0.2704493890927983,0.014664079096546467,0.7148865318106553
High,High,0.9684997625735092,0.00042826611597001973,0.031071971310520696
Medium,Medium,0.17802178356280565,0.03470769543979853,0.7872705209973958
Low,Low,1.915303224020444e-05,0.9941660663661939,0.005814780601565737
High,High,0.9873938370281653,8.55708980229817e-05,0.012520592073811778
Medium,Medium,0.3330659174043581,0.011047959746803542,0.6558861228488384
High,High,0.9436890485761704,0.00014098813241166853,0.05616996329141799
High,High,0.9938551607000321,2.2400829252620604e-05,0.006122438470715154
High,High,0.9970062792155673,2.5290347982175823e-05,0.0029684304364505964
High,High,0.7104908870210219,0.003794702765291337,0.28571441021368665
Low,Low,3.290845966528282e-05,0.986027431164493,0.013939660375841847
High,High,0.9997339369917855,2.7188055653060655e-06,0.00026334420264929333
High,High,0.6016826940087785,0.002607092961653712,0.3957102130295677
High,High,0.5650007995380049,0.004264704908187937,0.43073449555380733
Medium,Medium,0.0115044865184873,0.39511752489572943,0.5933779885857832
High,High,0.9999030073623624,1.2811610347256608e-06,9.57114766028141e-05
Medium,Medium,0.010766681987961242,0.27564934496846505,0.7135839730435738
High,Medium,0.2774462813377076,0.017517495240261104,0.7050362234220312
High,High,0.9996981306197243,2.192749932239179e-06,0.0002996766303434211
High,High,0.9986810606639459,2.0875457834007318e-05,0.001298063878220072
Low,Low,4.417627777621937e-05,0.9707266136876148,0.02922921003460884
High,High,0.9896852150836549,0.00014767257971882205,0.010167112336626203
Medium,Medium,0.1708723838587535,0.01662495341665422,0.8125026627245923
High,High,0.9895871952626929,2.9141904906296286e-05,0.010383662832400655
High,High,0.7294777806788966,0.0014678247008006455,0.26905439462030273
High,High,0.9340011202907447,0.0003610055435419725,0.06563787416571336
Medium,High,0.6086209775921877,0.004625855337904965,0.38675316706990737
High,High,0.9985251882444064,3.4205898727572233e-06,0.0014713911657207011
Low,Medium,0.01901527252094141,0.25415698946671744,0.7268277380123412
High,High,0.9983493402152551,6.412494979857523e-06,0.001644247289765124
High,High,0.9780240970141577,0.000140510998540852,0.021835391987301524
Medium,Medium,0.0555206462342453,0.07026299429551118,0.8742163594702436
Low,Low,0.00018953106716272848,0.9763497181734774,0.023460750759359997
High,Medium,0.22017037995129107,0.01793880773577631,0.7618908123129327
High,High,0.946979755397035,0.0003514901291766839,0.052668754473788194
Medium,Low,0.0015662735402236362,0.7338994872997419,0.26453423916003455
High,High,0.9407294075580823,0.0004287776563637561,0.05884181478555385
High,High,0.9991200459151599,4.894184158135857e-06,0.0008750599006819003
Low,Low,3.323384160116009e-06,0.9993882463801491,0.0006084302356907911
High,High,0.9998277958391577,1.92558023125695e-06,0.00017027858061095563
High,High,0.9993345952672361,4.803408443155956e-06,0.000660601324320558
High,High,0.9761587806478891,6.65182073057268e-05,0.023774701144805403
Medium,Low,0.0027854185341422634,0.5941417064704027,0.4030728749954551
Low,Low,0.00022829049698985896,0.9437860233682097,0.055985686134800386
High,High,0.9969987205025966,6.213850828754277e-06,0.002995065646574681
Low,Low,0.007231854564451824,0.6977114603490185,0.2950566850865295
High,High,0.9995504013797368,2.64988798095374e-06,0.0004469487322824248
High,High,0.9928385929504422,6.141837460707877e-05,0.0070999886749506455
High,High,0.9840845882555657,5.4039592655558285e-05,0.015861372151778935
High,High,0.6364843490748996,0.003163127944135258,0.36035252298096515
High,Medium,0.412841676078697,0.009028198468641972,0.5781301254526611
Low,Low,0.000507279477527236,0.9308730517577489,0.06861966876472388
Medium,Medium,0.14014045399045863,0.011772752958655222,0.8480867930508862
High,High,0.9784927752997187,5.707347177129615e-05,0.02145015122851005
Medium,High,0.7105928405448031,0.002656400869635692,0.28675075858556126
Medium,Low,0.0005377652606591064,0.8360096303451622,0.16345260439417864
High,High,0.5890937616559063,0.0017928387345089213,0.4091133996095847
High,High,0.8804200837330675,0.000786290326841384,0.11879362594009113
High,High,0.959580011438099,0.0003558637145382434,0.040064124847362576
Medium,High,0.857564242557553,0.001721708581213745,0.1407140488612333
High,High,0.9934226476449541,3.774555422047035e-05,0.006539606800825315
Medium,Medium,0.16112327252635505,0.05367143982182145,0.7852052876518235
High,High,0.9999484318712987,7.646445769220548e-07,5.080348412420402e-05
High,High,0.5370376456812399,0.005483620713376982,0.45747873360538305
Medium,Medium,0.044092460468299274,0.06263739449525808,0.8932701450364425
High,High,0.9748552849316603,0.00011134297900578382,0.02503337208933402
High,High,0.9883216007222266,5.1456848668087604e-05,0.011626942429105454
Medium,High,0.9078940297190383,0.0006200616762285143,0.09148590860473309
High,High,0.988005686453931,5.2058228046906386e-05,0.01194225531802197
Medium,Medium,0.11000520614317429,0.0463394671581151,0.8436553266987107
High,High,0.9998528029672632,3.344276523036256e-07,0.000146862605084364
High,High,0.9998913949458298,4.4778919040663785e-07,0.00010815726497961728
Medium,Medium,0.008620792668385962,0.3717394273222538,0.6196397800093603
High,High,0.9905644383194958,0.00012235416997636258,0.009313207510527912
High,High,0.9798895980868723,0.0001226161286206468,0.01998778578450691
Low,Low,0.00011395339605298975,0.9641793653021278,0.03570668130181922
High,High,0.6707884385113925,0.00438738244546517,0.3248241790431422
High,Medium,0.40706196603703865,0.005625140597511409,0.5873128933654499
High,High,0.9998065726429018,1.5119196745099683e-06,0.00019191543742354535
Low,Low,7.417263146522754e-05,0.9720234584184585,0.02790236895007636
Medium,High,0.6214660531344313,0.00562374312839939,0.37291020373716927
Low,Low,4.1348347611343665e-06,0.9986360731350563,0.0013597920301825104
High,High,0.9979260341270147,7.751928974463526e-06,0.002066213944010741
High,High,0.99927137074395,2.9304046506456713e-06,0.0007256988513992189
Medium,Medium,0.47156521609521296,0.007396485784214433,0.5210382981205726
High,High,0.966836804857629,0.0002081610207808586,0.03295503412159
Medium,Medium,0.06808860304345246,0.05161684042797209,0.8802945565285755
Medium,Medium,0.007273056212129882,0.2853656330493487,0.7073613107385215
High,High,0.9942064084790034,3.7409935499649155e-05,0.005756181585496873
High,High,0.9814051291245949,0.00014430415113114898,0.018450566724274052
High,High,0.9577059067051575,0.0002253353409124685,0.042068757953929926
High,High,0.8343037122453074,0.0016960676407793203,0.16400022011391321
Medium,Medium,0.3179604312401241,0.015218922013400377,0.6668206467464755
High,High,0.9916181102984706,9.608528056599074e-05,0.008285804420963565
Low,Low,0.0001280130973928557,0.9854784858248059,0.01439350107780133
High,High,0.9988116612102848,5.663016409030455e-06,0.001182675773306144
High,High,0.9971920451500608,1.3814195032507017e-05,0.002794140654906832
High,High,0.7761035920363127,0.004128301988305789,0.21976810597538157
Low,Low,0.0005964321471012,0.9149709928813655,0.0844325749715331
Low,Medium,0.02128822817371879,0.3303912478533604,0.6483205239729208
Low,Low,8.423477645209004e-05,0.9710110090212506,0.028904756202297186
High,High,0.9949597911940393,2.7533471652632873e-05,0.005012675334307965
High,High,0.9574571400491523,0.00014367680864214402,0.04239918314220541
High,High,0.954950045629103,0.00010738174928956402,0.04494257262160739
High,High,0.998943417233479,1.922791822707813e-05,0.001037354848293855
Medium,Medium,0.2676641749576251,0.038693550139428365,0.6936422749029466
Medium,Medium,0.016394994906793574,0.37860100538944835,0.6050039997037581
High,High,0.9988507262899743,4.102670694675318e-06,0.0011451710393310082
High,High,0.996059478197522,1.3898764445213298e-05,0.003926623038032679
Low,Low,0.0001636125377801289,0.9618722892866215,0.037964098175598225
Low,Medium,0.05011163425854308,0.05317805254312817,0.8967103131983288
High,High,0.9988961324971304,1.2940161374445988e-05,0.0010909273414952203
Medium,High,0.655881045633509,0.002286565821965868,0.34183238854452513
High,High,0.9967934626655263,2.660891001030423e-05,0.0031799284244635804
High,High,0.9984209893257157,1.1369973825585804e-05,0.001567640700458608
High,Medium,0.053585026943492035,0.1201015492767551,0.8263134237797528
Medium,Medium,0.08585797769272607,0.02220705987328844,0.8919349624339856
High,High,0.9998951593724168,6.294785603267081e-07,0.00010421114902269107
Medium,Medium,0.07322200393596971,0.056822176775190796,0.8699558192888396
High,High,0.9832838855152483,8.193082067552318e-05,0.01663418366407612
Medium,High,0.5518275127527048,0.005615174366552516,0.44255731288074257
High,High,0.9927815774547167,9.626465683030793e-05,0.0071221578884530555
High,High,0.9979742169395114,5.188739277507989e-06,0.0020205943212111793
Low,Low,0.0013297919093350678,0.7769026755511066,0.22176753253955833
High,High,0.9271136209492532,0.00024581113949506445,0.07264056791125185
Medium,Medium,0.03366940828947943,0.2920837169408989,0.6742468747696218
Medium,Medium,0.03752296158221274,0.05183917580746659,0.9106378626103206
Medium,Medium,0.019624402472994115,0.3358813797960606,0.6444942177309453
Medium,Medium,0.1118585495805972,0.055562909514747204,0.8325785409046557
High,High,0.9980860100332586,1.4145157729594423e-05,0.0018998448090116716
High,Medium,0.16408936047833808,0.015690579259205643,0.8202200602624563
Medium,Medium,0.4788559377194378,0.011574259368773031,0.5095698029117891
Medium,Medium,0.4583825971317052,0.008797712580471588,0.5328196902878232
High,High,0.9585047888999257,0.0002238671081117391,0.041271343991962514
Medium,Medium,0.010811271163238623,0.38054102590729993,0.6086477029294615
High,High,0.997219981831525,9.2778127406882e-06,0.002770740355734178
High,High,0.9878081524166445,9.230507724495587e-05,0.012099542506110296
High,High,0.9997661731221046,1.8222568729561788e-06,0.00023200462102260957
Medium,Medium,0.1867095054722576,0.01386872362423653,0.799421770903506
High,High,0.9861230460284123,3.7314939259626614e-05,0.013839639032328106
High,High,0.5881629071500097,0.003483765922516846,0.4083533269274733
Low,Low,5.406078743077438e-06,0.9990794325662388,0.0009151613550180076
High,High,0.9996150957140526,1.1171629974521619e-06,0.00038378712295001396
High,High,0.9657330353860737,0.0001780413103849114,0.03408892330354133
Medium,High,0.5774194956486555,0.005080966946084528,0.41749953740526
High,High,0.9931152477531866,4.380439839315663e-05,0.0068409478484201995
High,High,0.9179820046330207,0.0006507799811143199,0.08136721538586497
Low,Low,1.5197529058746447e-05,0.9969741503345052,0.0030106521364358647
Medium,Medium,0.46383233093402115,0.0063179921085848405,0.5298496769573939
High,High,0.9866502537787374,0.00017483599837825849,0.013174910222884374
Low,Low,5.829812406560792e-05,0.9823726142031389,0.017569087672795476
High,High,0.9950718517526738,1.0884684649033194e-05,0.004917263562677238
High,High,0.9644780363080427,0.00020070804471768451,0.035321255647239695
High,High,0.5630603476763133,0.010187650473277637,0.42675200185040907
High,High,0.9830252847822277,5.9960664427075996e-05,0.016914754553345093
High,High,0.9994189214345777,2.4166511543815982e-06,0.0005786619142678584
Medium,Low,0.0025370008295182555,0.6507468811793742,0.3467161179911075
High,High,0.8042499702596111,0.002268528045571484,0.19348150169481743
High,High,0.9713179185011317,8.379441451950896e-05,0.028598287084348716
Low,Low,0.002582471381526243,0.7960948542515967,0.20132267436687712
Medium,Medium,0.11152498366475477,0.041104845434566654,0.8473701709006787
High,High,0.999731901231587,2.5836001692709305e-06,0.0002655151682436506
Medium,Medium,0.008853004630683933,0.4229196202836724,0.5682273750856437
Low,Low,2.842944969355185e-05,0.9892289524070977,0.010742618143208777
High,High,0.9998574647508607,1.943693609267149e-06,0.00014059155553004327
Low,Low,1.612361620149602e-05,0.9965151639633281,0.0034687124204702694
High,High,0.9997445702891803,1.2442042371683987e-06,0.0002541855065825186
Medium,Low,0.0017638277059979818,0.6968076414651565,0.30142853082884546
Medium,High,0.8890920038691742,0.000634739770582889,0.11027325636024293
Low,Low,0.003175099251985876,0.5461080669913368,0.4507168337566772
High,High,0.9993039153028211,4.8750791613093214e-06,0.0006912096180176009
Medium,Medium,0.11803592132669732,0.06223692170446081,0.8197271569688419
Medium,High,0.9255997720045039,0.00037386211722023534,0.07402636587827595
Low,Low,0.009963085175740826,0.5280418513791186,0.4619950634451404
High,High,0.9993371391241801,5.932010920370598e-06,0.0006569288648995465
Medium,Medium,0.011711887418011711,0.3175131444173543,0.670774968164634
High,High,0.9981706774803982,4.4738112999217555e-06,0.0018248487083016662
High,High,0.9951225728743964,1.9827851270285977e-05,0.004857599274333339
High,High,0.9134497499023169,0.00024460773779053785,0.08630564235989265
Medium,High,0.9516525345167772,0.00022930901785866547,0.048118156465364076
Medium,Medium,0.027994640294979313,0.0903863123666207,0.8816190473384
High,High,0.999158776087126,7.103900245489236e-06,0.0008341200126286347
High,High,0.8684220470011853,0.0013310526220377838,0.13024690037677694
High,High,0.9949144907495306,3.0017486521520727e-05,0.00505549176394776
Low,Low,3.5135006676091546e-05,0.9939279652766804,0.006036899716643429
High,Medium,0.42954161979122396,0.005918168718379203,0.5645402114903969
High,High,0.9986452923686732,1.4154921272395853e-05,0.0013405527100543797
High,High,0.9683957370891958,0.00013588274080435198,0.03146838016999986
High,High,0.999560491613176,3.5687511799229606e-06,0.00043593963564421146
Medium,Medium,0.038042678726485646,0.10659225172550496,0.8553650695480095
High,High,0.9972065991774538,1.5146659889976835e-05,0.002778254162656069
Medium,Medium,0.03580167956150308,0.12129857241755415,0.8428997480209428
Low,Low,2.26340906154985e-05,0.9935121655618417,0.006465200347542797
Medium,High,0.5890846232469127,0.005086836703862703,0.4058285400492246
High,High,0.9838054889209639,4.4036082215968886e-05,0.016150474996820336
Low,Low,0.0022626048399881655,0.7458294936646711,0.2519079014953407
Low,Low,0.0008979101587517578,0.8248893059044383,0.17421278393681
High,High,0.9603850009490044,0.00020919370936038685,0.03940580534163528
High,High,0.978134205724193,9.740450478275221e-05,0.021768389771024157
High,High,0.9923794353407894,3.220348832815832e-05,0.00758836117088242
Medium,Medium,0.09618471168311002,0.02172544399136886,0.8820898443255212
High,High,0.9999632392357993,2.5705565090800857e-07,3.650370854969784e-05
High,High,0.9485481473060992,0.0005379194046881443,0.05091393328921285
High,High,0.9985230802995199,9.241685768105335e-06,0.001467678014712133
High,High,0.984714093472821,6.938967531433575e-05,0.015216516851864644
High,High,0.9981587733403982,4.075842276227083e-05,0.001800468236839605
High,High,0.9987961700963532,4.766432233002512e-06,0.0011990634714136017
High,Medium,0.15997536435252677,0.013676049384718959,0.8263485862627543
High,High,0.9972322331321707,2.0381896943376268e-05,0.0027473849708859353
Medium,Medium,0.1824260442898898,0.017216445214229586,0.8003575104958807
High,High,0.9986043880606613,1.7355962182492656e-05,0.0013782559771561024
High,High,0.9997538117059527,1.1851608419693844e-06,0.0002450031332055145
Medium,Medium,0.011594953050991922,0.33768750910080914,0.650717537848199
High,High,0.9976823998712478,8.140248405792067e-06,0.002309459880346371
Low,Medium,0.060743383050459114,0.07158817395834476,0.8676684429911962
Medium,High,0.6222298321492163,0.004802138500808321,0.3729680293499753
High,High,0.9994875682825247,2.9935298792347555e-06,0.0005094381875960491
High,High,0.9990264808668688,9.350562407481343e-06,0.000964168570723762
High,High,0.9979836269751794,1.1204073614995391e-05,0.00200516895120567
High,High,0.996977733136283,1.681577031543051e-05,0.003005451093401559
High,High,0.9913546765632999,2.4750835752898712e-05,0.008620572600947176
High,High,0.9915080156413503,2.347552115088085e-05,0.008468508837498933
Low,Low,0.0019697538036296458,0.6908838481043054,0.3071463980920648
High,High,0.8135352941862647,0.001033117479591325,0.185431588334144
High,High,0.9017709233866494,0.0012882397663421486,0.09694083684700848
Low,Low,0.0015631454180900053,0.7362738514886389,0.2621630030932711
High,High,0.564710162376122,0.0038851212976745704,0.4314047163262034
High,High,0.9999861936428615,4.5222204448547737e-07,1.3354135093921396e-05
High,High,0.8392916011123822,0.0009408967593889937,0.1597675021282288
Medium,Medium,0.027815745852956115,0.12968209020124175,0.842502163945802
High,High,0.973415197942964,0.00017399312992845067,0.02641080892710762
Low,Medium,0.08266052923952248,0.04308448317749363,0.8742549875829839
High,High,0.9996103698536651,1.5913056606770175e-06,0.00038803884067400133
Medium,High,0.573895241977637,0.0028394916353472544,0.42326526638701567
Medium,Medium,0.09185745382550392,0.046123127765700475,0.8620194184087956
High,High,0.8465314803163271,0.0011630523611208103,0.15230546732255215
Medium,Medium,0.011278804462123341,0.23590589171841309,0.7528153038194637
High,High,0.9999315377710475,6.544989043363655e-07,6.780773004812495e-05
High,High,0.9997572103506763,3.3039558430368214e-06,0.0002394856934805187
High,High,0.809671626210291,0.0011575609069033558,0.18917081288280568
High,High,0.5388784122131401,0.008121561706681678,0.4530000260801781
Medium,Medium,0.014328329370686758,0.2681875690045039,0.7174841016248094
High,High,0.9829107635391765,8.76955820151732e-05,0.017001540878808178
Medium,Medium,0.14677670033148355,0.02194787620576383,0.8312754234627527
Medium,Medium,0.12197345567008873,0.05014623179722056,0.8278803125326907
Medium,Medium,0.05693151499236061,0.10249002765137377,0.8405784573562656
Medium,Medium,0.013612585326110043,0.4330605146488824,0.5533269000250076
Low,Medium,0.007439513080119941,0.39841085374099766,0.5941496331788824
Medium,Medium,0.0670525197091779,0.10433806194121052,0.8286094183496114
High,High,0.9973515540954794,1.2344938923197425e-05,0.0026361009655975127
High,High,0.9997537016561935,1.8203143430266822e-06,0.0002444780294634793
Medium,Medium,0.08801895244578183,0.14618642097486975,0.7657946265793484
Medium,Medium,0.04260037857249605,0.15027757579954634,0.8071220456279576
Medium,High,0.7497704818903363,0.001636781985614547,0.2485927361240491
High,High,0.9599314943849836,0.000144565818892661,0.03992393979612362
Medium,Medium,0.29021371360163245,0.018766458900417546,0.6910198274979501
High,High,0.678904917984706,0.0033851467968171525,0.3177099352184769
Low,Medium,0.010060321323975989,0.41127124310561475,0.5786684355704093
Low,Medium,0.035189074115409065,0.1605843296815752,0.8042265962030157
Medium,Medium,0.3341424273224288,0.026722874546017225,0.639134698131554
Medium,Medium,0.017846020682919503,0.13171866223977252,0.850435317077308
High,High,0.9985771295511356,1.041530418918917e-05,0.001412455144675132
High,High,0.9889463153622312,3.4001239042653634e-05,0.01101968339872604
Low,Low,0.0029659492491750108,0.7359710776064496,0.2610629731443753
High,High,0.9465658350549412,0.00035616593686445394,0.053077999008194425
High,High,0.9744261348254383,0.0001553607484750228,0.02541850442608678
High,High,0.9382507991905294,0.00048315946877777266,0.06126604134069285
High,High,0.9999113087576382,3.554390436585505e-07,8.833580331810002e-05
Medium,Medium,0.0077325606742257155,0.3438085324795187,0.6484589068462555
High,Medium,0.3704051774268454,0.008792800616361965,0.6208020219567927
Medium,Medium,0.2998839127226105,0.009447911301796915,0.6906681759755926
High,High,0.9958175035215449,4.005922914557577e-05,0.004142437249309656
High,Medium,0.23014602254017905,0.008527262697374064,0.7613267147624468
Medium,Medium,0.258408790873207,0.016493733876211062,0.725097475250582
High,High,0.997632709062441,3.6437202774353125e-05,0.002330853734784667
High,High,0.5938745221404469,0.008492822271784047,0.39763265558776906
High,High,0.9994300214692026,2.334678439958716e-06,0.0005676438523575324
Low,Low,0.005497778376624039,0.535771304365688,0.458730917257688
High,High,0.9924881801039873,3.7035061009581386e-05,0.007474784835003037
High,High,0.9850000210104888,6.611392867760656e-05,0.014933865060833773
High,High,0.534441092304081,0.00512257927457895,0.4604363284213401
High,High,0.9879338308916241,6.0613544906161165e-05,0.01200555556346975
High,High,0.8452448328772992,0.000568730682977199,0.1541864364397235
High,High,0.9984353510450402,1.492549067967391e-05,0.0015497234642801927
Medium,Medium,0.008182738572178733,0.3739074221490021,0.6179098392788192
High,High,0.9609571520007228,0.0004857787293940922,0.03855706926988307
Medium,Medium,0.04051399525956445,0.16234421508580174,0.7971417896546339
High,High,0.9995060861533795,2.9941815249155735e-06,0.0004909196650956993
High,High,0.9935051994088793,9.153457763421289e-05,0.006403266013486416
High,High,0.9004736654792923,0.0004680091332975713,0.09905832538741018
Medium,Medium,0.04824537724226091,0.10800161428688404,0.8437530084708551
High,High,0.9998882188687863,8.617109902920081e-07,0.0001109194202232658
Low,Low,0.0002699677109268802,0.9404319818384943,0.05929805045057875
High,High,0.9816488771002938,7.264628701839777e-05,0.01827847661268791
Medium,Medium,0.005686234760942108,0.31503710166989607,0.6792766635691618
Medium,Medium,0.32150547438460303,0.014894029781603027,0.6636004958337939
Medium,Medium,0.1065468473887264,0.09629690338615017,0.7971562492251234
High,High,0.9899275431333984,7.101807565134462e-05,0.010001438790950173
Low,Low,0.0031553392741477796,0.5179944414743459,0.47885021925150634
High,High,0.9954147169267311,1.2984901618958887e-05,0.004572298171650004
High,High,0.979147323088543,8.773555584062743e-05,0.020764941355616382
Medium,Medium,0.04595099900810033,0.09047604050411855,0.8635729604877811
High,High,0.9999074079750243,1.1899478684416182e-06,9.140207710735279e-05
High,High,0.9978372835254968,1.2412669854674622e-05,0.0021503038046484135
Low,Low,8.75945291456021e-07,0.9998438131746814,0.0001553108800270538
High,High,0.9993070261633759,3.5597767548365377e-06,0.0006894140598693256
High,High,0.9982917383444687,1.4460755406597237e-05,0.0016938009001245624
Low,Medium,0.007351646067316431,0.4924001059689936,0.5002482479636899
High,High,0.8845637394293838,0.0008026412977956156,0.11463361927282047
High,High,0.9978316180557654,1.236429265337952e-05,0.002156017651581274
Low,Low,0.0034736184649470487,0.6887590792730747,0.3077673022619783
High,High,0.992823716982357,2.4762127783085506e-05,0.007151520889859983
Medium,High,0.7090086088845196,0.0049282684582420385,0.28606312265723827
High,High,0.9969946986545225,1.8402737354824602e-05,0.002986898608122674
High,High,0.8753062840456385,0.0004582101524574226,0.12423550580190419
Medium,Medium,0.0957835758294474,0.03156784242108148,0.8726485817494711
Low,Low,0.0007055081145682854,0.8009933172152287,0.19830117467020306
High,High,0.6934904788543459,0.002673389387396837,0.30383613175825724
Medium,High,0.6074858441928216,0.005857629592581194,0.38665652621459723
Low,Low,0.0005008913757724269,0.8775188801883369,0.12198022843589075
Low,Medium,0.035495931135200734,0.1819612089121461,0.7825428599526532
High,High,0.740413221735229,0.003437651991058628,0.2561491262737124
High,High,0.5456669452992574,0.005719514504287559,0.44861354019645505
High,High,0.8586692878980237,0.0005196174015427557,0.14081109470043368
High,Medium,0.30223900966680295,0.013402766283895246,0.6843582240493019
Low,Low,1.2146216019693861e-05,0.9989083369393307,0.001079516844649649
Medium,Low,0.009097114495417872,0.525860554704756,0.4650423307998262
High,High,0.9992684903364972,4.316304654312446e-06,0.00072719335884849
Medium,Medium,0.026571726444615813,0.23294304513680092,0.7404852284185833
High,High,0.9919629136838202,3.283037116875212e-05,0.008004255945011075
High,High,0.9950120169285136,2.2619222350404708e-05,0.004965363849135947
High,High,0.9912007262627032,2.564120914015394e-05,0.00877363252815678
Low,Low,0.002681406940675758,0.6304662581684994,0.36685233489082475
High,High,0.9595716175738337,0.0003416540022744167,0.040086728423892014
Low,Medium,0.018561190376988668,0.2460021567969474,0.735436652826064
High,High,0.9983335989625299,6.723140045810654e-06,0.0016596778974243393
High,High,0.9751012255470844,8.267871722299883e-05,0.024816095735692437
Low,Low,1.4325784315507102e-05,0.9978592887818233,0.002126385433861324
High,High,0.999788519636876,2.665505571233684e-06,0.00020881485755281151
High,High,0.9997458386954734,1.8252579350906697e-06,0.0002523360465914988
Low,Medium,0.008505512856416776,0.4407685113941957,0.5507259757493874
High,High,0.9537727656399256,0.0005884120580261453,0.04563882230204814
High,High,0.989928077561725,2.4616188117646836e-05,0.010047306250157373
High,High,0.9342531441287354,0.00034185201302949677,0.06540500385823514
Low,Low,0.000218561249608609,0.9472937351384041,0.0524877036119872
High,High,0.9028340905306076,0.0003145116774937232,0.09685139779189877
Low,Low,0.010211110061365528,0.6646673669303989,0.3251215230082357
Medium,Low,0.0014450347455885546,0.6812354528682528,0.31731951238615863
High,High,0.9777824506114167,6.361758688362781e-05,0.0221539318016998
High,High,0.9970294355448039,1.3798931764168494e-05,0.0029567655234318227
High,High,0.960393990697973,0.00022868519692789932,0.03937732410509894
Medium,Medium,0.2966523858844676,0.0769973505072752,0.6263502636082572
High,Medium,0.4930255061313838,0.00946452890986835,0.49750996495874783
High,High,0.9998725913580769,7.05531326931388e-07,0.0001267031105961662
Low,Low,0.0008465463942968595,0.7353363430941148,0.26381711051158835
Medium,Medium,0.12721220252429485,0.017916419762940453,0.8548713777127647
High,High,0.9997952247208051,1.3698798160078254e-06,0.0002034053993790864
High,High,0.8131685659175556,0.0015180520799920807,0.18531338200245218
High,High,0.9997508367485956,3.0769975531981132e-06,0.00024608625385127855
Low,Medium,0.007533176934017515,0.37398903713266857,0.6184777859333139
Medium,High,0.6632066610410942,0.002922918672452294,0.3338704202864536
High,High,0.6432756663540194,0.002702245364655495,0.3540220882813251
Medium,Medium,0.05470111765071673,0.11032199895817206,0.8349768833911112
Low,Low,0.002370164875130154,0.7530444650916357,0.2445853700332341
High,High,0.9008212303809157,0.0005703105494018115,0.09860845906968266
High,High,0.9828199159934742,4.43421095467004e-05,0.017135741896979015
High,High,0.9917941995762376,4.19407487483604e-05,0.008163859675014044
Low,Low,0.0035896733698179612,0.7129100341170224,0.28350029251315956
Medium,Medium,0.03464734457337349,0.11285354107046457,0.8524991143561619
High,High,0.9999163348615683,7.339813956684115e-07,8.293115703605905e-05
High,High,0.999118797324089,8.453580240141454e-06,0.0008727490956708783
High,High,0.9996999977969656,2.260579884388912e-06,0.00029774162315012213
High,High,0.9999095350282575,7.824300950071474e-07,8.968254164760479e-05
High,High,0.6383936743286638,0.0019509559640554601,0.35965536970728085
Medium,Medium,0.45499359450149507,0.01616094458703303,0.5288454609114718
High,High,0.9977499185620182,4.6685718573578125e-06,0.002245412866124273
Medium,Medium,0.2509024827321246,0.027591429653703432,0.7215060876141719
Low,Low,4.380568902586401e-06,0.9993496211089347,0.0006459983221628624
Medium,Medium,0.007755430702569532,0.3337523059487861,0.6584922633486444
High,High,0.9690553025616225,0.00010150251372512992,0.03084319492465225
Low,Low,4.8667172832756055e-06,0.9993608163678204,0.000634316914896542
Medium,Medium,0.3876543336883744,0.01591175167313444,0.5964339146384913
High,High,0.9341723447652654,0.0008678640917634166,0.0649597911429713
High,High,0.9998212787232503,3.35522528199435e-06,0.0001753660514677059
Low,Low,7.785654283709946e-05,0.9710717770643986,0.028850366392764108
High,High,0.9992950036130275,5.286580056825364e-06,0.0006997098069156003
High,Medium,0.2866254773499796,0.019866295295068625,0.6935082273549518
High,High,0.9685761920983893,0.00019278549678277941,0.031231022404827974
High,High,0.9978440755937634,6.555249762812877e-06,0.002149369156473623
High,High,0.9883075165478389,8.388768268804233e-05,0.011608595769473066
Medium,Medium,0.020744454388047402,0.1923912389519475,0.7868643066600052
Medium,Medium,0.09378236158416857,0.07529624594132445,0.8309213924745069
High,High,0.999882620545984,1.1867687009994283e-06,0.00011619268531502122
High,High,0.9936719057852678,3.396122694629485e-05,0.0062941329877859295
Medium,Medium,0.26795561181269034,0.030053711490466782,0.7019906766968429
Medium,Medium,0.36007222642160136,0.03271373935332752,0.6072140342250713
High,High,0.9448977078301779,0.0004042624562855467,0.05469802971353637
High,High,0.9997050513046902,2.0706101789875498e-06,0.00029287808513089387
High,High,0.998280781631636,1.3550953092300524e-05,0.0017056674152717347
Medium,High,0.5838154098168926,0.0053192201489015,0.4108653700342059
High,High,0.9561864823028094,0.00040471498115500916,0.043408802716035484
Low,Low,0.00017164631594238552,0.9654630266316929,0.034365327052364746
Low,Low,0.0032120304966547918,0.717136988784733,0.2796509807186122
High,High,0.9780550809155095,0.0002733392493332397,0.021671579835157335
Low,Low,0.0008150573900268477,0.8467917800344349,0.15239316257553812
High,High,0.9949730838314008,1.074647793053084e-05,0.005016169690668402
High,High,0.9944541383651097,5.281107321310258e-05,0.005493050561677237
High,High,0.9999199138355462,5.557893372772339e-07,7.95303751165143e-05
High,High,0.9920498828717751,3.524327876531604e-05,0.00791487384945956
Low,Low,0.0016110546229869099,0.869982083961757,0.12840686141525604
High,High,0.9127320812815976,0.00039238748485224213,0.08687553123355027
Medium,Medium,0.22595769158650966,0.05442304166283056,0.7196192667506597
High,High,0.9997076933658493,1.960015584764577e-06,0.0002903466185659231
Medium,Medium,0.08683874948317183,0.03156182530415567,0.8815994252126724
High,High,0.8143185907197115,0.0012746454363763465,0.18440676384391205
High,High,0.7960014843212081,0.0018936469981806541,0.2021048686806113
High,High,0.9997400847812868,1.195494198268069e-06,0.0002587197245148637
High,High,0.9570827475600182,0.000125130136993192,0.042792122302988574
High,High,0.999760298977745,7.707316052637559e-07,0.0002389302906498532
Medium,Medium,0.46896163095337323,0.011111175217776059,0.5199271938288507
Medium,Low,0.008211850398800433,0.5884723598254209,0.4033157897757786
High,High,0.7979663155449958,0.0018433323853624267,0.20019035206964184
High,High,0.9999431676966354,4.181061706946364e-07,5.641419719398285e-05
High,High,0.9964889815225825,1.0210014507191674e-05,0.0035008084629102433
High,High,0.980147995971359,0.00013699834984798396,0.019715005678792988
High,High,0.8576486860635684,0.0008751844670442674,0.14147612946938748
Medium,Medium,0.01628690060997973,0.3891719534896741,0.5945411459003462
High,High,0.9469764681364542,0.000373687767320204,0.05264984409622564
High,High,0.9985493444996745,9.978844223617539e-06,0.0014406766561019064
High,High,0.8329162703290932,0.0009429705536102697,0.1661407591172965
High,High,0.9976674166131064,2.598856335616721e-05,0.002306594823537476
High,High,0.9340722507835428,0.0005800378406727056,0.06534771137578432
Low,Medium,0.042130607142984396,0.12494305550903484,0.8329263373479808
High,High,0.9994762722233242,3.599079860660404e-06,0.0005201286968150192
Low,Low,7.248813836705749e-05,0.9782000477784145,0.02172746408321842
Medium,Low,0.0015555747214821313,0.8683803281080095,0.13006409717050832
High,High,0.9853787091554448,4.385687269850112e-05,0.01457743397185664
Medium,Medium,0.02545665729576423,0.1288992060507401,0.8456441366534956
High,High,0.9982087623876466,9.171330080502696e-06,0.0017820662822729185
High,High,0.9551345240073476,0.00014580135992834509,0.04471967463272423
High,High,0.8621747199123406,0.0007069168979143122,0.137118363189745
High,High,0.9973991529393772,7.444374273886302e-06,0.0025934026863490066
Low,Low,5.281242151470088e-05,0.9948855068348246,0.005061680743660647
High,High,0.9999461090842253,8.938619753864974e-07,5.2997053799215335e-05
High,High,0.9996328562627298,1.427387907113712e-06,0.00036571634936314755
High,High,0.9841716936158024,8.561847688428048e-05,0.015742687907313483
Medium,High,0.8258592676262577,0.0016683489934105707,0.17247238338033186
Low,Low,0.0014888280802482323,0.7754896619474387,0.22302150997231296
Low,Low,0.0008538065596176895,0.9145161120461653,0.08463008139421692
Medium,High,0.6504617271203738,0.002673273702244233,0.3468649991773821
High,High,0.9516319815081938,0.00023953149834160002,0.04812848699346469
High,High,0.9998393603468482,4.912655055858839e-07,0.00016014838764641403
High,High,0.9841888294408678,9.224134677629907e-05,0.015718929212355744
High,High,0.9974976281370388,7.0823330404634375e-06,0.0024952895299208276
Low,Low,9.333239603385825e-05,0.9638982428518854,0.036008424752080784
High,High,0.9975553675468806,1.500883082511221e-05,0.002429623622294372
Medium,Medium,0.2553478090507276,0.03538312294924305,0.7092690680000293
High,High,0.8549290476322897,0.0004356565657144156,0.14463529580199583
High,High,0.9953230352744086,2.7866950201115528e-05,0.004649097775390302
High,High,0.9461982036779376,0.00038045108103116655,0.05342134524103133
High,High,0.9933310005792502,5.219456035338151e-05,0.0066168048603964255
Low,Low,0.0003357247693754801,0.9495871914408026,0.050077083789821904
High,High,0.9998882952211984,7.817489696608993e-07,0.00011092302983201266
High,High,0.9873482920273715,8.5123982500793e-05,0.012566583990127625
Low,Low,0.00019205325792700178,0.9660711448582547,0.03373680188381818
Low,Medium,0.16337249903976822,0.041825445829818265,0.7948020551304136
High,High,0.9643920998976271,0.00014769949144909477,0.035460200610923816
High,High,0.9926366646651499,5.073036585601016e-05,0.007312604968994197
Medium,Medium,0.34595219513435377,0.013102924460017384,0.6409448804056288
Medium,Medium,0.04017721237033623,0.06190851962694378,0.8979142680027199
High,High,0.9968974967981309,1.713669367312498e-05,0.00308536650819582
High,High,0.7771993059620393,0.0009848230358969602,0.22181587100206365
Medium,High,0.9635912265769753,0.0004083722707920607,0.03600040115223249
Medium,Medium,0.1627460290562316,0.026096957371791227,0.8111570135719772
High,High,0.5877934063840762,0.004443459916094078,0.40776313369982975
High,High,0.9262764109020559,0.0003543600930028464,0.07336922900494137
High,High,0.9901671248556715,2.9771517537463985e-05,0.00980310362679104
High,High,0.851040722222106,0.0010127140749433938,0.14794656370295053
Medium,Medium,0.3534308538673697,0.008216313661717,0.6383528324709132
Low,Medium,0.01376336544585146,0.3083166655463423,0.6779199690078063
Medium,Medium,0.022514128802696553,0.13609916089368268,0.8413867103036208
Low,Low,0.0004494408323172764,0.8465591716552734,0.15299138751240943
High,High,0.9146153262394544,0.00034054968920501917,0.08504412407134068
High,High,0.9337304214270278,0.00048172758517767925,0.06578785098779463
High,High,0.4998905906719375,0.010944214971569837,0.48916519435649275
High,High,0.9971532707312679,9.570987511891864e-06,0.0028371582812203905
High,High,0.9627164197651785,0.00013223817046572315,0.03715134206435586
High,High,0.9995055705713548,2.03141974984152e-06,0.0004923980088954194
Medium,Low,0.004583082355243765,0.6426862765806501,0.352730641064106
Medium,Medium,0.04870426628460001,0.10918934524396831,0.8421063884714317
High,High,0.5299756392590824,0.0058219975152301665,0.4642023632256874
High,High,0.9983322819640719,9.6989527443849e-06,0.0016580190831837302
Medium,Medium,0.42233802266568077,0.006266197851930304,0.571395779482389
High,High,0.9947294880916382,1.6052035302662132e-05,0.005254459873059199
High,High,0.9967198993365769,2.6545576190393762e-05,0.003253555087232745
High,High,0.9998283656707794,1.327940347556101e-06,0.0001703063888730924
High,High,0.9999335682575974,7.952435979494539e-07,6.563649880465714e-05
Low,Low,5.296890087177112e-05,0.988836108280384,0.011110922818744312
Low,Low,3.832613907406485e-05,0.9960155527822621,0.0039461210786638865
High,High,0.6952264640742374,0.0019762403117066204,0.30279729561405594
Medium,Medium,0.1736163929594021,0.01844529536357277,0.8079383116770252
High,High,0.9905498031454013,2.7136904251248443e-05,0.009423059950347474
High,High,0.996724221099734,2.013745533078621e-05,0.0032556414449352263
High,High,0.9995669672236656,2.1794779623894792e-06,0.0004308532983721059
Low,Medium,0.09104822734702273,0.03195452828603876,0.8769972443669386
Low,Low,1.558527541760103e-05,0.9955461217179077,0.0044382930066745934
Low,Low,0.0037953479144536215,0.826443756213465,0.16976089587208135
High,High,0.7539386191057394,0.0016584327185840836,0.24440294817567654
High,High,0.9963831043617425,8.395117332567685e-05,0.0035329444649318266
High,High,0.963523906719884,0.0002051388170172772,0.03627095446309884
Medium,High,0.9628928951954256,0.0002383201232203002,0.036868784681354135
Medium,Medium,0.052764634704253466,0.16502737396733153,0.782207991328415
High,High,0.9988934379426426,1.1564554177673646e-05,0.0010949975031797248
Medium,Medium,0.06095784345912892,0.12614100885364862,0.8129011476872223
High,Medium,0.07900684163396438,0.04927623502323055,0.8717169233428052
High,High,0.9986426592846186,1.74571856608705e-05,0.0013398835297205366
Low,Low,0.008476754805812134,0.5140367433922486,0.47748650180193924
High,High,0.9472941676673825,0.00018186743792700423,0.052523964894690495
High,High,0.8373248386303587,0.0011526833008964055,0.1615224780687451
High,High,0.9650668053543853,0.00029399699218098465,0.03463919765343375
Medium,Low,0.0009542506501917307,0.8251169408207079,0.1739288085291004
High,High,0.999954168877636,8.443704139560192e-07,4.4986751950012516e-05
Medium,High,0.604648385779966,0.005848209156725457,0.3895034050633085
High,High,0.9987225808975816,1.5044763376870406e-05,0.0012623743390414916
Low,Low,0.0003694770678326232,0.9598338137391322,0.039796709193035136
High,High,0.9486889804479998,0.000336047571227164,0.05097497198077306
High,High,0.9577658457588899,0.00036168036566828604,0.04187247387544195
High,High,0.981786867122715,8.81176990675199e-05,0.018125015178217643
High,High,0.9836070296732043,6.228102667851985e-05,0.016330689300117184
High,High,0.9727931271392307,0.0002515204335010265,0.026955352427268254
Medium,Medium,0.40019857699461725,0.01976307676652797,0.5800383462388546
High,High,0.9990522087880119,5.5214276849926415e-06,0.0009422697843029876
High,High,0.9754273590535456,0.00010158997918303345,0.024471050967271448
High,High,0.9977111282481256,6.638476717991042e-06,0.0022822332751562227
Medium,Medium,0.13473174996681087,0.007518331478415165,0.857749918554774
High,High,0.9995887638386838,1.1462352209197452e-06,0.00041008992609531327
Medium,Medium,0.3603857077307831,0.007702374859314356,0.6319119174099025
Low,Low,0.0008891610132371032,0.8349588900897357,0.16415194889702728
High,High,0.9949203985855009,2.0165580205768834e-05,0.005059435834293499
High,High,0.8628179169256679,0.0008749500182406351,0.13630713305609155
High,High,0.9771009433397415,9.080408505742068e-05,0.02280825257520108
Low,Low,0.00025998491466471,0.9304538334278795,0.06928618165745587
Low,Low,0.004432164134554609,0.6011547633491966,0.39441307251624874
High,High,0.9394051785323675,0.0004293802645142282,0.06016544120311837
Medium,Medium,0.23079254660111162,0.022340341454256136,0.7468671119446322
Low,Low,0.0002074727380392882,0.9027819142436088,0.09701061301835208
Medium,High,0.9831256674740544,8.326198026438132e-05,0.016791070545681196
High,High,0.996162745598308,2.7834803422918477e-05,0.003809419598269049
High,High,0.9997705002074847,3.727108521894863e-06,0.00022577268399341375
Medium,High,0.9849345670985215,4.030015523829745e-05,0.015025132746240226
High,High,0.9826665827179772,3.627773907204415e-05,0.01729713954295069
High,High,0.9896492496235524,3.511878756001001e-05,0.010315631588887524
Medium,Medium,0.3226127937150411,0.008102878526991299,0.6692843277579675
High,High,0.9260422176504406,0.00040168028734814107,0.07355610206221137
High,Medium,0.4491373848949014,0.007605725827350409,0.5432568892777483
Medium,Medium,0.0419972706442981,0.10003844179262407,0.8579642875630777
Medium,Medium,0.011055856490073953,0.3764443244989989,0.6124998190109272
High,High,0.9995928974620267,3.902760885020062e-06,0.00040319977708832926
High,High,0.9986501717876249,7.65321209647303e-06,0.0013421750002786381
Low,Low,5.876085416718121e-06,0.9989772381430959,0.0010168857714873954
Medium,High,0.5859619379225817,0.0037329256875686563,0.4103051363898498
High,High,0.9994711676620159,2.318612566495372e-06,0.0005265137254174997
High,High,0.9998567274863056,1.626108793729695e-06,0.0001416464049004956
Low,Low,0.001302689342283753,0.7284680853534004,0.2702292253043159
High,High,0.9704891433148739,0.0001406807132929137,0.029370175971833203
Low,Low,0.00010515639620818663,0.9463485722849199,0.05354627131887196
High,Medium,0.2342900809357964,0.019203808168988933,0.7465061108952147
Medium,Medium,0.40609694201664115,0.010019851202123427,0.5838832067812354
High,High,0.9980013760451775,1.48017690718982e-05,0.001983822185750431
High,High,0.9910095118613647,3.7594363816807755e-05,0.008952893774818494
High,High,0.9839605503358307,0.00024794201196787094,0.01579150765220136
Medium,High,0.7691600927702787,0.0036108507325155856,0.22722905649720562
High,High,0.9875753524044207,0.00016470035503002547,0.012259947240549237
High,Medium,0.4944211868878252,0.003821584479878353,0.5017572286322964
High,High,0.9986023024391852,6.479823366187219e-06,0.0013912177374485774
Medium,Medium,0.02083634866067076,0.13208162274194343,0.8470820285973858
High,Medium,0.3562447721102592,0.007497973744473734,0.636257254145267
Medium,Medium,0.15082199753391765,0.08968447800452815,0.7594935244615542
High,High,0.9984230284332253,5.90395463583743e-06,0.0015710676121388108
Low,Low,0.004295571746493959,0.5570048618672035,0.4386995663863024
Medium,Medium,0.05269511991820939,0.051669826121853675,0.895635053959937
High,High,0.999721864602564,2.9613861999608193e-06,0.000275174011236128
High,High,0.9861765445668497,0.00019537794766317045,0.013628077485487243
High,High,0.9891100528983472,2.7645780454374684e-05,0.010862301321198531
Low,Medium,0.03982334634173481,0.15399462576935244,0.8061820278889127
High,High,0.9990099952646565,1.8794883667440982e-06,0.0009881252469767289
High,High,0.9746232611016072,0.0002935191365107581,0.025083219761881954
Low,Low,0.00039979013317475044,0.9451097951214256,0.05449041474539974
High,High,0.9650581512966775,0.0005645274193529229,0.034377321283969475
High,High,0.8629427159607014,0.001987311375195518,0.13506997266410312
Medium,Medium,0.01931623414035774,0.09976925003825335,0.880914515821389
High,Medium,0.3693987896650441,0.007364525531467041,0.6232366848034888
Low,Low,0.00011388690217916307,0.9681769540293409,0.03170915906847974
High,High,0.9482122966801537,0.0003282400079387554,0.05145946331190737
High,High,0.8082465453128408,0.001269474891888528,0.19048397979527068
Low,Medium,0.06090029250586696,0.06543887358198613,0.873660833912147
High,High,0.9777864017482463,0.00013303774143173496,0.022080560510322082
High,High,0.996614000961057,1.8046930867973103e-05,0.0033679521080750867
High,High,0.9927989066202344,3.975626837502444e-05,0.007161337111390737
Medium,Medium,0.04990117182649233,0.208327551730005,0.7417712764435027
High,High,0.9974280801137884,3.8457516180097534e-05,0.0025334623700315135
Low,Low,0.00020464899418631531,0.9464519476775712,0.05334340332824234
Low,Low,0.003803489671623215,0.5898897443010913,0.4063067660272855
High,High,0.973504983822125,0.00010182422318193774,0.026393191954693102
Medium,Medium,0.009800168302597797,0.20913853851079497,0.7810612931866072
Low,Medium,0.015525912496096538,0.20679657946862817,0.7776775080352752
Low,Low,0.0006200719537688152,0.9325540156268389,0.06682591241939227
High,High,0.9849664088749429,3.428818943038706e-05,0.014999302935626659
High,High,0.9997687317646818,1.365047145440807e-06,0.00022990318817261703
High,High,0.9816988555502892,9.480692642233246e-05,0.018206337523288412
Medium,Medium,0.02658770518792657,0.2533981616047172,0.7200141332073563
High,High,0.8786825117084849,0.0004904981968146517,0.12082699009470028
High,High,0.9997807174824954,1.4567060845101794e-06,0.000217825811419934
Low,Low,0.003127990959273463,0.6011204264179255,0.39575158262280113
Low,Low,0.0018955543694552108,0.6426130330237335,0.3554914126068113
Medium,Medium,0.015105458043446518,0.22635875890722965,0.7585357830493238
Low,Low,0.00023003028119680688,0.9323401200695522,0.06742984964925079
High,High,0.9991099240069822,5.098983852253484e-06,0.0008849770091656331
Low,Low,4.310587089191958e-06,0.9993482211427334,0.0006474682701774894
Medium,Medium,0.05254686742167459,0.23623272349053143,0.7112204090877939
High,High,0.9967400760774109,1.0290501437072613e-05,0.003249633421152028
Low,Low,1.8272764485651396e-05,0.9959216903863959,0.004060036849118441
High,Medium,0.26908602509018564,0.01891891031517491,0.7119950645946395
High,High,0.9878867556048491,4.207780432407138e-05,0.012071166590826727
High,High,0.9973549550534182,2.4454215968025693e-05,0.002620590730613663
Medium,Medium,0.16568637764698835,0.03179876978954778,0.8025148525634639
High,High,0.9992422571444812,3.0086643584522247e-06,0.0007547341911602296
High,High,0.9970317725121959,1.853987439557408e-05,0.002949687613408583
High,High,0.9889940398592133,4.819296065209665e-05,0.010957767180134716
High,High,0.9651142213998827,0.00044508941904498493,0.03444068918107252
Medium,Medium,0.010112745250700614,0.4762818494315588,0.5136054053177406
Low,Medium,0.016738085025174116,0.2095182129269933,0.7737437020478326
Low,Low,0.000894600912103559,0.8587523582375005,0.14035304085039585
Low,Medium,0.006880830272291501,0.3683715893614579,0.6247475803662506
Medium,Medium,0.008269001509573845,0.3070809728312504,0.6846500256591757
High,High,0.9947861860317694,3.786376220143279e-05,0.005175950206029256
High,High,0.5332681726426187,0.0033797768663681913,0.4633520504910131
High,High,0.9985462192469218,4.13914535891601e-06,0.0014496416077192324
High,High,0.9926315917096457,1.9440634005789732e-05,0.0073489676563484665
Low,Low,0.002789030874763783,0.7115139782872033,0.28569699083803285
Low,Medium,0.014716485204004717,0.18273832043165605,0.8025451943643394
High,High,0.9998947373329143,1.6561217407582772e-06,0.00010360654534496965
High,High,0.9989004406869413,7.5254427174231826e-06,0.0010920338703412737
High,High,0.8719427874268398,0.0006622216853830271,0.12739499088777706
Medium,Medium,0.36525945381875974,0.013164870119082283,0.6215756760621579
Low,Low,3.6695444842033964e-05,0.9811616892003018,0.01880161535485617
High,High,0.9210659941560907,0.00043190870231308686,0.0785020971415962
High,High,0.9991048908266186,1.4196981279128193e-05,0.000880912192102342
Low,Low,0.001588401247025603,0.5461564529593417,0.4522551457936327
High,High,0.9910122168378331,6.265378190229002e-05,0.008925129380264568
High,High,0.9995776175021572,2.888022974930754e-06,0.0004194944748678647
High,Medium,0.1649793916111045,0.046569797579806144,0.7884508108090893
High,High,0.9998625698262485,1.672959797567025e-06,0.0001357572139538849
High,High,0.9994412176611212,2.927527191728683e-06,0.0005558548116871832
High,High,0.9894609878481317,4.527463626580722e-05,0.010493737515602581
Medium,Medium,0.20885154714710102,0.03555636446472657,0.7555920883881725
Medium,Medium,0.053169913277813736,0.06814165658804426,0.878688430134142
High,High,0.9917956083037694,2.733069473755749e-05,0.008177061001493175
High,High,0.9936787525690128,1.994573010425577e-05,0.006301301700882782
High,High,0.9998735999261995,3.1024246588856293e-06,0.00012329764914160955
Low,Low,3.1595528680819634e-05,0.9917516252739876,0.008216779197331532
Medium,Medium,0.014669132363702176,0.15042384334615064,0.8349070242901472
Medium,Low,0.0019326153079959043,0.6315965613648723,0.36647082332713177
Medium,Medium,0.024099276228070617,0.29307559772599495,0.6828251260459345
High,High,0.9837211490977882,0.0001636432249629943,0.0161152076772488
Medium,Medium,0.19596323269452504,0.008368474476517066,0.7956682928289579
High,High,0.9993833520970238,3.825329015875558e-06,0.0006128225739602998
High,High,0.8869555955667576,0.0006935759812187105,0.11235082845202364
Low,Low,0.00163755667018257,0.8231951300674398,0.17516731326237758
Medium,Low,0.015108818764070837,0.5014032526184599,0.4834879286174693
High,High,0.9274414720336376,0.0004477806206099867,0.07211074734575236
High,High,0.9998030788779392,9.386441495740747e-07,0.00019598247791141715
Medium,Medium,0.02387291456888161,0.1650768782201229,0.8110502072109954
Low,Medium,0.022681750860560203,0.19849356165647355,0.7788246874829663
High,High,0.9953478163742017,9.451357073959032e-05,0.004557670055058797
Medium,Low,0.0018366678825744703,0.7899643011401403,0.20819903097728523
Low,Low,0.005203622457008589,0.7151854634895782,0.2796109140534132
High,High,0.7370683362575241,0.001038694656268791,0.26189296908620724
Medium,Medium,0.23089510479902356,0.010385753397398913,0.7587191418035776
High,Medium,0.1838778553448124,0.019019472842299108,0.7971026718128884
Medium,Low,0.0054464211709166896,0.49792108220197034,0.496632496627113
High,Medium,0.2688019445336318,0.015322740954797267,0.7158753145115709
Medium,High,0.5317571448212451,0.012091163671411602,0.4561516915073432
Low,Low,0.0010574190474380483,0.8639640165182499,0.13497856443431203
High,High,0.932715802604392,0.0006809088485197915,0.06660328854708818
High,High,0.9985950902515891,8.631720135076289e-06,0.0013962780282758052
Medium,Medium,0.47192842625238474,0.009600536846855912,0.5184710369007594
High,High,0.9688899513189007,0.00011018566524516579,0.030999863015854195
Medium,Medium,0.2905414111908479,0.008535552376125181,0.7009230364330269
Medium,Medium,0.14742790813028175,0.020345546574411125,0.8322265452953072
Medium,Low,0.0024145605977858864,0.7046619528587956,0.29292348654341854
Low,Medium,0.05513092991947636,0.10750918209361247,0.8373598879869112
Medium,Medium,0.28153632185481786,0.011382599887937186,0.7070810782572449
High,High,0.9985276716037961,1.73147747413617e-05,0.0014550136214623974
Medium,Medium,0.3262314785887427,0.013398511925831613,0.6603700094854257
Medium,Medium,0.0902795496498633,0.053235848604903165,0.8564846017452334
High,High,0.9979876782463768,5.062125568019819e-06,0.0020072596280550333
Low,Low,0.0002974329344954044,0.9620834376359052,0.03761912942959929
High,High,0.9999461324178578,8.854853315162387e-07,5.298209681064929e-05
High,High,0.9402519373650388,0.0005893456256770444,0.05915871700928421
High,High,0.9986593162353963,1.9600134418466025e-05,0.0013210836301852482
Low,Low,0.00019167552643345757,0.9693653332836524,0.03044299118991418
Low,Medium,0.0065362357657958,0.4771442737547274,0.5163194904794768
Medium,Medium,0.1566881914813412,0.014726137306443506,0.8285856712122154
High,High,0.949010668555219,0.00016113299651208848,0.05082819844826906
Medium,Medium,0.015989732453576277,0.2281732578686077,0.7558370096778161
High,High,0.999603699967789,3.1287735422826722e-06,0.0003931712586687469
Medium,Medium,0.011998003766342297,0.39751936466408283,0.5904826315695749
High,High,0.9970857630405503,1.6916728400907436e-05,0.0028973202310488217
High,High,0.9965565004912276,1.4985045006251635e-05,0.0034285144637662282
High,High,0.9969346291594773,1.2576357545710872e-05,0.0030527944829770656
High,High,0.6730965848695369,0.0027687495535321377,0.32413466557693094
Medium,Medium,0.05521259662656306,0.0678719195802815,0.8769154837931555
Medium,Medium,0.054384137323397586,0.048379329529176895,0.8972365331474255
Low,Medium,0.01071080946832182,0.2816792688420977,0.7076099216895805
Low,Low,0.00038171860654036667,0.8906228643976287,0.1089954169958309
High,High,0.9966386809657437,9.942878289268554e-06,0.003351376155967032
Low,Low,0.0004871223216554958,0.888643808121981,0.11086906955636354
High,Medium,0.29161476793478125,0.04431439770626325,0.6640708343589555
High,High,0.9976865305086439,1.5474269187902174e-05,0.0022979952221682657
High,High,0.9462307961771137,0.0004948637338316711,0.053274340089054545
High,High,0.9894730523385106,2.6476847575328585e-05,0.010500470813914186
High,High,0.9630352784794644,0.0002508126485228432,0.03671390887201301
High,Medium,0.016530100262561347,0.2411064876303547,0.742363412107084
High,High,0.9985422080811028,5.032753831270748e-06,0.0014527591650659874
Medium,Medium,0.024511783090081094,0.16611755108293652,0.8093706658269824
Low,Low,0.0047226930515664465,0.7547432670078159,0.24053403994061764
Low,Low,0.00022520273184273068,0.9213025326859952,0.07847226458216221
Medium,Medium,0.13191365080302125,0.04115514078867636,0.8269312084083024
High,High,0.9909744121650228,0.00017240068194131607,0.00885318715303582
High,High,0.8040279686921987,0.0012683775580011247,0.1947036537498002
High,High,0.9909242256881425,2.109808762631219e-05,0.009054676224231211
High,High,0.9686343109781212,9.474442842083983e-05,0.03127094459345786
Low,Medium,0.024962113645189545,0.1739735710480149,0.8010643153067956
High,High,0.8322782039825016,0.0009099905842125602,0.16681180543328575
High,High,0.9579025195616805,0.0002559054866960982,0.041841574951623384
High,High,0.9988264289965433,8.135606086563705e-06,0.001165435397370201
Low,Low,0.00011489353739340435,0.9857067468737326,0.014178359588873944
High,High,0.9920346756213683,3.590388477721702e-05,0.007929420493854557
Low,Low,0.00013280169181896254,0.9774625189132404,0.02240467939494051
Medium,High,0.8771516154085062,0.0011206013786897067,0.12172778321280425
Medium,Medium,0.4436856445067872,0.009091383569305733,0.547222971923907
High,High,0.9996898947970252,1.6827307483518896e-06,0.00030842247222627055
High,High,0.9985013740039873,9.186863874942224e-06,0.001489439132137712
High,High,0.9993448248385629,2.775173327076255e-06,0.0006523999881100425
Low,Low,0.001381558786512584,0.7930884493050386,0.20552999190844884
Medium,High,0.6722217116658795,0.00567836113671529,0.3220999271974052
Low,Low,0.00300594547953898,0.7240449785208473,0.2729490759996138
Medium,Low,0.0030025473162358595,0.7455193256340218,0.2514781270497424
High,High,0.9994693689078241,2.28116977179034e-06,0.0005283499224040064
High,High,0.8890689570867099,0.000792540104528168,0.11013850280876197
High,High,0.527042428504703,0.004091538420850519,0.4688660330744465
High,High,0.9961653925520276,1.9822731340958822e-05,0.003814784716631629
High,High,0.9992696384233964,2.110009082659356e-06,0.0007282515675208931
High,High,0.9901662356609269,8.921170045073971e-05,0.009744552638622344
Low,Medium,0.04793214120503201,0.10028468944341812,0.85178316935155
High,High,0.9968708102580374,1.343725795115245e-05,0.003115752484011437
High,High,0.9957040994798992,1.7976038774236882e-05,0.004277924481326504
Low,Low,6.7399044100237925e-06,0.9991075780290182,0.0008856820665718007
Medium,Medium,0.04108570673419759,0.14805594909816439,0.810858344167638
Low,Medium,0.0180331334336839,0.22808036081668362,0.7538865057496325
Medium,Medium,0.0263846650141722,0.18375469644067177,0.7898606385451561
Low,Medium,0.008428311202634006,0.31916725972375937,0.6724044290736066
High,High,0.9785978944573698,7.915448103982693e-05,0.021322951061590226
Low,Low,2.7597190182966005e-05,0.9938255494027863,0.0061468534070307345
Medium,Medium,0.03180227882768026,0.15161034270966464,0.8165873784626552
Low,Low,1.0887252215039816e-05,0.9978670765194909,0.0021220362282940233
High,High,0.936954439899887,0.00021357697920032192,0.06283198312091266
High,High,0.9808641565685084,0.00015614317360648918,0.01897970025788526
High,High,0.7456440215182462,0.001181258322518437,0.2531747201592353
Low,Low,9.115711882140206e-07,0.9996543217006808,0.00034476672813104465
High,High,0.8923907364875178,0.0008771309071614495,0.10673213260532087
High,High,0.820537571546485,0.001443602119503991,0.1780188263340109
High,High,0.9686635512409508,0.00015934574558243853,0.03117710301346684
High,High,0.8575808198777215,0.0011644218938732457,0.14125475822840527
High,High,0.9205975413586565,0.00045223897686766476,0.07895021966447596
Medium,Medium,0.2663453690953718,0.029269407212218074,0.7043852236924102
Medium,Low,0.0017516644121618394,0.6700878447876488,0.32816049080018933
Medium,High,0.644922015386284,0.002897596347287736,0.35218038826642817
High,High,0.9913977653962989,6.556965007143322e-05,0.008536664953629683
Medium,Medium,0.03271630616366871,0.1004900249332769,0.8667936689030544
Low,Low,0.005384595636529274,0.5266983533252971,0.46791705103817355
High,High,0.8490532907258336,0.0010823492012188483,0.14986436007294762
High,High,0.9988106075224678,3.6428499386488317e-06,0.0011857496275937572
Low,Low,5.521782421030047e-06,0.9984449629410437,0.001549515276535494
High,High,0.9815734826099964,8.265386228528846e-05,0.018343863527718256
High,High,0.9999744278775519,3.189617808480651e-07,2.525316066715777e-05
High,High,0.6410788151059517,0.0052094433718193256,0.35371174152222923
High,High,0.966814028217945,0.00011015733867571009,0.033075814443379474
High,High,0.9949390225995386,3.5666503035478195e-05,0.0050253108974259
High,High,0.9997531120909722,9.53880777587244e-07,0.0002459340282502726
High,High,0.9979932428476337,1.2043137805549229e-05,0.0019947140145607795
High,High,0.9621040150364218,0.00027431346762699923,0.03762167149595124
High,High,0.998644915897713,1.213554942697217e-05,0.0013429485528599098
High,High,0.9991596472060477,8.443154104437948e-06,0.0008319096398478051
Low,Low,0.004089912606315737,0.7385649511772251,0.2573451362164592
Medium,Medium,0.13041870152464144,0.028742417350588443,0.8408388811247701
Medium,Low,0.003637755840887146,0.728434381524275,0.2679278626348378
High,High,0.9547992390266524,0.0001028186622879804,0.045097942311059666
High,High,0.886276626628603,0.0011305359394642074,0.11259283743193277
High,High,0.9914583000569441,3.4598146669373136e-05,0.0085071017963866
Low,Low,0.0019256577467598322,0.7172027197380363,0.2808716225152039
Medium,Medium,0.026348481084806155,0.16880629706233152,0.8048452218528623
High,High,0.7491093525986786,0.0026974387732462907,0.2481932086280751
Low,Low,0.0018482938076994056,0.7876401399327704,0.21051156625953032
High,High,0.9966661365712347,1.350730864440225e-05,0.003320356120120781
High,Medium,0.1451267501354225,0.022209725490714538,0.8326635243738629
Medium,Medium,0.4914354649083434,0.011141371164518783,0.4974231639271377
High,High,0.9844606634848251,8.479415050691497e-05,0.015454542364668072
High,High,0.9919388017637588,1.645580247354883e-05,0.008044742433767686
Medium,Medium,0.005585119754641494,0.46224162510846256,0.532173255136896
High,High,0.9997432815767154,1.6471406428823018e-06,0.00025507128264175104
High,High,0.9995488403434802,5.158198221788211e-06,0.00044600145829800226
Medium,Medium,0.07380024735735537,0.07070737613159331,0.8554923765110513
High,High,0.9998185719481154,1.3618737215140231e-06,0.00018006617816317008
Low,Low,0.003305617309739099,0.6802789490510603,0.31641543363920044
High,High,0.5868018383949805,0.0020074194697759255,0.41119074213524365
High,High,0.9978137500594061,1.2319409928077845e-05,0.002173930530665871
Medium,Low,0.0014220834282717024,0.7355482868617366,0.2630296297099916
Medium,Medium,0.012436654196324844,0.29258697564142133,0.6949763701622538
High,High,0.91283388133817,0.0005426262079686485,0.08662349245386125
High,High,0.9887462675129832,2.6101412352618288e-05,0.011227631074664098
High,High,0.996159717842232,1.7902626528863935e-05,0.0038223795312391324
High,High,0.999655736153551,2.110286811131516e-06,0.0003421535596378146
High,High,0.812375427729874,0.0011924373794828659,0.18643213489064323
Medium,High,0.8014188479840856,0.000981052270990506,0.19760009974492374
Medium,Medium,0.3393420651877942,0.00970722485377604,0.6509507099584299
High,Medium,0.2817607812945792,0.014411860997607218,0.7038273577078136
Low,Low,8.173436584598484e-05,0.9776557212339655,0.022262544400188475
Low,Low,0.00027094476310570326,0.9206310367231482,0.07909801851374615
Medium,High,0.7439628277251091,0.0009057973613185081,0.25513137491357235
High,High,0.7210239717889804,0.000982214652774676,0.277993813558245
Low,Low,5.1857484949739804e-06,0.9992988399510848,0.0006959743004202247
Medium,Medium,0.06934813956390962,0.04987274780175304,0.8807791126343373
High,High,0.9935253104717443,5.7758743992227314e-05,0.006416930784263399
High,High,0.9991702032109161,3.040776417599718e-06,0.0008267560126665307
Low,Low,0.001516856646039241,0.7238241945080388,0.27465894884592196
High,High,0.9998060785863485,1.4797029465647678e-06,0.00019244171070482486
Medium,Medium,0.04767976031614374,0.14275421967691546,0.8095660200069408
High,High,0.999638700765705,7.536130058419608e-07,0.00036054562128909736
High,High,0.9999080159782723,1.2674002924813901e-06,9.071662143526054e-05
Medium,Medium,0.046332842828483455,0.10055226957753977,0.8531148875939767
High,Medium,0.4451656304392974,0.0027813837128208346,0.5520529858478818
Low,Low,0.002260068372174622,0.7662473111442566,0.23149262048356875
Low,Low,0.00039573194294058284,0.8688494883400579,0.13075477971700145
High,High,0.9992279176508301,4.850108437771744e-06,0.0007672322407322443
High,High,0.9985937601938698,3.192078319447007e-05,0.0013743190229356594
Medium,Medium,0.45150573863577054,0.009709071320591744,0.5387851900436378
High,High,0.998328860650866,5.874448276223486e-06,0.001665264900857819
Low,Low,2.6843710312734833e-05,0.9980188668541267,0.001954289435560554
Medium,Medium,0.050931498317427604,0.10698222543047722,0.8420862762520952
Medium,Medium,0.03382833823517375,0.176625787508743,0.7895458742560834
High,High,0.9879547181519048,8.352851361803851e-05,0.011961753334477177
High,High,0.9759636954414274,0.00013607554682122067,0.023900229011751442
High,High,0.9874459903787469,5.5155202997285576e-05,0.012498854418255805
High,High,0.983673530587574,7.39930347582414e-05,0.016252476377667552
High,High,0.975111236365108,0.0001049451398994892,0.02478381849499259
Medium,Low,0.0040070678798295595,0.5094325223768569,0.4865604097433135
High,Medium,0.2190200854717915,0.024947907131930642,0.7560320073962778
High,High,0.9962130291636351,1.1306516284104903e-05,0.0037756643200806224
High,High,0.8679746694564549,0.0009685582136407031,0.13105677232990434
High,High,0.9999286895625867,2.5509745502558985e-07,7.105533995820502e-05
Low,Low,0.00030250113326621257,0.9383476903209279,0.0613498085458059
High,High,0.9839221126429036,8.00122564804019e-05,0.015997875100615993
Medium,High,0.9689932119867227,0.00013196182369681203,0.030874826189580446
Medium,Medium,0.2269006934407737,0.01609645353344561,0.7570028530257807
High,High,0.9575243212936407,0.0003501078467902339,0.04212557085956906
Medium,Medium,0.13525535084173182,0.02436439890521221,0.8403802502530558
High,High,0.9845331939636592,0.0002205251347824315,0.015246280901558145
High,High,0.999615798728845,1.5082042407419737e-06,0.0003826930669144418
Low,Low,0.0005993388342703372,0.8182365834961188,0.1811640776696109
High,High,0.9978044270477748,1.8514402192640506e-05,0.0021770585500325494
High,High,0.9998889775625552,1.6600441110066992e-06,0.00010936239333380337
High,High,0.9948253763553031,2.3418544589999014e-05,0.0051512051001069556
High,High,0.9866351902627248,5.850299903830316e-05,0.013306306738236726
High,High,0.9940880998495638,6.605128251713853e-05,0.00584584886791914
Medium,Medium,0.01710193536877381,0.19483255670617228,0.788065507925054
Low,Low,4.3530291482788594e-05,0.9882524844123265,0.011703985296190798
High,Medium,0.3172485474222555,0.029564472652298033,0.6531869799254466
High,High,0.5635052219805742,0.0069103376131815185,0.4295844404062442
High,High,0.999913099021788,7.813417306801854e-07,8.611963648141128e-05
High,High,0.982823818970592,4.553526550580488e-05,0.017130645763902073
Medium,Medium,0.008683509018099013,0.2921819528562949,0.6991345381256061
High,High,0.9973945635155274,1.0274965981709143e-05,0.002595161518491083
High,High,0.9988199233442903,3.3818815698370796e-06,0.001176694774139946
High,High,0.9692065518566665,0.00012371704155510527,0.030669731101778328
High,High,0.9254345620850823,0.0004989241432524301,0.07406651377166537
High,High,0.999504398180701,3.3342303586319014e-06,0.0004922675889402748
High,High,0.8766939051482785,0.0008319331395339421,0.12247416171218765
Medium,Medium,0.048177888276623164,0.050139809457934476,0.9016823022654423
Medium,Medium,0.006698302584475197,0.492150765460978,0.5011509319545467
Low,Low,0.006886255587457523,0.6184369069974305,0.3746768374151121
Medium,Medium,0.20426916621240257,0.017174606792022287,0.7785562269955751
Medium,Low,0.001402860662900752,0.8187155220815235,0.17988161725557583
Medium,Medium,0.005506794386215184,0.48766367953359335,0.5068295260801914
Medium,High,0.6444756302308473,0.002567506134150291,0.35295686363500245
High,High,0.9646880698976488,9.948681191697007e-05,0.03521244329043424
Medium,Medium,0.10406441557851198,0.06353963787153578,0.8323959465499522
Medium,Low,0.003231886182900464,0.5871262979844446,0.40964181583265485
High,High,0.95218953031285,0.0003078328041043562,0.04750263688304553
Medium,High,0.8178259018264856,0.0009329255188597438,0.18124117265465461
High,High,0.9578530652796956,0.00016939343427499175,0.04197754128602935
Medium,Medium,0.028321579718503385,0.1377232584291219,0.8339551618523746
High,High,0.9997094675640535,5.800118374135341e-06,0.0002847323175723523
High,High,0.9931663245455217,1.3972575099528849e-05,0.006819702879378765
High,High,0.9773989874032954,0.00010440290135592978,0.02249660969534863
High,High,0.9946771614043779,5.0339169148289525e-05,0.005272499426473857
High,High,0.9988003838806597,4.4942990634777876e-06,0.0011951218202766757
High,Medium,0.2962791336507184,0.02096732987657377,0.6827535364727079
High,High,0.9989120684414515,4.375917693012468e-06,0.0010835556408553297
Low,Low,0.0001336872781004113,0.9827851191981766,0.01708119352372298
High,High,0.9992425614702305,1.8062171694002553e-06,0.0007556323126002406
High,High,0.9946823827104997,1.872587595121232e-05,0.005298891413549085
High,Medium,0.1368597937838544,0.03400698366506676,0.8291332225510789
Medium,Medium,0.1245932879394932,0.017439988958302115,0.8579667231022047
High,High,0.9839855256138044,5.755379146761991e-05,0.015956920594728037
High,High,0.9926874315417968,3.070209384396592e-05,0.007281866364359187
High,High,0.6463943940013178,0.005829576727979292,0.34777602927070295
Medium,Low,0.0012626480349649132,0.7656956841870979,0.23304166777793714
Low,Medium,0.013034195686181145,0.36259631899162786,0.624369485322191
High,High,0.9992906507880036,2.7065300233650166e-06,0.0007066426819731736
Medium,High,0.9921355095177627,2.9697960566666302e-05,0.007834792521670658
High,High,0.9288642124899688,0.0007027954007697151,0.07043299210926149
High,High,0.9942963473274697,1.6739096401571567e-05,0.00568691357612864
Low,Low,0.005055773529277552,0.6337749997984529,0.3611692266722695
High,High,0.962646787675521,0.000420043094674835,0.03693316922980411
Medium,Low,0.0023129375815309594,0.6636399008212691,0.33404716159719994
High,High,0.9997687277916799,1.9596501183685713e-06,0.0002293125582017203
High,Medium,0.28662879431028826,0.012111663294204855,0.7012595423955069
High,High,0.9996218620610227,2.903027132466845e-06,0.00037523491184469855
High,High,0.998783796612945,1.028496314541586e-05,0.0012059184239094874
High,High,0.9979009482923521,8.563489360642397e-06,0.0020904882182872426
Low,Low,0.00020553362639247124,0.9362990541170841,0.06349541225652346
Medium,Medium,0.3502197586075993,0.014919534250685984,0.6348607071417146
High,High,0.998772911871316,1.0985984085539473e-05,0.0012161021445984894
High,High,0.9993449974780062,3.2559621797825987e-06,0.0006517465598140387
Medium,Medium,0.06292856604921539,0.04567620292550499,0.8913952310252796
High,High,0.9024862346895749,0.00043383241437988364,0.09707993289604527
Low,Low,0.00023601111264923602,0.9021901064739557,0.0975738824133951
High,High,0.7691473689610222,0.0014075286127898125,0.2294451024261879
High,High,0.9922970936425664,6.25843389967567e-05,0.007640322018437012
Medium,Medium,0.08431073704458919,0.10989481993641464,0.8057944430189962
High,Medium,0.4159623337566024,0.016847195633338394,0.5671904706100592
Medium,Medium,0.11216610114375283,0.11435883888748043,0.7734750599687668
Low,Low,0.00020190797884126426,0.9491173278581648,0.05068076416299398
High,High,0.9870715113009243,6.705712539140652e-05,0.012861431573684435
Medium,Medium,0.3878847505850368,0.008263429457213974,0.6038518199577492
High,High,0.898555296453614,0.0007280672662499265,0.10071663628013601
High,High,0.937340765996213,0.0005440968694387517,0.06211513713434829
Low,Low,6.748383964738143e-05,0.9718911477707605,0.028041368389592147
High,High,0.9500651966267055,0.0002118885018155514,0.049722914871478945
High,High,0.9884098713761449,2.045859654907298e-05,0.011569670027306194
High,High,0.7820800198385116,0.0027628695838130394,0.21515711057767545
Medium,Medium,0.1744134204404576,0.055277999178028774,0.7703085803815136
High,Medium,0.37748859654791966,0.013689730807667999,0.6088216726444123
Low,Low,1.5032250712624751e-05,0.9950874617709753,0.0048975059783120094
High,High,0.9982252667025148,1.509796156246385e-05,0.0017596353359227619
High,High,0.9995663062740588,9.80708100027977e-07,0.00043271301784120913
High,High,0.9989676416206725,8.306327700623246e-06,0.0010240520516267486
High,High,0.9911057380569602,5.001070500185262e-05,0.0088442512380378
High,High,0.9863598837263582,9.823756350137329e-05,0.013541878710140485
High,High,0.9992136712615832,3.6778082703427094e-06,0.0007826509301462848
High,High,0.8839691592636432,0.0009903003427332096,0.11504054039362352
High,High,0.5717906843534819,0.007989891320192118,0.42021942432632603
High,High,0.9942627148978709,4.546483736465232e-05,0.005691820264764401
Low,Medium,0.01932876045205647,0.20952013699992936,0.7711511025480141
High,High,0.9980468911020488,5.670875283315559e-06,0.0019474380226678317
Low,Medium,0.015106749267615337,0.40555623412866404,0.5793370166037207
High,High,0.9942235211258921,2.9566576162501397e-05,0.005746912297945438
High,High,0.9922607995060464,1.5645219235466688e-05,0.007723555274718007
High,High,0.9953854523167818,1.4496732515876521e-05,0.004600050950702498
High,High,0.9997559979931966,4.0587876504066435e-06,0.0002399432191530156
Low,Low,0.00014525120163683973,0.9626995597949777,0.03715518900338551
High,High,0.8035591827069805,0.0007362508090321702,0.19570456648398724
Medium,Medium,0.05503569403746066,0.06485113965862324,0.8801131663039162
High,High,0.9978862816174281,1.1200944513284356e-05,0.0021025174380585616
High,High,0.6712311835736767,0.001865529071921941,0.3269032873544013
High,Medium,0.2781943925425034,0.00951438598131399,0.7122912214761827
Medium,Medium,0.005718435912634196,0.4604062029070628,0.5338753611803029
Medium,Medium,0.11715220341031428,0.10438896579859588,0.7784588307910898
High,High,0.9471562704727137,0.00045735090957396094,0.05238637861771243
Medium,Medium,0.2800072365868262,0.011281444340986737,0.7087113190721872
High,High,0.9930393055639876,1.9671234515930352e-05,0.006941023201496622
High,High,0.9951934342916458,1.110656992727551e-05,0.0047954591384270625
Medium,Low,0.005399519583032932,0.5624347796594972,0.4321657007574698
High,High,0.642699443548985,0.0034661102470007485,0.3538344462040141
High,Medium,0.13066460995273466,0.03649695739075954,0.8328384326565057
Medium,Medium,0.035052315082414784,0.11558004289838467,0.8493676420192005
Medium,Low,0.00033137830273612096,0.8822133136691135,0.11745530802815034
Low,Low,2.8746194055313362e-05,0.995996047555658,0.003975206250286698
Medium,Medium,0.0078705275689088,0.4614315285961185,0.5306979438349727
High,High,0.7462680598925034,0.002615985359632829,0.2511159547478638
Medium,Medium,0.020306283148466737,0.2887865801851341,0.6909071366663992
High,High,0.9981756825144911,1.6237791667621172e-05,0.001808079693841193
High,High,0.9628347392406588,0.0002979990420825904,0.036867261717258716
Low,Medium,0.011318334477127346,0.3656089002511787,0.623072765271694
High,High,0.9723772080907861,0.00014921601528001153,0.027473575893934093
Medium,Medium,0.08740710541930434,0.07733005104168639,0.8352628435390093
Medium,High,0.6075424093630337,0.0029497034546148685,0.3895078871823515
High,High,0.9996913489170253,9.468687431695462e-07,0.0003077042142313256
High,High,0.9995925100862224,2.4479303645779745e-06,0.00040504198341297917
Low,Low,0.0068787417884623725,0.6227617542211904,0.3703595039903472
High,High,0.9937943316816736,1.755461592224135e-05,0.006188113702403888
High,High,0.9909504842633295,0.00011469164874426041,0.008934824087926212
High,High,0.9996038604212685,3.031773634416403e-06,0.0003931078050971794
High,High,0.9997893802907517,8.134603299819073e-07,0.00020980624891822017
Medium,High,0.8507242618142906,0.0013631575005980665,0.14791258068511126
Low,Low,0.0018212994552287076,0.6393274606035211,0.35885123994125034
Medium,Medium,0.03231661187836918,0.1298623905163385,0.8378209976052923
High,High,0.9877852865517978,4.1862475223561064e-05,0.012172850972978553
High,High,0.9847062789747192,5.067229600050062e-05,0.015243048729280133
High,High,0.9548592553240185,0.00013003583206246238,0.04501070884391911
High,High,0.9999526467406485,8.947225965437869e-07,4.645853675502854e-05
High,Medium,0.3777964856550544,0.01222477516884026,0.6099787391761053
High,High,0.9360531554465957,0.00022298202027120915,0.06372386253313309
Medium,Medium,0.014918518664358652,0.4581478452111726,0.5269336361244688
High,High,0.9908967908442659,0.0001389968735826488,0.008964212282151489
Medium,Medium,0.03691179377818863,0.12427561565951985,0.8388125905622915
Medium,Low,0.0006541535694118087,0.8970777170045897,0.10226812942599829
High,High,0.997458753305357,2.1168883831166465e-05,0.0025200778108117185
High,High,0.882325978341028,0.0019805495557190882,0.11569347210325287
Medium,Medium,0.023080181939903386,0.23368629218030185,0.7432335258797947
High,Medium,0.3614564343810326,0.009236533618396905,0.6293070320005704
High,High,0.9931335900701789,2.781924261605136e-05,0.006838590687205043
High,High,0.9933732076077795,4.366148047751836e-05,0.006583130911743001
Medium,Medium,0.12280356753855072,0.053660496496430565,0.8235359359650187
Medium,Medium,0.007745613658485567,0.21921324989796553,0.7730411364435489
Low,Medium,0.035519728942162244,0.4515600496876303,0.5129202213702074
Low,Medium,0.01365735924872315,0.2660763904096417,0.7202662503416353
Medium,High,0.5041323384329891,0.018016641214511242,0.47785102035249966
High,High,0.9984746655152458,8.745729507217882e-06,0.0015165887552470315
High,High,0.9981433859789709,1.0653783105524528e-05,0.0018459602379235964
High,High,0.999795453500939,1.3813582509898944e-06,0.00020316514080983991
Low,Low,0.0032618470736251338,0.5494312670577097,0.4473068858686652
Low,Low,0.002176210557337964,0.5092430557321543,0.4885807337105077
Medium,High,0.7270702773653619,0.0029156602839736936,0.2700140623506644
High,High,0.9547469673621339,0.0005150353337889098,0.044737997304077105
High,High,0.9506697387516796,0.0002104945666603207,0.049119766681660244
High,High,0.9985937241978687,4.422262427581028e-06,0.0014018535397036878
High,Medium,0.4208548560485893,0.018593035181215325,0.5605521087701955
High,Medium,0.2697178530859242,0.020880428217615352,0.7094017186964604
Low,Low,0.000149169999123465,0.9720049613310207,0.02784586866985589
Medium,Medium,0.21333098623254418,0.036121930397838446,0.7505470833696175
Low,Medium,0.033245272834474926,0.10872053977798966,0.8580341873875355
High,High,0.8604974579244515,0.0017112025296723919,0.13779133954587605
Medium,High,0.5169184588561371,0.004203546795361204,0.47887799434850176
High,High,0.9988310898938481,4.825517238634691e-06,0.0011640845889131844
High,High,0.9989276095025241,3.944604694537357e-06,0.001068445892781217
Medium,Medium,0.12219191838147646,0.045138378299454336,0.8326697033190691
High,High,0.9997163534944695,3.472384531117421e-06,0.0002801741209993419
High,High,0.9999523819465466,8.027035481507942e-07,4.6815349905439406e-05
High,High,0.9997427885341043,6.021001516946717e-07,0.0002566093657442404
High,High,0.9999137318749121,8.595558554144207e-07,8.54085692325606e-05
Low,Low,3.543513195262304e-05,0.9943115939897261,0.005652970878321308
Low,Medium,0.00531620185314676,0.44005443545021533,0.5546293626966379
High,High,0.8594386678847139,0.0012130916709592052,0.13934824044432684
High,High,0.6331697643176941,0.026602801235797197,0.3402274344465088
Medium,Low,0.00032490478947581734,0.9233066497636321,0.07636844544689197
High,High,0.9966195490461575,1.7214974635419966e-05,0.00336323597920698
Medium,High,0.7769881452327293,0.0019796573080871167,0.2210321974591836
Low,Low,0.0018093273838238045,0.9074047585173031,0.09078591409887315
High,High,0.8832962577663359,0.0006046280553006117,0.11609911417836355
Low,Low,0.003968405512494297,0.564137406997723,0.4318941874897827
High,High,0.5417734069247737,0.003438225614851121,0.45478836746037515
Medium,Medium,0.01679525946978676,0.1701344774846118,0.8130702630456015
Medium,Medium,0.11116211034480611,0.07592361885387927,0.8129142708013146
Medium,Medium,0.1613739436148092,0.03976239506279885,0.798863661322392
Low,Low,6.420104477506267e-06,0.9980941943336773,0.0018993855618452205
Low,Low,0.00014445902229846006,0.9561566280991193,0.043698912878582165
High,High,0.9998056332063313,7.184471177897068e-07,0.0001936483465508878
Medium,High,0.6442330521159759,0.003188381135580197,0.3525785667484439
High,High,0.9998489656234428,2.1265621390764533e-06,0.00014890781441791604
High,High,0.9902159973315497,0.0001259300536198454,0.009658072614830232
High,High,0.9892590914862145,4.0674927786236574e-05,0.010700233585999345
High,High,0.771437272423588,0.001477287421618796,0.22708544015479318
Medium,High,0.7539044112002699,0.003666876470846617,0.2424287123288836
High,High,0.9891046591553578,2.124998163117679e-05,0.010874090863011047
Medium,Medium,0.02654934119643841,0.1452597087918405,0.828190950011721
High,High,0.9980251893945999,1.46636765470923e-05,0.0019601469288529827
High,High,0.9933732245663893,3.856140915579093e-05,0.006588214024454899
High,High,0.7537856532946119,0.0014888025472314973,0.24472554415815662
Low,Low,6.431519315460036e-05,0.963802558068681,0.03613312673816451
Medium,High,0.7091073416235384,0.005455768188587843,0.2854368901878737
High,Medium,0.37587089502845206,0.01159995966019619,0.6125291453113517
High,High,0.9990608134806737,2.2718897096942566e-06,0.0009369146296166864
High,Medium,0.08535855391245259,0.09392060816466176,0.8207208379228856
Low,Low,0.003999626270792946,0.5215689016494324,0.4744314720797747
Medium,Medium,0.017488249463742948,0.10150295775233778,0.8810087927839193
High,High,0.9721224417504936,0.0002509224227783081,0.027626635826728307
Medium,Low,0.0009530055019415573,0.7998094862241114,0.19923750827394696
High,High,0.9557838604848082,0.00029422943562831014,0.04392191007956334
Medium,Low,0.0024440272247606538,0.6965417214926609,0.30101425128257836
High,High,0.710741635429509,0.004344482852173551,0.28491388171831755
Medium,Low,0.006695872280848376,0.5158389846798928,0.4774651430392589
Low,Low,0.002547382076878578,0.6685573829081455,0.3288952350149758
Medium,Medium,0.03105010134163136,0.20064732628639595,0.7683025723719726
High,High,0.9977187482151788,1.675134457084141e-05,0.002264500440250343
Medium,Medium,0.017215172747628238,0.1338100584585839,0.8489747687937879
High,High,0.9980845015248869,7.923097799615044e-06,0.001907575377313623
Low,Low,2.9033680011096228e-05,0.9928368105996791,0.007134155720309814
Low,Low,9.729662693252241e-05,0.9701363940893398,0.029766309283727675
Low,Low,2.6428972519291333e-05,0.9952275187866308,0.004746052240849766
Medium,Medium,0.30501807787108093,0.006126360942172709,0.6888555611867464
High,Medium,0.448748487724684,0.00835176435706354,0.5428997479182524
High,High,0.999900674296921,2.5589532786203776e-06,9.676674980036276e-05
High,High,0.9405100916988863,0.0009117481900713964,0.0585781601110423
High,High,0.5995434620512866,0.0026122087658619012,0.3978443291828515
High,Medium,0.1574185042195207,0.03968961061756608,0.8028918851629132
Low,Low,3.300437320694505e-05,0.9951202025898691,0.004846793036924094
Medium,High,0.6209399361394032,0.0050781542655092896,0.3739819095950876
Low,Low,3.669902566282479e-05,0.983571055948096,0.016392245026240985
High,High,0.977776038716433,0.0001486488066311689,0.022075312476935727
High,High,0.8971664646672818,0.0005303679727720308,0.1023031673599461
High,High,0.9145003811392967,0.0007209141187096718,0.08477870474199378
High,High,0.9734401290419913,7.215672661126906e-05,0.026487714231397397
Low,Low,0.0015574687630494505,0.8546631020786468,0.14377942915830366
Low,Low,7.578652182714975e-06,0.9981507525039285,0.001841668843888611
High,High,0.9991688293211282,1.5505181827613046e-06,0.0008296201606891533
High,High,0.9995722092292078,1.2719490109463448e-06,0.00042651882178130877
High,High,0.9409336830173275,0.00036959143528997866,0.05869672554738255
High,High,0.9993177337690592,5.499826356504502e-06,0.0006767664045844237
High,High,0.9997501757730993,2.1742907260334893e-06,0.0002476499361746523
High,High,0.9982139656383813,1.8138873734740783e-05,0.0017678954878840465
Low,Low,0.00024809271971892746,0.976191504806066,0.023560402474214964
Medium,Medium,0.10972696176972968,0.07395121517972526,0.816321823050545
High,High,0.9995482757116503,7.58861236862063e-06,0.0004441356759811423
Low,Low,0.0014695553267198241,0.7731353336982197,0.22539511097506046
Low,Low,6.6433021598755715e-06,0.9992083084174933,0.0007850482803467445
High,High,0.9114866428422079,0.00023053468726459955,0.08828282247052743
High,High,0.9460223395677804,0.0006874340244889638,0.0532902264077306
High,High,0.9996939297102321,3.1765481540926484e-06,0.00030289374161379955
Medium,Medium,0.008432544355901605,0.49218341738399946,0.499384038260099
High,High,0.5042134955677334,0.005263109573260962,0.49052339485900565
High,High,0.999230609038211,6.8086610864659835e-06,0.0007625823007025134
High,High,0.9987442247187474,8.163142622821223e-06,0.0012476121386296875
High,High,0.9990360197796427,2.2879463129112326e-06,0.0009616922740442724
Medium,Medium,0.023520802237942725,0.30112715545387464,0.6753520423081827
High,Medium,0.06567136358713921,0.04529961894291864,0.8890290174699421
Low,Low,0.0025391027869474197,0.5518478438949956,0.4456130533180569
Medium,Medium,0.014692556873145904,0.209321146438883,0.775986296687971
Medium,Medium,0.3089424718335973,0.01947031045957116,0.6715872177068316
Medium,Medium,0.03770483872035292,0.0926658660490272,0.8696292952306199
Medium,Medium,0.0074646453647936395,0.34418155300939407,0.6483538016258124
Low,Low,8.330730462229442e-05,0.9657220418464214,0.034194650848956266
High,High,0.9229649408287572,0.000402217573850892,0.07663284159739182
Medium,High,0.8566128707501061,0.0006908063976450845,0.1426963228522489
Medium,Medium,0.07388610717904269,0.11618811813178495,0.8099257746891724
Medium,Medium,0.00744641434409356,0.4864023777821283,0.5061512078737782
Low,Low,0.0012257797754457605,0.9401372796914186,0.05863694053313572
High,High,0.9995817700466291,2.5624709434756037e-06,0.0004156674824274395
Low,Low,5.14658776401185e-05,0.9916650195105712,0.008283514611788596
High,High,0.9709207139166779,0.00014223053579543075,0.028937055547526694
Medium,High,0.8161514406348885,0.004105865971130754,0.17974269339398058
High,High,0.9997447638364413,8.37343693184771e-07,0.0002543988198656234
Low,Low,0.003701886746797385,0.741675691215641,0.25462242203756164
High,High,0.967822878643711,0.00014549720421419275,0.03203162415207478
High,High,0.9923540522926266,2.9060086449634008e-05,0.007616887620923736
Low,Low,0.0029219053030521544,0.7143525040623739,0.28272559063457386
High,High,0.9846186593235366,0.00012161102707406765,0.015259729649389108
High,High,0.9960876021244034,1.851991322535576e-05,0.0038938779623714243
High,High,0.9397230539852013,0.0003001689729789253,0.05997677704181968
Low,Low,0.0012433216035977897,0.7716327548624946,0.22712392353390756
High,High,0.9999682205908557,2.178807425535778e-07,3.156152840192032e-05
High,High,0.9961787818333843,1.706070804006465e-05,0.0038041574585756795
High,High,0.9048089224631326,0.0009584887640779992,0.09423258877278946
Medium,Medium,0.1696088282289783,0.023841465218487446,0.8065497065525341
High,High,0.9989676535383838,1.4407279484771624e-05,0.0010179391821313801
High,High,0.9991917911148338,2.720599615376312e-06,0.0008054882855509664
Low,Low,0.0010057046461650501,0.8983755939558021,0.1006187013980329
High,High,0.9976065573572256,7.87610549557198e-06,0.0023855665372787506
High,High,0.9562810094351091,0.00016147690739610736,0.04355751365749477
High,High,0.9999835698557311,4.168945290685723e-07,1.601324973983401e-05
High,Medium,0.24527471600617848,0.029385513422170006,0.7253397705716516
High,High,0.9996899598513455,3.305670862345949e-06,0.0003067344777922475
Medium,Medium,0.042232487645611744,0.08563079761215472,0.8721367147422335
Medium,High,0.6438657520713563,0.0045405923138102785,0.35159365561483347
High,High,0.9996640247591814,1.1143452363384837e-06,0.0003348608955824033
Medium,Medium,0.10638303031487058,0.08043568074893655,0.8131812889361929
High,High,0.961120546786267,0.0002443343011863621,0.03863511891254657
High,High,0.9994306500004342,3.422392825751475e-06,0.000565927606740057
High,Medium,0.1224757542853998,0.04325949836274459,0.8342647473518556
High,High,0.9101057792003594,0.0003498582691812321,0.08954436253045948
Low,Medium,0.013345851998785824,0.33950441687471294,0.6471497311265013
High,High,0.9825580575619275,6.448039504940465e-05,0.017377462043023255
High,Medium,0.04637997908927764,0.12506585154310948,0.8285541693676128
High,High,0.9996180708098656,2.2112010260006507e-06,0.00037971798910826254
Low,Medium,0.011599227294130304,0.2611117547424858,0.7272890179633839
High,High,0.996185015645736,6.488988806163144e-06,0.003808495365457875
Medium,Medium,0.016681878283900647,0.17747077191415875,0.8058473498019406
High,High,0.8447959244516603,0.0006835855620954787,0.1545204899862442
High,High,0.979617521502036,8.878570190701482e-05,0.020293692796056976
High,High,0.7697910290668319,0.0018158562110778965,0.2283931147220903
High,High,0.9946206189350122,2.378243681862898e-05,0.005355598628169082
High,High,0.8937260744127496,0.0005732957042415376,0.10570062988300877
High,High,0.9949774331082355,1.6716925742421614e-05,0.005005849966022169
Medium,Medium,0.28219391570959385,0.008700483804578694,0.7091056004858274
High,High,0.999866683665985,7.021983152970099e-07,0.0001326141356995217
Medium,Medium,0.13387504238681275,0.02532968073089257,0.8407952768822947
Medium,Medium,0.018846349090699124,0.40492324115544287,0.5762304097538581
High,High,0.7201832317615566,0.0011070213528455216,0.27870974688559774
Low,Medium,0.038524550738564235,0.16990794759106945,0.7915675016703664
Medium,Medium,0.008624542904757905,0.2978061063203918,0.6935693507748503
High,High,0.9994032757256995,3.207511954626994e-06,0.0005935167623458824
High,High,0.9993597474448106,5.732929517978365e-06,0.0006345196256713953
Medium,Medium,0.2058347784412378,0.014183992870293254,0.779981228688469
High,High,0.9617671780406085,0.00019388643589193119,0.03803893552349951
Medium,Medium,0.017219534649956056,0.27122140694993563,0.7115590584001082
Medium,Medium,0.2305059231677836,0.024119424391396447,0.7453746524408199
High,High,0.9975976741420964,1.3861829105503686e-05,0.0023884640287981603
Low,Low,4.7233679338961935e-05,0.9904863629759626,0.009466403344698388
High,High,0.9920133788261342,3.845480852072714e-05,0.007948166365345045
High,High,0.9966214506395279,1.5444821733426546e-05,0.003363104538738584
Medium,Medium,0.0423585416257866,0.08157397994844905,0.8760674784257645
High,High,0.9340798011833212,0.0008664463289164694,0.06505375248776225
Medium,Medium,0.4210637036717594,0.011321141625436622,0.5676151547028039
High,High,0.993055850959782,2.9534097338850266e-05,0.0069146149428792525
Low,Low,0.0006980700871543496,0.8315118666964211,0.16779006321642456
Low,Low,2.6982817689526214e-05,0.9862833510239853,0.013689666158324986
Low,Low,0.00014871850584454572,0.9870578512540898,0.012793430240065604
Low,Low,9.84583424336563e-06,0.9967782730220284,0.0032118811437282977
High,High,0.6570106012938792,0.0027862140976801803,0.34020318460844057
Low,Low,0.000411814688612763,0.9498832445550076,0.04970494075637973
Low,Low,0.002624127891317104,0.829816717942248,0.1675591541664348
High,High,0.9893911112218705,0.00010450809301999822,0.01050438068510948
High,High,0.8440869075552017,0.0007311347741461144,0.15518195767065218
Medium,Medium,0.0988658384753958,0.03349395291337777,0.8676402086112264
Medium,High,0.8178446630631251,0.002448496681577303,0.17970684025529762
Medium,Low,0.004527104967753209,0.5894048074064446,0.40606808762580215
Medium,Medium,0.00861566423123995,0.3680252385649301,0.62335909720383
Medium,Medium,0.05423162019578822,0.09564598481360688,0.8501223949906048
High,High,0.9997298308737254,4.200042333130388e-06,0.00026596908394145536
High,High,0.980813717520992,0.0001639700029137689,0.019022312476094032
Medium,High,0.6153419834517254,0.003985876886422435,0.3806721396618522
High,Medium,0.04755721489183501,0.09521381818982969,0.8572289669183353
Medium,High,0.666275483925662,0.003993784921239232,0.32973073115309864
High,High,0.8515377399764082,0.0009277261728182788,0.1475345338507735
High,High,0.9877563191442077,8.412608143176919e-05,0.012159554774360551
High,Medium,0.48680915562402327,0.014323344688830817,0.4988674996871457
Low,Low,4.782150230361508e-05,0.9753832012701736,0.024568977227522885
High,High,0.9833179767674168,0.00010299101564593174,0.016579032216937115
High,High,0.9877828939773027,0.0002560726841832947,0.011961033338514039
Low,Low,0.008436925801342341,0.6319123925403196,0.35965068165833813
Medium,Medium,0.0351448449896968,0.15653713902508365,0.8083180159852196
High,High,0.9901766276066355,4.0170290331558765e-05,0.009783202103032863
Medium,Medium,0.4742592844572799,0.002569504475650261,0.5231712110670699
Low,Low,0.0026999522488981007,0.6724348121275179,0.324865235623584
High,High,0.9995041268234687,1.7285181197434046e-06,0.0004941446584116108
High,High,0.7612036128567483,0.0017662379974670956,0.23703014914578452
Medium,Medium,0.010584108009149976,0.22136582637315363,0.7680500656176963
Low,Medium,0.007778257887585087,0.4571298397261668,0.5350919023862482
High,High,0.8417063492736832,0.0010927643047979596,0.15720088642151894
Medium,Low,0.003954607471950415,0.8406776907903742,0.15536770173767545
High,High,0.9886656309674948,3.444407423606212e-05,0.011299924958269186
High,High,0.9893010489160299,2.1054049256151782e-05,0.010677897034714015
High,High,0.997405496748736,1.3627351677786273e-05,0.0025808758995863553
High,High,0.8497235114629886,0.003005432821248722,0.14727105571576274
High,High,0.9993273484651649,2.2415312042815654e-06,0.000670410003630803
High,High,0.9988723193192076,1.698105038645707e-06,0.001125982575753591
Low,Low,0.00023734931298730625,0.9639236746886588,0.0358389759983541
High,High,0.9983547184606233,3.997761165879471e-06,0.0016412837782108043
High,High,0.9344920320403386,0.0008648947943744943,0.0646430731652868
High,High,0.998716613259255,1.1141872953777916e-05,0.0012722448677911504
High,High,0.9711007233265415,8.512056643329867e-05,0.02881415610702521
High,High,0.7826666536025632,0.00159208645531325,0.21574125994212365
High,High,0.8555854368384285,0.0013779544194318916,0.14303660874213958
Medium,Medium,0.11789105696103293,0.07492614385641243,0.8071827991825546
High,Medium,0.45936096074366345,0.016506049591796395,0.52413298966454
High,High,0.9992823678183312,2.5640130327499543e-06,0.0007150681686359694
High,High,0.9192296409527672,0.000917559759910166,0.07985279928732261
Medium,Medium,0.06931030892123494,0.023787915112852644,0.9069017759659125
High,High,0.9190727943010781,0.0002729208022891288,0.08065428489663279
Medium,Medium,0.018342690207634158,0.3627223693822501,0.6189349404101158
High,High,0.9179285601660369,0.00046917477726147864,0.08160226505670164
Low,Low,0.0008307523693431096,0.8654453653860872,0.13372388224456985
High,High,0.9687198487283545,0.00025542863208097836,0.03102472263956452
High,Medium,0.3735875364917225,0.006009468889785725,0.6204029946184917
Medium,High,0.9474093774643909,0.0004107203991389195,0.052179902136470266
High,High,0.9828604708731641,6.464889016333442e-05,0.017074880236672526
High,High,0.9973831991068047,1.9328108695908613e-05,0.0025974727844992464
Medium,High,0.6767595799687047,0.004033305230040919,0.3192071148012544
High,High,0.9290334829803786,0.00033466247720396303,0.07063185454241755
Medium,High,0.7724975931923621,0.0032938441829545484,0.2242085626246834
High,High,0.9995559096651889,3.609918642838334e-06,0.000440480416168262
High,High,0.9953208676722692,2.6577799236238548e-05,0.0046525545284943955
High,Medium,0.4411358335577491,0.006770982512643428,0.5520931839296075
High,High,0.9954107920684749,4.128346404989929e-05,0.004547924467474998
Medium,Medium,0.04798692910101543,0.07119067556345021,0.8808223953355344
High,High,0.9869168240895492,9.40281225148891e-05,0.012989147787935787
High,High,0.9955663233677774,8.283696032775319e-06,0.004425392936189769
Medium,Medium,0.008121132095796919,0.3415976144631935,0.6502812534410095
High,High,0.9980643587972239,1.1193368423517517e-05,0.0019244478343527272
Low,Medium,0.00631264297185315,0.25851341396163674,0.7351739430665102
High,High,0.9955977947563267,2.7571275208362695e-05,0.004374633968464864
High,High,0.9251277892548424,0.00047856874123629464,0.07439364200392139
Medium,Medium,0.020209819743366053,0.08625100649309674,0.8935391737635373
High,High,0.8118211962272782,0.0008856215645574207,0.18729318220816432
High,High,0.9981622744159823,9.693244757482343e-06,0.0018280323392603646
Low,Low,1.1191389326786425e-05,0.9975629160267558,0.002425892583917211
High,High,0.9997540171086221,1.2635236575514002e-06,0.00024471936772027736
High,High,0.9881420593191393,3.9056003187181035e-05,0.011818884677673624
Medium,High,0.6908058279712067,0.0016016357971903822,0.30759253623160293
Low,Low,0.0001113220194710603,0.9768177378186546,0.023070940161874453
Medium,High,0.8847989918412118,0.002682640827786857,0.11251836733100137
Low,Low,7.333005160243449e-05,0.9740535548576557,0.025873115090742065
Medium,Medium,0.1562388023442437,0.04997696766355132,0.7937842299922049
High,High,0.9998923441128929,6.386234183205797e-07,0.00010701726368885226
High,High,0.9985782852467674,7.200500817919195e-06,0.0014145142524145684
Low,Low,5.073445637431071e-06,0.9974695118548824,0.0025254146994800534
Low,Low,8.46185414259733e-06,0.993820030588161,0.006171507557696348
Medium,Medium,0.014571517020425558,0.26486429475954576,0.7205641882200287
Medium,Medium,0.44505551347206024,0.006318264292753353,0.5486262222351864
High,High,0.9988542146214423,5.8848257480674795e-06,0.001139900552809617
Medium,Low,0.0038277750573558005,0.6246583912132198,0.3715138337294244
Low,Low,0.0037671930353005913,0.5530985181654772,0.44313428879922223
High,High,0.999527408954166,1.638964583999981e-06,0.00047095208125003677
Medium,Medium,0.1900532217081951,0.032782923494372056,0.7771638547974329
Medium,Medium,0.16273022193699055,0.03820043662568975,0.7990693414373198
Medium,Medium,0.13461322033457102,0.05087237355250647,0.8145144061129225
High,Medium,0.22530392442735678,0.018427794332525393,0.7562682812401178
High,High,0.999845772802035,1.097052693299677e-06,0.00015313014527189062
High,High,0.9973558686240476,1.485066514593368e-05,0.0026292807108063104
Low,Medium,0.02218452164943193,0.2403786480535873,0.7374368302969807
High,High,0.9995394264143109,4.099623335264141e-06,0.00045647396235375874
Medium,Medium,0.021622153253787055,0.0887460899166209,0.8896317568295921
High,High,0.9998003680824987,2.7997553615593975e-06,0.00019683216213976716
High,High,0.9993427202288839,6.6759501240224235e-06,0.0006506038209920966
High,Medium,0.2143668542476804,0.009540931128513229,0.7760922146238063
High,High,0.9989659305143079,9.924640382437243e-06,0.0010241448453095774
Medium,Medium,0.012313253370598097,0.4890068537860518,0.49867989284335024
High,High,0.9980628518561833,7.040066545771767e-06,0.0019301080772708408
High,High,0.9761228337861029,0.0002855382262118906,0.023591627987685375
Medium,Medium,0.2096714910133476,0.03580687820388849,0.754521630782764
High,High,0.7779619963749326,0.0017153031434636568,0.2203227004816039
Medium,Low,0.0005074707951318334,0.9008710231898358,0.09862150601503217
High,High,0.9941452047856665,3.727954297715345e-05,0.005817515671356544
High,High,0.9969876616853869,1.6616098691196035e-05,0.0029957222159219155
Low,Low,0.003379724347753579,0.6950586809512279,0.3015615947010185
High,High,0.9681132954004565,0.0002232733069987681,0.03166343129254467
High,Medium,0.4385325955163617,0.005593158158271894,0.5558742463253664
High,High,0.6765063708566539,0.003122431620817501,0.3203711975225286
Medium,High,0.5470473454575963,0.0072301899121412555,0.4457224646302625
High,High,0.9853161691229053,3.1051219086444764e-05,0.014652779658008106
High,High,0.533707084802579,0.0025685399276347927,0.46372437526978605
Medium,Medium,0.013193118347577868,0.2891697412436193,0.6976371404088028
Medium,Medium,0.05796614341074042,0.04538539863064371,0.8966484579586159
High,High,0.9995372269683106,5.176608668684298e-06,0.00045759642302048735
High,High,0.9919598479929219,4.124071117949436e-05,0.007998911295898652
High,High,0.9990172815412598,3.5548936454016014e-06,0.0009791635650945561
Medium,Medium,0.2210580074869092,0.021538432090852933,0.7574035604222378
High,High,0.9979687602455272,3.495496140412463e-05,0.001996284793068661
High,High,0.9918180972951736,2.192822271213537e-05,0.008159974482114309
High,High,0.5143887329307136,0.004691639351689691,0.4809196277175967
High,High,0.9992371575835503,7.980562652572179e-07,0.0007620443601844631
High,High,0.9843113766748731,9.09582090636293e-05,0.015597665116063203
High,High,0.9999719775342343,3.5593050195591835e-07,2.7666535263801153e-05
High,High,0.548411793484049,0.008198939079438111,0.44338926743651286
Medium,Low,0.004459938637811727,0.6850649450188324,0.31047511634335573
Medium,Medium,0.062055665422082004,0.10011554761037568,0.8378287869675423
High,High,0.9416004823010312,0.00025402210208585405,0.05814549559688302
High,High,0.9980916041810894,2.1168575481504763e-05,0.0018872272434290035
Medium,High,0.8434878505339203,0.0011475616051460876,0.1553645878609337
High,High,0.9980703026389259,1.1717604782008315e-05,0.0019179797562919416
Medium,Medium,0.48736505968273414,0.006303705287204879,0.5063312350300609
High,High,0.9972167756032005,1.4466737376718941e-05,0.002768757659422789
Low,Low,0.0008019328315609408,0.8973781464147079,0.10181992075373099
High,High,0.753821266273556,0.0016585941805869278,0.2445201395458572
Low,Medium,0.01066752819083119,0.14817683032852588,0.841155641480643
High,High,0.9124634792307267,0.0008434804734181541,0.0866930402958551
Medium,Medium,0.3484560629495794,0.027202697300066775,0.6243412397503538
Low,Medium,0.010930855419011681,0.2886931206115096,0.7003760239694787
Low,Low,0.000662152567492454,0.8508266426510168,0.1485112047814907
High,High,0.9985885953219549,3.964871586113684e-06,0.0014074398064589121
Low,Low,0.0006902681888937326,0.7785175188010712,0.2207922130100352
High,High,0.8662116866439088,0.0009992164347788779,0.1327890969213122
High,High,0.996994228973837,9.652544193156322e-06,0.002996118481969818
High,High,0.9986307240400945,1.0319901626390953e-05,0.001358956058279092
Low,Low,1.4847088821900517e-05,0.9883056621504401,0.011679490760738041
Medium,High,0.6353132279516487,0.009601303034461007,0.3550854690138903
High,High,0.9955306207629319,2.153923221809323e-05,0.004447840004849994
High,High,0.9996139623039134,1.6036274985364774e-06,0.00038443406858804097
High,High,0.99810658543776,5.7983862132398925e-06,0.0018876161760266652
High,High,0.9974740056719745,6.535730290545645e-06,0.0025194585977348872
Medium,Medium,0.44471117724303966,0.007611513718786849,0.5476773090381735
High,High,0.9990463785894359,2.902123030088114e-06,0.0009507192875340645
Medium,High,0.5039170601822528,0.0024157216880884504,0.4936672181296589
High,High,0.9266916308234867,0.0003919410700214084,0.07291642810649186
High,High,0.9359508064939916,0.0003737574222740703,0.06367543608373433
High,High,0.8980415900185199,0.0004227263809167496,0.10153568360056316
High,High,0.9987748129384026,9.973613836843015e-06,0.0012152134477604098
Medium,Medium,0.008729537891327174,0.36147575690573563,0.6297947052029372
High,High,0.995030124082996,3.3805639151352814e-05,0.004936070277852705
High,High,0.9862567120557314,0.00013154403448870308,0.01361174390977979
Medium,Medium,0.25160393007126003,0.02960262676941589,0.7187934431593241
Medium,Medium,0.03570232634334567,0.11064658847940093,0.8536510851772533
High,High,0.9988816090344367,4.497570895614775e-06,0.001113893394667705
High,High,0.9997916422663418,1.2168765777795723e-06,0.00020714085708051623
High,Medium,0.41566980208693893,0.008105994545022546,0.5762242033680386
High,High,0.9987314993452847,1.0553845310253929e-05,0.0012579468094051788
High,High,0.8598590916535369,0.0013980415797091434,0.138742866766754
High,Medium,0.12384417112266166,0.029519547631405903,0.8466362812459324
High,High,0.9699303309852124,0.00015479225867835272,0.029914876756109217
Medium,Medium,0.07449326679741015,0.09276746175914745,0.8327392714434424
High,High,0.9993505591799713,3.105091142845517e-06,0.0006463357288857964
High,High,0.995644365924513,4.851822202643e-05,0.004307115853460526
High,High,0.7866854189983821,0.005315390853791056,0.20799919014782675
High,High,0.9657800417677475,0.0001495169015875795,0.03407044133066481
Medium,Medium,0.41826675895856746,0.01488324031432908,0.5668500007271035
High,High,0.6890589077676669,0.003969757310642393,0.3069713349216908
High,High,0.9985685363345491,3.96647538054453e-06,0.001427497190070512
High,High,0.9968741347076134,8.313760883674492e-06,0.003117551531503062
Low,Low,6.488553528385599e-05,0.9802282089542516,0.019706905510464657
Medium,Medium,0.049910511810853805,0.07551988444693096,0.8745696037422153
High,High,0.9939725773290758,3.755229498194426e-05,0.005989870375942268
High,High,0.9989168027193205,3.348279793851636e-05,0.0010497144827408338
Low,Medium,0.21545679696276757,0.024011752439361423,0.760531450597871
High,High,0.997052063518501,1.2083606889325689e-05,0.0029358528746095663
Medium,Medium,0.028456650240146153,0.3574738128573095,0.6140695369025443
Low,Low,0.00011053110911912631,0.9777876700111288,0.022101798879752096
High,High,0.9869108932563371,8.243933017627292e-05,0.013006667413486623
Medium,Medium,0.008900296563023184,0.3425313708492843,0.6485683325876925
High,High,0.9993948444683493,3.1864577004532945e-06,0.0006019690739503057
Medium,Medium,0.4916866948091993,0.006124648502651921,0.5021886566881488
High,High,0.9931867934654706,5.081057093540205e-05,0.0067623959635940735
Medium,Medium,0.211743826044724,0.042645519029840824,0.7456106549254351
High,High,0.5583166146764683,0.0035231506568698624,0.43816023466666176
Low,Medium,0.024624569214669444,0.19526353422940917,0.7801118965559214
High,High,0.9997437004117499,2.1862647171314607e-06,0.00025411332353285815
High,High,0.9995915824775337,4.448816310335831e-06,0.000403968706155849
High,High,0.9526304673341456,0.00023416554154329975,0.047135367124311156
Medium,Medium,0.0473650895460636,0.05012544969475457,0.9025094607591818
High,High,0.9999264487110231,9.778411982369413e-07,7.257344777874453e-05
Low,Medium,0.005220191651206041,0.09742728415213357,0.8973525241966603
High,High,0.9874221172949454,5.173912524865658e-05,0.012526143579805806
High,High,0.994464964192314,6.0611604782038326e-05,0.005474424202903993
High,High,0.9983594779203715,1.4510439874705293e-05,0.0016260116397538668
Low,Low,0.000177529521651645,0.951387022756744,0.04843544772160433
High,High,0.9683573828548941,0.0001165456347870769,0.031526071510318644
Low,Low,0.0032811843009877568,0.6832750201064907,0.3134437955925216
Low,Medium,0.02584091331848345,0.225579542303657,0.7485795443778596
High,High,0.9711907920846055,0.00015913619730328476,0.02865007171809116
Medium,High,0.7780077129818381,0.001816568890546069,0.22017571812761583
Medium,Medium,0.05690468734932786,0.09736197460332885,0.8457333380473434
High,High,0.9991285659185941,3.5229534477967312e-06,0.0008679111279581288
High,High,0.9813105082158827,0.00011934482764027461,0.018570146956476984
Medium,Medium,0.4583264022997091,0.01574157983600926,0.5259320178642817
Medium,Medium,0.40711145653394776,0.005731370558620199,0.5871571729074321
High,High,0.9986869786997054,9.448180411402416e-06,0.00130357311988308
Medium,Medium,0.027298359050407606,0.09022465562995996,0.8824769853196324
High,High,0.975158842738518,7.29339863395535e-05,0.024768223275142373
Low,Low,4.716348642912214e-05,0.9823660331567932,0.017586803356777637
Medium,Medium,0.051363459592230376,0.0606347628663451,0.8880017775414244
High,High,0.9730090973394059,0.00010301830481639989,0.02688788435577756
High,High,0.995244069924373,1.7370315005119975e-05,0.004738559760621913
High,High,0.7391615630517314,0.0014069396613819094,0.2594314972868868
Medium,Medium,0.013120595039865297,0.29323842476800477,0.6936409801921298
High,High,0.9956403405425709,3.7268404741532075e-05,0.004322391052687497
High,High,0.8352445148604576,0.002673035569705511,0.1620824495698369
Medium,Medium,0.08787211726912503,0.026670776765239275,0.8854571059656358
High,High,0.9862596529366374,5.2975072911249534e-05,0.013687371990451376
High,High,0.9794009297631933,6.82566154292136e-05,0.020530813621377375
High,High,0.9997270806472534,1.0373938396066827e-06,0.0002718819589068794
Medium,Medium,0.20679910770727858,0.010085779681185812,0.7831151126115357
High,High,0.9945273646052666,8.055602021578828e-05,0.00539207937451751
High,High,0.9936301541214945,2.0506306833772826e-05,0.006349339571671789
High,High,0.9586490676050129,0.00010307109942797395,0.041247861295559185
High,High,0.9965131101234558,3.6372973041425324e-05,0.0034505169035027755
Medium,High,0.5197080488996204,0.005605277155113819,0.47468667394526576
Medium,High,0.5685248451866515,0.0043999396090907235,0.42707521520425773
High,High,0.985232760572156,4.3391533375919764e-05,0.014723847894467977
Medium,Medium,0.3249413242327905,0.0135225774547715,0.661536098312438
High,High,0.9992490649234155,4.999785341434649e-06,0.0007459352912431638
Medium,Medium,0.07796447257683252,0.05780351875344557,0.8642320086697219
Low,Low,0.002033143664368427,0.6387289112581975,0.35923794507743406
Low,Low,0.0003226832619583506,0.9670559676993818,0.0326213490386598
Low,Medium,0.005142779057352905,0.34216823850012734,0.6526889824425198
High,High,0.8462630248057511,0.0015311740250951826,0.1522058011691537
Medium,Medium,0.3782305645314101,0.005426814357691759,0.6163426211108982
Medium,High,0.6162734765779119,0.0030866627668992993,0.3806398606551889
High,High,0.8636560987067612,0.0010523247647110823,0.13529157652852766
Medium,Medium,0.13850709602709538,0.05542942094663116,0.8060634830262735
High,Medium,0.15202234770375198,0.056288955729592104,0.7916886965666559
High,High,0.9998845580539321,6.680817109748314e-07,0.00011477386435708595
High,High,0.9997688212930868,1.8024510661030088e-06,0.00022937625584724838
High,High,0.9994146869838447,7.925008877402725e-06,0.0005773880072777969
High,High,0.9983172983342817,3.6715743562255364e-06,0.0016790300913621212
High,High,0.5232604107576422,0.005536749162479341,0.47120284007987845
High,High,0.9979080125111985,1.8617277597889877e-05,0.0020733702112036467
Medium,High,0.6026701192994638,0.0038198178827998767,0.3935100628177364
Medium,Medium,0.101303165867509,0.02582081473025925,0.8728760194022317
High,High,0.5540081876246582,0.008130654703837108,0.4378611576715047
High,High,0.9974780869624683,1.5024701876767917e-05,0.002506888335655025
High,High,0.9478255385147667,0.0003439585757515722,0.05183050290948183
Medium,Low,0.0002552950222404067,0.9324886701089343,0.06725603486882546
High,High,0.9979368303305362,1.6502156863807722e-05,0.0020466675126000968
High,High,0.99210488247816,3.583033619936585e-05,0.007859287185640738
High,High,0.9988776236562349,3.6870831373755316e-06,0.001118689260627771
High,High,0.9991720083370691,7.080360616346353e-06,0.0008209113023146663
Medium,Medium,0.022589215984854482,0.35774225473398974,0.6196685292811558
Medium,Medium,0.12501259071093754,0.02926021569196029,0.845727193597102
High,High,0.9951502509554799,2.0664352984655313e-05,0.004829084691535397
High,High,0.8495363391862671,0.002545578237896908,0.14791808257583597
Medium,Low,0.0015139150651462105,0.7504879010656753,0.24799818386917852
Low,Low,0.0009951395596648341,0.8310454928692416,0.1679593675710935
High,High,0.9999797528412872,2.269582460224008e-07,2.0020200466876322e-05
High,High,0.999561769361624,2.427289463835952e-06,0.00043580334891205584
Medium,Medium,0.0073182671415480795,0.45059025208245057,0.5420914807760012
High,High,0.8418180047297036,0.0014708670987139474,0.15671112817158253
High,High,0.7689719033224494,0.0032883901241852875,0.2277397065533652
High,High,0.9978894378482353,1.6870891447233647e-05,0.0020936912603175947
High,High,0.9908858711786982,3.524772925335359e-05,0.009078881092048588
Low,Low,0.00010709155334317852,0.9645538885176403,0.035339019929016564
Low,Low,0.00026494995271923147,0.9349420917019852,0.06479295834529546
Medium,Medium,0.011547926452227814,0.41396006265157076,0.5744920108962014
Medium,Medium,0.09578746306585748,0.13829090202634545,0.7659216349077971
Low,Low,0.00013775067942612827,0.9696174743336404,0.030244774986933242
High,High,0.9984638746817319,1.2338638980827175e-05,0.0015237866792872934
High,High,0.9813108290544553,8.92914725480541e-05,0.018599879472996517
High,High,0.9922633427363949,9.11023558250503e-05,0.007645554907780042
High,High,0.9008067154300383,0.00041115694059508736,0.09878212762936671
High,High,0.9899536367774087,4.611615824492551e-05,0.010000247064346254
High,High,0.9991777492418588,4.152656198756267e-06,0.0008180981019424687
Low,Medium,0.004513248216024994,0.25591228018078566,0.7395744716031893
High,Medium,0.3713732875015789,0.01103617434584952,0.6175905381525716
Medium,Medium,0.022924272223117083,0.16883581685562546,0.8082399109212574
High,High,0.7604727146613077,0.002867497015229691,0.23665978832346243
High,High,0.9632983008803062,0.00013140144710349167,0.03657029767259014
High,High,0.9936496743391121,4.293770220611962e-05,0.00630738795868159
High,High,0.979564237633584,0.00014676288004934266,0.02028899948636641
Low,Low,7.548626775449661e-05,0.9834167049875281,0.016507808744717387
Medium,Medium,0.06539916428368739,0.07471870854737758,0.859882127168935
High,High,0.9987124873793839,4.442191564502454e-06,0.0012830704290516671
Low,Low,1.1880532109012556e-05,0.9953877734116525,0.0046003460562385814
High,High,0.9890017609746342,5.508596626224965e-05,0.010943153059103565
High,High,0.9988752698017473,3.822903517530196e-06,0.0011209072947352989
High,High,0.999426161542575,2.8093788289345556e-06,0.0005710290785961462
High,High,0.9924907460415232,1.9789216007541508e-05,0.007489464742469171
High,High,0.9981294731245672,9.388014760997313e-06,0.0018611388606717555
Medium,Low,0.002433792352971965,0.7004305724245506,0.29713563522247743
High,High,0.9971770407065926,1.1688624582912363e-05,0.0028112706688244228
High,High,0.9823704792100497,9.145155324814759e-05,0.017538069236702238
Low,Low,7.415805181655417e-06,0.9990727436095072,0.0009198405853110972
Medium,High,0.49906119413557387,0.01049191489694146,0.49044689096748467
High,High,0.9998141787164054,1.168761333059905e-06,0.00018465252226147194
High,High,0.9616386753286481,0.00017007406326767963,0.03819125060808417
Low,Low,4.848818817357893e-05,0.9878434107892726,0.012108101022553585
High,High,0.9997449691136744,1.6507997447132736e-06,0.0002533800865809395
Low,Low,2.5297354282795517e-06,0.9993905784503109,0.0006068918142608517
High,High,0.9716708827404981,7.993478140096943e-05,0.028249182478101025
High,High,0.9964376821300724,1.1746701254808051e-05,0.003550571168672836
Medium,Medium,0.3917015994431092,0.011381197696054871,0.5969172028608359
High,High,0.9119223093160095,0.0005150167895952037,0.08756267389439536
Low,Low,0.0016799215440623236,0.6609289938951813,0.3373910845607563
High,High,0.996432506411094,1.666748532099943e-05,0.0035508261035849496
High,Medium,0.03443688986415727,0.11389657110913991,0.8516665390267029
High,Medium,0.25517906848866745,0.016838685554981275,0.7279822459563513
High,High,0.9007288518790595,0.0010201717008280723,0.09825097642011238
Medium,Low,0.001997584366443414,0.7139434945772367,0.2840589210563198
Medium,Medium,0.008785120469383623,0.44604391268352095,0.5451709668470954
High,High,0.9776551119774646,0.00014364840159824014,0.022201239620937244
Low,Low,0.00041651504396408623,0.82502490816678,0.17455857678925596
Medium,Medium,0.013306455128432414,0.3581403661387849,0.6285531787327827
High,High,0.6469581312398056,0.006353001553421297,0.34668886720677305
Medium,Medium,0.0315371575502163,0.20618018220288217,0.7622826602469014
High,High,0.999499191432137,3.8981439701701275e-06,0.0004969104238928785
Low,Low,0.0008022769713698169,0.7786374366585799,0.22056028637005035
High,High,0.5301924235346039,0.010877606617849372,0.4589299698475467
Medium,Medium,0.2691302693206848,0.03954189484355808,0.6913278358357571
High,High,0.9934726321840819,2.1024800585654476e-05,0.0065063430153323295
Low,Medium,0.025325538246966834,0.2621820644145328,0.7124923973385004
Medium,Medium,0.38726459262627166,0.010543435312280218,0.602191972061448
High,High,0.9981332995785639,9.979940254739806e-06,0.001856720481181512
Medium,Medium,0.15936659026328806,0.04080949580331737,0.7998239139333946
High,High,0.5199022500236403,0.008680436607880348,0.47141731336847925
Low,Low,6.608381547007054e-05,0.983170053740622,0.01676386244390787
High,High,0.9999413908789877,1.1954015920024787e-06,5.741371942046529e-05
Medium,Medium,0.3666244684474191,0.0033599888004807,0.6300155427521001
High,High,0.698249544450929,0.0032411580501791187,0.2985092974988919
High,High,0.9226357720267471,0.0004411737347976211,0.0769230542384552
High,High,0.9999529400964019,4.575008928198552e-07,4.660240270530667e-05
Medium,Medium,0.12419987574408468,0.03615987030350622,0.839640253952409
Low,Low,0.005289030958039566,0.49810253398915294,0.4966084350528076
High,High,0.9976497927514205,1.1452695744799016e-05,0.0023387545528347972
High,High,0.8615433788504702,0.0005972591466989984,0.137859362002831
Medium,Medium,0.005832722703817189,0.4279213284048693,0.5662459488913135
High,High,0.9998443905349135,1.072203539294407e-06,0.0001545372615473771
High,High,0.9991894380728049,1.2432661601305442e-05,0.0007981292655936524
High,High,0.51101747973178,0.006743082989736217,0.4822394372784838
High,High,0.9946880045242446,6.245636344150539e-05,0.00524953911231384
High,High,0.854286888347117,0.0013219089861884492,0.14439120266669447
Medium,Medium,0.006988682156663656,0.4397807436015446,0.5532305742417917
High,High,0.9991659319532283,3.2205876364656756e-06,0.00083084745913518
High,High,0.9935357895709632,1.5649382940090535e-05,0.00644856104609667
High,High,0.9995518173962699,2.4334153408595026e-06,0.0004457491883894374
Low,Low,9.087462726150298e-07,0.999846687488948,0.00015240376477935634
High,High,0.9994892543497141,3.187553636434241e-06,0.0005075580966496066
Low,Low,1.6927117471554178e-05,0.9972021331690916,0.0027809397134368145
High,High,0.9998815663301824,1.7162908578238416e-06,0.00011671737895973192
High,High,0.971964170986036,0.0001830953525117344,0.02785273366145222
Low,Low,0.0016741152271785992,0.8577086364048684,0.140617248367953
High,High,0.7963649434681159,0.0009229851365702962,0.20271207139531372
Low,Low,0.00043564945830881226,0.9235212640586876,0.07604308648300347
High,High,0.9997333890332375,9.411800538339181e-07,0.00026566978670853307
Medium,Medium,0.15116988687138538,0.023738193287322584,0.825091919841292
High,High,0.9990396573250823,9.321559517724894e-06,0.0009510211154000787
High,High,0.956052525559768,0.0003204867018092689,0.0436269877384226
High,High,0.9784362546282458,0.0001696413127774142,0.021394104058976807
High,High,0.9756505515298409,0.0001192716499229147,0.02423017682023614
Medium,High,0.8185170551693982,0.001320588993921304,0.18016235583668044
Low,Low,3.377148503742463e-05,0.990171425850466,0.009794802664496652
Low,Low,5.665273514226322e-05,0.9703321625984859,0.029611184666371877
High,High,0.9934040009357145,4.1538693983100716e-05,0.006554460370302256
High,High,0.9964908467586894,1.0942691801959085e-05,0.0034982105495087023
High,High,0.9919278944676879,5.885303105357737e-05,0.008013252501258502
High,High,0.9934825085111226,1.9225975544636866e-05,0.006498265513332542
Low,Medium,0.018241754056885853,0.18244765505629176,0.7993105908868224
Low,Medium,0.008225849512418676,0.3993015874934626,0.5924725629941187
Low,Low,0.004107022508892572,0.594546569294994,0.4013464081961133
Medium,Low,0.0011869218555457307,0.8910693855969616,0.1077436925474927
Medium,Medium,0.10345980860769433,0.06861141218555268,0.8279287792067529
High,High,0.9463448168961043,0.0002922281181992623,0.05336295498569641
High,Medium,0.3483468636748443,0.008823417496246135,0.6428297188289096
Low,Medium,0.04327517875533671,0.07267157329515524,0.884053247949508
High,High,0.9280193639097397,0.00018253930015537975,0.07179809679010488
High,High,0.9693572976530938,0.00022522726514355218,0.0304174750817628
High,High,0.9966943533751236,2.635051892319741e-05,0.00327929610595327
Low,Low,4.0117346481546845e-05,0.991168512694211,0.008791369959307535
High,High,0.9999590819859425,3.599369509750636e-07,4.055807710654885e-05
High,High,0.9978638222341466,1.186428560665629e-05,0.0021243134802467613
Medium,Low,0.0070758315293919126,0.5008868547674069,0.4920373137032012
High,High,0.9999678265828945,3.3019078613030587e-07,3.184322631947858e-05
High,Medium,0.24148265398309066,0.023120692771581356,0.735396653245328
Medium,Medium,0.05100100964592691,0.09265892495312045,0.8563400654009525
Medium,Medium,0.02369868202745154,0.2884321895247101,0.6878691284478384
High,High,0.9997732698371222,1.992236286170821e-06,0.00022473792659157395
High,High,0.9977620241185104,4.6622657500729565e-06,0.0022333136157395446
Medium,Medium,0.38442485372608914,0.013238843651152627,0.6023363026227583
High,Medium,0.1520852426637247,0.025976047109037146,0.8219387102272382
Medium,High,0.8986308505202615,0.0018775774405943553,0.09949157203914423
Low,Medium,0.009222936144312306,0.4685582897521014,0.5222187741035863
Low,Low,0.005186302549093198,0.8167220547230064,0.1780916427279003
High,High,0.9890430976887138,3.747096007796139e-05,0.010919431351208231
High,High,0.9994609428465714,2.4776587693792415e-06,0.0005365794946593539
Medium,Medium,0.07792748325541002,0.043068838973670726,0.8790036777709191
Medium,Medium,0.14500337062234367,0.03183083978104454,0.8231657895966118
High,High,0.969909657906679,0.00011983010955267324,0.029970511983768305
High,High,0.9995901349149116,3.2989947470117316e-06,0.00040656609034133556
Low,Low,0.0001984863197537711,0.9285720902820858,0.07122942339816028
Medium,Medium,0.02758319403155233,0.3284241039173656,0.6439927020510819
High,High,0.9960264597076842,1.7520941505519345e-05,0.003956019350810445
High,High,0.9783074802794405,7.944282022299624e-05,0.021613076900336533
Medium,Medium,0.3940491742284351,0.0064115356274019744,0.599539290144163
High,High,0.9995972665334798,1.8970786924819624e-06,0.00040083638782758706
Low,Low,0.00015605644448410107,0.9580424264819564,0.04180151707355957
Low,Low,0.00023383772906068555,0.927042863178328,0.07272329909261135
High,High,0.9976548102487225,1.0780301063386996e-05,0.002334409450214202
Low,Low,1.757685001640011e-05,0.9957661749696893,0.004216248180294475
High,High,0.9985372512308226,1.5053313145923503e-05,0.0014476954560316768
High,Medium,0.37600816266768783,0.011603111316431252,0.612388726015881
High,High,0.8529807238351094,0.0024722504718859813,0.14454702569300468
High,High,0.8848950412050699,0.000902184021638038,0.11420277477329203
High,High,0.9896857192843235,0.00017120656753519294,0.010143074148141341
Medium,Medium,0.4792535291295895,0.003556176763942572,0.517190294106468
High,High,0.6277292868750578,0.0035719385666692035,0.36869877455827293
High,High,0.9206733641747128,0.0004719699188157061,0.07885466590647136
Medium,Medium,0.0025978473702035812,0.4660063502249573,0.5313958024048392
High,High,0.9524567130414001,0.0005003907119651912,0.04704289624663464
High,High,0.9557146044466516,0.00023132504699379817,0.044054070506354584
High,High,0.9964894749475515,1.9667596006910803e-05,0.0034908574564416353
High,High,0.9179614297211465,0.0005033819150243639,0.0815351883638291
Low,Low,0.00024625998895192066,0.9754282075875949,0.024325532423453217
Low,Low,0.0001521723738614884,0.9394481888839981,0.06039963874214058
Medium,Medium,0.10140039219094649,0.02320117870376754,0.875398429105286
High,High,0.8423595255712466,0.0005315606604729535,0.15710891376828048
High,High,0.999863966212342,3.2298316710939006e-06,0.0001328039559868667
Medium,Medium,0.008349176628809097,0.3347862817872413,0.6568645415839497
Low,Medium,0.00920833075022768,0.49027928760825906,0.5005123816415132
Low,Low,0.004445541553824087,0.6316951863096717,0.36385927213650415
High,High,0.7523937622488895,0.002598733255519713,0.24500750449559058
Medium,Medium,0.25927475648984116,0.005502988774578304,0.7352222547355804
Medium,Medium,0.12266852417799912,0.028386503105929786,0.8489449727160712
High,High,0.9983947356384484,8.002725408401674e-06,0.001597261636143294
Low,Low,0.00012336954681612663,0.9489313435126233,0.050945286940560656
High,High,0.9996503538456671,4.5793234306772604e-06,0.00034506683090239793
Medium,Low,0.006639309946646356,0.5472506048430963,0.4461100852102575
Low,Low,0.0004899620907590458,0.9088317979572647,0.09067823995197642
High,Medium,0.38386338599163594,0.009009859130176975,0.607126754878187
High,High,0.9998956167811911,9.643788836991111e-07,0.0001034188399253223
High,High,0.9976925736723009,2.0207741247482368e-05,0.0022872185864514856
Low,Low,0.0004246795437061511,0.8691023038870497,0.13047301656924415
Medium,High,0.945376148012722,0.0005404867127791498,0.05408336527449899
Low,Low,0.0001089796639925618,0.9842785974126987,0.015612422923308578
Medium,Medium,0.481654402544161,0.009490650653410928,0.5088549468024282
High,High,0.9991032387980529,1.4316132382829896e-05,0.0008824450695642766
High,High,0.9980868240911139,1.0141926034613896e-05,0.0019030339828514178
Low,Low,1.132834018674911e-06,0.9997801288462506,0.00021873831973057533
High,High,0.9866912336986522,5.793274901122486e-05,0.013250833552336357
High,High,0.9979553805951119,4.13310695949858e-06,0.0020404862979284894
Medium,Low,0.006164286638614402,0.5299289287988408,0.4639067845625448
Medium,Medium,0.007389059085171572,0.4335795769298286,0.5590313639849998
High,High,0.9708887427935207,0.00014042993411147314,0.028970827272367838
Low,Low,0.0008129765673678569,0.9280365409964086,0.07115048243622343
High,High,0.9960269663166901,1.6254436140970023e-05,0.0039567792471689265
Medium,Medium,0.010187556598753207,0.3482538092475199,0.6415586341537268
High,High,0.8684713417100345,0.0014588023986722598,0.13006985589129344
High,High,0.6447440415506248,0.0024568349577253953,0.3527991234916499
High,High,0.9702700324329024,0.00017473899902184948,0.029555228568075687
Low,Medium,0.01815528169958598,0.2553624495073214,0.7264822687930926
Low,Low,0.003784388196726225,0.5710911008558472,0.4251245109474266
High,High,0.970145238727637,0.00013380307334560554,0.029720958199017312
Medium,Medium,0.2890543475419269,0.011367192594861393,0.6995784598632118
High,High,0.9991987869950574,3.502345596975066e-06,0.0007977106593455655
High,High,0.9992435349052526,5.781601693115915e-06,0.0007506834930540681
High,High,0.9958215374019426,6.961931020203694e-06,0.0041715006670372794
Low,Medium,0.008653769114185557,0.39516824477933227,0.5961779861064822
High,High,0.9800916064166892,9.995039266785848e-05,0.01980844319064296
High,High,0.8832236980460659,0.0002968491416824884,0.11647945281225155
High,High,0.8950956940368807,0.00035994359821716964,0.10454436236490208
Low,Low,0.00017512115098202886,0.9333156776952822,0.06650920115373563
High,High,0.9939148652214674,6.395711226687365e-05,0.006021177666265734
High,High,0.7321603165073473,0.0019851493306632644,0.26585453416198945
Low,Low,0.003170599165288679,0.6972815535970546,0.2995478472376569
High,High,0.5795108473781003,0.004925770728988203,0.41556338189291137
High,High,0.9987383338337814,1.1069691693401513e-05,0.001250596474525098
High,High,0.9995095674579865,4.87251566397396e-06,0.00048556002634962176
High,High,0.8390572756612807,0.0006728210469625369,0.16026990329175672
High,High,0.9939492571426959,2.73858290463681e-05,0.0060233570282579
High,High,0.997862057184637,6.5195065051412065e-06,0.002131423308857937
High,High,0.999827102868524,2.346087905419416e-06,0.00017055104357059411
Medium,Medium,0.04555492724839518,0.12627815653716334,0.8281669162144414
Medium,Medium,0.44101154979221424,0.006895571480047612,0.552092878727738
Low,Low,0.0068455280477085255,0.5596167249129793,0.43353774703931214
High,High,0.99537159336768,1.8818261525514513e-05,0.004609588370794363
High,Medium,0.3346414362244063,0.01969884017927183,0.6456597235963218
Low,Low,8.199961552157762e-06,0.9985567185142176,0.0014350815242301974
Medium,Medium,0.10175071558642708,0.09545114236242079,0.8027981420511522
High,High,0.9986201650925212,9.722389495596808e-06,0.001370112517983143
High,High,0.9991812175332452,6.318534471593792e-06,0.0008124639322831237
High,High,0.9997461137179269,3.171818037448812e-06,0.000250714464035715
High,High,0.9948403625414567,3.837240442990714e-05,0.005121265054113347
High,High,0.9997979988621952,1.288150114911253e-06,0.00020071298768981622
High,High,0.9975946098994916,1.2738278809795544e-05,0.0023926518216988027
High,Medium,0.32455969402417106,0.008571450556004378,0.6668688554198247
High,Medium,0.21781346040171806,0.05531693296589075,0.7268696066323911
Low,Medium,0.021622054787706648,0.215387839299834,0.7629901059124593
High,High,0.7847696701495591,0.0013761028106769437,0.2138542270397638
Medium,Medium,0.35103070080118065,0.005894661371171987,0.6430746378276474
Low,Low,0.003774373274440754,0.5296020534927365,0.4666235732328229
High,High,0.9999028929012459,8.771497103555305e-07,9.62299490438915e-05
High,High,0.9998517749923472,7.694978657143092e-07,0.00014745550978696227
Low,Medium,0.018950541114297757,0.21609066867237595,0.7649587902133262
Medium,Medium,0.2736914295254571,0.019607455865110958,0.706701114609432
Low,Low,0.0023973827879192806,0.7650631893759398,0.23253942783614093
Low,Low,8.909544216276579e-05,0.9745121918648739,0.025398712692963357
Medium,Medium,0.39294560723374095,0.00659076535145086,0.6004636274148082
High,High,0.9978233082463621,1.098369547397876e-05,0.00216570805816392
High,High,0.9833091927249731,7.847170535338842e-05,0.01661233556967355
High,High,0.9987464784481831,7.038334690274806e-06,0.0012464832171266793
Low,Low,0.00019351129339910373,0.9672188979825248,0.03258759072407612
High,High,0.9896176205645975,3.3394803535092514e-05,0.010348984631867649
Low,Low,0.0002499870978433659,0.972704480255236,0.027045532646920546
Low,Low,5.165234145156474e-06,0.9979716018417063,0.0020232329241485054
High,Medium,0.3040017622403364,0.02239632720693079,0.6736019105527328
High,High,0.9001449279452399,0.0006730856752646621,0.09918198637949524
High,High,0.9987774170600382,1.4332613551676688e-05,0.0012082503264101852
Medium,Medium,0.09036237297502941,0.14611601015377002,0.7635216168712005
High,High,0.9980643285524964,6.370301695725796e-06,0.0019293011458078628
Medium,Medium,0.10959288493967413,0.02632704207665748,0.8640800729836684
High,Medium,0.26770704981785154,0.007241204710491916,0.7250517454716566
Low,Low,0.00033638908973875775,0.9174776583323959,0.08218595257786528
High,High,0.9995576401113679,3.154491059293197e-06,0.0004392053975726528
Medium,Low,0.002775670680220447,0.7215855278951863,0.2756388014245931
High,High,0.9885122877126279,6.105545606963925e-05,0.011426656831302518
Low,Medium,0.00996236590226234,0.38016944181437023,0.6098681922833674
Medium,Medium,0.19039380615064988,0.02429146737498864,0.7853147264743615
Medium,Medium,0.040730506127153975,0.10132398344665557,0.8579455104261905
High,High,0.9876028592020378,0.00017072300603949628,0.012226417791922631
High,High,0.9999370589787484,1.0627367957060295e-06,6.187828445576731e-05
Medium,Medium,0.3196395536058675,0.03093458960056243,0.6494258567935701
High,High,0.8765900009013348,0.0006878463729270514,0.12272215272573812
High,High,0.9870112592686531,5.733435645436656e-05,0.012931406374892573
High,High,0.986209556304735,7.534666361026439e-05,0.01371509703165484
High,High,0.9718231970610747,0.0001561134183152956,0.028020689520610015
High,High,0.9997454322545618,2.073318723104743e-06,0.00025249442671506066
Medium,Medium,0.10849715062827925,0.047352119143595064,0.8441507302281256
High,High,0.9366020308451953,0.0001611219151074583,0.06323684723969702
Medium,Medium,0.019287417337782744,0.1509830777461083,0.829729504916109
High,High,0.9798684695735932,9.678569961959331e-05,0.02003474472678732
High,High,0.9985348160137012,7.046009890139103e-06,0.0014581379764086915
Medium,Medium,0.2899551019277596,0.007357289822829647,0.7026876082494108
High,High,0.9394711781030455,0.00044330992428161746,0.060085511972672985
High,High,0.9997732829287374,1.6231772754952297e-06,0.00022509389398706512
Low,Low,0.0012800806339350942,0.81948462411258,0.17923529525348494
High,High,0.9990325686026955,6.538008189479466e-06,0.000960893389114952
Medium,High,0.6574749737918906,0.002865781361390103,0.33965924484671933
High,High,0.9959820107427417,1.7167427947593856e-05,0.004000821829310758
Medium,Medium,0.08226838889065678,0.05982244874123898,0.8579091623681043
High,High,0.9993838078490002,3.5944125629893327e-06,0.0006125977384368733
High,High,0.9983870568658119,1.5747607608650595e-05,0.0015971955265794415
Medium,Medium,0.03667771929087717,0.09861054302662414,0.8647117376824986
High,High,0.981057227694363,8.134558514936698e-05,0.018861426720487573
Low,Low,0.00020174454470855236,0.9525825181609797,0.04721573729431171
High,High,0.9959053216025708,9.262508665726436e-06,0.004085415888763448
High,High,0.9247660868740852,0.0008405713772583913,0.07439334174865625
Medium,Low,0.004099220935064229,0.6748667573283057,0.32103402173663004
Low,Low,0.0036183548969051034,0.5537071445202127,0.4426745005828822
High,High,0.9962262823205478,1.2043687643913946e-05,0.003761673991808402
Medium,Low,0.006682540425164549,0.7004224672557936,0.29289499231904187
High,Medium,0.18596046306912453,0.022916456173885758,0.7911230807569898
High,High,0.9998555158617972,1.3672150461281825e-06,0.00014311692315664693
Medium,Medium,0.020061873116723666,0.26828959100959765,0.7116485358736787
High,High,0.999914005014255,2.049357589734423e-06,8.394562815530614e-05
High,High,0.9997704505541003,2.0782909858033895e-06,0.0002274711549140656
High,High,0.8466179368152729,0.0011463454459908018,0.15223571773873631
High,High,0.9629976081329041,0.0003310400083087359,0.036671351858786956
Medium,Medium,0.0069775692242046,0.4049616944584477,0.5880607363173476
High,High,0.9450421816329756,0.0003034097865973164,0.05465440858042714
Medium,Medium,0.2987033440921375,0.017959936879631554,0.683336719028231
High,High,0.9943251075820486,4.2524742925255835e-05,0.00563236767502597
High,High,0.9964988424996565,1.708377064512332e-05,0.003484073729698243
Low,Low,0.006065896185120794,0.5185217202085528,0.4754123836063264
Low,Low,0.00433743372424633,0.6118454762188795,0.38381709005687414
Medium,Medium,0.1254789026397492,0.010314348163263808,0.864206749196987
High,High,0.9210227684194371,0.0005347391940064886,0.07844249238655651
High,High,0.9899069976103497,5.186641761033579e-05,0.010041135972039966
Low,Low,2.3029233539910486e-05,0.9975076768479594,0.0024692939185007776
Medium,Medium,0.1145605303771713,0.08786077322145662,0.797578696401372
High,High,0.9958094688325662,1.267999552845293e-05,0.004177851171905301
High,High,0.9995709091265979,2.315139356315584e-06,0.00042677573404580185
High,High,0.9995282686013449,1.8363764611298982e-06,0.00046989502219388384
High,High,0.9984324764630946,7.054213838325528e-06,0.0015604693230669934
High,High,0.999982227731743,3.7235294237436935e-07,1.7399915314564798e-05
Medium,Medium,0.08691962620911257,0.016396772298711875,0.8966836014921755
Medium,Medium,0.04344823282779712,0.12685331234829555,0.8296984548239072
Medium,High,0.9036948708659791,0.000737762379188346,0.0955673667548326
Low,Low,6.537821743514756e-06,0.9986034168634418,0.0013900453148145665
Medium,Medium,0.11511907386309825,0.0455581811984892,0.8393227449384126
High,High,0.9922946114609401,3.274997828002206e-05,0.007672638560779791
High,High,0.7350334641641812,0.004036378826239389,0.26093015700957944
Low,Low,0.009451961671853852,0.5005639245686554,0.4899841137594907
Medium,Medium,0.01819417183233957,0.2550224376825791,0.7267833904850813
High,High,0.9507160787358427,0.0002332423718418414,0.04905067889231532
Medium,High,0.7351935456082777,0.0022206622813223304,0.26258579211039984
High,High,0.9996067106887897,1.6162466330695771e-06,0.0003916730645772355
High,High,0.9965220996168201,2.0088312808196834e-05,0.0034578120703715742
High,High,0.9894574472218192,2.23869353379082e-05,0.010520165842843035
Medium,Medium,0.036165051508702147,0.14431752579857685,0.819517422692721
Low,Low,0.001405278182921559,0.7792152699029166,0.21937945191416197
High,High,0.9643156303588434,0.0005061007772639446,0.03517826886389254
High,High,0.9982209857894321,4.408822170905103e-06,0.0017746053883969152
High,High,0.9865740819496688,5.282969354400426e-05,0.013373088356787294
High,High,0.9583585193904969,0.000878390132552105,0.04076309047695099
High,High,0.9982889904510138,1.9755792667513943e-05,0.0016912537563185165
High,High,0.9995887073823114,5.718537200670199e-07,0.00041072076396831564
High,High,0.9557186433813892,0.0002766932180496449,0.044004663400561084
High,High,0.9964645154709251,9.934269455761528e-06,0.0035255502596191353
High,High,0.9983777156998918,7.455094640410519e-06,0.0016148292054678362
High,High,0.9864801958518624,4.5527497239246244e-05,0.013474276650898271
High,High,0.9562482530715977,0.00029130587723689874,0.043460441051165415
Medium,Medium,0.12171326756996635,0.055173437220641934,0.8231132952093918
High,High,0.9520653819335823,0.00030412928294405777,0.047630488783473826
High,High,0.9942278928223235,5.641727683986876e-05,0.0057156899008368985
Medium,Medium,0.15691936536285245,0.04565448326878637,0.7974261513683613
Low,Low,0.0011946917366590256,0.8681558282458912,0.13064948001744972
High,Medium,0.30389553911006983,0.03260009284268545,0.6635043680472448
High,High,0.7184341960716014,0.0025706662433555754,0.278995137685043
Medium,Low,0.001885294789472888,0.6830123708215379,0.31510233438898927
High,High,0.9994256282323042,2.9823848381280615e-06,0.0005713893828576855
Medium,Medium,0.04861428702670813,0.15499735585857835,0.7963883571147135
Medium,Medium,0.30213351579137476,0.013300045121589105,0.6845664390870361
High,High,0.9446740027839251,0.0007123231449605262,0.054613674071114435
High,High,0.9999337554823275,5.076664570587684e-07,6.573685121549563e-05
High,High,0.904390192134446,0.0008434396094148427,0.0947663682561391
High,High,0.9997903032088161,2.052716299290652e-06,0.0002076440748845592
Low,Low,0.0010286326692672519,0.8628684892394596,0.1361028780912731
High,High,0.9985342126878933,5.451144620412888e-06,0.0014603361674862326
High,High,0.9708881157954914,0.00010696656612191332,0.029004917638386526
Low,Low,0.008116043022793614,0.5580097546678958,0.4338742023093106
Low,Low,0.003550290261184674,0.5434434993477415,0.45300621039107386
Medium,Low,0.004027209532826962,0.5696669056576739,0.4263058848094992
High,High,0.9915970015425916,6.224776168770679e-05,0.00834075069572058
High,High,0.9975079780610479,8.399771953766527e-06,0.002483622166998256
High,High,0.7954372011184845,0.0007918562089920624,0.2037709426725235
High,High,0.8734745546286008,0.0008050427814085847,0.12572040258999062
Medium,Medium,0.010653355511679452,0.39384658072984063,0.59550006375848
High,High,0.9966132126631659,1.2996470396769948e-05,0.0033737908664371735
High,High,0.9930330492160662,2.7519255572316496e-05,0.00693943152836154
High,High,0.9993905521648164,2.605087897384575e-06,0.0006068427472859779
High,High,0.8520281791727274,0.000963535418344659,0.14700828540892785
Medium,High,0.7649752667119951,0.004790208382989713,0.23023452490501523
Medium,Medium,0.07795844585999756,0.03832787409204145,0.883713680047961
High,High,0.9275508024711491,0.0003152200775071041,0.07213397745134385
Medium,High,0.9895960474676129,5.80538663030359e-05,0.0103458986660839
Medium,Medium,0.1916342504361781,0.041711844124339065,0.766653905439483
High,High,0.9982829963897082,1.2167321966285458e-05,0.0017048362883253694
Medium,Medium,0.1592736024624986,0.12538462243042148,0.7153417751070799
High,High,0.9999494616493129,8.401654788900005e-07,4.969818520824279e-05
Medium,Medium,0.016212953909755867,0.1713951461100714,0.8123918999801727
Medium,Low,0.004221588105824351,0.5124968503768428,0.4832815615173328
High,High,0.9998150334346505,1.758300549274016e-06,0.00018320826480029633
Medium,Low,0.01065919093654941,0.6437784463120619,0.3455623627513887
Low,Low,0.0008376691255825983,0.7864938091717508,0.2126685217026666
Low,Low,0.00035233385913677705,0.9079274354630067,0.09172023067785645
Medium,Medium,0.01737587883292048,0.2785650572139218,0.7040590639531578
High,High,0.8045398262596495,0.0013673663131576453,0.1940928074271929
High,High,0.9769883734080108,0.0001208224813073195,0.022890804110681992
Low,Medium,0.0515286222331162,0.1628970356202589,0.7855743421466248
Low,Low,0.0017087480037976535,0.8088240207230414,0.18946723127316098
Medium,Low,0.0015229724525945047,0.6036196755078381,0.39485735203956746
Medium,Medium,0.008713784208615299,0.4097759647432971,0.5815102510480876
Medium,Low,0.0025691171137041005,0.6657285552073485,0.3317023276789474
High,High,0.9968597405857227,6.561565550315414e-06,0.0031336978487269238
High,High,0.9997655917194521,1.5056648825622756e-06,0.00023290261566524627
High,High,0.9691474394188453,0.00016715639676543855,0.03068540418438929
High,High,0.7016484727011486,0.0019475077007568794,0.2964040195980944
High,High,0.9591997211846611,0.0001864518662277187,0.04061382694911103
Medium,Medium,0.046619037862051974,0.1145806528126803,0.8388003093252677
High,High,0.9622864054538784,0.00019803415354252451,0.03751556039257911
High,High,0.9976613224643923,1.2363600011077801e-05,0.002326313935596632
High,High,0.6797352496275649,0.0025367111794480815,0.3177280391929869
High,High,0.9981616093803749,9.948770208947227e-06,0.0018284418494161738
High,High,0.8192497619213164,0.00151769476395801,0.17923254331472568
High,High,0.9999377314018514,1.2122621127688628e-06,6.10563360357497e-05
High,High,0.9826182148062031,5.604459806608505e-05,0.017325740595730724
Low,Low,0.0011345167389453037,0.8784075218723153,0.12045796138873946
High,High,0.999224113069817,2.7473752143050443e-06,0.0007731395549689606
High,High,0.5083856060194069,0.004432640556658117,0.48718175342393516
High,High,0.5902978346884109,0.004203154750700608,0.4054990105608884
Medium,Medium,0.2904559910879601,0.00530491775162266,0.7042390911604172
Medium,Medium,0.08251252272679968,0.08317824639475244,0.8343092308784479
Medium,Medium,0.07029076331847614,0.07435723670579265,0.8553519999757312
High,High,0.9853199643714392,4.0501001286604216e-05,0.014639534627274223
High,Medium,0.41547737732785694,0.0030449629458254536,0.5814776597263176
High,High,0.9991183482451005,4.2761719196137145e-06,0.0008773755829798051
Medium,Medium,0.032970709539562874,0.11945604286065611,0.847573247599781
Low,Low,0.00048248379815568653,0.8997003373776049,0.0998171788242394
Low,Low,0.00026179608721974603,0.9341398707884204,0.0655983331243598
Medium,Low,0.004015628943278189,0.5294944258686513,0.4664899451880706
Low,Medium,0.06150197455641782,0.06576381943084954,0.8727342060127327
Medium,Medium,0.028600487838337914,0.10459782666428123,0.8668016854973809
High,High,0.9977685651403172,7.053883506412321e-06,0.0022243809761762334
Medium,Low,0.00033192186441339085,0.8974704308391096,0.1021976472964771
Low,Low,0.0010643041902025328,0.8374295317662549,0.1615061640435426
Low,Low,5.291891913629354e-06,0.9983516821089352,0.0016430259991511828
High,High,0.7200919612000644,0.001775142824039156,0.2781328959758966
High,Medium,0.16607450639118526,0.029511062061759213,0.8044144315470556
High,High,0.9973123838514223,7.4031402309515e-06,0.002680213008346774
Medium,High,0.8953122601290802,0.0013297991667924414,0.10335794070412749
Low,Medium,0.02856183019997495,0.19502669033124925,0.7764114794687758
High,High,0.9986216617978015,8.613162915885139e-06,0.001369725039282581
Low,Low,0.0005919704330935825,0.9106043219112925,0.0888037076556139
High,High,0.989858192516136,6.8473834736729e-05,0.010073333649127117
Medium,Medium,0.4367050990136706,0.012476848075014011,0.5508180529113155
High,High,0.9992646128853584,7.845655000032338e-06,0.0007275414596416985
Low,Low,0.0018172638356992183,0.6707083549176159,0.3274743812466847
Low,Medium,0.14261294111602907,0.037538547070736,0.8198485118132348
Medium,Low,0.003693591476341903,0.6958563420653362,0.30045006645832195
Medium,High,0.6722647356052667,0.0041018715585561,0.32363339283617715
Medium,High,0.8551438867088157,0.0008553141683711871,0.1440007991228131
High,High,0.9710949205597573,0.00015908111356989672,0.028745998326672798
Low,Low,0.0016968163619757418,0.5925814322729519,0.4057217513650723
High,High,0.899569126987495,0.0003743138640194226,0.10005655914848566
High,High,0.9972336696148683,1.4085320281311477e-05,0.0027522450648504206
Medium,Medium,0.03609770833780508,0.10457536608099927,0.8593269255811957
Low,Low,0.0027805322979736614,0.7882564505560604,0.2089630171459658
High,High,0.991028289866308,2.664830027743893e-05,0.008945061833414661
Low,Low,0.0001698578719748759,0.9892861923414695,0.010543949786555562
High,High,0.9998822174065135,2.108879111206748e-06,0.00011567371437540193
Low,Low,7.903300186696891e-05,0.9621881787088293,0.037732788289303605
High,High,0.8240420274352568,0.000792143447762537,0.17516582911698064
High,High,0.9003327180336096,0.0005352579647977951,0.09913202400159259
High,High,0.999588970250697,4.193173884394601e-06,0.0004068365754187423
Low,Low,9.826901431899832e-07,0.9996612463213707,0.00033777098848600137
Medium,Medium,0.009838594920460663,0.46127214903537506,0.5288892560441643
Low,Low,3.819286882102873e-05,0.9956726248512441,0.0042891822799349996
High,High,0.945261597089831,0.00021409423398740846,0.05452430867618147
Low,Low,6.29251772525331e-05,0.9926462323269207,0.0072908424958266806
High,Medium,0.17771572809333125,0.14002494500984755,0.6822593268968212
High,High,0.9936047170335309,4.1920401927180765e-05,0.006353362564542096
High,High,0.9999484330482693,5.139724212494537e-07,5.1052979309584196e-05
Medium,Medium,0.25482257757033494,0.02404435262949692,0.7211330698001681
High,High,0.9995308860908156,3.6999999661953358e-06,0.00046541390921808393
Medium,Medium,0.2515836211247948,0.008638666166513884,0.7397777127086913
High,High,0.9574709779130492,9.908361860034068e-05,0.042429938468350484
High,High,0.9990320003015914,8.475630120269003e-06,0.000959524068288385
High,High,0.9988456373761624,3.3684805850585213e-06,0.0011509941432524826
Medium,High,0.583584977209698,0.005703714135355226,0.41071130865494665
Medium,Medium,0.047178570338234416,0.15028570165395794,0.8025357280078077
High,High,0.8116955598565422,0.002492744588091956,0.18581169555536572
High,High,0.9713039200088854,0.00021845728496467797,0.02847762270614988
Low,Low,0.003951493015631768,0.6419930289307167,0.3540554780536516
Low,Low,0.002954016455735171,0.6771227327313347,0.3199232508129302
Medium,Medium,0.008331613395687339,0.405347332017773,0.5863210545865396
Low,Low,2.0090831885982872e-05,0.9956160248351102,0.004363884333003635
High,High,0.9987649224208276,7.576168207390052e-06,0.001227501410965162
High,Medium,0.42120921344579554,0.012466828966019717,0.5663239575881848
High,High,0.9999128678158208,1.239145430946158e-06,8.589303874805759e-05
High,High,0.9406138121835081,0.0005073090743451987,0.058878878742146805
High,High,0.9980993168685037,7.432020386772466e-06,0.0018932511111096606
High,Medium,0.2065113350582095,0.02016967025022369,0.7733189946915668
Low,Low,0.006563154291341709,0.5265753929560231,0.4668614527526353
Medium,Medium,0.05988620452470931,0.057847246533241824,0.8822665489420488
Medium,Medium,0.1334809201813639,0.026786208977921225,0.8397328708407148
Medium,Medium,0.024108867356814737,0.14645453628716507,0.8294365963560202
Medium,Medium,0.07202519863313041,0.02313964713261792,0.9048351542342516
High,High,0.9988845882108693,4.856087048977958e-06,0.0011105557020816938
Medium,Medium,0.1130639200801751,0.01937819166056803,0.8675578882592568
High,High,0.9970991408935647,9.417455747844137e-06,0.002891441650687357
High,High,0.9915504667418521,4.638543987075921e-05,0.008403147818277177
Low,Low,3.360013016642923e-05,0.9929680470716165,0.006998352798217132
High,High,0.9998198865437727,2.2336564688278794e-06,0.00017787979975862462
High,High,0.999226817932485,5.259132607275896e-06,0.0007679229349077743
Medium,Medium,0.00994001780796423,0.36856697048174936,0.6214930117102863
Medium,Medium,0.043993861039126135,0.1140250952602647,0.8419810437006091
High,High,0.9997244415839066,1.74382914769241e-06,0.0002738145869456294
Medium,Medium,0.20407868435625307,0.011183835526056486,0.7847374801176905
Medium,Low,0.008580747300798643,0.5382957784359439,0.4531234742632575
High,High,0.9952619288319887,4.3294461991936897e-05,0.004694776706019403
High,High,0.5653885775679899,0.0031356192003654713,0.43147580323164453
Medium,High,0.7860745316874367,0.0026117119180624317,0.21131375639450095
High,High,0.9864027492668811,4.872709131218749e-05,0.013548523641806786
Medium,Medium,0.077766253787151,0.053810230291739085,0.8684235159211099
High,High,0.9621949026230028,0.0002406926707522874,0.037564404706245044
High,High,0.9994430022998885,2.5926045627867807e-06,0.000554405095548745
High,High,0.9982417557862269,5.429840828438901e-06,0.0017528143729447143
Low,Low,0.00031903262724935474,0.9439040331593895,0.05577693421336125
High,High,0.8127267513946066,0.0005706641455680478,0.18670258445982524
High,High,0.7801477700597769,0.002512203852928572,0.21734002608729455
Medium,Medium,0.3850544601812784,0.019908473293781915,0.5950370665249397
Medium,Medium,0.36321379401827447,0.007562601297940492,0.629223604683785
Low,Low,0.0023549374472932234,0.6997054711819664,0.29793959137074033
Medium,Medium,0.2664276630977984,0.028176694923596368,0.7053956419786053
High,High,0.9992774786049089,6.486198590564689e-06,0.0007160351965005906
Low,Low,0.00019099211809437555,0.9561130653972446,0.043695942484661035
Medium,Medium,0.027312465759304995,0.1600877113794481,0.8125998228612468
High,High,0.9841119666004996,0.00010679031732250386,0.015781243082177696
Low,Low,0.00015132958529997826,0.9616044962720249,0.038244174142674926
High,High,0.9995502490500155,2.078039769234699e-06,0.0004476729102152474
Medium,Medium,0.20221407358524382,0.016682395804091973,0.7811035306106643
Low,Low,0.0015238829137613227,0.7695265827484703,0.22894953433776835
Low,Low,3.0995020651030317e-06,0.9994979665878813,0.000498933910053606
Medium,Medium,0.042558445881284664,0.09815757336093953,0.8592839807577757
Low,Medium,0.021360371565416147,0.10192312460407893,0.876716503830505
High,High,0.9989084674660279,5.776546293063169e-06,0.0010857559876790704
High,High,0.9631651887018325,0.00021376866567513183,0.03662104263249229
High,High,0.9784372750772615,0.0001008672120831949,0.02146185771065536
High,High,0.9981781827717116,3.821161499672079e-06,0.0018179960667888593
Medium,Medium,0.05227177587786509,0.04166654802907425,0.9060616760930607
High,High,0.9994439566755161,2.7294482829536694e-06,0.0005533138762007805
High,High,0.9995939505403043,3.395619284663967e-06,0.00040265384041090975
High,High,0.9986675377605425,9.343896731699355e-06,0.001323118342725744
High,High,0.9995848655967179,3.408523465254336e-06,0.00041172587981685597
High,High,0.9987243520375308,1.1050147633218395e-05,0.0012645978148358818
High,High,0.9926401477116658,2.896880273385041e-05,0.007330883485600318
High,High,0.977262027767879,0.0002041225647172932,0.022533849667403655
High,High,0.9977225618726183,7.199125673533813e-06,0.002270239001708229
High,High,0.7131920817865659,0.0023950691022893776,0.2844128491111447
High,High,0.9960104969657851,1.8117091673221514e-05,0.003971385942541632
Low,Low,1.5954647042302133e-05,0.9960809734100496,0.0039030719429081462
Medium,Medium,0.4126617714779298,0.00680635561066488,0.5805318729114054
High,High,0.9289676065391187,0.00021849718430356653,0.07081389627657762
Low,Medium,0.022092237070998274,0.22996218430607313,0.7479455786229287
Low,Medium,0.047109290629288585,0.15117865660970686,0.8017120527610045
High,High,0.8330913603077977,0.001830996642101648,0.16507764305010064
High,High,0.9993929654828366,1.2621940273776444e-05,0.0005944125768895303
High,Medium,0.49504850161865355,0.008429433749645514,0.4965220646317008
High,High,0.9859163445310001,4.279844616167241e-05,0.014040857022838494
High,High,0.9211590327447594,0.0004091888774225473,0.07843177837781808
High,High,0.9993561356925861,1.637429051194954e-06,0.0006422268783627905
High,High,0.9979602724248521,6.50502729399239e-06,0.002033222547853944
High,High,0.9859475383552216,0.00024377730552690218,0.013808684339251386
High,High,0.9991726217032487,8.209367683552091e-06,0.0008191689290677944
High,High,0.989019786335642,3.651549639687329e-05,0.010943698167961159
Low,Low,0.00283187951181278,0.6790266916531938,0.31814142883499325
Low,Low,0.0021219954385013843,0.7208766292783287,0.27700137528317
Medium,Medium,0.33161391672907475,0.022963535366456393,0.645422547904469
High,High,0.7948466490287686,0.0021011764797683003,0.20305217449146332
High,High,0.9990944217498021,5.8768401373220856e-06,0.0008997014100606127
Low,Low,0.0020789934645438985,0.6920555395828379,0.30586546695261824
High,High,0.9998819597393088,1.819259409465033e-06,0.00011622100128176418
Medium,Medium,0.03844834177840208,0.05720868879475365,0.9043429694268443
High,High,0.9967841165527002,1.4916120134614905e-05,0.003200967327165026
High,High,0.9998103078873599,4.062128869394662e-06,0.0001856299837705819
Medium,Low,0.004082631822049033,0.6138319308122192,0.3820854373657318
Medium,Medium,0.013781555350000602,0.28901335562838765,0.6972050890216117
High,High,0.999947410862163,9.511899759629433e-07,5.1637947861171436e-05
High,High,0.9919539054555386,3.8642640550657336e-05,0.008007451903910773
High,High,0.9991557598147389,4.863417439018755e-06,0.000839376767822165
High,High,0.9740424811005194,0.00010895542710963331,0.025848563472371088
High,High,0.8643012619074399,0.0009325994839917423,0.13476613860856843
High,High,0.9991257487372398,6.674451201933101e-06,0.0008675768115583784
Medium,Medium,0.07314489235616954,0.03785560747282334,0.8889995001710072
Medium,Medium,0.2520122116370331,0.02850072263576935,0.7194870657271976
Low,Low,0.00041450446491483336,0.9287624935333173,0.07082300200176782
Low,Low,3.96476065878502e-05,0.9922234026018313,0.007736949791580756
High,High,0.9951745195503181,1.006428832894499e-05,0.004815416161352875
High,High,0.999819370148775,1.8423704192328365e-06,0.00017878748080581944
Medium,Medium,0.030967280563574874,0.10118432058096768,0.8678483988554575
High,High,0.9992440075921963,7.434366792470294e-06,0.0007485580410111588
High,High,0.9999219622981563,6.293840769675729e-07,7.7408317766816e-05
Medium,Medium,0.019709275131660365,0.26003224340011566,0.720258481468224
Low,Low,0.0007833934082549357,0.8950780241779518,0.10413858241379335
Medium,Medium,0.05888005974016423,0.06135669680998373,0.879763243449852
Medium,High,0.6268518933067067,0.008687371027225343,0.3644607356660681
High,High,0.9950926323884864,1.5260385546219973e-05,0.0048921072259673895
High,High,0.910303616647855,0.00044414031808071854,0.08925224303406423
High,High,0.9891751417250163,6.984204897345257e-05,0.0107550162260101
Low,Medium,0.009277943021145766,0.21769317606906488,0.7730288809097894
Medium,High,0.636832015437934,0.0013672845880824452,0.3618006999739835
High,High,0.9934045351697126,3.914443504721282e-05,0.006556320395240257
High,High,0.6647189058290035,0.003863321803249195,0.3314177723677473
High,High,0.9785220166938888,0.00011279144034373351,0.021365191865767456
High,High,0.9490967851552923,0.0002847891366902392,0.05061842570801733
High,High,0.8244482965979374,0.001592818383516162,0.17395888501854642
High,High,0.9984402518084939,1.4292090950189721e-05,0.0015454561005557753
Medium,Medium,0.0473530025108453,0.16312451716192242,0.7895224803272323
High,High,0.9999667238814829,3.5377299414576027e-07,3.292234552284174e-05
High,Medium,0.128019709143558,0.045669834244937306,0.8263104566115046
Low,Low,3.399706706694008e-05,0.989744271400008,0.010221731532925219
Low,Low,0.00919204686066913,0.6465142361388638,0.34429371700046707
High,High,0.999474998589917,3.1699135644101956e-06,0.0005218314965186383
High,High,0.9978837049387722,1.127036936706152e-05,0.0021050246918608677
High,Medium,0.4010042449622918,0.008062860981589768,0.5909328940561184
Medium,Medium,0.061760382399198045,0.07409523350395501,0.8641443840968469
Low,Low,2.3765061328577494e-06,0.9997509079429788,0.0002467155508883703
Low,Medium,0.018832539039654872,0.39534608114271547,0.5858213798176296
Low,Low,0.0007124832658453479,0.8884854555570447,0.11080206117710982
Low,Low,1.3420590644794064e-05,0.9974733309685588,0.002513248440796226
High,High,0.9544024241729071,0.00030502000566760227,0.04529255582142544
Medium,Low,0.006038893804434235,0.5112353846421678,0.482725721553398
Low,Low,0.001733281075295286,0.6894831508647403,0.3087835680599644
High,High,0.9999217211847197,1.1235353075396047e-06,7.715527997271247e-05
High,High,0.9990594750990487,6.828776191828403e-06,0.0009336961247593258
High,High,0.9768319841863453,0.00018356185253756057,0.02298445396111724
High,High,0.9999150352009307,1.7634336025865613e-06,8.32013654667061e-05
High,High,0.9934632290418661,2.5931139556496238e-05,0.00651083981857742
Low,Low,1.0876432872505087e-05,0.9987279350748454,0.0012611884922821837
High,High,0.8860772519678249,0.000631101898395185,0.11329164613377989
High,High,0.995974894448367,2.0637897650129266e-05,0.00400446765398294
Medium,High,0.5686897528874224,0.008149454018841465,0.423160793093736
High,High,0.6955198019843937,0.0023949023518985302,0.3020852956637078
Medium,High,0.5719947694710259,0.00972850835537152,0.4182767221736026
Medium,Medium,0.009016097949047964,0.20411009026076882,0.7868738117901831
High,High,0.991615983103935,5.715274828946806e-05,0.008326864147775658
High,High,0.999373522096699,7.115882844500416e-06,0.0006193620204563501
High,High,0.9981806892230942,1.3714724693741495e-05,0.0018055960522119585
High,High,0.9706268132054231,0.00010405033072578832,0.029269136463851046
Medium,Medium,0.35931496930454426,0.03419925174507255,0.6064857789503831
High,High,0.9687145358325823,0.0002484307409919387,0.03103703342642585
High,High,0.5820586702579845,0.004866565524348753,0.41307476421766665
High,High,0.9998664755256743,1.0301731478511893e-06,0.00013249430117769453
Low,Low,0.0018031309084549907,0.9185551858781167,0.0796416832134285
Low,Low,0.00010869254315596233,0.9691459917968859,0.03074531565995816
Medium,Medium,0.021035650225496902,0.2026362605964452,0.7763280891780577
Medium,Low,0.0042826944910165175,0.6781957990543207,0.3175215064546627
High,High,0.9988560803614794,3.799138707718949e-06,0.0011401204998126916
High,High,0.9966749396379198,1.184694113744536e-05,0.003313213420942822
High,High,0.9991468152881293,6.4928753322143154e-06,0.000846691836538382
High,High,0.9977584478643576,6.5663537770312156e-06,0.002234985781865292
High,High,0.9956261497171537,2.1671733724672836e-05,0.004352178549121696
High,High,0.9853992117466235,4.563043228132989e-05,0.01455515782109498
Low,Low,0.0004293413122031535,0.9484217760978337,0.051148882589962946
Medium,Medium,0.14524581619611962,0.03765290136700205,0.8171012824368784
Medium,Medium,0.07813395682723882,0.07243084758054233,0.8494351955922188
Medium,High,0.8980470366066388,0.000654885239077998,0.10129807815428317
Medium,High,0.8725873261895345,0.0007659869445167519,0.12664668686594868
Low,Low,0.0014502296398164892,0.8220900561268153,0.17645971423336815
High,High,0.7324895671197242,0.002551713252883826,0.26495871962739187
High,High,0.8859360301986351,0.000790715475344344,0.11327325432602066
High,High,0.9963253221124729,8.486065858118978e-06,0.0036661918216689183
Medium,Medium,0.014956618909977031,0.13775753833257573,0.8472858427574472
High,High,0.9878799342671618,8.098783201546812e-05,0.01203907790082261
Low,Low,0.0006791241037266877,0.8306041545306339,0.16871672136563942
High,High,0.9978012374147184,1.6330881254442356e-05,0.002182431704027085
High,High,0.9536174894643097,0.00027093407340841093,0.04611157646228196
Medium,Medium,0.21123815622745903,0.011725015099468647,0.7770368286730723
High,High,0.8400648604914499,0.00069164600352644,0.15924349350502384
Low,Low,0.004595597414849902,0.5404194530366775,0.45498494954847246
High,Medium,0.2106965854208161,0.012774959386636324,0.7765284551925475
Medium,High,0.6698966365095166,0.003416110382733733,0.3266872531077497
High,High,0.9968640414842135,5.118769524792124e-06,0.003130839746261705
High,Medium,0.24626505810783322,0.015037086516116039,0.7386978553760508
Medium,Medium,0.007435408052169657,0.35315175227409407,0.6394128396737363
High,High,0.9832665207716244,9.493684563216863e-05,0.01663854238274347
High,High,0.9965286753327607,2.0431188547478362e-05,0.003450893478691795
High,High,0.975039546053125,0.00014175068888416619,0.024818703257990783
High,High,0.999528904473125,4.294674616616802e-06,0.000466800852258572
Medium,High,0.850451724190366,0.0022872366146549734,0.1472610391949792
High,High,0.9494383955999767,0.0005886919685516945,0.04997291243147156
Low,Low,1.2304736040991964e-05,0.9965765443181474,0.003411150945811702
High,High,0.9939995861808281,2.360941096084966e-05,0.005976804408210945
High,High,0.9990893371628712,6.697791592791439e-06,0.0009039650455360908
High,High,0.9346847987898089,0.00011648731138397966,0.06519871389880708
Medium,Medium,0.22487291219749173,0.0136427058405819,0.7614843819619264
Low,Low,0.0011551216404558533,0.828763942232977,0.17008093612656702
High,High,0.9880673334703328,3.4424987588336394e-05,0.011898241542079
Low,Low,0.0004858703496246272,0.917093281569227,0.08242084808114833
Medium,Medium,0.008788359525994055,0.441994917875764,0.549216722598242
High,High,0.9980703374317246,5.862328402622892e-06,0.001923800239872947
Medium,Medium,0.20400933947307792,0.03589988741316517,0.760090773113757
High,High,0.7518285335936045,0.0038591281413810174,0.24431233826501444
High,High,0.9958849345572174,3.4158803954699993e-05,0.004080906638828057
Medium,Medium,0.007327195909202311,0.43852153167352786,0.5541512724172697
High,High,0.9167799293174849,0.001166061376526617,0.08205400930598848
Low,Low,0.0037707375204732337,0.6683612109572669,0.3278680515222599
High,High,0.9991297146663121,2.869963149825061e-06,0.0008674153705380105
High,High,0.7567199904722336,0.0016063178916465933,0.24167369163611985
High,High,0.9995769015425007,2.507809854720718e-06,0.0004205906476446693
Medium,Medium,0.027262956689865867,0.07145656872652986,0.9012804745836043
Medium,Medium,0.016292983805440697,0.2045547347188486,0.7791522814757108
High,High,0.9995663240484723,1.7367100025699074e-06,0.0004319392415252845
High,High,0.9840920568557316,5.256131505800611e-05,0.01585538182921041
Medium,Medium,0.1805506292705122,0.018900927571514698,0.8005484431579731
Low,Low,7.828857234473796e-05,0.9693412900678351,0.03058042135982006
High,High,0.9905612400529877,0.00010050191083910255,0.009338258036173037
High,High,0.9970601073209925,1.3780047748620802e-05,0.002926112631258828
Medium,Medium,0.12391476372338651,0.032313900432119014,0.8437713358444945
High,High,0.9996273950972334,2.187064476674599e-06,0.00037041783828979435
High,High,0.9599894817290976,0.0001713708891132644,0.039839147381789085
High,High,0.9968171195828157,1.3599257112439208e-05,0.0031692811600718424
Medium,Medium,0.2087698073346783,0.011036091306776156,0.7801941013585455
Medium,Medium,0.12543121464416793,0.04598454004018211,0.82858424531565
High,High,0.9881174457534138,6.189290873188227e-05,0.011820661337854492
High,High,0.9998479490133512,1.4643987960185316e-06,0.00015058658785276402
High,High,0.9894031978208351,4.523268375823355e-05,0.010551569495406634
Medium,Medium,0.33872050438535456,0.006668248780882815,0.6546112468337627
High,High,0.9381673790596656,0.0012889357232279525,0.06054368521710642
High,High,0.9981146981567912,6.3876816433546835e-06,0.0018789141615655255
High,High,0.9971493926864622,2.7612613638586944e-05,0.0028229946998992567
Low,Low,0.0005128806923780505,0.8449169738465043,0.15457014546111755
Medium,Medium,0.030133263069759334,0.09012515135052201,0.8797415855797186
Medium,Medium,0.03134543003169268,0.16200696901214434,0.8066476009561631
High,High,0.9997770958549071,1.917377169936495e-06,0.0002209867679227707
High,High,0.9991571534993902,3.920675432944291e-06,0.0008389258251770345
Low,Low,0.0021473519876743373,0.7358200510165498,0.2620325969957759
High,High,0.9995016420290861,3.685463026303605e-06,0.0004946725078875378
Medium,High,0.9410389660011842,0.0003494591058909536,0.05861157489292491
Medium,Medium,0.03470414763763716,0.11624201693670723,0.8490538354256556
Medium,High,0.834642357123454,0.0016663921719956832,0.16369125070455023
Medium,Low,0.0059875022485758,0.5468804154510815,0.4471320823003427
High,High,0.9983598762612512,7.272762590258116e-06,0.0016328509761587074
High,High,0.9819624630953779,0.00014213173238457064,0.017895405172237356
High,High,0.8516002925216742,0.0010838498480223071,0.14731585763030347
High,High,0.9999363898693393,7.344087756539165e-07,6.287572188510127e-05
High,High,0.9724573618408496,0.00010202538244488961,0.027440612776705443
High,High,0.999964146850269,2.563429937292993e-07,3.559680673717528e-05
High,High,0.7059928823704977,0.002944842039259244,0.29106227559024284
High,High,0.5094487203471882,0.012876785233477647,0.47767449441933413
Low,Low,0.004001162876742952,0.6947422705274404,0.3012565665958166
High,High,0.9999295558488013,5.08377566596899e-07,6.993577363215378e-05
Medium,Medium,0.08011857158330488,0.04309625336033616,0.876785175056359
Medium,High,0.5361025894802453,0.010959769487210745,0.4529376410325441
Medium,Medium,0.19529452197284378,0.019890191730990967,0.7848152862961653
High,High,0.9387793827094624,0.00022862403669840305,0.06099199325383922
Medium,Medium,0.019674876558673934,0.13495878002322828,0.8453663434180977
High,High,0.99745656919092,9.944876248918681e-06,0.0025334859328308983
High,High,0.99280043536147,8.705313277555048e-05,0.0071125115057545036
Medium,Medium,0.05253969044253839,0.15097189369192227,0.7964884158655394
High,High,0.9999630518575648,4.976846478612121e-07,3.645045778750235e-05
High,High,0.9875835631075035,0.00010515078746364162,0.012311286105033004
High,High,0.9970689618121495,1.664223111373889e-05,0.0029143959567366645
High,High,0.8889205786781222,0.0006371674286573777,0.1104422538932203
Medium,High,0.8402679776458366,0.0012500053499648015,0.15848201700419867
High,Medium,0.30339100539554564,0.010239022541320081,0.6863699720631343
Medium,High,0.8717136359752904,0.0004273098016345383,0.12785905422307497
High,High,0.9997819651684138,2.6298154346656337e-06,0.00021540501615155972
High,High,0.9992512885843307,7.37341578760012e-06,0.0007413379998816012
Medium,Medium,0.09530797945757165,0.0556276464137908,0.8490643741286376
High,High,0.9549796121502374,0.00030046182172795637,0.04471992602803468
High,Medium,0.4656849640647857,0.006912980318844899,0.5274020556163694
Medium,High,0.5819208119838108,0.026600891171880546,0.3914782968443086
High,High,0.9966938879533755,2.54886602572137e-05,0.003280623386367216
High,High,0.9999632092932282,6.545021829629573e-07,3.613620458887341e-05
High,High,0.9769682682319663,0.0001162364986074765,0.022915495269426222
High,Medium,0.3634107423692471,0.00800207686653951,0.6285871807642135
High,High,0.8037610787802666,0.0008854104432422966,0.19535351077649118
High,Medium,0.46563129764257116,0.010410626007751307,0.5239580763496775
Low,Low,0.0006925255537792556,0.8301507945281522,0.16915667991806863
Medium,Medium,0.3487653520402204,0.009022436498829868,0.6422122114609498
High,Medium,0.27184908798082963,0.023025160266777873,0.7051257517523924
High,High,0.997348612268338,1.9441742738720868e-05,0.00263194598892316
Medium,Medium,0.1405542591481256,0.018904684239398842,0.8405410566124755
High,High,0.9773788823373719,9.835766775074332e-05,0.022522759994877403
High,High,0.9985798124888895,4.394900471854505e-06,0.001415792610638627
High,High,0.971141400545568,0.0004680954183205728,0.02839050403611144
Low,Low,0.0026042530260664996,0.7486055776953866,0.2487901692785469
High,High,0.49769513143346256,0.011147486831379873,0.4911573817351576
High,High,0.8275424887220568,0.001316556986655426,0.17114095429128792
Medium,Low,0.003316612358893417,0.6575819083141684,0.3391014793269381
High,High,0.9994874891769752,3.3512741136188164e-06,0.0005091595489112304
High,High,0.9463741375649248,0.0003153380224841849,0.05331052441259097
Medium,Medium,0.04331216842019187,0.09557226027165237,0.8611155713081559
Medium,Medium,0.011557414907475921,0.346628713313496,0.6418138717790279
High,Medium,0.43892128495050375,0.006042777656334166,0.555035937393162
Medium,Medium,0.020948753944379495,0.19597856771267588,0.7830726783429447
High,High,0.9980390624601311,1.169817326906696e-05,0.0019492393665999758
High,Medium,0.22930279127661582,0.029757545323692326,0.740939663399692
High,High,0.9955983501266444,5.059500080186503e-05,0.004351054872553809
High,High,0.97139763769869,0.00022290086336853554,0.028379461437941494
High,High,0.9999560330948479,4.376523452235248e-07,4.352925280672246e-05
High,High,0.7827026979828644,0.0013402230515477554,0.21595707896558788
High,High,0.9844225134499561,6.020707818701949e-05,0.015517279471857019
High,High,0.6534610641591188,0.0042103103432286045,0.34232862549765253
Low,Low,9.015908401973498e-05,0.9745438461686412,0.025365994747339228
High,High,0.9989191353438636,1.3485026401481845e-05,0.001067379629735031
Low,Medium,0.14395512651993142,0.182717464477253,0.6733274090028155
Medium,High,0.584018064989909,0.006452216375128365,0.4095297186349626
High,High,0.7281266743800325,0.0019546285288504998,0.269918697091117
Medium,Medium,0.2938414091841517,0.017632873007557875,0.6885257178082904
High,High,0.8431774143533061,0.001510314701151663,0.15531227094554229
High,High,0.9976926382219486,1.2318283152960734e-05,0.0022950434948983333
High,High,0.9966272670459337,2.2607217964401474e-05,0.0033501257361017948
High,High,0.9988630683871524,9.761036706959143e-06,0.0011271705761406038
High,High,0.9930183947749144,1.8750113996664717e-05,0.006962855111088995
High,High,0.9980039250223879,4.276170723813785e-06,0.0019917988068883807
High,High,0.9813666643945647,6.561873698741865e-05,0.018567716868447763
High,High,0.9966758580888879,2.1927891086208248e-05,0.0033022140200258737
High,High,0.999902426030195,1.5056509906312555e-06,9.606831881447761e-05
High,High,0.9908826248631,2.29191220899193e-05,0.009094456014810072
Medium,Medium,0.003926650609005674,0.480327865383901,0.5157454840070933
Low,Low,2.1623989546695696e-05,0.9923197093518232,0.007658666658630099
High,High,0.9980931309905143,4.128037635987717e-06,0.0019027409718496307
High,High,0.9710663448159423,0.00015220042194142062,0.02878145476211621
Low,Low,5.641813927431427e-06,0.9987451453003343,0.0012492128857381673
High,High,0.9823388536289193,0.00013581692394578227,0.017525329447135033
High,High,0.7431856232745937,0.003799773283071623,0.2530146034423346
High,High,0.9995067494804196,5.085722875880393e-06,0.0004881647967046763
Low,Low,0.005122453203593871,0.5445259071160278,0.45035163968037834
High,High,0.9985291581174206,1.8486511241360083e-05,0.0014523553713379955
Medium,High,0.9804180837833935,7.598323629733641e-05,0.0195059329803091
Low,Low,0.00010671928809880956,0.9600902266216582,0.03980305409024295
Medium,Medium,0.004295893053818965,0.4905574329917222,0.5051466739544589
Low,Low,0.0017826869124660152,0.8442792591607092,0.15393805392682477
High,High,0.9602281014844927,0.00033578840298277514,0.039436110112524514
High,High,0.9765316701261259,0.00023178717026909693,0.023236542703604937
Medium,Medium,0.09903799486696495,0.05715429853099229,0.8438077066020427
High,High,0.9809657341363495,8.942170329312796e-05,0.01894484416035738
Medium,Low,0.0041065040505501626,0.6233815724226422,0.37251192352680756
High,High,0.9758494451105665,7.556357846927e-05,0.02407499131096429
High,High,0.5193619221361877,0.007586075696951792,0.4730520021668604
Low,Low,0.0017710508183400669,0.7035120930167615,0.29471685616489846
High,High,0.9922388765215384,4.59939696761242e-05,0.007715129508785402
High,High,0.9998140226540096,1.9587599419608886e-06,0.00018401858604828283
High,High,0.9997563810104634,1.8064689292870659e-06,0.00024181252060725085
High,High,0.9984051652788395,8.849695542346374e-06,0.0015859850256181966
High,High,0.9992683615625529,5.117313622878118e-06,0.0007265211238241538
Medium,Medium,0.07906567818797741,0.07567547991233932,0.8452588418996833
High,High,0.9991988068829731,3.0885894649364884e-06,0.0007981045275618929
Medium,Low,0.0012837890231760327,0.6958513637509762,0.3028648472258478
High,High,0.9999720689684518,4.1882093502536905e-07,2.751221061311955e-05
Low,Low,4.4649340876058736e-05,0.9875366009819774,0.012418749677146663
High,High,0.9931751386926857,5.1564842855377746e-05,0.0067732964644588636
High,High,0.9880811018336063,5.328081877834499e-05,0.011865617347615308
Medium,Medium,0.2183916114326391,0.011909545116153913,0.769698843451207
High,Medium,0.3547472884753957,0.009342818621495339,0.6359098929031088
High,High,0.9789720909710994,0.0001142265998129473,0.020913682429087664
High,High,0.9985227797670811,3.7993794077086065e-06,0.0014734208535109742
Medium,Medium,0.18674107202279697,0.02525494118701571,0.7880039867901872
High,High,0.9975815668044025,4.563616064036414e-06,0.0024138695795335265
High,High,0.5528446525883673,0.00314884304549259,0.44400650436614
Low,Low,9.191929211997698e-05,0.9894017475041275,0.01050633320375263
High,High,0.9876155443414583,0.00012617787621907987,0.01225827778232268
High,High,0.9250083454437146,0.00035849092787775693,0.07463316362840763
High,High,0.9997720624269751,1.0729861381174473e-06,0.0002268645868865667
High,High,0.6085011945404617,0.0064987557026141805,0.38500004975692403
High,High,0.9946528851341888,3.7867286260431316e-05,0.005309247579550681
High,High,0.9979104569863972,8.845036679473758e-06,0.002080697976923317
High,High,0.9953985077809218,9.231357767849361e-06,0.0045922608613104396
Medium,Medium,0.018688346908040148,0.16494060886079132,0.8163710442311686
High,High,0.8574940969174162,0.0019417351167127412,0.1405641679658711
High,High,0.5029330117419498,0.009643669362637598,0.48742331889541257
High,High,0.9950439101022199,1.7606257310347604e-05,0.004938483640469851
Medium,High,0.49847921340272977,0.006680008923790252,0.49484077767348
Medium,High,0.6999329681898923,0.0041298457568782875,0.29593718605322933
High,High,0.9974235081274264,1.2648818334904414e-05,0.0025638430542387286
High,High,0.9994478190283055,6.807305693726487e-06,0.0005453736660008702
High,High,0.9997337848178642,1.891376320343412e-06,0.00026432380581524635
High,High,0.9775818687773068,7.45995712606835e-05,0.022343531651432345
Medium,Medium,0.06589977858924925,0.05737648659023955,0.8767237348205112
Medium,Medium,0.1190973889158466,0.02859070376627413,0.8523119073178793
High,High,0.8976758486580808,0.0012188625127947396,0.10110528882912437
High,High,0.9965386854545819,2.3207756057658608e-05,0.003438106789360315
Medium,Medium,0.11408747805469442,0.03873439650874662,0.8471781254365589
Low,Low,0.0011161443683829287,0.8072221220640289,0.19166173356758823
High,High,0.9965733638143804,1.3967503935098622e-05,0.003412668681684351
Low,Low,0.0003951643336001143,0.9157374055837425,0.08386743008265735
High,High,0.9993445171858112,3.2131304050791106e-06,0.0006522696837837584
High,High,0.9928328662989692,2.4692108472635174e-05,0.007142441592558081
Low,Low,4.8273341001658067e-05,0.9816232157453713,0.018328510913627062
High,High,0.9994866252440486,3.690132133071847e-06,0.0005096846238183293
High,High,0.999609636117926,4.301336236500697e-06,0.00038606254583762727
High,High,0.8386262262557175,0.0007528511373488339,0.16062092260693367
Medium,Medium,0.35104850657630143,0.007388812288203432,0.6415626811354952
Medium,Medium,0.05374040716142467,0.08520868351802459,0.8610509093205507
High,High,0.9943881004822235,2.9852063994212942e-05,0.005582047453782527
High,High,0.9996772678054057,2.4449993626603358e-06,0.00032028719523171935
High,High,0.99729931235411,7.865110025772998e-06,0.002692822535864211
High,High,0.9142581147954947,0.0002630637899941377,0.08547882141451106
Low,Low,0.0017355087778996834,0.5874706594490439,0.4107938317730564
High,High,0.9254994953363592,0.0003548603345339619,0.0741456443291068
High,High,0.9262201838516605,0.0005689153962527596,0.07321090075208662
Low,Low,0.0004445706323447373,0.9503266364127574,0.04922879295489794
Low,Low,0.0003430314782765107,0.9073914352818154,0.09226553323990812
Medium,Medium,0.07522830627676495,0.049502395533827424,0.8752692981894077
Medium,Medium,0.23386903952777655,0.02931256770101665,0.7368183927712068
Medium,Medium,0.029457270794539355,0.06423231797042021,0.9063104112350404
Low,Low,2.095621855933574e-05,0.9988305094149842,0.0011485343664564057
High,High,0.9998217123556075,2.09691261414938e-06,0.00017619073177841337
High,High,0.9895406691243475,4.461505360776919e-05,0.010414715822044816
High,High,0.9985489501214418,1.1540516360086241e-05,0.001439509362197961
Medium,High,0.7735281640456716,0.002582504143056516,0.223889331811272
Low,Low,1.929417405633797e-05,0.998435410027036,0.0015452957989075167
Low,Low,0.0005302623829773561,0.9205282634490436,0.07894147416797904
Medium,High,0.733556652664909,0.005668505648621816,0.26077484168646914
High,High,0.9992262428284445,2.2369096805553827e-06,0.0007715202618749686
High,High,0.9991373204583301,3.745630113709376e-06,0.0008589339115560185
Low,Low,6.524964448203214e-05,0.9840505015369323,0.01588424881858577
High,High,0.9826507914187884,0.00013437173088235428,0.017214836850329197
High,High,0.999131349561815,4.990485188808029e-06,0.0008636599529960065
High,High,0.5391955793383231,0.005096901298494542,0.4557075193631824
High,High,0.997591133086858,1.4011094169355616e-05,0.00239485581897265
High,High,0.9969747016921298,2.389709570552811e-05,0.00300140121216471
High,High,0.9950086921795105,2.7218773664265095e-05,0.004964089046825177
Medium,Medium,0.27789257473700674,0.010950557201047829,0.7111568680619454
Low,Medium,0.005813447628268503,0.39278720094617686,0.6013993514255546
Medium,Medium,0.18543414129130414,0.038674940952507925,0.7758909177561879
High,High,0.9998005420850945,1.944027116321999e-06,0.0001975138877892303
Medium,Medium,0.10714275976994013,0.04190035374712047,0.8509568864829394
Medium,Medium,0.19494454151932275,0.024256050160623974,0.7807994083200533
High,High,0.9976199053829112,1.215781571801697e-05,0.0023679368013706545
Low,Low,0.0036614593831866683,0.6392846239706644,0.35705391664614883
Medium,Medium,0.012829214829882222,0.41398009866199786,0.5731906865081199
Medium,Medium,0.019522770128230223,0.37546203199398753,0.6050151978777822
High,High,0.9748414826587339,8.115262985372211e-05,0.02507736471141241
High,High,0.9851235959095117,8.107939619645721e-05,0.014795324694291836
Medium,Medium,0.03652010939423916,0.10349048117172986,0.859989409434031
High,High,0.9998464556601099,3.0528626473120234e-06,0.00015049147724292052
High,High,0.9143530178501773,0.0007047430003549767,0.08494223914946766
High,High,0.9989940746016913,8.559540688133005e-06,0.0009973658576206256
High,High,0.994718501834892,2.0234666396870042e-05,0.00526126349871125
High,High,0.9532473580325129,0.00037711229313905034,0.04637552967434805
Low,Low,0.0012083585384219649,0.7284821572425101,0.2703094842190679
High,High,0.9926922606479468,2.2152256098210622e-05,0.007285587095954955
High,High,0.9758112630258016,7.625600407872515e-05,0.02411248097011973
High,High,0.9985219108124077,5.63437790952689e-06,0.0014724548096825719
Medium,Medium,0.18764442153296718,0.07199830543812721,0.7403572730289056
High,High,0.992828371856139,3.0679267840269165e-05,0.007140948876020751
Medium,Medium,0.47727459705710884,0.02540573904812122,0.49731966389477006
High,High,0.9369531726462764,0.000420183597469397,0.0626266437562541
Medium,Low,0.0014219854644075094,0.8329025785750129,0.16567543596057938
High,High,0.9929970126059509,9.54785274737195e-05,0.006907508866575323
High,High,0.9324389625087954,0.000484304016735256,0.06707673347446938
High,Medium,0.3742518942831226,0.015330554318276613,0.6104175513986009
High,High,0.9964871629597883,3.868055384410468e-05,0.0034741564863676484
High,High,0.9862924932170445,7.52317757797503e-05,0.01363227500717581
Medium,Medium,0.011658298223892413,0.21208593504853698,0.7762557667275707
High,Medium,0.30601309749696254,0.012243664955714948,0.6817432375473224
High,High,0.9427016677199423,0.0003481029985141088,0.05695022928154371
High,High,0.6637754300906501,0.0020614329330527316,0.33416313697629707
Medium,Medium,0.019518977303531023,0.1236268421873068,0.8568541805091621
High,High,0.9965182993199958,9.304991583378948e-06,0.0034723956884208595
High,High,0.9969623623425772,1.241126136453133e-05,0.003025226396058267
Medium,Medium,0.05779263037620904,0.03364771665155772,0.9085596529722333
Medium,Medium,0.17502031378138433,0.04493915018275259,0.7800405360358631
Low,Medium,0.006850115081384956,0.36932796960168895,0.6238219153169261
High,High,0.9855099670056615,0.0002945613810246041,0.014195471613313812
Medium,Medium,0.16440313959594577,0.021509935433952233,0.814086924970102
High,High,0.9827673297184688,6.366253253020262e-05,0.017169007749000893
Medium,Medium,0.20849643024784376,0.013735903962358166,0.7777676657897981
Low,Low,0.008695149054504147,0.49672178102201,0.49458306992348583
High,High,0.999643142788052,5.081820717426993e-06,0.0003517753912305493
High,High,0.6344476339607891,0.001957880648790827,0.3635944853904202
High,High,0.9942238425263331,2.750303780451727e-05,0.005748654435862319
High,High,0.9995918068406404,2.3539468831379143e-06,0.00040583921247643766
High,High,0.999604113956706,2.0588847487015856e-06,0.00039382715854530077
High,High,0.997956673650482,9.092101274244753e-06,0.002034234248243776
High,High,0.5906245831487341,0.00489455082692029,0.40448086602434574
Low,Low,0.0003888409730107865,0.9317898488400539,0.06782131018693548
High,High,0.6109981298290097,0.0031106497259565835,0.3858912204450337
High,High,0.6873299444350291,0.004798157634349941,0.3078718979306208
Medium,Medium,0.024631420689553644,0.19094378544084006,0.7844247938696063
High,High,0.9998688191569265,2.2583908498229408e-06,0.00012892245222373303
Low,Low,0.0012135605335505263,0.9164145630738691,0.08237187639258026
High,High,0.998967266826422,4.3910402131964405e-06,0.0010283421333646542
High,High,0.9998893028943975,3.0806506789036296e-06,0.00010761645492379081
High,High,0.8781530681290448,0.0004148480263165534,0.12143208384463867
Medium,Medium,0.015015177341813086,0.3927660609321805,0.5922187617260064
High,High,0.9991609225801584,5.34577875879144e-06,0.0008337316410828333
Low,Low,1.1272493278019678e-05,0.9964846751905452,0.003504052316176802
High,High,0.990732548375261,5.6466882336221865e-05,0.009210984742402652
High,High,0.887121648092981,0.0006015279337195092,0.1122768239732995
High,High,0.9585416699143382,0.0005155986785383341,0.04094273140712346
Medium,Medium,0.03380254512916687,0.18597648663030186,0.7802209682405313
Low,Medium,0.04289173180836859,0.4044591693705548,0.5526490988210765
High,High,0.9424167579132074,0.0001907475714501437,0.05739249451534242
Medium,Medium,0.08101285283726163,0.06804996759354831,0.8509371795691901
High,High,0.9999522873244568,9.93941120818853e-07,4.671873442248736e-05
Medium,Medium,0.3164824261959848,0.010245416941373353,0.6732721568626419
High,High,0.9759511661923255,0.00010298787086197747,0.023945845936812645
Low,Low,0.0004859287726654667,0.9069081530121401,0.09260591821519443
Medium,Medium,0.02093283405795396,0.4280339082810081,0.551033257661038
High,High,0.9745335448099713,0.00013419093632668436,0.025332264253702035
High,High,0.9639443362147367,0.00011667932578957012,0.035938984459473695
High,High,0.6717725123500439,0.0025358160672123912,0.3256916715827437
High,High,0.9607870715295754,0.00022809811065568124,0.038984830359768984
High,High,0.9354234782028695,0.0008365439268082284,0.06373997787032223
High,High,0.9998284768466862,1.447726253222773e-06,0.0001700754270604691
High,High,0.9928882879599141,2.1450534617571353e-05,0.0070902615054683924
High,High,0.7250219801340835,0.0016641793405911594,0.27331384052532537
Low,Low,0.00015312753983497845,0.9729946675355728,0.026852204924592206
High,High,0.9978016268636541,1.6688858554571516e-05,0.002181684277791143
High,High,0.9409504773262177,0.00016762045761285616,0.05888190221616929
Medium,High,0.499114698012689,0.007709285348906538,0.49317601663840455
Medium,Low,0.001020748775392942,0.8323214927213465,0.16665775850326048
Medium,Medium,0.04455291448907987,0.135134077599844,0.820313007911076
Medium,Medium,0.004545122415013399,0.474781961626397,0.5206729159585896
High,High,0.9978580129170197,7.138631997038075e-06,0.002134848450983281
High,High,0.9954700321866182,1.526224635427004e-05,0.0045147055670274275
High,High,0.9991054602946717,3.942417823315576e-06,0.0008905972875049192
High,High,0.9692865616502185,0.00019582744029160808,0.030517610909489734
High,High,0.9989771720251894,4.6188859523026404e-06,0.0010182090888582864
Medium,Medium,0.15014556867215742,0.04490797904611494,0.8049464522817276
Low,Low,0.0005530669997062197,0.8590117747740043,0.14043515822628966
Low,Medium,0.012463093658324176,0.2793844132180114,0.7081524931236644
High,High,0.8091842197521232,0.0011767475602028849,0.18963903268767388
High,High,0.9961924315428882,1.3558184679408408e-05,0.0037940102724324403
Low,Medium,0.006980920626926215,0.46487173055830255,0.5281473488147713
Medium,High,0.7745320335160284,0.001251431750277952,0.22421653473369368
Low,Low,0.0003263074663534109,0.9288951732623862,0.07077851927126046
Medium,Medium,0.42043115912263185,0.010434282188060431,0.5691345586893076
High,High,0.9723003141443011,0.0001677378952733799,0.02753194796042552
High,High,0.8446192791611964,0.0014204933621561608,0.15396022747664748
Medium,Medium,0.042347671305497984,0.3377226749171272,0.6199296537773747
High,High,0.9963697564306594,2.8647750720757547e-05,0.0036015958186198143
High,High,0.9970056065681393,1.309858430715651e-05,0.002981294847553669
High,High,0.9948771333752203,4.8381109335375893e-05,0.005074485515444225
High,High,0.9740139157747414,0.0001424160887684038,0.025843668136490246
High,High,0.9956479153668962,1.4542028860205235e-05,0.004337542604243584
High,Medium,0.3278626611506577,0.004696991073438971,0.6674403477759034
Medium,Medium,0.3424128887073794,0.030699315244140737,0.6268877960484799
High,High,0.9994282356676955,6.264961662886264e-06,0.0005654993706416405
High,High,0.9995170780386591,1.3273603508582976e-06,0.0004815946009901501
High,High,0.9822298056162423,0.00010069554575877353,0.017669498837998763
High,High,0.9618834737908657,0.00010958358569378865,0.03800694262344043
High,High,0.9304136944186048,0.00023789545452625882,0.0693484101268689
Medium,Medium,0.05054031059274775,0.043000165266545966,0.9064595241407062
Low,Low,0.00014857486649804948,0.9541955181670363,0.04565590696646565
High,High,0.9863217771207087,3.90495540960857e-05,0.013639173325195224
High,High,0.9823170612246565,0.00011486480346266209,0.017568073971880815
High,High,0.9733063039952151,0.00010699622469570547,0.026586699780089262
High,High,0.993770122325598,2.9229831623945964e-05,0.006200647842778155
High,High,0.741559439300405,0.0008515757519611394,0.2575889849476338
High,High,0.992571665504955,3.553292040707578e-05,0.007392801574638019
High,High,0.9975954441470546,1.1695164540233939e-05,0.002392860688405096
High,High,0.9992972021413978,7.168196408568732e-06,0.0006956296621935858
High,High,0.9804578445520504,2.57030433795676e-05,0.01951645240456999
Low,Low,4.132520061188805e-05,0.9915626281383997,0.008396046660988431
High,High,0.5199068594074348,0.011320945515243205,0.46877219507732215
High,High,0.9993196222503292,2.754683528205788e-06,0.0006776230661425262
Medium,Medium,0.04793562014676995,0.11341359779742682,0.8386507820558032
High,High,0.9341648899364713,0.0004952502315461577,0.06533985983198247
Low,Low,0.0004689540475797343,0.9488318125536289,0.05069923339879136
High,High,0.9812872020781701,0.00014110052849164548,0.01857169739333822
Medium,Medium,0.08762258292458563,0.08482591172251067,0.8275515053529038
Medium,Medium,0.06475685057111734,0.08741216126101888,0.8478309881678637
High,High,0.5262529926873044,0.010821554390496035,0.4629254529221995
High,High,0.5916439172001016,0.002947749557081056,0.40540833324281744
Low,Low,0.0021424088332060907,0.8505298868296742,0.14732770433711964
High,High,0.8751716917986334,0.0006363498701934835,0.12419195833117297
Medium,Medium,0.2387660143309386,0.02740157898908038,0.7338324066799811
Medium,High,0.8525118753721999,0.0011234147112755986,0.1463647099165246
High,High,0.9992344169335591,6.288978059395028e-06,0.0007592940883817455
High,High,0.9999800229641048,2.0514242827181583e-07,1.9771893467099277e-05
High,High,0.9696369439500977,0.00012896701492794477,0.03023408903497438
High,High,0.9970968431728164,8.328198276480665e-06,0.0028948286289068826
Low,Medium,0.007617403917445136,0.36044000232913287,0.631942593753422
Medium,Medium,0.2006091049564057,0.023643403216997393,0.775747491826597
High,High,0.7002497215016167,0.005853043737711427,0.2938972347606718
Low,Low,0.0014759660029763169,0.8108132032167249,0.1877108307802987
High,High,0.9554029253813734,0.00023207818909994201,0.044364996429526786
Low,Low,0.004123659135944821,0.5386992271797745,0.45717711368428066
Medium,Medium,0.032898430687959224,0.16110240368201922,0.8059991656300215
High,High,0.9999431090757774,3.6998597545689566e-07,5.652093824714179e-05
High,High,0.9765354726531439,9.830034338975404e-05,0.023366227003466168
High,High,0.9976802692566694,8.265720805425892e-06,0.0023114650225252026
High,High,0.999485311071526,2.3721506272578496e-06,0.0005123167778466657
High,High,0.9850475293102819,9.396765825642927e-05,0.014858503031461643
Low,Low,0.006527698625766478,0.5570380451842013,0.4364342561900321
High,High,0.9999818235305095,3.606567147771492e-07,1.781581277576525e-05
Medium,Medium,0.09431644911716987,0.05532946503865936,0.8503540858441708
High,High,0.9991897323838017,3.2668418118969566e-06,0.0008070007743862576
High,High,0.9583434355683943,0.00038393871071764127,0.04127262572088792
High,High,0.9979286486288429,5.511606137775938e-06,0.0020658397650192162
High,High,0.9963011800766858,3.3693750957422695e-05,0.0036651261723568015
High,High,0.6999716274682353,0.0028744475925352093,0.2971539249392296
High,High,0.968135885924265,0.00011094205004916197,0.031753172025685686
High,High,0.9918931322892558,0.0002558923886726426,0.007850975322071567
High,Medium,0.47342363058733006,0.011516242329327481,0.5150601270833424
High,High,0.9996747403191741,3.3387364110392214e-06,0.00032192094441507084
High,High,0.9857221037986396,6.50439406795736e-05,0.014212852260680883
High,High,0.9752820615062364,9.657527545849818e-05,0.02462136321830508
Medium,High,0.6942953216231493,0.0069208796480117974,0.29878379872883887
High,High,0.8713008280387019,0.0006158192729767212,0.12808335268832144
Low,Low,0.00017138879696766305,0.9707804328750993,0.029048178327933043
Medium,High,0.6612423180422929,0.005064193669609488,0.33369348828809753
High,High,0.9641360974192238,0.00036461752892303555,0.03549928505185308
High,High,0.8593386375806408,0.0005607404181691738,0.1401006220011899
Low,Low,0.0021946574960226865,0.6645708569402845,0.33323448556369284
Medium,Medium,0.055418944418332304,0.05288277763948743,0.8916982779421802
High,High,0.9968887404698483,2.3599724879885706e-05,0.003087659805271862
High,High,0.9990143578745657,4.519486428429622e-06,0.0009811226390058487
High,High,0.9973803422185836,1.587889476538092e-05,0.0026037788866510327
High,High,0.9978507027582115,1.4510477593604882e-05,0.002134786764194956
Medium,Medium,0.1075220139274557,0.02845271889674931,0.864025267175795
High,High,0.990576037846562,3.008904072113609e-05,0.009393873112717001
Low,Low,4.671119922321065e-05,0.9829074357474221,0.017045853053354723
Medium,Medium,0.20766423288094418,0.01676807772636228,0.7755676893926935
Low,Low,0.0004846719391486251,0.9597395538003131,0.03977577426053816
Low,Low,0.0047310236900026,0.6225029679924601,0.3727660083175373
High,High,0.6572415815537485,0.007218310488321175,0.3355401079579302
High,High,0.9997079149864813,7.084855216169901e-07,0.0002913765279972437
Low,Low,0.0031877783632913966,0.654630589701513,0.3421816319351955
High,High,0.9984370964226009,5.759230835366322e-06,0.0015571443465637264
Medium,Medium,0.263612489280276,0.013656279155860967,0.7227312315638631
Medium,Medium,0.005997392003359117,0.4851903877041239,0.5088122202925169
Low,Medium,0.011228898519636063,0.42157045007068644,0.5672006514096775
High,Medium,0.4637083728005231,0.004296087638565375,0.5319955395609115
Medium,High,0.963030405607411,0.0001501704471073158,0.03681942394548173
Medium,Medium,0.015607945247431863,0.29087226172706204,0.6935197930255061
Medium,Medium,0.21787569227730338,0.029435740637399163,0.7526885670852975
Medium,High,0.5236031371841244,0.006766237657151347,0.4696306251587242
High,High,0.918136220124392,0.00029818472250783845,0.08156559515310027
High,High,0.983588110265357,7.446786008501154e-05,0.016337421874558014
High,High,0.9998838802345748,8.731456171747096e-07,0.00011524661980796824
Low,Medium,0.03633268065771864,0.09271710233548834,0.870950217006793
High,High,0.982332155195922,7.42948925918106e-05,0.017593549911486397
High,High,0.9981353344251775,1.5218607217190745e-05,0.001849446967605286
High,High,0.9975819778413357,1.1083024503854356e-05,0.0024069391341604144
Medium,Medium,0.20325283772628286,0.03215460916577626,0.7645925531079409
High,High,0.9724086330950101,0.00026006663590712366,0.027331300269082565
High,High,0.9999072771797354,1.8258895497000103e-06,9.08969307148771e-05
High,High,0.9960991647045626,8.405698253170388e-06,0.0038924295971843443
High,High,0.9995094951331712,4.6553718919169065e-06,0.0004858494949367244
Medium,High,0.511578352575195,0.007095882839935057,0.4813257645848699
High,High,0.9866989292600671,3.8629025624797496e-05,0.013262441714307984
Medium,Low,0.0005466544359358894,0.9066348033196818,0.0928185422443823
High,High,0.9906303571099804,2.7192687307831017e-05,0.009342450202711827
High,High,0.9655490144026501,0.0002893433017661533,0.03416164229558393
High,Medium,0.24878577590612777,0.03927693723385527,0.711937286860017
Medium,Medium,0.49049241467411686,0.006884251401706564,0.5026233339241765
Medium,Low,0.0022472202130691906,0.7615343617637628,0.2362184180231681
Low,Low,0.00039928257131698346,0.9538198584607867,0.04578085896789626
High,High,0.9995194547970645,1.5145510651517622e-06,0.0004790306518704584
High,High,0.9977008677814501,1.010302614089731e-05,0.0022890291924090294
High,High,0.9910819650525634,3.946836052680966e-05,0.008878566586909609
Medium,Medium,0.049548556431888685,0.06566946984476359,0.8847819737233478
Medium,Medium,0.10358918008966257,0.031165637333431986,0.8652451825769054
Medium,Medium,0.07110410207194737,0.048178463254233,0.8807174346738196
High,High,0.9976542717885772,7.5404836884543436e-06,0.0023381877277342832
Medium,Medium,0.025054866426725116,0.20723709511247113,0.7677080384608038
Medium,High,0.7332441993035174,0.0039825093257051455,0.2627732913707775
Medium,Medium,0.19576181178796842,0.04806589739952351,0.756172290812508
High,High,0.9993934191915036,2.9157373302406158e-06,0.0006036650711660625
High,High,0.9995102548466768,6.945322886767242e-06,0.00048279983043632724
High,High,0.9995807946585596,2.0722988614834445e-06,0.0004171330425788266
Medium,Medium,0.050528824643750365,0.07568723962416177,0.8737839357320879
Low,Medium,0.1452551024674782,0.09187110348176519,0.7628737940507566
High,High,0.8088812099098016,0.0012436331387719545,0.18987515695142643
High,High,0.9961927257251134,9.888937714515433e-06,0.0037973853371721287
Low,Low,0.005879004090164822,0.5168128856586246,0.4773081102512106
High,High,0.8870485874085778,0.0006179525236856197,0.11233346006773656
Medium,Low,0.011662907366941177,0.5522455153097272,0.43609157732333154
Low,Low,2.3801196540384405e-05,0.9931454483671414,0.006830750436318215
Medium,Medium,0.09503918694823882,0.04407888594903989,0.8608819271027214
High,High,0.9981276388236503,1.389417187125015e-05,0.0018584670044782122
Medium,Medium,0.11134744997672287,0.06218971385036744,0.8264628361729097
Medium,Low,0.0013866202895862281,0.775681318802764,0.22293206090764978
High,High,0.950403503393188,0.00044390552504084606,0.04915259108177127
Medium,Medium,0.4707191823052924,0.006237109733706371,0.5230437079610013
High,High,0.9995005194299226,6.250048330272392e-06,0.0004932305217471236
Medium,Medium,0.046573753753145396,0.060142170142667234,0.8932840761041875
High,High,0.9997853767848895,2.559787169190069e-06,0.0002120634279412248
High,High,0.9998313728563799,7.329328361644097e-07,0.00016789421078405913
Low,Low,0.0006548279893310629,0.8637850461348843,0.13556012587578462
High,High,0.9999267221900169,1.9535171502323604e-06,7.132429283292753e-05
High,High,0.9660901786463426,0.00012964278833643825,0.03378017856532102
High,Medium,0.0794682267573615,0.03234033444294647,0.888191438799692
Low,Medium,0.014662972509920826,0.28312354143223784,0.7022134860578414
High,High,0.9415642944930239,0.000543482897962355,0.05789222260901372
High,High,0.9720580908070141,0.00010867065325602368,0.027833238539729705
High,High,0.9711614600460398,0.00021345319101171302,0.028625086762948445
High,High,0.9961005664283082,7.2937994866622286e-06,0.0038921397722051733
High,High,0.9695366573647259,0.00023164524471850793,0.030231697390555413
High,High,0.9413371050085146,0.0003871468371602469,0.05827574815432519
High,Medium,0.1097936241464,0.02095499673093607,0.8692513791226639
Medium,Medium,0.008906905396150843,0.1869282415267795,0.8041648530770696
Medium,High,0.7420229628886621,0.0029613114534965215,0.25501572565784125
Low,Medium,0.20240341671828796,0.02682058720643641,0.7707759960752757
Low,Medium,0.009164865372951784,0.3985383047088974,0.5922968299181509
High,High,0.9995261244305773,3.164236397954907e-06,0.00047071133302470857
High,High,0.7893438637837343,0.0024729703532902817,0.2081831658629754
Low,Low,0.0002583690906501493,0.9074536378918405,0.09228799301750931
Low,Low,0.003563251243057436,0.5150344589787766,0.4814022897781659
Medium,Medium,0.0668663190273359,0.05244322084211422,0.8806904601305499
High,High,0.983074623727331,0.0001564181465332197,0.016768958126135762
High,High,0.996056870283701,1.5214935727720535e-05,0.003927914780571257
High,High,0.9471529212830843,0.00028446957472103463,0.05256260914219454
High,Medium,0.10719538535562699,0.04164020781600784,0.8511644068283651
High,High,0.98859310766195,4.8189112581837775e-05,0.011358703225468251
Low,Low,0.00011890517302591136,0.9768530899459911,0.023028004880982875
High,High,0.8925095855001051,0.0005310630098707681,0.1069593514900242
Medium,Medium,0.05755397135866278,0.08391833766490892,0.8585276909764283
High,High,0.982031363003136,9.620802671948955e-05,0.01787242897014463
Medium,High,0.6396964038106153,0.0025117204991017923,0.35779187569028287
High,High,0.9951121276292606,1.9533346258574917e-05,0.004868339024480838
Medium,High,0.5454090139051005,0.0057748091822117445,0.4488161769126877
Low,Low,9.092718480053628e-05,0.9710921315783373,0.028816941236862365
High,High,0.9713799473752379,0.00033431629282849786,0.02828573633193353
Medium,High,0.9556166966554795,0.0003919622353580585,0.04399134110916238
High,High,0.7018678197406649,0.0033217191478792834,0.29481046111145565
High,High,0.9997441693533605,2.7740846887532755e-06,0.00025305656195065597
High,High,0.9951611013428775,1.7560114564584356e-05,0.0048213385425579045
Low,Medium,0.0034255620578448245,0.4328955671704466,0.5636788707717085
Medium,Medium,0.2965360309373279,0.009392853892600804,0.6940711151700714
High,High,0.99946303704658,6.648620796345016e-06,0.0005303143326235121
Medium,Medium,0.010938669428011345,0.35738029204103133,0.6316810385309573
High,High,0.9944175408487768,3.813706551267578e-05,0.0055443220857107145
High,High,0.9989434385576093,5.344117303059272e-06,0.001051217325087488
High,High,0.9984304895725913,4.600923245837521e-06,0.0015649095041627855
High,High,0.9953271942314993,2.1923527833567273e-05,0.0046508822406671054
Low,Low,0.00010565125476208375,0.9678245707610755,0.03206977798416246
High,High,0.9797644606805963,6.372061505386444e-05,0.020171818704349823
High,High,0.9926556103472541,3.097630414786078e-05,0.007313413348597978
High,High,0.9567557594467812,0.00036591332670571445,0.042878327226513066
High,Medium,0.24556586036382455,0.0740037630700425,0.6804303765661329
High,High,0.9536933516544577,0.00030379843716825183,0.046002849908374124
High,High,0.9978837092053982,4.796841756624854e-06,0.0021114939528452037
Medium,Medium,0.39965963622027967,0.011809762714738202,0.588530601064982
Low,Low,0.0036863357686618054,0.5213757895940131,0.4749378746373251
High,Medium,0.12705975221984292,0.027986375897197466,0.8449538718829596
High,High,0.9995312523455825,4.545650340359077e-06,0.00046420200407724417
High,Medium,0.31834409759078824,0.020746819173262987,0.6609090832359488
High,High,0.9979799301350192,7.703425578416968e-06,0.0020123664394022826
High,High,0.9926074638655477,5.208507485155395e-05,0.007340451059600793
High,Medium,0.41295712817898717,0.014588904303404638,0.5724539675176081
High,High,0.9997143296290608,2.8971371773870185e-06,0.00028277323376185693
High,High,0.9999624525637496,5.884142557107371e-07,3.69590219944851e-05
Medium,Medium,0.07232500671855752,0.05539710005601064,0.8722778932254318
High,High,0.9996857146037922,1.579272025931403e-06,0.0003127061241816735
Medium,Medium,0.46090848892638325,0.009510788154080069,0.5295807229195366
Medium,Medium,0.039836105496086696,0.056273737610534266,0.903890156893379
High,High,0.9999772863110498,6.675402783352744e-07,2.2046148671921988e-05
High,High,0.9989951830578666,5.343082353539635e-06,0.0009994738597797837
High,High,0.9377503573045309,0.0003425305481127669,0.061907112147356336
High,High,0.9974119949578855,2.4112539008892216e-05,0.0025638925031057865
Medium,Medium,0.018289592781120384,0.12250330200153507,0.8592071052173447
Low,Medium,0.014498232141958542,0.2629346370922509,0.7225671307657905
Low,Low,0.001328861470920684,0.726857752432855,0.2718133860962244
Low,Low,7.914058884429821e-05,0.9790050286888872,0.020915830722268703
Low,Medium,0.028367356608398547,0.1550620557199059,0.8165705876716955
High,High,0.9984258356705534,1.0653455745347984e-05,0.00156351087370107
Low,Medium,0.010647660253042332,0.4406377368590067,0.5487146028879509
Low,Low,8.533265688897365e-05,0.9822147439490707,0.01769992339404016
Low,Low,0.00011244254847771796,0.9729221156868301,0.026965441764692195
High,High,0.9891924202946021,3.625588016579883e-05,0.010771323825232123
Medium,Medium,0.2026448977706005,0.01974342425769874,0.7776116779717007
High,High,0.9998776242579059,1.1781274174644964e-06,0.0001211976146764987
Medium,Medium,0.3033685139111875,0.008261614589880365,0.6883698714989323
Medium,Medium,0.0869990865125874,0.034526451950399745,0.8784744615370128
High,Medium,0.4095462967561331,0.01225826279320878,0.5781954404506582
High,High,0.9424669527088579,0.00018988155299946028,0.057343165738142715
High,High,0.9524436949909695,0.0005444871449289825,0.04701181786410165
High,High,0.9981091544179824,1.3460907288996406e-05,0.001877384674728661
High,High,0.9986686296043792,6.517713772414794e-06,0.0013248526818483363
High,High,0.9970794887129992,9.553912800667241e-06,0.002910957374199879
High,High,0.9937876138694217,6.836994501162247e-05,0.00614401618556653
Low,Low,0.0002231749322241746,0.9667836524306056,0.03299317263717018
High,High,0.7935097182851326,0.0025159177484913994,0.20397436396637597
Low,Medium,0.012052842822511308,0.2972533715156781,0.6906937856618105
High,High,0.9988271994200096,5.670538316854093e-06,0.001167130041673636
High,High,0.9994698934693405,2.584904963709449e-06,0.000527521625696089
Low,Low,0.007130494831477827,0.5604852733490728,0.43238423181944935
High,High,0.9975508351016295,1.3458858651662241e-05,0.0024357060397187406
High,High,0.9996828348969099,2.435948439224092e-06,0.0003147291546509969
High,High,0.9993137140255219,2.8103973069127762e-06,0.0006834755771713136
High,High,0.9980910958051311,6.988589222678328e-06,0.001901915605646308
High,High,0.9855155322328217,4.694973248376941e-05,0.014437518034694572
Low,Medium,0.029409621508004167,0.11267581549514918,0.8579145629968467
High,High,0.9970467907460255,2.559314791920223e-05,0.0029276161060552957
Low,Low,0.0010386795133124464,0.9543374716277534,0.044623848858934126
High,High,0.998517181533206,1.0634957636065202e-05,0.0014721835091579638
Low,Low,0.0002025859565110846,0.9600532943355762,0.039744119707912744
High,High,0.998718696692688,8.309891624623195e-06,0.0012729934156874743
High,High,0.9985741175889574,1.0668733249202733e-05,0.001415213677793311
High,High,0.99926490337896,3.2377497167940153e-06,0.0007318588713230443
High,High,0.9648280908415665,0.00018961608386698617,0.034982293074566566
Low,Low,1.9441895435349338e-05,0.99548594016495,0.004494617939614733
Medium,Medium,0.29687961355398806,0.027790125288389693,0.6753302611576223
High,High,0.9996916080753188,1.883396143075763e-06,0.00030650852853804047
High,High,0.9986813925841893,6.764606513000931e-06,0.0013118428092977392
High,High,0.6522367260768326,0.004110530438943248,0.34365274348422414
High,High,0.8468720982366715,0.0009897388479330083,0.15213816291539545
High,High,0.999845767916377,1.6069708980085295e-06,0.00015262511272496392
Low,Low,0.0012920998620078905,0.8246918809690923,0.1740160191688997
Medium,Medium,0.016892174852954595,0.188619550018195,0.7944882751288505
High,High,0.9470332200346572,0.0003089302460491975,0.05265784971929363
Medium,Medium,0.2988730754911158,0.046584858079061445,0.6545420664298228
Medium,Medium,0.11038622934193566,0.0695887188744752,0.8200250517835892
High,High,0.8949133996351274,0.0008482376313702026,0.10423836273350234
Low,Low,0.0017853347825117667,0.8558594815569217,0.1423551836605666
High,High,0.9977926177107304,1.0625400716358381e-05,0.002196756888553372
High,High,0.9848011819350864,5.532470821223141e-05,0.015143493356701315
High,High,0.9951309929280058,2.4482388212812524e-05,0.0048445246837813
High,High,0.9869974174380739,0.00024029603998440734,0.012762286521941663
High,High,0.9980461797469696,6.15795765110634e-06,0.0019476622953793642
High,High,0.8995635053196372,0.000728961260926144,0.09970753341943661
Low,Low,0.0007139579259685949,0.7784459290326081,0.22084011304142329
High,High,0.9391569560627225,0.00032981038864913776,0.06051323354862839
High,High,0.9942477122316373,3.830850420509626e-05,0.005713979264157497
Low,Low,9.6858370396141e-05,0.982598073780836,0.017305067848767796
High,High,0.9984801320916561,1.6654241712410832e-05,0.0015032136666314286
High,High,0.9969566314207274,1.6559966393713797e-05,0.003026808612878837
Medium,High,0.7559610777040581,0.0034487190389520367,0.2405902032569899
High,High,0.9326732513120313,0.0003472166054575838,0.066979532082511
Medium,Low,0.0007635535119165871,0.7575542979944865,0.24168214849359684
High,High,0.9996875172441274,3.797189155161099e-06,0.0003086855667174683
High,High,0.9999381900529147,3.589565007843022e-07,6.145099058450066e-05
High,High,0.9995848597232402,1.9270885940284112e-06,0.00041321318816578363
High,High,0.9957670983859184,2.9232562131242457e-05,0.004203669051950389
High,Medium,0.280357910332545,0.019629829591738913,0.7000122600757162
High,High,0.9825489508542712,5.848781829825571e-05,0.01739256132743069
High,High,0.9964670925299165,2.0910380167043263e-05,0.0035119970899165466
Medium,High,0.7029490621671339,0.0029888653393259786,0.29406207249354005
High,High,0.9913087375855397,7.212713099639605e-05,0.008619135283463891
Medium,Medium,0.3143914417274667,0.012148499872296619,0.6734600584002367
High,High,0.5707315672784109,0.012424646841116558,0.4168437858804725
Medium,Medium,0.0272516434631875,0.29764270867264003,0.6751056478641725
Low,Low,6.935045808938372e-05,0.9751050226614923,0.024825626880418467
Low,Low,1.998107780330988e-06,0.9988871730954538,0.0011108287967656792
Low,Low,9.132569665883138e-05,0.9883856733931818,0.011523000910159266
Medium,Low,0.002352936360072748,0.5380953478011229,0.4595517158388044
Low,Low,0.001281988252301221,0.7189809664545468,0.279737045293152
Low,Low,0.00011093299105699582,0.9536665812199464,0.04622248578899671
High,High,0.9928866719391645,2.0956298433563175e-05,0.007092371762401906
High,High,0.7129706536133317,0.0042924836992416756,0.2827368626874267
High,High,0.9765130307178927,0.000152801127048345,0.02333416815505894
Medium,Medium,0.23069815458514753,0.02443915996990827,0.7448626854449442
Medium,High,0.8727028937818669,0.0007499466220286106,0.12654715959610457
High,High,0.9983449564957118,9.000373114045884e-06,0.001646043131174327
High,High,0.9182474317603674,0.0009509514043322958,0.0808016168353003
High,High,0.9864204971378443,4.49554795936162e-05,0.013534547382562014
Medium,Medium,0.15620254142109496,0.0437805880669369,0.8000168705119681
High,High,0.8766404632962382,0.0014655202926351042,0.12189401641112674
High,High,0.9931675036173415,1.3236725464047928e-05,0.006819259657194631
Low,Medium,0.011629480978883751,0.3816250290985979,0.6067454899225183
High,High,0.9707669474083165,0.0001266747961528111,0.029106377795530616
Low,Low,0.0012956743245999853,0.795340683300352,0.20336364237504798
High,High,0.9453383115105443,0.00017483650713634897,0.05448685198231931
Medium,Medium,0.023769359647690384,0.2221428792643325,0.7540877610879771
High,High,0.998263706780042,1.2205826328866177e-05,0.0017240873936291497
Medium,Medium,0.07964150621952813,0.04974973542028427,0.8706087583601876
High,High,0.9453907901882918,0.0010696000123606886,0.05353960979934754
Low,Low,0.0006882680269362037,0.9426054526056531,0.056706279367410815
High,High,0.9999500068679754,5.430385601737996e-07,4.9450093464490077e-05
Medium,High,0.5676216666219198,0.004549847754892287,0.4278284856231878
High,High,0.9957031573909444,1.69412160911799e-05,0.0042799013929644275
High,High,0.9382258779416311,0.0004503454774836989,0.061323776580885225
High,High,0.9997929778994793,2.2749430609195783e-06,0.00020474715745955995
Low,Low,0.0004609469772050244,0.9226285709497312,0.07691048207306382
Medium,Medium,0.038795572990319764,0.126255418619579,0.8349490083901012
High,High,0.9951763938008507,3.973048475537452e-05,0.004783875714394156
High,High,0.999180805081108,6.119499572177367e-06,0.0008130754193198493
Low,Low,0.000124482448928241,0.9720441991656543,0.02783131838541741
High,High,0.9911065614451626,7.42690336061493e-05,0.008819169521231292
High,High,0.9950172662037418,4.0111990268418674e-05,0.004942621805989983
Low,Medium,0.008112547233287899,0.35157916322435123,0.6403082895423609
Medium,Medium,0.09226600465505422,0.03511341295889348,0.8726205823860522
High,High,0.9922508418657513,2.9514974588744595e-05,0.007719643159659854
High,High,0.8380263355957733,0.000963128908094786,0.16101053549613184
High,Medium,0.16116311350943957,0.036778870263722646,0.8020580162268378
High,High,0.9937731599294163,1.7307049356589527e-05,0.006209533021226943
High,High,0.9811406899483989,0.0001053396090314964,0.018753970442569566
Low,Low,1.8219932855723745e-05,0.9912771631510726,0.008704616916071502
High,High,0.9987171149368338,6.640883491009761e-06,0.0012762441796751824
Low,Low,1.2834860373534515e-05,0.9960458464472048,0.003941318692421612
Medium,Medium,0.04952807191170761,0.14042077017254231,0.81005115791575
High,High,0.9338171465194577,0.00040408987911049783,0.06577876360143182
High,High,0.9255240282121459,0.0004168137858342395,0.07405915800202
High,High,0.9990361256264163,3.540952893939684e-06,0.0009603334206897168
Medium,High,0.5175270368070419,0.004557446916457197,0.477915516276501
Medium,High,0.5907395676895812,0.008161481449646263,0.4010989508607725
High,Medium,0.19322838080320978,0.020827505494032922,0.7859441137027572
High,High,0.999437462446887,1.095510030917187e-06,0.0005614420430822479
High,High,0.9961986631752314,1.530055492571074e-05,0.0037860362698429015
Medium,Medium,0.04841587918527406,0.12485304912921617,0.8267310716855099
Medium,Medium,0.035858560815051455,0.15855122796204202,0.8055902112229065
High,High,0.9211657668663078,0.00026808924486842626,0.07856614388882385
High,High,0.6644608270543578,0.004818720972446799,0.3307204519731954
Low,Medium,0.015037302538595402,0.12150131026691446,0.8634613871944902
Medium,Medium,0.1934482615022824,0.0522322753848477,0.7543194631128699
Medium,Medium,0.012439429228493561,0.2446989419072065,0.7428616288643
Low,Low,0.00022533687477904103,0.9223468326203513,0.07742783050486982
High,High,0.9769677187656943,0.00017723401890570582,0.022855047215400177
Medium,High,0.8205080198646448,0.0011576704126930889,0.17833430972266207
Medium,Medium,0.07014126525954571,0.08100948191355375,0.8488492528269005
Medium,Medium,0.008108308466898388,0.3155674553875017,0.6763242361456
Medium,Medium,0.011812690247400405,0.243893255023682,0.7442940547289175
Medium,Medium,0.012241894336370532,0.23711410022444954,0.7506440054391799
High,High,0.9636880119715026,0.00012219230205474176,0.03618979572644254
High,High,0.9975240398426604,8.595488968028742e-06,0.002467364668371529
High,High,0.7128509955600315,0.005125389911313,0.28202361452865543
High,High,0.996443502744047,4.204977346917972e-05,0.003514447482483671
High,High,0.6123636640893813,0.0024024699448404506,0.3852338659657783
High,High,0.9996487676604371,2.3365464120586356e-06,0.0003488957931508736
High,High,0.9989383964147356,6.321559897903633e-06,0.001055282025366534
High,High,0.9614360945073536,0.00025338734524133904,0.03831051814740514
High,High,0.8769218996411309,0.0008283993633075126,0.12224970099556148
High,High,0.9868332668884587,9.453205302499445e-05,0.013072201058516355
High,High,0.9318943175246417,0.00030306797171568195,0.06780261450364253
High,High,0.804831982469082,0.0026121199215804673,0.19255589760933758
Low,Low,0.0003281062682458657,0.8996853208043263,0.09998657292742781
High,High,0.6118841118278167,0.002758665851411242,0.38535722232077224
Low,Low,0.00012205300186319579,0.9708472400949624,0.02903070690317448
High,High,0.9884255232145773,5.677847125254635e-05,0.011517698314170138
Low,Low,4.438510138343262e-05,0.9954050747934601,0.004550540105156562
High,High,0.9995170351471757,3.719297583705483e-06,0.00047924555524044986
Medium,Medium,0.17864666383001784,0.04151207089539661,0.7798412652745856
High,High,0.9869939022553811,7.333464415289403e-05,0.012932763100465976
High,High,0.9963078801214098,1.3276264954748916e-05,0.0036788436136353316
Medium,Medium,0.027993683518781287,0.13696059042189415,0.8350457260593246
High,High,0.9859733209301198,9.21100358488025e-05,0.013934569034031409
High,High,0.9993717638360878,2.2665939282443817e-06,0.0006259695699839253
High,High,0.9734095804652297,0.0002523711653015835,0.026338048369468667
High,Medium,0.3191512394726646,0.0078018346551296715,0.6730469258722057
Low,Low,0.00041511585321694124,0.9171526134520118,0.08243227069477127
High,High,0.9696654674972928,0.00027077102930561566,0.03006376147340165
High,High,0.9979178567058644,6.737014433423067e-06,0.0020754062797020065
Medium,Medium,0.06806799249850119,0.07741165052437657,0.8545203569771224
High,High,0.9998374870130953,1.4875245903251353e-06,0.00016102546231453257
High,High,0.8814830226621219,0.0010275818246930331,0.1174893955131851
High,High,0.9997811981280376,2.3792950764639904e-06,0.00021642257688582678
High,High,0.9802577521111738,0.0002174171974170948,0.019524830691409
High,High,0.9784660314509198,7.315773590875316e-05,0.021460810813171527
Medium,Medium,0.08558011663300176,0.09618655788238628,0.8182333254846119
Low,Low,0.0002763111694616443,0.9475775829126993,0.05214610591783905
Low,Low,0.0008308190351837061,0.7870971947638186,0.21207198620099776
Low,Low,5.111805713802998e-06,0.9975933678843223,0.002401520309963855
Low,Low,3.575085061107303e-05,0.9950516537643089,0.004912595385080096
Low,Low,0.00010236147834984971,0.9894860651272579,0.01041157339439239
Medium,Medium,0.020965354555311903,0.047349109849099943,0.9316855355955882
Medium,Low,0.004599723191914862,0.5100452850100198,0.48535499179806535
Low,Low,3.287380026519442e-05,0.9943628707046606,0.005604255495074199
High,High,0.9305608127621754,0.0007833906861630523,0.06865579655166153
High,High,0.9965883676171852,1.392911082216418e-05,0.0033977032719926916
High,High,0.9988928009440528,1.1922454769886436e-05,0.0010952766011773892
Low,Low,0.0003864782069029504,0.9328607621986132,0.06675275959448389
Low,Low,0.0002978494246688814,0.957043013343323,0.04265913723200815
High,High,0.9411562387282346,0.0005894971138451141,0.058254264157920385
High,High,0.9896315235939428,6.990611378183225e-05,0.010298570292275185
High,High,0.9915519524967666,5.138862909555286e-05,0.008396658874137637
Medium,Medium,0.016880502319043398,0.17809253794985622,0.8050269597311004
High,High,0.9990243903898354,4.816650180140896e-06,0.0009707929599843076
Medium,Medium,0.034415329279199755,0.1413742514833606,0.8242104192374395
High,High,0.99964382988059,1.8823442649202626e-06,0.00035428777514492113
Medium,Medium,0.4397488680268428,0.015142358911677282,0.5451087730614799
High,High,0.9917591369675208,2.4197434212613817e-05,0.008216665598266544
Low,Low,1.238154427079971e-05,0.9985850598219574,0.0014025586337716909
High,High,0.9981061686366018,8.192001007270646e-06,0.0018856393623909364
High,High,0.9976244198356458,1.41141537997655e-05,0.0023614660105544857
High,High,0.8102600607379706,0.0016182205603500134,0.18812171870167932
High,High,0.9827628798866982,0.00012756298470481878,0.01710955712859698
High,High,0.8975281643608619,0.0013887526985433575,0.10108308294059482
High,High,0.9661195730168267,0.00012795308851191035,0.03375247389466116
High,High,0.9983793589048199,9.163292064947807e-06,0.0016114778031151794
High,High,0.9858182838350343,0.00013452790394332008,0.014047188261022315
High,High,0.9686940525776813,0.00017072593765414927,0.03113522148466465
High,High,0.6351711836984659,0.006058530144107587,0.35877028615742657
High,High,0.993256735790031,2.819205045715545e-05,0.006715072159511754
High,High,0.6175082784273428,0.0024827906186734045,0.38000893095398375
High,High,0.971280644401195,0.00021289521466661386,0.028506460384138437
High,High,0.9957831063876182,1.933891338700738e-05,0.004197554698994638
Medium,High,0.9525611154858539,0.0002921757224907832,0.047146708791655376
Low,Low,2.693806380176064e-05,0.9975107126075234,0.0024623493286747566
High,High,0.5246587558888929,0.008986356846987375,0.4663548872641197
High,High,0.9990782587132608,4.94616539745658e-06,0.0009167951213415866
High,High,0.793679157934398,0.0018634801524761353,0.20445736191312577
Low,Medium,0.008952903052550424,0.3255571852134398,0.6654899117340098
High,Medium,0.39855417939028587,0.006750606103646179,0.594695214506068
Low,Low,3.774929881033082e-06,0.9996307471106105,0.0003654779595085625
High,High,0.9953621479526487,2.789557112935904e-05,0.004609956476221994
High,High,0.9947113921889363,1.1729594095816168e-05,0.0052768782169678626
High,High,0.9308395742046898,0.0005149528905090583,0.06864547290480118
High,Medium,0.29594337791459135,0.024282363112696548,0.679774258972712
Medium,Low,0.003944956265512225,0.6673088763784145,0.3287461673560733
High,Medium,0.45949880830161677,0.005137791202403911,0.5353634004959793
High,High,0.9499582600101233,0.00043750308258813463,0.04960423690728863
Medium,High,0.7111513440386079,0.0020576851769600027,0.28679097078443205
High,Medium,0.4127793050827672,0.007396106398280596,0.5798245885189521
High,High,0.9934044609725134,4.333363927817093e-05,0.006552205388208498
High,High,0.9975886945417717,1.1137458539075943e-05,0.0024001679996892068
High,High,0.9885316002003584,6.589323615827704e-05,0.01140250656348345
High,High,0.9334300604459411,0.0003030446684373291,0.0662668948856215
High,High,0.9952903142073947,4.217357439137597e-05,0.004667512218213789
High,High,0.9970328901410197,2.4199645941767007e-05,0.0029429102130385304
High,High,0.8610706727156944,0.0009852346074486363,0.137944092676857
High,High,0.9942997064502787,3.3834632479148666e-05,0.005666458917242275
High,High,0.4989139911776869,0.005341817261443412,0.49574419156086974
Medium,Medium,0.05484011336160685,0.13180327396428523,0.813356612674108
High,High,0.9998793198236698,1.8417873438822047e-06,0.00011883838898622493
High,High,0.8741662249894696,0.000579513824790366,0.12525426118573987
High,High,0.9981005255168289,2.0959149234447608e-05,0.0018785153339366603
High,Medium,0.2234469206547406,0.02760765985398231,0.748945419491277
Medium,Medium,0.08707348657157592,0.030989549660527693,0.8819369637678964
High,High,0.9996472964338999,2.0644339026566187e-06,0.00035063913219733156
Medium,Low,0.0009264491754864978,0.8697844575251246,0.12928909329938895
High,High,0.9693962154238519,0.00012475778105563014,0.030479026795092345
High,High,0.9072199220841786,0.000625711968203722,0.09215436594761761
Medium,Medium,0.045047799664847066,0.1272463372866291,0.8277058630485238
Medium,Medium,0.193657141878554,0.03323423645674807,0.7731086216646981
Low,Low,3.577665573952882e-05,0.994305674351159,0.005658548993101561
Low,Medium,0.020996371311212802,0.13512230661777733,0.8438813220710099
Low,Medium,0.011349929155561534,0.31579283628280475,0.6728572345616337
High,High,0.6066941746137694,0.003049354098808946,0.39025647128742175
High,High,0.9873393119062531,5.441049336397947e-05,0.012606277600382892
High,High,0.9692260958172467,0.0003963891439820723,0.030377515038771116
Medium,Medium,0.2778207962763406,0.017351593535555696,0.7048276101881037
High,High,0.9994819019987947,3.315056597536099e-06,0.0005147829446078802
Medium,Low,0.003662348246726839,0.6744993847459234,0.3218382670073497
Low,Low,0.003615613629419431,0.6304227878540964,0.36596159851648413
Medium,Medium,0.295387859748063,0.03387598430515695,0.67073615594678
Medium,Medium,0.21298131356607175,0.051519398208009735,0.7354992882259186
High,High,0.9711550759895903,0.00020182024545330402,0.028643103764956417
Medium,Medium,0.032049810230407275,0.21902026800734775,0.748929921762245
Medium,Medium,0.08626344120406444,0.08426921757481502,0.8294673412211206
Low,Low,3.760006224146126e-05,0.9917649438636512,0.008197456074107384
High,High,0.9526631932683665,0.0003771838937962434,0.04695962283783719
Medium,Medium,0.06423512325491482,0.12860657838240608,0.8071582983626792
High,High,0.999668219314662,4.725759799463884e-06,0.00032705492553834726
Medium,Medium,0.18571179321713363,0.022372055926845918,0.7919161508560204
Medium,Medium,0.07389927108088801,0.07269429001444266,0.8534064389046693
High,High,0.9882707951061578,5.52377839336565e-05,0.01167396710990857
High,High,0.9958685324829838,1.9609014458827346e-05,0.0041118585025573876
High,High,0.9017105750437467,0.00031552586249368046,0.09797389909375971
High,High,0.999690416503999,1.5928114617750504e-06,0.0003079906845391758
High,High,0.9955501748181934,2.518181879247212e-05,0.004424643363014161
Low,Low,1.3742238941346968e-05,0.9925551419711639,0.007431115789894823
High,High,0.883967262093085,0.0005811758877732264,0.115451562019142
High,High,0.9453266255008055,0.00015155611018991534,0.05452181838900437
Low,Low,4.728550411065268e-05,0.9795239434330554,0.020428771062833924
High,High,0.999411099369864,5.8496608113106065e-06,0.0005830509693245756
High,High,0.9918007689932459,3.939114417738099e-05,0.008159839862576847
Low,Low,0.000833470092821756,0.7892075604067575,0.20995896950042053
High,High,0.8702377372921131,0.0011798355332862068,0.12858242717460064
High,High,0.9837981129846147,0.00014030104465632485,0.01606158597072887
High,High,0.9050607441001612,0.0005557287107986451,0.09438352718904017
High,High,0.9684525925376647,5.250939982877589e-05,0.031494898062506535
Medium,Medium,0.01280516430175722,0.2641962805812898,0.722998555116953
Low,Low,0.0031407125747442166,0.7700694776464929,0.22678980977876276
High,High,0.9165584508285823,0.0009542045282454191,0.08248734464317226
Medium,Medium,0.057289204692953906,0.05524001832069787,0.8874707769863482
High,High,0.9999286284647867,3.1385549816772534e-07,7.105767971497984e-05
High,High,0.8372798458343766,0.0007966481282466329,0.16192350603737668
High,High,0.9952696563319194,1.5182204438707535e-05,0.004715161463641818
High,High,0.5856380452182225,0.009921530832986565,0.404440423948791
High,High,0.9909904994627207,0.00017745308890380242,0.008832047448375398
Medium,Medium,0.07394623869207684,0.0327028764072086,0.8933508849007146
Medium,High,0.7313985518323379,0.002502528357773654,0.2660989198098884
High,High,0.608759572426828,0.002798565339063717,0.3884418622341082
High,High,0.9999415668060736,4.442725745534073e-07,5.798892135176851e-05
Medium,Medium,0.1840600092348624,0.01911079328966506,0.7968291974754724
High,High,0.9896382344896052,6.585520513638033e-05,0.010295910305258577
High,High,0.999307544257219,1.2790073584051826e-06,0.0006911767354226209
High,High,0.8725010493969022,0.0008007226622056866,0.12669822794089206
Medium,High,0.9007714703926721,0.0018952436330667748,0.09733328597426097
High,High,0.9966336451317563,1.2053163010919428e-05,0.0033543017052328605
Low,Low,0.00015662493323093595,0.9331790917398527,0.06666428332691632
High,High,0.9583197444343077,0.0002862900951071111,0.04139396547058534
High,High,0.6605059621860816,0.0022888573198824344,0.3372051804940359
High,High,0.8391665576832262,0.0009653289046470795,0.15986811341212667
Medium,Medium,0.1393654359931349,0.03987366614695498,0.8207608978599102
Low,Medium,0.07311714870283505,0.02733878686005824,0.8995440644371067
Medium,Medium,0.3486554859038349,0.027293038380558566,0.6240514757156065
Medium,Low,0.0037482112160091034,0.6750912754845697,0.32116051329942114
Low,Low,0.00047323449875947854,0.9426088255028179,0.056917939998422644
Medium,High,0.7800136321041871,0.0013861619931913502,0.21860020590262158
High,High,0.9928100053985617,2.7867737156000943e-05,0.007162126864282358
High,High,0.9963382761366867,2.50889764398875e-05,0.0036366348868733774
High,High,0.999955187357437,4.822327784585581e-07,4.433040978452814e-05
Low,Low,0.008675544324280355,0.5704735733923368,0.4208508822833827
Medium,Medium,0.26353046316434103,0.01132279972126301,0.7251467371143959
Medium,Medium,0.018493051652967052,0.19544014960950987,0.7860667987375232
High,Medium,0.10023178976743778,0.06193467791685272,0.8378335323157096
High,High,0.9986242962027271,1.1160164260022591e-05,0.0013645436330128706
High,High,0.9960852621285748,2.1271060881301225e-05,0.0038934668105440875
Low,Medium,0.015260272388558427,0.3071879929114462,0.6775517346999953
Low,Low,0.0003742058968090967,0.9188342339770663,0.08079156012612461
Medium,Low,0.00032267288569317335,0.9226079027841999,0.07706942433010691
Medium,Medium,0.056075865785176454,0.24776770876189014,0.6961564254529333
High,High,0.9810665577285242,0.00010794978958977371,0.01882549248188598
Low,Low,0.007021684776701448,0.5916306200788797,0.4013476951444189
Medium,Medium,0.0375534820536698,0.11546053730544568,0.8469859806408845
High,High,0.9989906631191005,6.608192655047087e-06,0.0010027286882445267
High,High,0.9485958738726898,0.00024256952716732345,0.051161556600142745
High,High,0.9970929214114574,1.5490850339909406e-05,0.002891587738202703
Medium,Medium,0.2136622873019104,0.026981185154288108,0.7593565275438016
High,High,0.996673931984904,9.524878515653195e-05,0.0032308192299392957
High,High,0.7153451530540763,0.0020308474572034094,0.28262399948872036
Low,Low,0.0012607421605248035,0.6729920461948067,0.3257472116446683
High,High,0.9994116661965231,4.656379039852928e-06,0.0005836774244371656
High,Medium,0.08054480382788992,0.08771795947011998,0.8317372367019901
High,High,0.9933717300745581,5.875930074703754e-05,0.006569510624694869
High,Medium,0.35967098553575133,0.013857970509613371,0.6264710439546353
High,High,0.9856847659795394,5.379426062254147e-05,0.014261439759838103
Medium,Medium,0.014745827724564883,0.383653760034833,0.6016004122406021
High,Medium,0.28729080999639933,0.009715333244954877,0.7029938567586459
High,High,0.8308680755615605,0.0013618567502611464,0.16777006768817845
Low,Low,0.0005439869293982557,0.8914397526387315,0.10801626043187025
Low,Low,0.00025987583884063553,0.9321939214478931,0.0675462027132662
Medium,High,0.5360361570014054,0.016417860089130595,0.447545982909464
Medium,Medium,0.39244796628220696,0.010745541599836312,0.5968064921179568
Medium,Medium,0.49192567995082925,0.00778311359738353,0.5002912064517872
High,High,0.9997909485828338,1.821955702179037e-06,0.00020722946146407224
High,High,0.9969280614260584,1.34012695062465e-05,0.00305853730443515
High,High,0.9999489623935816,6.143913871553673e-07,5.0423215031406514e-05
Low,Low,0.001910084351224589,0.709975642192667,0.2881142734561085
Low,Low,9.943258066799763e-06,0.9975125957841975,0.0024774609577359456
Medium,Medium,0.22487322804665882,0.02108793958274249,0.7540388323705988
Medium,Medium,0.018500916811336525,0.21114448003615371,0.7703546031525098
High,High,0.9946520878949566,2.0341655736470593e-05,0.00532757044930676
High,High,0.9997855389028325,1.6427335282204414e-06,0.00021281836363923242
High,High,0.6912506031819509,0.003074614248018833,0.3056747825700303
Medium,Medium,0.15798384474154434,0.021322630482546512,0.8206935247759092
Medium,Medium,0.06878996341360538,0.10628801897286574,0.8249220176135289
Low,Low,0.001468236960117649,0.6617498758869562,0.3367818871529262
Medium,Medium,0.3660179596063982,0.012040709915855227,0.6219413304777466
Low,Low,0.0014768771090262092,0.8754187897782669,0.12310433311270677
High,High,0.9995294751609537,2.9220061758561697e-06,0.00046760283287045046
High,High,0.9919566170701482,3.7151184796518315e-05,0.008006231745055258
High,High,0.9997079915430266,4.885285684766568e-06,0.0002871231712887281
High,High,0.9701330266724093,0.00022864564964718916,0.029638327677943322
Medium,Medium,0.07643587132656016,0.04662793478619458,0.8769361938872453
Low,Low,7.325029822921606e-06,0.9961185628060545,0.0038741121641225587
High,High,0.985038547624055,8.911138170018095e-05,0.014872340994244991
High,High,0.9981649455289524,2.3364900630830864e-06,0.0018327179809844805
High,Medium,0.37028670507546413,0.02005859516097465,0.6096546997635612
High,High,0.9992798621866577,4.286478861603359e-06,0.0007158513344807339
High,High,0.9996326065609707,5.19591971888056e-06,0.0003621975193102403
High,High,0.9975850602411939,9.364514752127444e-06,0.002405575244053892
High,Medium,0.041422834867407964,0.1050168475588767,0.8535603175737153
Medium,Medium,0.10645403369606893,0.04987984229390974,0.8436661240100214
Low,Medium,0.015532312085129087,0.2149057002984385,0.7695619876164325
Low,Medium,0.004317486548186189,0.44561205086893096,0.5500704625828828
High,High,0.9965288062880348,1.9570750850619375e-05,0.003451622961114742
High,Medium,0.3071391203638588,0.012791856246314697,0.6800690233898264
Low,Low,4.1739999765736284e-05,0.9955412320384488,0.004417027961785489
High,High,0.9997325901182381,7.271778841818954e-07,0.00026668270387774246
High,High,0.990766932480392,5.977544282217556e-05,0.009173292076785832
High,High,0.999967954899355,2.0040422610911889e-07,3.18446964188616e-05
Medium,High,0.5533832524754758,0.012253104504811605,0.43436364301971253
High,High,0.9644737690393875,0.00012924185605626103,0.0353969891045563
High,High,0.9834885382835049,0.000195478456038466,0.01631598326045667
High,High,0.9996996257262869,2.9125832452189135e-06,0.00029746169046767355
High,High,0.9982290365084208,9.905197209601774e-06,0.0017610582943696216
High,High,0.9867934065804694,4.487964247974312e-05,0.013161713777050773
Medium,Medium,0.014856149032352063,0.15345654258312483,0.8316873083845232
High,High,0.971339466269339,0.00024313698651604574,0.02841739674414489
Medium,High,0.9232042309858025,0.0004925171890180166,0.0763032518251794
High,High,0.9744247585288014,0.00016327303303269232,0.025411968438165976
High,High,0.9792246773058759,0.00015108108702724946,0.020624241607096947
Medium,Medium,0.28677730377000965,0.01650671785064781,0.6967159783793425
Low,Low,0.0009209226461574348,0.7730955565077647,0.22598352084607773
Low,Medium,0.02744439440087282,0.22529363259058016,0.7472619730085469
High,High,0.9986911716495263,1.9353843702327745e-05,0.0012894745067713025
High,High,0.9320844312455724,0.0005624473109163156,0.06735312144351117
High,Medium,0.06948747468893847,0.09116326433068432,0.8393492609803771
High,Medium,0.3781514322531362,0.0148035346763941,0.6070450330704698
Medium,Medium,0.3014540829058862,0.01782115588154474,0.6807247612125691
High,High,0.9971464339602082,1.5045700739520772e-05,0.0028385203390522266
Medium,Medium,0.021263572820781004,0.26739956969736883,0.71133685748185
High,High,0.6586168885821694,0.00316249778037107,0.33822061363745953
High,High,0.9635932405469824,0.0001149998352932816,0.03629175961772448
High,High,0.9946437153851758,0.0001055952249586126,0.005250689389865507
Medium,Medium,0.35552450432467,0.03663002184497628,0.6078454738303537
Low,Medium,0.011243414090053699,0.1481297264430145,0.8406268594669317
High,High,0.996798583932831,1.3362515547671238e-05,0.0031880535516212775
High,High,0.946405863918971,0.0011923346485587809,0.052401801432470155
High,High,0.9996670421729066,2.7215634042608943e-06,0.0003302362636889814
High,High,0.5046387060941749,0.01651956597779745,0.47884172792802765
High,High,0.9968653971719623,2.2769572832108718e-05,0.0031118332552055716
High,High,0.991019611959337,7.244778063965157e-05,0.008907940260023155
High,Medium,0.41260031024383526,0.007167770253878763,0.580231919502286
High,High,0.9894520542405992,7.151729777253474e-05,0.010476428461628438
High,High,0.9456363880238983,0.0002758513386613725,0.05408776063744048
Low,Low,0.004733247254855964,0.5899065150232038,0.40536023772194035
Medium,High,0.6528164918819649,0.0031924410584760264,0.34399106705955906
High,High,0.9873263300608726,0.00010105204888362604,0.012572617890243849
High,High,0.9792229698091592,0.00013205721026948304,0.020644972980571382
Low,Low,0.00010802668404677125,0.9608505098371752,0.039041463478777835
High,High,0.9868067857553324,9.814952962893092e-05,0.013095064715038659
Low,Medium,0.03831950922594643,0.24934309368644655,0.712337397087607
Low,Medium,0.011530069909910252,0.2892891959896752,0.6991807341004146
High,High,0.8955085314492408,0.000558210368946051,0.10393325818181318
High,Medium,0.25900416084264016,0.015072085192962966,0.725923753964397
Medium,Medium,0.11814983412148203,0.05283865450521441,0.8290115113733035
High,High,0.988438205243445,4.8109906400576715e-05,0.011513684850154313
Low,Low,0.0010298552626274821,0.7605457937471599,0.2384243509902126
High,Medium,0.18061127732086482,0.05427817331172645,0.7651105493674086
Medium,High,0.5513835628857534,0.006020771363139028,0.4425956657511076
Low,Medium,0.0048250563832140944,0.3774889459047288,0.6176859977120571
High,High,0.6864979076888736,0.002452247895786705,0.3110498444153396
Medium,Medium,0.41004036584529696,0.012519919015910722,0.5774397151387923
Medium,Medium,0.11663282710011852,0.03239122905554197,0.8509759438443395
High,High,0.9989483542162306,7.403985597790547e-06,0.001044241798171553
Medium,Medium,0.24760177534592115,0.011875158819945063,0.7405230658341337
Low,Low,7.726343432657676e-05,0.976874261830514,0.023048474735159297
High,High,0.9999219622129565,6.504054073914805e-07,7.738738163621925e-05
Low,Low,0.003795140631142454,0.6582484739329372,0.3379563854359203
High,High,0.9226686308652167,0.0007295838923257151,0.07660178524245771
Low,Low,6.386178692384605e-05,0.9474875846989292,0.05244855351414678
High,Medium,0.38268748630711436,0.022058596950172805,0.5952539167427128
Low,Low,7.845682578547229e-05,0.9782096374877252,0.021711905686489417
Medium,Medium,0.04362841249075022,0.15113603741470663,0.8052355500945431
High,High,0.711031752010887,0.002285263760407458,0.2866829842287055
High,High,0.9402979931237816,0.00020945368298394616,0.059492553193234356
High,High,0.6640955078926846,0.006984878745661873,0.3289196133616535
High,High,0.9969267095267959,2.1633296344411756e-05,0.0030516571768596508
Medium,Medium,0.23318787160220422,0.01036686413976378,0.756445264258032
High,High,0.7076238359061162,0.0031038838306603213,0.2892722802632235
Medium,Low,0.004977191194650407,0.7445202873626449,0.25050252144270463
High,High,0.943489306952157,0.0003660134204682857,0.05614467962737467
High,High,0.9997777177900601,9.67881279997045e-07,0.00022131432865993682
High,Medium,0.48217915219427754,0.01067516556750642,0.5071456822382161
High,High,0.9873948735735257,4.579110099272343e-05,0.012559335325481391
Low,Low,0.0003809735043712351,0.9014312702158339,0.09818775627979474
High,High,0.9987075950263816,5.4727641269280915e-06,0.001286932209491354
High,High,0.9994016814627674,7.077923144822839e-06,0.0005912406140878632
Low,Low,1.7145444132172774e-06,0.9996199754849351,0.00037830997065164436
High,High,0.9972352188289889,5.86034346592822e-05,0.0027061777363518087
High,High,0.9993464899436788,1.4924707019026737e-06,0.0006520175856194153
Medium,High,0.7258982936318984,0.004212576377465879,0.26988912999063575
High,High,0.9847562448034481,0.00010982002758004293,0.015133935168971657
Medium,Medium,0.030544723168982178,0.27490556265413835,0.6945497141768795
Low,Low,0.0024024189835435907,0.8511648794300378,0.14643270158641863
High,High,0.9748025084030377,0.0003035036274145057,0.024893987969547816
Medium,Medium,0.35138957117084657,0.02906987770537876,0.6195405511237747
Medium,Medium,0.02256404001084208,0.221229175886522,0.7562067841026359
High,High,0.9998679726855902,1.3531771169519731e-06,0.00013067413729264825
High,High,0.9957797542265775,6.897727458965116e-05,0.004151268498832787
Low,Low,0.0009446096814091423,0.9113119711704544,0.08774341914813648
Low,Medium,0.00673633579350024,0.46049371057754346,0.5327699536289563
High,High,0.9648836963693727,0.0002276077570844943,0.03488869587354295
High,High,0.8762174698505221,0.00041360520440750676,0.12336892494507054
High,High,0.9949938784190335,5.3937157372229365e-05,0.004952184423594159
High,High,0.6093865582335961,0.010261183087295771,0.38035225867910816
High,High,0.7827470496588315,0.0008812379654609227,0.21637171237570765
Medium,Low,0.008320219935370795,0.5271266532455163,0.4645531268191128
High,High,0.9996922879440572,9.906390510672106e-07,0.000306721416891719
Medium,High,0.7899304812760907,0.002551166214588646,0.20751835250932057
Medium,Medium,0.1784186333525321,0.013124991972588772,0.8084563746748792
High,Medium,0.22171848686029696,0.02216476132953055,0.7561167518101725
High,High,0.9818516484015558,4.495117964748715e-05,0.018103400418796843
Medium,Medium,0.00901008057551941,0.48001286482482547,0.510977054599655
High,High,0.9986126281450312,1.511575129917075e-05,0.0013722561036695852
Medium,Medium,0.3444150150298708,0.00866619256760106,0.6469187924025281
High,High,0.999340606911139,7.2069436058025375e-06,0.0006521861452551559
High,High,0.9496973026223661,0.00015504008638622227,0.05014765729124785
High,High,0.9984910813305422,5.984328503987674e-06,0.001502934340953946
High,High,0.9970677815833991,4.1825260390060464e-06,0.0029280358905618715
Medium,Medium,0.04732334088787068,0.06736959027406714,0.8853070688380622
High,High,0.9957316686928132,3.514709553849132e-05,0.004233184211648488
High,High,0.99886724035547,1.1351071331258229e-05,0.0011214085731987003
High,Medium,0.29276705227683575,0.014562115656180432,0.6926708320669839
Medium,Medium,0.07848337586671414,0.1020790893675543,0.8194375347657317
Medium,Medium,0.2865668533011205,0.011269476771608021,0.7021636699272714
High,High,0.8578746485517014,0.0007378894289191308,0.1413874620193795
High,High,0.9999622347148376,6.429687406659187e-07,3.7122316421707204e-05
High,High,0.9968017838118536,1.4213540363207595e-05,0.003184002647783131
Low,Low,0.009299990806186927,0.6245669728201845,0.36613303637362854
High,High,0.9806661929168251,0.00010774308957631699,0.019226063993598403
High,High,0.9918568814644227,2.0031095261487106e-05,0.008123087440315637
High,High,0.995880392536089,2.218105403972039e-05,0.0040974264098712744
Medium,Medium,0.3145227389991837,0.0055668887720705575,0.6799103722287458
Medium,Medium,0.06481810326571408,0.06715613066695929,0.8680257660673266
High,High,0.9935063444504583,1.604141555645001e-05,0.006477614133985201
High,High,0.9995441134344059,3.6658155537714523e-06,0.0004522207500402911
Medium,Medium,0.010206779697024305,0.3496741868471544,0.6401190334558212
Medium,High,0.6942821576726009,0.0019440845904234408,0.3037737577369757
High,High,0.9735095473674192,0.0003962806205281396,0.026094172012052535
Low,Low,2.238044857090122e-06,0.9993575664228064,0.0006401955323365954
High,High,0.9991075168891431,4.914670203963278e-06,0.0008875684406527763
High,High,0.9993353857746766,3.7696678848434924e-06,0.0006608445574384573
Medium,Medium,0.09113183382811932,0.11116418287567231,0.7977039832962083
High,High,0.9641646306206874,0.00033887111416993206,0.03549649826514255
High,High,0.9952360106111922,2.4717285778652733e-05,0.004739272103029143
Medium,Medium,0.08117223410590214,0.06577432414320647,0.8530534417508915
High,High,0.9994397613387184,4.764281326763425e-06,0.0005554743799548708
High,High,0.9950220327383693,2.749595384197801e-05,0.004950471307788782
Medium,Medium,0.2884307046213263,0.01294990158190069,0.6986193937967731
Medium,Medium,0.08840028779629315,0.06963601287224042,0.8419636993314664
Medium,Medium,0.4928773584797731,0.004535463798698465,0.5025871777215285
Medium,Medium,0.4668278473292568,0.016671302749938097,0.516500849920805
High,High,0.9970866285846611,9.403031996176877e-06,0.0029039683833428395
High,High,0.9993321701260883,2.023262200262686e-06,0.0006658066117113232
High,High,0.5789156691111459,0.0062105356667627115,0.41487379522209133
High,High,0.995027451810635,1.8994947100054786e-05,0.004953553242264934
High,High,0.995204736368149,5.142753564906939e-05,0.004743836096201899
High,High,0.9960381788154434,4.2435855885619975e-05,0.003919385328671029
High,Medium,0.39621959657166383,0.007599849863391211,0.5961805535649449
Low,Low,9.046351740204962e-05,0.9845191920580657,0.015390344424532085
High,High,0.9742757446756519,0.000188785399055308,0.02553546992529279
High,High,0.970784581191813,0.0001960130991645241,0.029019405709022335
Medium,High,0.6390733679477008,0.005201971563396593,0.3557246604889027
High,High,0.996542654791862,1.7648619221929437e-05,0.0034396965889161267
Medium,Medium,0.16063908511648692,0.03616396525700483,0.8031969496265082
High,High,0.997300082350323,1.7664192338839963e-05,0.0026822534573382054
High,High,0.9982091414348078,9.944424534148516e-06,0.0017809141406582183
Medium,Medium,0.3856495488236676,0.008979800730100105,0.6053706504462324
Low,Medium,0.15393360601062855,0.03874493279666507,0.8073214611927063
High,High,0.8998464609856476,0.00044273885550162855,0.09971080015885077
High,High,0.9580386871601823,0.00019667895274504832,0.04176463388707258
Medium,High,0.5463327642930328,0.005222713349337944,0.4484445223576293
Medium,Medium,0.3945781950510914,0.01707284989878229,0.5883489550501263
High,High,0.775377865293262,0.0008592540897982496,0.22376288061693975
High,High,0.9987232006818663,7.069898556025802e-06,0.0012697294195776513
Medium,Medium,0.08850613670785228,0.09549214297626306,0.8160017203158847
Medium,Medium,0.008741627612347999,0.300452722277892,0.6908056501097599
High,High,0.97210153998886,0.0002196862224099268,0.027678773788729995
Low,Low,0.000111461927271324,0.9877314913303823,0.012157046742346389
High,High,0.9826939981757566,7.502879412652069e-05,0.017230973030116635
Low,Low,0.00022217085889734506,0.9798647263587574,0.0199131027823452
Medium,High,0.6391828924134696,0.005087566458293576,0.3557295411282368
High,Medium,0.46099646364299146,0.010770804705208845,0.5282327316517996
High,High,0.9310157225226446,0.0009393240768947786,0.06804495340046061
High,High,0.999869265135185,7.613803820644187e-07,0.00012997348443298933
High,High,0.9994281701192779,2.369933472908836e-06,0.0005694599472492955
High,High,0.9893716029438399,0.00011415094731181625,0.010514246108848319
Low,Low,0.0014502495570362527,0.7537674535885008,0.24478229685446296
Medium,Medium,0.27774564496038956,0.02577760670588088,0.6964767483337295
High,High,0.9162567014353847,0.0005409777183670055,0.08320232084624825
High,High,0.9915079665987191,3.3728306580121485e-05,0.008458305094700856
High,High,0.9963000963726321,1.817548730980885e-05,0.0036817281400580394
High,High,0.9998833699246255,2.5845717994717483e-06,0.00011404550357511928
Low,Medium,0.02029353146277603,0.29726397955192774,0.6824424889852961
High,High,0.99989758408171,6.831022148935304e-07,0.0001017328160749999
High,High,0.9658213407635587,9.781376581558432e-05,0.03408084547062557
High,High,0.9993350019283825,3.2755322530197145e-06,0.0006617225393644275
High,High,0.9831117691467062,0.00011652632085704829,0.016771704532436787
High,High,0.9985476231185613,3.7540555135395575e-06,0.0014486228259251751
High,High,0.947563071990567,0.00042541505770128055,0.05201151295173169
High,High,0.6385062638774515,0.002208420044860015,0.35928531607768854
Medium,Medium,0.0749001941130525,0.05498386719345465,0.8701159386934928
Medium,Low,0.006258258474623982,0.575525199886874,0.418216541638502
High,High,0.9463442926746987,0.00034618708337709356,0.05330952024192438
High,High,0.9967575851464793,1.5311717176029605e-05,0.0032271031363445895
High,High,0.9886749359674966,8.095212263688874e-05,0.011244111909866407
Medium,Medium,0.01374725735830916,0.29831172165833053,0.6879410209833604
High,High,0.9973541861015646,2.8612694726441773e-05,0.0026172012037089403
High,High,0.9596232285294333,0.00015268326929923203,0.04022408820126752
Low,Low,1.4193080719946692e-06,0.9992938878083067,0.0007046928836211769
High,High,0.9920695488097712,6.369122064471745e-05,0.007866759969583996
High,High,0.9994373594038244,2.32400844477193e-06,0.0005603165877308855
High,High,0.9993192682109506,2.214939680319588e-06,0.0006785168493691562
Medium,Medium,0.019487648738377265,0.1947257324250851,0.7857866188365377
Medium,Medium,0.13811489149051984,0.0593328064383619,0.8025523020711183
High,High,0.8145710608902695,0.0008146520359600353,0.1846142870737705
High,High,0.9985683689607475,4.201580605802719e-06,0.001427429458646625
Low,Low,4.3609980867830015e-05,0.9638972025531933,0.0360591874659389
Low,Medium,0.025044502602647335,0.17783363375685046,0.7971218636405022
High,High,0.9979094607530946,6.9929020252797365e-06,0.002083546344880093
Medium,Medium,0.17573493495938644,0.047812486820662546,0.7764525782199511
Low,Low,0.00040842934683285673,0.9050922420484363,0.09449932860473086
High,High,0.9639293782970298,0.00014251772760459812,0.03592810397536551
High,High,0.9996551083098486,5.089337913976551e-06,0.00033980235223744987
High,High,0.9997384595352686,1.406958859926303e-06,0.000260133505871591
High,High,0.9995088888329716,3.1598074090750157e-06,0.0004879513596193517
High,High,0.9900467066221414,5.2653456469939896e-05,0.009900639921388536
High,High,0.9911988991885822,3.2482819681746955e-05,0.008768617991735976
Low,Low,0.006047233610949314,0.5988089637546654,0.39514380263438525
Low,Low,0.0005699372634222244,0.8903660186348045,0.10906404410177344
Low,Low,0.00010964179661006822,0.9755208377289409,0.02436952047444901
High,High,0.6912394986611146,0.001590615429391892,0.30716988590949346
High,High,0.9991537924140477,6.180158436479263e-06,0.0008400274275157581
High,Medium,0.4914552255023817,0.009548316599113368,0.49899645789850505
High,High,0.9985230498872655,2.7898709924909288e-05,0.0014490514028096249
High,High,0.9902665893719718,3.673852383341074e-05,0.00969667210419481
Medium,High,0.919582169061722,0.0006037099639910373,0.07981412097428689
High,High,0.9949992874985919,1.5212973390199367e-05,0.0049854995280178655
High,High,0.9122008203676055,0.0009314795382084803,0.08686770009418603
High,High,0.9974417456829239,8.626163195174305e-06,0.0025496281538807436
High,High,0.993581676714695,3.666305128886067e-05,0.006381660234016199
Medium,Medium,0.05068078063082301,0.20427632129110745,0.7450428980780696
High,High,0.9796591271957451,0.00016756185837272424,0.020173310945882178
High,High,0.9863173608604737,2.9803339732402928e-05,0.013652835799793678
High,High,0.8855573112105254,0.0009655250204820635,0.11347716376899263
Medium,Medium,0.0883060488818145,0.041380224256760766,0.8703137268614246
High,High,0.9988324729651613,5.350474312283312e-06,0.0011621765605265154
High,High,0.9912028272860814,4.29393030930614e-05,0.008754233410825507
Medium,Medium,0.3372323521241505,0.010923158115765157,0.6518444897600842
Medium,Medium,0.12264414214461485,0.04807361581267602,0.8292822420427092
High,High,0.7765718814100132,0.0012456221214245265,0.22218249646856222
High,High,0.9499910787540823,0.0006378540721961031,0.049371067173721674
High,High,0.9974105181435952,1.669909674899354e-05,0.00257278275965569
High,Medium,0.19972477321763188,0.025357043320519582,0.7749181834618486
High,High,0.9307870405865121,0.0004234932950763268,0.06878946611841162
High,High,0.9860393307648914,3.253057670028745e-05,0.01392813865840832
High,High,0.9896775955842493,4.053847117607851e-05,0.01028186594457473
High,High,0.959016541261377,0.00018504074104896956,0.04079841799757392
High,High,0.9999037163086374,1.4340408305462315e-06,9.484965053221233e-05
Low,Low,0.00011251256243796745,0.9810984821908191,0.018789005246743002
High,High,0.9989485525286912,9.993674709212372e-06,0.0010414537965994452
Low,Low,0.001921417577167491,0.656282300414074,0.3417962820087585
High,High,0.9956491054459965,1.9118293689214433e-05,0.004331776260314198
High,High,0.9589647514265154,0.00014596061883432086,0.040889287954650314
High,High,0.9900703721511442,0.00011270726826483427,0.009816920580590999
Medium,High,0.874153378242042,0.0007937140463334303,0.12505290771162456
Low,Low,0.0062626097299159035,0.8029663106451329,0.19077107962495105
High,High,0.9978125498965592,6.885373649052455e-06,0.0021805647297916384
Medium,High,0.8453742095277292,0.003350014734126024,0.15127577573814474
Medium,Medium,0.003964552957647564,0.3299407772205846,0.6660946698217679
High,High,0.9394026221150709,0.00021362704220247,0.060383750842726604
High,High,0.9782963849885978,0.0001341116321777399,0.021569503379224298
High,High,0.998746181809508,6.572227883351928e-06,0.001247245962608692
High,High,0.9953780256050594,4.222607288370462e-05,0.004579748322056911
Medium,Medium,0.05357190874795134,0.08949320906878984,0.856934882183259
Medium,Medium,0.4445306854516995,0.011581112960475495,0.5438882015878251
High,High,0.8609173241312766,0.001253348976070028,0.13782932689265345
High,High,0.9954302446447028,4.7492534258587286e-05,0.004522262821038731
High,High,0.9881386250814171,7.407599970238528e-05,0.01178729891888044
Medium,Medium,0.033178366632302995,0.3137427378612694,0.6530788955064276
Low,Medium,0.009819187792563137,0.2791598650701624,0.7110209471372745
Low,Low,0.0011874003351291604,0.7515371143316064,0.24727548533326435
Medium,Medium,0.20111608184337385,0.021211665992333338,0.7776722521642928
Medium,Low,0.002055903523792218,0.7177375135601137,0.28020658291609407
Low,Low,0.0018512188453863345,0.7746664728195924,0.22348230833502128
High,High,0.9982240317968604,5.566489043358797e-06,0.0017704017140961624
Low,Low,0.00037374965087548615,0.8806304203831118,0.11899582996601273
High,High,0.9893887774841251,2.7205754367157548e-05,0.01058401676150771
High,Medium,0.4064993738141389,0.009766234359796089,0.5837343918260649
High,High,0.9997307371386766,2.6460316120627648e-06,0.00026661682971132976
Medium,Medium,0.039829480466258754,0.1560007035918593,0.804169815941882
Medium,Medium,0.04005450022619917,0.11272357524819884,0.847221924525602
Medium,Medium,0.04768367165944631,0.05484940031161444,0.8974669280289393
Medium,Medium,0.005852003171488643,0.3801181652547132,0.6140298315737981
Low,Low,0.00011761994743088963,0.9721807734380541,0.027701606614515067
Medium,Low,0.0077772188287620805,0.5107082098380238,0.4815145713332141
Medium,Medium,0.009609101667989554,0.3497930181881557,0.6405978801438547
High,High,0.9934982152681744,0.00016998007724695034,0.0063318046545787245
Medium,Medium,0.15129213146382336,0.02027157968973775,0.8284362888464389
Medium,Medium,0.060040659629968025,0.07452015267252593,0.8654391876975062
Medium,Medium,0.07608842167691468,0.061030944511766216,0.8628806338113191
High,Medium,0.4947101000130304,0.005985400405336357,0.4993044995816333
High,Medium,0.47012036372938565,0.007613640824793131,0.5222659954458212
Low,Low,6.449447497146119e-05,0.9777186727173647,0.02221683280766398
High,High,0.9956255596265282,2.6880267951037833e-05,0.004347560105520619
Medium,Low,0.006860072261346066,0.5853275695699292,0.4078123581687247
Low,Low,0.0003423645289197482,0.9410411579034007,0.058616477567679376
High,Medium,0.4559255552379622,0.00687473603209908,0.5371997087299387
High,High,0.992118862697663,3.2571100788569836e-05,0.007848566201548638
High,High,0.9982956655582452,1.1838297697430347e-05,0.0016924961440571988
High,High,0.6363788383080138,0.004747889384031032,0.3588732723079552
High,High,0.9998921332596395,8.811124114482628e-07,0.0001069856279490642
Medium,Medium,0.018700044021164604,0.47122182998051837,0.510078125998317
High,High,0.9058557065021741,0.0008484106695906218,0.09329588282823532
High,High,0.9942354212758558,2.2343059729312895e-05,0.005742235664414964
Low,Low,0.00047101996621612467,0.8788387065328087,0.12069027350097512
High,High,0.9997665080182472,3.012091863054054e-06,0.00023047988988979292
High,High,0.9999163553705953,1.0621538230611342e-06,8.258247558151664e-05
High,High,0.9925872659063653,4.520743983786654e-05,0.007367526653796776
High,High,0.9977499156120695,1.9375721114478304e-05,0.002230708666815979
Medium,High,0.8089833400372183,0.0014313679316177352,0.1895852920311641
High,High,0.9929990501114979,3.650674818290018e-05,0.006964443140319223
Medium,Medium,0.09727172859765104,0.1182318310688217,0.7844964403335273
Low,Low,0.0007979007178180227,0.8331790917608145,0.1660230075213674
Low,Medium,0.058678699817806955,0.08885454548162651,0.8524667547005665
Medium,Low,0.0022521711245033346,0.7697609504178778,0.22798687845761884
Medium,Medium,0.120093164002887,0.030873493871525756,0.8490333421255871
High,High,0.8936002666576829,0.0008370238559049467,0.10556270948641214
Medium,High,0.9511865425070155,0.0002262546629834618,0.04858720283000097
High,High,0.9911960775862915,4.2644508045755985e-05,0.008761277905662753
High,High,0.9973714426525663,5.72470242339793e-06,0.002622832645010247
Low,Low,0.0023050392825994053,0.6893398336712706,0.3083551270461301
High,High,0.9997050382563789,1.923586207109656e-06,0.0002930381574140549
Low,Low,0.0037701382594792754,0.7300767255720473,0.2661531361684734
Low,Low,2.9970758488662692e-05,0.9869026612564483,0.013067367985063109
High,High,0.9961515661413853,9.183044008766198e-06,0.003839250814605868
High,High,0.9776030740212873,0.0002113478523021897,0.022185578126410428
High,High,0.8742347111372697,0.0005666619552417851,0.12519862690748854
Medium,High,0.9169947347197397,0.0006224380666623007,0.08238282721359792
Low,Low,2.710997401654352e-06,0.9995121476626244,0.000485141339973763
Medium,Medium,0.09387321856661708,0.056282740609916546,0.8498440408234664
Medium,Medium,0.13126694537960742,0.03172780160962297,0.8370052530107697
High,High,0.9905775322414544,8.849889874983864e-05,0.009333968859795838
High,High,0.9901354624788044,5.643406679391548e-05,0.00980810345440163
High,High,0.9755903178740758,0.0002623657233749012,0.02414731640254933
High,Medium,0.41996054705408675,0.010600923157102602,0.5694385297888107
Medium,Medium,0.4129773241818434,0.011915799724003258,0.5751068760941533
High,High,0.9768022987704937,0.00010471907173318655,0.02309298215777302
High,High,0.9808031470446509,2.883100005714937e-05,0.019168021955292134
Medium,Medium,0.13258576037656794,0.01021268271666997,0.8572015569067621
High,High,0.997118903258115,2.7448728079329074e-05,0.0028536480138055707
High,High,0.894239537098414,0.001077003933094153,0.10468345896849184
Low,Medium,0.008603838491359013,0.4409303250386892,0.5504658364699517
Low,Low,0.002939713990578524,0.504903587264081,0.49215669874534046
Low,Medium,0.00970758266239918,0.395343924957791,0.5949484923798097
High,Medium,0.484356622121172,0.0072877003309449245,0.5083556775478831
High,High,0.999680220143076,1.2451355571622204e-06,0.00031853472136670577
Low,Low,0.005911312737145019,0.6000378897612896,0.3940507975015653
High,High,0.9995146461946166,2.156386858205622e-06,0.00048319741852514503
Medium,Low,0.0038749671827063644,0.5649266604006045,0.4311983724166892
High,High,0.9992792332836117,5.068849786141558e-06,0.0007156978666022164
Low,Low,0.0017497268915838528,0.5592679118096622,0.43898236129875395
High,High,0.9969451245936043,1.2132019838592917e-05,0.003042743386557185
Medium,Medium,0.043537534250230096,0.2582231493737433,0.6982393163760267
Low,Medium,0.01975446552631799,0.2037410316491857,0.7765045028244965
Medium,Medium,0.3320405728676571,0.025035166246737923,0.6429242608856051
High,High,0.9971430945647988,1.5121321268747114e-05,0.0028417841139324533
High,High,0.8330114136136827,0.0016916713850597114,0.1652969150012575
High,High,0.9835401011488228,9.290938523533253e-05,0.016366989465942023
High,High,0.8670619475565835,0.0009839072456642303,0.13195414519775236
Low,Low,1.8400979450277694e-06,0.9994668047148498,0.0005313551872053216
High,High,0.9968535555235676,1.0437069671123232e-05,0.003136007406761209
High,High,0.9698273832263004,0.0001053422157578175,0.03006727455794192
Medium,Medium,0.011177884932531449,0.23851080686062906,0.7503113082068394
Medium,Medium,0.03125728541168764,0.08906080396239677,0.8796819106259156
Medium,Medium,0.3929743732783367,0.013997748372285476,0.5930278783493779
High,High,0.7357613056883912,0.007194237803692145,0.25704445650791674
High,High,0.9743919772893134,7.695125512433513e-05,0.02553107145556228
Medium,Medium,0.03397948611785281,0.20292831853134508,0.7630921953508022
Medium,Low,0.000535208118161168,0.9420816468070292,0.05738314507480975
Medium,Medium,0.0508869618150082,0.041638530422042686,0.9074745077629491
High,High,0.9947661073758263,1.9785609553184435e-05,0.005214107014620646
High,High,0.8090197473811338,0.001350727793934676,0.1896295248249315
High,High,0.9904960849389748,0.00022638382538768943,0.009277531235637569
High,High,0.9997684601432023,2.2303108070078405e-06,0.0002293095459907576
Medium,Low,0.0026503425252632816,0.643035333059904,0.3543143244148328
High,High,0.9722467188502649,0.0001510319536556423,0.027602249196079426
Low,Low,0.00023986367937686926,0.9399389733537656,0.059821162966857445
Medium,Medium,0.006062281562146542,0.47403625269244837,0.5199014657454051
Low,Medium,0.010515383777747583,0.23184922735737457,0.7576353888648779
High,High,0.9702363790589018,0.0002575975916541566,0.029506023349444067
High,High,0.9973922560593494,7.655827513034003e-06,0.0026000881131373124
Medium,Medium,0.05815257497277112,0.07447968649411593,0.867367738533113
Low,Low,4.811649290507585e-05,0.987283270640573,0.01266861286652201
High,Medium,0.04666193180602261,0.24981585820798283,0.7035222099859946
Medium,Low,0.001255096144221341,0.861062164572643,0.13768273928313574
High,High,0.9991457272576988,2.3541810596224403e-06,0.0008519185612417657
High,High,0.9957172325499256,1.7346885119729913e-05,0.00426542056495479
Medium,Medium,0.10088055291448682,0.045273688385308875,0.8538457587002043
High,High,0.8896565110439997,0.0006334743531879607,0.10971001460281223
Medium,Low,0.005631761205442992,0.5576330826395833,0.4367351561549737
High,High,0.933946660718282,0.0003203668204787074,0.06573297246123926
High,High,0.9328882844757388,0.0002628032686191496,0.06684891225564216
Medium,Medium,0.015851218062079665,0.14398124013608327,0.8401675418018372
Low,Medium,0.02251906861247812,0.14097210697032378,0.8365088244171981
Low,Low,2.3438216435495274e-05,0.9974663464417789,0.002510215341785628
Low,Low,0.00022112100261021254,0.9552242395778893,0.04455463941950039
High,High,0.9978018481815785,2.2955013546753345e-05,0.0021751968048748663
High,High,0.5403832325869702,0.0022624084268812643,0.4573543589861487
Low,Low,5.495247053715733e-06,0.9978382853932162,0.002156219359730153
High,High,0.9818196625514869,7.38359329543379e-05,0.01810650151555866
High,High,0.8050831058019293,0.0046746862980652434,0.1902422079000053
Medium,Medium,0.10660459812585538,0.07538662459431211,0.8180087772798325
Low,Low,0.0004894926330059172,0.8912803301667876,0.10823017720020657
High,High,0.9987987882403334,9.608311280716196e-06,0.0011916034483858686
High,High,0.6955965420480464,0.002269336952429865,0.30213412099952364
High,High,0.824325469675701,0.001216392028581914,0.17445813829571702
High,High,0.9983583184099666,1.3656009244139668e-05,0.0016280255807891364
High,High,0.9990435000395083,1.0004294305541058e-05,0.0009464956661862125
High,High,0.9172570877473832,0.000393869461334183,0.08234904279128255
Medium,Medium,0.40579239949218626,0.006065850550959447,0.5881417499568543
Low,Low,0.0007575676797357521,0.9129274545884124,0.0863149777318519
High,High,0.9978086179614228,7.096317226692838e-06,0.0021842857213504366
High,High,0.9980523978143216,2.036906463828467e-05,0.0019272331210401386
Medium,Low,0.0012489265623539716,0.7617448956445125,0.2370061777931334
High,High,0.9502002117047044,0.0002785037748620379,0.04952128452043369
Medium,Medium,0.4832137035259169,0.007580733171257889,0.5092055633028252
High,High,0.9997150728482239,1.9847368479960495e-06,0.00028294241492801084
High,High,0.9988089071402989,6.230612717725512e-06,0.0011848622469834327
Low,Medium,0.0044078915847073205,0.40439035971407294,0.5912017487012198
Low,Medium,0.010324991148222024,0.37402511616924894,0.615649892682529
High,High,0.9998458961673321,1.2583861282129913e-06,0.00015284544653977519
High,High,0.9995165104937735,1.2692477613252371e-06,0.0004822202584650755
High,High,0.9962284772465854,1.3633254558653277e-05,0.00375788949885596
High,High,0.9815570869620155,0.00013643886193705812,0.0183064741760474
Medium,Medium,0.12252404897361624,0.12493969292005548,0.7525362581063283
High,High,0.6327021649568728,0.0030545984175633857,0.3642432366255637
Medium,Medium,0.07430017695406392,0.09120317313435912,0.8344966499115769
Low,Low,4.613952278088892e-05,0.9782266744684025,0.021727186008816655
High,High,0.9949239388597926,4.354045486008358e-05,0.005032520685347318
Medium,Medium,0.004706259708125291,0.44248302061688866,0.552810719674986
Medium,Medium,0.2062515097711109,0.01649483389896342,0.7772536563299257
High,High,0.9999557080937084,3.1878187760448065e-07,4.397312441407928e-05
Medium,Medium,0.3117192129786672,0.04362776503630028,0.6446530219850325
Medium,Low,0.008165568105733741,0.5174689675860168,0.4743654643082495
High,High,0.9645308419177664,0.00023630471127294024,0.03523285337096088
High,High,0.9980050143329467,1.9390279799950833e-05,0.0019755953872532318
High,High,0.9972230395353542,1.317092032943404e-05,0.002763789544316363
High,High,0.9955211523227676,3.34897240436445e-05,0.004445357953188726
High,High,0.8917234374777535,0.0002888341606046125,0.10798772836164197
High,High,0.9895694101009276,5.715327995285011e-05,0.010373436619119512
Medium,Low,0.006576265478189536,0.5144786904373694,0.4789450440844411
Medium,Medium,0.003937428293120714,0.44554663898689395,0.5505159327199853
Medium,Medium,0.05261571854446616,0.12096658761094334,0.8264176938445905
High,Medium,0.34335825767635514,0.010809869580938032,0.6458318727427068
High,High,0.9997693951962557,2.2787121968749326e-06,0.0002283260915474074
High,High,0.9997202500815735,1.531517585199884e-06,0.000278218400841282
High,High,0.9979948114200053,7.057700450618875e-06,0.001998130879544006
High,High,0.8753037705723565,0.0006862295984923138,0.12400999982915115
High,High,0.9956051957663462,2.8705219506802167e-05,0.004366099014146864
High,High,0.9580936163190813,0.00015135509437183325,0.04175502858654672
High,High,0.9718329336677005,0.000103535892929791,0.02806353043936971
Low,Low,0.0007416533866984712,0.8444461767303756,0.15481216988292587
Medium,Low,0.013380923762073007,0.5825130816672937,0.4041059945706333
Medium,Medium,0.014483083090755263,0.11280123074433943,0.8727156861649052
Low,Low,1.2474689936197025e-05,0.9924203660595826,0.007567159250481229
Medium,Medium,0.19900822302117224,0.0120082242202866,0.7889835527585412
Medium,Medium,0.06235637333165285,0.1910457676491296,0.7465978590192176
High,High,0.9982085866452447,2.463469948510764e-05,0.001766778655270193
Medium,Medium,0.11902436498560992,0.048006327717464777,0.8329693072969254
Low,Medium,0.032101507487653926,0.14317559510744068,0.8247228974049055
High,High,0.9919661706967393,3.848404615282603e-05,0.00799534525710793
High,High,0.9997744652021876,6.204372203243478e-07,0.00022491436059207245
High,High,0.9802196187304106,7.96515411020874e-05,0.01970072972848723
Medium,Medium,0.22890535409982063,0.01348109920905877,0.7576135466911206
High,High,0.8727723004913138,0.0011304699088525133,0.12609722959983377
High,High,0.8436136584960457,0.0010781354691584628,0.1553082060347958
High,High,0.9915783046220572,5.358949356542963e-05,0.008368105884377476
Low,Low,3.4965876975735265e-05,0.9922140128298369,0.007751021293187335
Medium,Medium,0.02473674236584709,0.2120767322793767,0.7631865253547762
High,High,0.9969453770466683,9.945380894200575e-06,0.0030446775724374017
High,High,0.9992270716999153,4.088678891683944e-06,0.0007688396211929949
Medium,Low,0.009183401231425503,0.5601537708927872,0.43066282787578725
High,High,0.9947489309719775,2.142753985984162e-05,0.005229641488162734
Low,Low,0.003718862347505487,0.5775919680534566,0.41868916959903796
High,High,0.9998862519383833,1.051711495791527e-06,0.0001126963501208762
High,High,0.9997493438891881,1.4557691086205953e-06,0.0002492003417032093
High,High,0.9988291117372938,7.019850422521069e-06,0.0011638684122836885
Low,Low,4.009969762147189e-05,0.9815944387131357,0.018365461589242987
High,High,0.9861533119012736,7.441875233505662e-05,0.013772269346391149
Medium,Medium,0.1851929771784542,0.012479218248918511,0.8023278045726273
High,High,0.9928906551855924,4.0786977106810073e-05,0.00706855783730091
Medium,Medium,0.014960709064871737,0.25508831787350195,0.7299509730616263
High,High,0.9273382252479151,0.00044198230491731573,0.07221979244716763
High,High,0.9999122781199585,9.016710927617149e-07,8.682020894870597e-05
High,High,0.9939860178001302,2.0936305847162586e-05,0.005993045894022699
High,High,0.9998858411884092,1.0361563687420447e-06,0.00011312265522227956
High,High,0.8802955294631041,0.000818566236300528,0.11888590430059537
High,High,0.9993959829797866,4.363769862065058e-06,0.0005996532503512623
Medium,Medium,0.4005876859051754,0.013427879899153491,0.5859844341956711
High,High,0.9996029872862392,4.06288014638851e-06,0.0003929498336142528
Low,Medium,0.10143443439322809,0.09177292365337612,0.8067926419533957
High,High,0.9994819226185934,6.0608393686349555e-06,0.0005120165420380939
Medium,Medium,0.059372256438810604,0.08983346574765194,0.8507942778135374
High,High,0.9890452351681769,5.95838205445511e-05,0.010895181011278485
High,High,0.9840315707797107,4.437634251384285e-05,0.015924052877775277
Medium,High,0.8739251468883651,0.0006078917652634916,0.12546696134637145
High,High,0.9993263933712752,1.681986605684454e-06,0.0006719246421191732
High,Medium,0.23570768153824595,0.015050426882872453,0.7492418915788817
Low,Low,0.009210729023811107,0.6197720215705331,0.3710172494056557
High,High,0.5042594502575298,0.004670998227187895,0.49106955151528225
Medium,Low,0.003611181203541199,0.5798655050955539,0.416523313700905
High,High,0.9995582652027944,1.5086697076474213e-06,0.00044022612749801415
High,Medium,0.10049817032327081,0.02990424949898945,0.8695975801777397
High,High,0.9861934240128937,0.00010182874304944268,0.013704747244056908
Medium,Medium,0.005723390239726918,0.4935889785158255,0.5006876312444476
High,High,0.9990416322637489,8.641008423288597e-06,0.0009497267278278965
Medium,Medium,0.4337209352786393,0.019601942027165708,0.5466771226941951
High,High,0.9992542687895449,5.7832230412057875e-06,0.0007399479874139263
High,High,0.9999170384911996,2.8627256323289215e-07,8.267523623701212e-05
Low,Low,0.000845147364122838,0.8106518951640628,0.18850295747181448
High,High,0.9184791250860042,0.000586775311096496,0.08093409960289916
High,High,0.819059673048843,0.0013923056911651127,0.17954802125999186
Low,Low,5.370661592560972e-06,0.9986488037230465,0.0013458256153607935
High,High,0.9688345490008291,0.00011777987698784115,0.03104767112218308
High,High,0.9991665540284822,3.134084479862245e-06,0.0008303118870379338
Medium,High,0.8469127973197805,0.001268067356942584,0.1518191353232769
High,High,0.9995451839852246,5.610833220459595e-06,0.0004492051815549768
High,High,0.9354338711740006,0.00045637884353782906,0.06410974998246174
High,High,0.9480595514271939,0.0001485826671502289,0.051791865905655786
High,High,0.993942671986941,6.027626455836235e-05,0.005997051748500745
High,High,0.9550980660212415,0.0002333835021404658,0.044668550476618246
High,High,0.9917582716527501,3.480405125627489e-05,0.008206924295993531
High,Medium,0.12716177755340216,0.031911133570260396,0.8409270888763374
Medium,High,0.8115290014445459,0.004219377783143335,0.18425162077231097
Medium,Low,0.003448343907594591,0.7488193762943214,0.24773227979808402
High,High,0.9969230713221985,7.2450131948437595e-06,0.003069683664606505
High,High,0.9984782765648014,5.20672811200903e-06,0.0015165167070866333
High,High,0.9973597756767725,1.0348752721307652e-05,0.0026298755705061946
High,High,0.9951153841716065,4.647274200673219e-05,0.004838143086386582
Medium,Medium,0.04044620062548682,0.2055764685157532,0.7539773308587601
High,Medium,0.43925055385976,0.011950482715056616,0.5487989634251834
High,High,0.9907130316022023,7.641694485696365e-05,0.009210551452940969
Low,Low,0.0001664081495390773,0.966078222329849,0.03375536952061196
Medium,Low,0.0015745404443608842,0.6090501978663003,0.3893752616893388
High,High,0.9987143030950044,6.841265732298375e-06,0.0012788556392632502
Low,Low,0.004048648384501826,0.6665387816161651,0.32941256999933327
Medium,Medium,0.036409968714212766,0.11886093454095163,0.8447290967448355
Low,Medium,0.013437086074115312,0.21729775276309285,0.7692651611627919
High,High,0.9640953922843388,0.00028954796600138335,0.03561505974965972
High,High,0.9998256065770712,1.3931898854210917e-06,0.00017300023304339982
High,High,0.9998167273474382,6.806644943570308e-07,0.0001825919880673946
Low,Low,3.6649203715948117e-06,0.9989504282786763,0.0010459068009520363
Medium,Medium,0.3256203159275955,0.020605833749824172,0.6537738503225804
Medium,Medium,0.25278985172508944,0.04767806393780009,0.6995320843371104
High,High,0.9883745675995188,6.819825941110208e-05,0.0115572341410701
High,High,0.9978470447726208,7.865714630319012e-06,0.002145089512749011
High,High,0.9896049779121919,4.071744196201276e-05,0.010354304645845958
High,High,0.8534238828618508,0.000745507991198027,0.14583060914695137
High,High,0.9992712279749618,3.4042527804322854e-06,0.0007253677722578925
Medium,Medium,0.042516985080377545,0.15133417985703612,0.8061488350625864
High,High,0.9781221404055058,7.08914392263925e-05,0.02180696815526765
Medium,Low,0.007859213932940281,0.5896008342526564,0.40253995181440333
Medium,Medium,0.012554372069575855,0.3152718462249458,0.6721737817054783
Medium,High,0.8640721094314908,0.0013490312204341084,0.13457885934807504
Medium,High,0.520139149318512,0.012200740358043697,0.4676601103234443
Low,Low,0.000363143682996506,0.9419037945554551,0.05773306176154827
High,High,0.9925170423964289,3.667231094310126e-05,0.007446285292628093
Low,Low,0.0003348891941024814,0.8487419408032002,0.15092317000269737
Low,Low,0.0010497004270498243,0.7160723025934328,0.2828779969795173
High,High,0.9018605747676132,0.0010451245914856362,0.0970943006409011
Low,Low,9.903257065495262e-05,0.980661560969127,0.01923940646021796
Medium,Medium,0.3236545445340771,0.02535899589529811,0.6509864595706247
High,High,0.9994416722270028,3.9599937040272205e-06,0.0005543677792933272
Low,Low,0.0012188128012757876,0.9296767863107885,0.06910440088793557
High,High,0.9989480999463733,4.1105482575503985e-06,0.001047789505369219
High,High,0.9993467571324361,3.948385799529047e-06,0.0006492944817642336
Low,Low,0.00016125144844580822,0.9488729685649325,0.05096577998662176
Low,Low,1.4122284109921944e-05,0.9978349289895401,0.0021509487263500567
High,High,0.9903399704639974,6.322568077058169e-05,0.009596803855232072
High,High,0.9876388884164918,9.697406935401993e-05,0.012264137514154288
High,High,0.9869733452966016,6.189526152930822e-05,0.012964759441869225
High,High,0.9632727134571717,8.226977173490742e-05,0.03664501677109349
Low,Low,0.007123045935863248,0.5699274447908708,0.4229495092732659
High,High,0.9962481819406808,2.7308343916261894e-05,0.0037245097154029938
High,High,0.9809279550662173,8.342515857910403e-05,0.018988619775203604
High,High,0.9890869528916962,3.776421751361867e-05,0.010875282890790162
High,High,0.9977732698228636,1.2913480725659947e-05,0.0022138166964107515
High,High,0.9918040507670068,4.274253677065876e-05,0.0081532066962225
High,High,0.9997322092790815,1.0216406123677474e-06,0.00026676908030629247
Medium,Medium,0.002787746484009356,0.4758640469387662,0.5213482065772244
Medium,Low,0.005161645245198645,0.6634807461103751,0.33135760864442626
High,High,0.984777148273349,3.087306839898494e-05,0.015191978658252142
High,Medium,0.275173788191996,0.01195185786657092,0.7128743539414332
High,High,0.9995653357131842,1.7196240538739685e-06,0.0004329446627618341
High,High,0.9963633921942461,3.7081541106901785e-05,0.0035995262646469945
High,High,0.9787196628976712,0.00010503440887702074,0.021175302693451702
Medium,Medium,0.049925797371551346,0.13395616296077298,0.8161180396676757
High,High,0.9995119596373112,8.943596281068796e-06,0.00047909676640761997
High,High,0.9995516602429751,2.9723415365475566e-06,0.00044536741548844547
Medium,Medium,0.25439144078412934,0.012108130480176232,0.7335004287356945
High,High,0.9979010290408641,2.5542765064987915e-05,0.0020734281940710747
High,High,0.983358988584182,7.76489114758329e-05,0.016563362504342132
High,High,0.9989682638654196,1.0381601511851888e-05,0.001021354533068607
High,High,0.9978895129017749,4.003890523680954e-06,0.002106483207701314
Low,Medium,0.007713669106386643,0.21590223030491798,0.7763841005886954
Low,Low,0.00021879978078110838,0.9360313135420457,0.06374988667717314
High,High,0.9735056043068089,0.00013635610007254763,0.02635803959311873
Medium,Medium,0.4915037478289593,0.0043172490631966,0.5041790031078441
High,High,0.9754032494335195,0.00016664536559724618,0.024430105200883376
High,High,0.992860009551506,2.0359504578391997e-05,0.007119630943915749
High,High,0.9997668532884008,1.4548082870553758e-06,0.00023169190331208628
Medium,Medium,0.037848242750741744,0.12858158657408425,0.833570170675174
Low,Low,0.00023839786793102393,0.9571164487422249,0.04264515338984396
High,High,0.9562856243176344,0.00022219197176485543,0.04349218371060076
High,High,0.9999748940566202,4.804858559659648e-07,2.4625457523924293e-05
Medium,Medium,0.214653892201076,0.029402589953487556,0.7559435178454365
Medium,Medium,0.02207045799963788,0.3264655494712469,0.6514639925291152
High,High,0.9917088145814955,4.972075990716283e-05,0.008241464658597403
High,High,0.9743627729234019,0.00015690085337709777,0.02548032622322097
Low,Low,0.0001857692760436874,0.9654147225107865,0.03439950821316985
High,Medium,0.4292923998357446,0.013678701841393807,0.5570288983228616
High,High,0.9995706651971509,3.522378444160146e-06,0.00042581242440498665
Low,Low,0.001065949613061031,0.8241597151501572,0.17477433523678193
Medium,Medium,0.47324271405783674,0.007708751615253563,0.5190485343269098
High,High,0.9994028659976928,5.324389216356784e-06,0.0005918096130908179
Low,Low,0.005274488763082491,0.5780820497678656,0.4166434614690518
Medium,Medium,0.016713426755940092,0.31525161080146896,0.6680349624425909
High,High,0.9473692498402125,0.00021512854447028448,0.052415621615317334
Medium,Medium,0.2621511171744227,0.012213711747024118,0.7256351710785531
Medium,Medium,0.03399643831093352,0.07413232871658625,0.8918712329724803
High,High,0.9959391723623611,1.5319867521346433e-05,0.004045507770117608
High,High,0.4959497914133338,0.01012287795209115,0.49392733063457506
High,High,0.9800401720205217,0.00012482596805079587,0.019835002011427412
High,High,0.9987699728490657,3.983082874617594e-06,0.0012260440680597266
High,High,0.9914437465017104,5.034315258737617e-05,0.008505910345702384
High,High,0.9750675127922998,0.000113715662856309,0.024818771544843854
High,High,0.9993799607802983,5.376448941787674e-06,0.0006146627707598199
Medium,Medium,0.2039269365405347,0.014549452225967617,0.7815236112334978
Medium,Medium,0.41377528280149034,0.00774703517289689,0.5784776820256128
Medium,Medium,0.02685533121316915,0.25429149813143664,0.7188531706553943
High,High,0.9996923609076073,2.2650938506623074e-06,0.0003053739985420587
High,High,0.9990564567941093,6.845383994772041e-06,0.0009366978218959789
High,High,0.7273327638114195,0.004056472963375969,0.26861076322520444
High,High,0.9956645342562305,1.5183564664671829e-05,0.004320282179104786
High,High,0.9876089148204992,0.00010317911008103562,0.012287906069419902
Low,High,0.5555652411084897,0.00676228869550269,0.43767247019600763
Medium,High,0.7656045814659419,0.0034615826108330577,0.23093383592322497
High,High,0.9934393675299065,5.7335187497565175e-05,0.0065032972825958095
High,High,0.999164365686176,1.047247372287035e-05,0.0008251618401010882
Medium,Medium,0.18513669604652963,0.03430038397012977,0.7805629199833406
High,Medium,0.4479672508373553,0.0033443995879767663,0.5486883495746678
Low,Low,8.70253519716372e-05,0.9692582552220216,0.030654719426006855
High,High,0.9938878072405384,2.051941614399719e-05,0.006091673343317689
High,High,0.9940331672760604,1.7571019292093532e-05,0.0059492617046475425
High,High,0.9946172970633527,2.3942962908169455e-05,0.005358759973739188
High,Medium,0.17865863375791566,0.008210578119603414,0.813130788122481
Medium,Medium,0.06911315195197887,0.04305626752170524,0.8878305805263158
High,High,0.9486614597243556,0.0003354340407479538,0.0510031062348966
Medium,High,0.7946893591290208,0.003858686147361683,0.20145195472361757
Low,Low,0.00042180112295253517,0.8707592295036544,0.12881896937339316
High,High,0.9986364038082108,6.583186499024003e-06,0.0013570130052901423
High,High,0.6321110125225893,0.003517328618024415,0.3643716588593863
High,High,0.8433882152859566,0.0010963292124845062,0.15551545550155896
High,High,0.7743724047059763,0.001509177152604929,0.2241184181414187
High,High,0.9986176134712802,1.0032925350651215e-05,0.0013723536033692608
Medium,Medium,0.08699285357956943,0.06094705146079103,0.8520600949596394
High,High,0.9831132029664794,6.360607992916675e-05,0.016823190953591364
Low,Low,5.507257582197108e-06,0.9990431027911313,0.0009513899512864898
Low,Medium,0.004029499440867623,0.4459609240441914,0.5500095765149409
High,High,0.7008624971421133,0.0028565074762420873,0.2962809953816446
High,High,0.9728441079827123,5.500858309403402e-05,0.02710088343419367
High,High,0.9548816958755985,0.00024428834644872523,0.04487401577795284
Low,Low,0.0006228614823094147,0.8523306463063832,0.1470464922113073
High,High,0.9656476829222843,0.000351527198331509,0.034000789879384215
Low,Low,0.0005982741983703356,0.9065152079341285,0.09288651786750102
Medium,High,0.5393279975129133,0.019970216738469555,0.44070178574861724
Medium,Medium,0.1661192231697476,0.028761806752525865,0.8051189700777266
Low,Low,0.0006965959981632441,0.8964751895449596,0.10282821445687698
High,High,0.9816627446481476,0.00015193352011795495,0.01818532183173439
Medium,Medium,0.003965479993152024,0.4915639955379039,0.504470524468944
Low,Low,0.00010953422919379462,0.9607400379895801,0.03915042778122627
High,High,0.9997353665647751,2.1226188285766112e-06,0.0002625108163960875
Medium,High,0.7162749726636848,0.002872336049623828,0.28085269128669127
High,High,0.9813781774348824,9.403729039849825e-05,0.01852778527471923
Low,Low,0.002772718564615833,0.7459862221035468,0.2512410593318372
High,High,0.978056513960652,0.0001586441996596308,0.021784841839688433
Medium,High,0.6398767176564129,0.005087102044283196,0.355036180299304
High,High,0.9992366827201866,3.892212990818333e-06,0.0007594250668225784
High,High,0.9856216992326837,3.836830809801162e-05,0.014339932459218363
High,High,0.952892672833404,0.0002866274533570309,0.04682069971323912
Low,Medium,0.01299125182332673,0.4179247414418996,0.5690840067347737
High,High,0.9886865984042454,2.7319804630931393e-05,0.011286081791123764
High,High,0.990920871960549,3.5957668076992756e-05,0.009043170371374028
High,High,0.9432565218627376,0.0003270767945010858,0.05641640134276149
High,High,0.7151208384441746,0.002989039283235456,0.2818901222725898
Medium,Medium,0.017548448054123113,0.21360491662097633,0.7688466353249006
High,High,0.9993683978404138,5.158039256254886e-06,0.0006264441203299747
Low,Low,9.806170469886431e-05,0.9438279862227011,0.05607395207259995
Medium,Medium,0.03474520603371825,0.08174976744570105,0.8835050265205806
High,High,0.9984306964415994,5.626532202319518e-06,0.0015636770261983608
High,High,0.9988790103775353,6.006324550707118e-06,0.001114983297914124
High,High,0.9860138872354461,6.859580897814774e-05,0.013917516955575693
High,High,0.9953751231560891,1.2447498581187713e-05,0.004612429345329762
Low,Medium,0.010759815475334005,0.4008438166753515,0.5883963678493145
High,High,0.9989546109213603,5.87941344612339e-06,0.0010395096651937181
Low,Low,0.0006491128425305486,0.8858685724795157,0.11348231467795375
High,Medium,0.41793518557462456,0.006438760472714002,0.5756260539526614
High,High,0.974625598303531,0.0001316349166842048,0.025242766779784796
High,High,0.9999571450647944,5.663982118851474e-07,4.228853699375309e-05
High,High,0.9999455917064708,6.762734229822392e-07,5.373202010634798e-05
Medium,Low,0.005836261553618157,0.6106237683201117,0.3835399701262702
High,High,0.981205679289797,0.00012437783866039998,0.018669942871542694
High,High,0.9935648908003617,3.474059249546289e-05,0.006400368607142793
Medium,Medium,0.008634323153154563,0.48284582144738014,0.5085198553994653
High,High,0.9815777786638261,0.00010098499010828257,0.018321236346065542
Low,Low,0.0011511212908880306,0.8418695419444152,0.15697933676469675
Medium,Low,0.00108374558367494,0.73075547814915,0.26816077626717494
High,High,0.9494584123008848,0.0005353160446422871,0.05000627165447301
High,High,0.999883786807197,1.1587610337656685e-06,0.00011505443176930754
High,High,0.8533637391422644,0.0010893595516938278,0.14554690130604184
Low,Low,0.001750240786901226,0.7771695373143643,0.22108022189873444
High,Medium,0.37457654284617925,0.010290265918213356,0.6151331912356074
High,High,0.7473166102320487,0.000972422751612354,0.25171096701633905
High,High,0.9992232688655059,3.825070379346691e-06,0.0007729060641146824
High,High,0.8256441308954879,0.001899108451141628,0.17245676065337032
High,High,0.9969214989567989,2.0140046256622973e-05,0.003058360996944487
Low,Low,0.0004223078287303859,0.9414860570432861,0.05809163512798347
Medium,High,0.6973728733957858,0.008193540149826376,0.2944335864543879
High,High,0.8283714547987003,0.0012200649440227862,0.17040848025727695
Medium,Medium,0.08310360951863582,0.10091786358644826,0.8159785268949159
Low,Low,0.00017666782863049645,0.9616799441969414,0.03814338797442819
High,High,0.9914918538359331,2.8160166888701055e-05,0.008479985997178287
Medium,Low,0.0010950457039186489,0.8995270695448071,0.09937788475127418
High,High,0.9996649955995247,1.9389576088668365e-06,0.0003330654428663547
High,High,0.9777280367719837,0.0001375402952435726,0.022134422932772683
Low,Low,9.889463092111721e-05,0.9714055497044081,0.028495555664670873
High,High,0.9984633324172664,1.105560723293809e-05,0.0015256119755007395
High,High,0.9809086251404612,0.00019513028007111103,0.018896244579467845
High,High,0.9399054419768124,0.000227409018901669,0.059867149004285976
High,High,0.9533771435514454,0.0002597773186550604,0.0463630791298994
High,High,0.779950012789023,0.0034385322023917377,0.21661145500858525
High,High,0.9998992551337064,1.61749753509746e-06,9.912736875868715e-05
High,High,0.9993366344058643,3.0034907614717435e-06,0.0006603621033743336
Medium,High,0.7720241566558285,0.0010898970250737086,0.22688594631909778
Medium,Medium,0.00854767245180512,0.337007352503246,0.6544449750449489
High,High,0.9938841449757011,3.259769048018082e-05,0.0060832573338187685
Low,Medium,0.03608103265765124,0.28749309711194426,0.6764258702304045
High,Medium,0.43951106450611416,0.03355820698201869,0.5269307285118671
High,High,0.978398164806041,0.0001402521854902574,0.021461583008468715
High,High,0.9993609389966854,1.0165850622670572e-05,0.0006288951526919327
Medium,Medium,0.01713365008253605,0.19096333007543892,0.7919030198420249
High,High,0.9735744905236215,0.00015100608656415441,0.026274503389814442
High,High,0.9934449543659248,9.983370137177262e-05,0.006455211932703277
Medium,High,0.9572304569035919,0.00019482305549476685,0.04257472004091339
High,High,0.9774581767128527,0.00019871141916363657,0.0223431118679835
Medium,Medium,0.4044365271657529,0.01780221721231106,0.577761255621936
Medium,Medium,0.10277832841700779,0.18100098272060078,0.7162206888623914
Medium,Medium,0.008267068149316442,0.25832562228709893,0.7334073095635847
High,High,0.9989293732355422,1.698924369168262e-05,0.0010536375207661592
High,High,0.6857070489198659,0.0034456925594694775,0.3108472585206647
High,High,0.6732500425189402,0.004580057759051891,0.3221698997220079
High,High,0.5381697180725191,0.003924456725988763,0.45790582520149214
Low,Low,0.0004673774262716221,0.8719024472712172,0.12763017530251108
Medium,Low,0.0024086127516055626,0.6054936612306933,0.3920977260177011
High,High,0.7063533242562888,0.002436155806325577,0.29121051993738556
High,High,0.9972496426772198,2.0112130797016416e-05,0.0027302451919829136
High,High,0.9995246970372179,7.1062481155240915e-06,0.0004681967146666826
Low,Low,7.69392711893743e-05,0.9873862607904741,0.01253679993833655
Medium,Medium,0.18686683940937618,0.02202471286131155,0.7911084477293123
High,High,0.9989491564302886,5.73906764763011e-06,0.001045104502063772
High,Medium,0.4837779432263438,0.011846884443879534,0.5043751723297766
High,High,0.9245180790603179,0.0002976323931585338,0.07518428854652359
High,High,0.9998700258737314,7.281427271982351e-07,0.00012924598354140747
High,High,0.999730161343419,8.749847449362727e-07,0.00026896367183627703
High,High,0.9911003713038896,3.44305783434367e-05,0.008865198117767075
High,High,0.979798463643987,7.734764868451768e-05,0.020124188707328475
High,High,0.9852355182980048,7.035280313123526e-05,0.014694128898863954
High,High,0.8372050687902053,0.0007899283288970213,0.16200500288089753
High,High,0.9992447148412239,5.336324609742693e-06,0.0007499488341662074
Low,Low,0.0013000468494810057,0.6726482930079852,0.3260516601425338
Medium,Medium,0.13885941702409074,0.07474276481824652,0.7863978181576627
Medium,Medium,0.02233786973261291,0.20000851180241627,0.7776536184649708
High,High,0.9992096314218338,5.822394023088541e-06,0.0007845461841428572
High,High,0.9838279395721375,8.735909892449646e-05,0.016084701328937863
Medium,Medium,0.49042882015320427,0.01102606928868404,0.49854511055811157
High,High,0.9417527233858031,0.0006103334645865547,0.05763694314961042
High,High,0.9995652906083904,3.302854279743624e-06,0.0004314065373297714
High,High,0.901682245354028,0.00045266288906117467,0.09786509175691087
Medium,Medium,0.07405541755337253,0.034014581935939966,0.8919300005106874
High,High,0.8607101219732876,0.0009906894660140961,0.13829918856069823
High,High,0.9098630010675441,0.0003051678184336387,0.08983183111402225
Medium,Medium,0.08061393408841572,0.07207484120041821,0.847311224711166
High,High,0.9996485280734655,1.2898308655086632e-06,0.0003501820956688828
Low,Low,2.2882586984008305e-06,0.9993426877508851,0.0006550239904166557
High,High,0.7993509947412053,0.0025489368019671246,0.1981000684568275
High,High,0.9984589248909891,4.1251108144114075e-06,0.0015369499981965752
High,High,0.9799420629105083,4.494413198269818e-05,0.020012992957509006
Medium,Low,0.0008733500714246243,0.8547889907918399,0.14433765913673552
High,High,0.9693551976172728,0.0001278086926333556,0.030516993690093776
Medium,Medium,0.43558505887109317,0.012541084103688286,0.5518738570252185
Medium,Medium,0.2830292069576,0.04037356834979376,0.6765972246926062
Medium,Low,0.0007750557649403484,0.8747228254702122,0.1245021187648474
Medium,Low,0.0026187148761176965,0.6927931857546312,0.30458809936925113
High,High,0.9990527284653057,4.821458909205384e-06,0.000942450075785076
High,High,0.9982416409543758,9.061004533905895e-06,0.001749298041090184
High,High,0.9952300515925971,4.559454386890891e-05,0.004724353863533961
Medium,Medium,0.06678847782564323,0.03479213059590333,0.8984193915784535
High,High,0.5883360866984453,0.00763932974734618,0.40402458355420845
High,High,0.9996791111208813,1.5721344712183142e-06,0.0003193167446475485
Low,Low,0.00156345068028974,0.6432372559534527,0.3551992933662576
Low,Medium,0.042022975365855815,0.15435457640392572,0.8036224482302186
High,High,0.9998301416088246,1.6433136998340181e-06,0.0001682150774756719
Low,Low,3.430143417148858e-05,0.9863909487531871,0.013574749812641349
High,High,0.9984794456175318,1.5978148747699232e-05,0.0015045762337206794
High,High,0.9995789162002034,2.622390435231467e-06,0.0004184614093614582
Low,Low,0.0004599148860122988,0.8891259440785189,0.11041414103546868
Medium,Medium,0.06749405567607807,0.1051062650169815,0.8273996793069405
Low,Medium,0.09329138645362169,0.04930720365106973,0.8574014098953087
Low,Low,8.1531761727553e-07,0.9998966029266503,0.00010258175573249042
Low,Low,0.00038068420917491253,0.889321788642154,0.11029752714867104
Medium,Medium,0.01500495056905315,0.16855931515566183,0.816435734275285
High,Medium,0.29075977716656715,0.013524248085273253,0.6957159747481596
High,High,0.9983031969779769,2.473150678000707e-06,0.0016943298713450723
High,High,0.9986668235442211,5.521482450084282e-06,0.0013276549733286026
High,High,0.9214228921549429,0.0004562842260128514,0.07812082361904435
High,High,0.9991584002203792,3.532014198115143e-06,0.0008380677654227896
Low,Low,2.0820440819250007e-05,0.9924478288477735,0.007531350711407109
High,High,0.9432416621619606,0.0004891742126826523,0.056269163625356895
Medium,Low,0.017166926476643682,0.5458579510754624,0.4369751224478939
High,High,0.9893719662097507,3.3849561361787635e-05,0.010594184228887707
Medium,Medium,0.01385104819176929,0.1069076636044782,0.8792412882037524
High,High,0.9934310484410255,7.504717887465217e-05,0.006493904380099891
Medium,Medium,0.09001208858569659,0.06726556141101153,0.8427223500032919
High,Medium,0.363616761398132,0.018691004477504516,0.6176922341243635
High,High,0.719750778674171,0.0027174175355065343,0.27753180379032244
High,High,0.9789286283444014,8.295529429676404e-05,0.020988416361301842
High,High,0.9709101131503304,0.00020422182930817943,0.02888566502036129
High,High,0.9667602915376097,0.00011059984401108638,0.03312910861837923
High,High,0.9997287136400372,1.5350573353460725e-06,0.0002697513026274657
High,High,0.9984581258073167,5.609641442348853e-06,0.001536264551240968
High,High,0.9890508051695155,5.4767992274514955e-05,0.010894426838209957
High,Medium,0.2950506483928758,0.018143460580329448,0.6868058910267948
High,High,0.9858920835687325,9.811664868632881e-05,0.014009799782581135
Medium,Medium,0.05814015204821072,0.05730293800607187,0.8845569099457175
High,High,0.9690329129867036,0.0002230064660423582,0.030744080547254075
Low,Low,7.3246523615075e-06,0.9959684104179868,0.004024264929651795
Low,Low,9.383483778178184e-06,0.997920579114961,0.0020700374012608777
High,High,0.6590362955100428,0.004777389226661999,0.3361863152632951
High,High,0.97971698320382,7.919389357682515e-05,0.02020382290260335
Medium,Medium,0.11358060160163562,0.027938211279764875,0.8584811871185994
High,High,0.9709247701702621,0.00010558240707719337,0.028969647422660706
Low,Low,2.867899968624322e-05,0.994840677675459,0.005130643324854577
Medium,Medium,0.019685809599745592,0.21484331256079967,0.7654708778394547
High,High,0.99656418340407,1.4860244443465293e-05,0.003420956351486537
High,High,0.7925496907466826,0.0017033824267937926,0.20574692682652368
High,High,0.8665766329329893,0.0011232039758732148,0.13230016309113743
High,High,0.9854092197159374,0.00011172227193754956,0.014479058012125078
High,High,0.9608326261010546,0.00015637144517830788,0.03901100245376722
High,High,0.9305927114444421,0.00034249113866813654,0.06906479741688978
Medium,Medium,0.058540550432207225,0.049045257518523386,0.8924141920492694
Medium,Medium,0.011638296028256204,0.16364412856345717,0.8247175754082866
Medium,Medium,0.17356867240887847,0.019581502774878405,0.806849824816243
Low,Medium,0.006914728627750422,0.373221867677149,0.6198634036951005
High,High,0.9502319587772246,0.00016752483474326605,0.04960051638803218
High,High,0.896504197250114,0.0006290645767512295,0.10286673817313459
High,High,0.9994996687640995,6.340228192139555e-06,0.0004939910077082813
High,High,0.9993358752478426,3.949055372453648e-06,0.000660175696784887
High,High,0.9983108811668183,9.757901114039898e-06,0.0016793609320675906
Medium,High,0.5575861312947383,0.004743407219498807,0.43767046148576294
High,High,0.9821888319347972,6.235388646303616e-05,0.017748814178739646
High,Medium,0.14744339320535702,0.07723356499817295,0.7753230417964702
High,High,0.995956760958906,1.3876418190808599e-05,0.004029362622903293
High,High,0.9999055233749536,1.1573167114741778e-06,9.331930833476207e-05
Low,Low,7.381626485810404e-05,0.9694031191132698,0.03052306462187193
Low,Low,0.002153033572353106,0.7547388478633172,0.24310811856432982
High,High,0.6521184155157674,0.0017468255276818976,0.34613475895655066
Low,Low,0.0033763333761931916,0.5155115911735719,0.4811120754502349
Medium,Medium,0.231435873130941,0.007217093221179111,0.7613470336478798
High,High,0.9982161243102927,1.5586644939984047e-05,0.0017682890447672918
Low,Low,0.005999531287213323,0.5770027492518718,0.41699771946091485
High,High,0.9678671575112022,0.0002580690678702012,0.03187477342092755
Medium,Medium,0.0076984363678139905,0.44569298475771246,0.5466085788744736
High,High,0.9928861119242136,3.337429098396235e-05,0.007080513784802489
Medium,Medium,0.003985142381995356,0.4640135264228016,0.5320013311952031
Medium,Medium,0.0877139141010638,0.05089438320553454,0.8613917026934016
High,High,0.8838024984740828,0.00107414881058958,0.11512335271532753
High,High,0.6586052510659486,0.004454023924126639,0.3369407250099247
High,High,0.9380604844950763,0.0003585860770099514,0.06158092942791375
High,High,0.9993263606671982,3.441427660333682e-06,0.0006701979051414631
High,High,0.9955198314350338,2.6971373573633202e-05,0.004453197191392737
High,High,0.9846168072391698,8.099685540227716e-05,0.01530219590542787
Medium,Medium,0.19614855982110493,0.02029393332028146,0.7835575068586135
Low,Low,0.0037514986958303337,0.7761059859662974,0.22014251533787224
Medium,Low,0.0008778053359517791,0.8025911039191658,0.1965310907448824
Medium,Medium,0.20191536757493908,0.02087895536891989,0.7772056770561411
High,High,0.9846561838243332,0.00031120269560031374,0.015032613480066456
Low,Low,0.0007496599220064808,0.8836058036476924,0.11564453643030131
High,High,0.9998683388154723,9.893096447180242e-07,0.0001306718748829755
High,High,0.9609878296485268,0.0006460624624654314,0.038366107889007704
Medium,Medium,0.4376126608484796,0.007324722052211622,0.5550626170993087
High,High,0.9837604863816047,0.00013177986864325872,0.016107733749752124
High,High,0.9988489837454856,1.021464313972261e-05,0.0011408016113745572
High,High,0.8409599826490107,0.0005478192012662226,0.15849219814972307
High,High,0.9980684700479014,8.498272776534229e-06,0.001923031679322174
High,High,0.9982675732960694,3.899352711605888e-06,0.0017285273512189264
High,High,0.9965553334570624,3.989467011391507e-05,0.003404771872823751
High,High,0.9991751023437081,4.8941780979586585e-06,0.0008200034781939898
High,High,0.9361364770492548,0.0004159108671758075,0.06344761208356921
High,High,0.9996637037920746,2.726457913148548e-06,0.00033356975001232024
High,High,0.8750550015224016,0.0005311572021991162,0.12441384127539927
Medium,Medium,0.19153221623419178,0.029514055823544112,0.778953727942264
High,High,0.9973081894477362,1.797301057421285e-05,0.002673837541689618
High,High,0.9997155516730085,1.7612416574063454e-06,0.0002826870853341619
High,High,0.9972399211972618,1.54279341971344e-05,0.0027446508685411383
High,Medium,0.11752275707345895,0.06875885552615664,0.8137183874003843
High,High,0.9950544970177145,2.1339496874076294e-05,0.004924163485411367
High,High,0.99792142815414,8.226310831022647e-06,0.0020703455350289572
High,High,0.9647039644450289,0.00013023692303386052,0.03516579863193701
High,High,0.999590867585514,2.3670589320549083e-06,0.0004067653555540741
Low,Low,0.0005730099385501358,0.9156421850277424,0.08378480503370758
High,High,0.9978794982585967,1.6366819319746832e-05,0.0021041349220837107
High,Medium,0.21210067468002294,0.007362018398418159,0.780537306921559
Low,Low,0.0017645495294892296,0.7181353037676453,0.28010014670286537
Low,Low,0.00012708480019266052,0.9892799802360815,0.010592934963725665
High,High,0.9999337786486705,8.813488506238997e-07,6.534000247883961e-05
High,Medium,0.20594064657482433,0.033168829258157,0.7608905241670186
High,High,0.951425627234941,0.000537084779553517,0.04803728798550548
High,High,0.9999588154442055,6.537647395674444e-07,4.0530791054997894e-05
High,High,0.80018635435767,0.0021175042551535503,0.1976961413871764
Medium,Medium,0.056547945624404045,0.211215580181598,0.732236474193998
High,Medium,0.4058322851668852,0.005413828391660742,0.588753886441454
Medium,Medium,0.03217036696108434,0.2652090169843605,0.7026206160545552
High,High,0.9971467092567184,1.1107200450326882e-05,0.002842183542831083
Medium,Medium,0.33106191426636106,0.01934877933811885,0.64958930639552
Medium,Medium,0.028873810604084216,0.09451602543669345,0.8766101639592223
High,High,0.501730663588069,0.009210950891763233,0.4890583855201678
High,High,0.9985542758241677,5.276662161126797e-06,0.0014404475136713724
High,High,0.9876286497755299,3.149505849799919e-05,0.012339855165972054
Medium,Medium,0.02493654892508978,0.15184183493172834,0.8232216161431819
Medium,Medium,0.10477932175395868,0.03607666381589207,0.8591440144301493
High,High,0.6671315209322765,0.0019311294189931724,0.33093734964873023
High,High,0.999349598672097,6.286673377657885e-06,0.0006441146545252922
Medium,Medium,0.4279321993108222,0.007191378347377739,0.5648764223418
High,High,0.9220487315458119,0.000519232461678927,0.07743203599250922
High,High,0.9970738187959748,4.416484067631398e-06,0.002921764719957534
High,High,0.9731782922944405,0.00013229005450667532,0.02668941765105289
Medium,Medium,0.03417329012370144,0.22384400446352584,0.7419827054127727
Medium,Medium,0.015609822917997914,0.26019802987548385,0.7241921472065183
High,High,0.9476055165623714,0.0003081681414174699,0.05208631529621102
High,High,0.7183067470790505,0.006332171771612154,0.2753610811493372
High,Medium,0.2289033695155415,0.024434975837205143,0.7466616546472533
Medium,Medium,0.31004446371329586,0.028180167906560916,0.6617753683801432
High,High,0.9944809425629729,3.318345033613233e-05,0.0054858739866909395
High,High,0.9993463004930974,7.281024637296162e-06,0.0006464184822652086
High,High,0.9921572149763275,2.9863066003146195e-05,0.00781292195766941
High,High,0.9983831715155579,1.2029649187528143e-05,0.0016047988352545352
Medium,High,0.5246215501086233,0.006651703224016494,0.4687267466673602
Low,Medium,0.006066023240416429,0.26555384721344405,0.7283801295461396
High,High,0.9935801009819428,3.0311902693711994e-05,0.006389587115363467
High,High,0.9974205343943635,1.985528011563772e-05,0.002559610325521001
High,High,0.9990983416922188,3.7672832245155716e-06,0.0008978910245567713
Low,Low,9.268730011328476e-06,0.9983374196925495,0.0016533115774389194
Low,Low,4.914452794270521e-05,0.9891123365348863,0.010838518937170938
High,High,0.5290277090080368,0.004464515276102714,0.4665077757158605
High,High,0.9998414455822617,1.3378122196417256e-06,0.0001572166055185139
Medium,Medium,0.028345138790813615,0.1692794639378468,0.8023753972713396
High,High,0.9817762785208819,8.44919275816009e-05,0.018139229551536663
High,High,0.9795483544399834,7.071872649465775e-05,0.02038092683352184
Medium,High,0.799612902395657,0.00140592955014986,0.19898116805419322
Low,Low,1.6269614098403676e-05,0.9890617583082616,0.010921972077640054
High,High,0.9997921353170535,9.407900856138529e-07,0.00020692389286077823
High,High,0.9780127570127207,9.257245111702578e-05,0.021894670536162383
Medium,Medium,0.03854151584876904,0.13785809600542726,0.8236003881458037
Low,Low,0.00309488592813424,0.6798134575509179,0.3170916565209479
Medium,Medium,0.03450522509181652,0.10669695996561727,0.8587978149425662
High,High,0.9998085998324101,1.3546486785748248e-06,0.00019004551891121582
Medium,Medium,0.3761386047383145,0.007765394244103413,0.6160960010175822
Low,Low,3.468916677555929e-06,0.9991706210713444,0.0008259100119780359
Low,Low,0.000790965748315546,0.8107545235077682,0.18845451074391617
High,High,0.9990130649297092,8.684395037837992e-06,0.0009782506752529737
High,High,0.8809542352997677,0.0011719087768822711,0.11787385592334998
High,High,0.7912689298184635,0.0027787239054652517,0.20595234627607112
High,High,0.7040129149454755,0.0034288209375643655,0.29255826411696007
Medium,Medium,0.006959157402175216,0.3466102740381622,0.6464305685596625
Medium,Low,0.0008381309791066811,0.8566096458376136,0.14255222318327967
High,High,0.9663166184094689,0.00016889529046666156,0.033514486300064386
High,High,0.9956150639882039,1.958441330690369e-05,0.0043653515984894125
High,High,0.9262054664264981,0.00017984927613177981,0.07361468429737013
High,High,0.9793919129372028,7.872664468065388e-05,0.020529360418116288
High,High,0.9999201080626899,1.4606775690436708e-06,7.843125974098181e-05
High,High,0.742230665338993,0.010575377405214883,0.2471939572557923
Medium,Medium,0.43522005869814295,0.008678827950064704,0.5561011133517924
High,High,0.999716373428028,2.3728339233520945e-06,0.00028125373804862685
Medium,Medium,0.3170137660220867,0.016629269864560363,0.666356964113353
Low,Low,0.0004621768177853921,0.8589358977835969,0.1406019253986177
High,High,0.9689621681578579,0.000261892826850377,0.030775939015291694
High,High,0.9998960966026874,1.8283789225684236e-06,0.00010207501838990539
High,High,0.9952738150772296,1.3023152641718547e-05,0.004713161770128724
High,High,0.9996797220394011,3.8146541101004427e-06,0.00031646330648877935
High,High,0.784114038526157,0.002792287220012075,0.21309367425383094
Low,Low,0.0018184185792090046,0.8307698451038706,0.16741173631692013
High,Medium,0.06532727033608098,0.14075087449396198,0.7939218551699571
High,High,0.9981883670691251,9.172924258393144e-06,0.0018024600066164332
High,High,0.9996856429797507,1.003203382373276e-06,0.0003133538168669054
High,High,0.9938113904774315,5.830963566304767e-05,0.006130299886905491
Medium,Medium,0.008502569677617712,0.34469171771760393,0.6468057126047784
Low,Low,6.64697565104985e-05,0.9921565764896059,0.00777695375388368
High,High,0.9084455310708668,0.0014930814884090045,0.0900613874407243
High,High,0.9949264768848736,1.5166415469516694e-05,0.0050583566996570345
Medium,Medium,0.15000060437131219,0.05561527539131575,0.7943841202373721
High,High,0.9984282914473753,1.0315905482596872e-05,0.001561392647142194
High,High,0.9985925777195396,1.0200060265766155e-05,0.0013972222201946787
High,High,0.9519460026846703,0.00026100411679749026,0.04779299319853227
Medium,Medium,0.05081514928047428,0.10988406370903366,0.8393007870104922
High,High,0.9362856814318856,0.0004977073984950368,0.06321661116961935
Medium,Medium,0.03734191927036322,0.025824731546974348,0.9368333491826624
Low,Low,2.1965378385221428e-06,0.9994445611364842,0.0005532423256772838
Medium,Low,0.0013661637432938868,0.8034084615733085,0.1952253746833976
Medium,Medium,0.08700327358673692,0.07503094244568016,0.8379657839675829
High,High,0.9985800569285008,6.9802705043746525e-06,0.0014129628009947922
High,Medium,0.04537894563302732,0.10916010205540859,0.845460952311564
High,High,0.9983189183571402,6.286262011763172e-06,0.0016747953808480863
High,High,0.9984766248889013,7.090120729756596e-06,0.0015162849903690098
High,Medium,0.03037643078172616,0.058362501837534116,0.9112610673807396
High,High,0.9998972346924712,5.735984599046061e-07,0.00010219170906876089
High,High,0.9981871496177261,1.4280231833137613e-05,0.0017985701504407787
Low,Low,0.0003216066124863674,0.9716634747179618,0.028014918669552042
High,High,0.9841363622448687,0.00016075891378712794,0.015702878841344182
Medium,High,0.6995709064398468,0.0030926670799964282,0.2973364264801568
High,High,0.9998826206103223,4.114337833026152e-07,0.00011696795589430653
High,High,0.9498523206278044,0.00043629897767590345,0.04971138039451971
High,High,0.9816652600679386,6.918962531768407e-05,0.01826555030674374
High,High,0.999848712985778,1.8185856579842387e-06,0.00014946842856394503
Low,Medium,0.010797504095279948,0.3463509916293908,0.6428515042753292
High,High,0.9448719050394464,0.0003373444401278552,0.05479075052042568
High,High,0.9969161244136534,2.8619179822211193e-05,0.0030552564065244613
High,High,0.7417735271416527,0.002748145935881196,0.25547832692246614
Low,Low,0.0017269536135284134,0.5490699873800029,0.44920305900646873
High,High,0.9999446207660524,9.221994801682805e-07,5.445703446750411e-05
Medium,High,0.6020713300734558,0.00529849193230626,0.39263017799423783
High,High,0.9985409053697001,6.707485542913238e-06,0.0014523871447572226
High,High,0.7811228415498033,0.002213971255556045,0.21666318719464084
High,High,0.9794913002026163,0.00027555290787161635,0.020233146889512162
Medium,Medium,0.03629165334457299,0.21376239721240903,0.749945949443018
High,High,0.9998408410032801,1.0746547200414721e-06,0.00015808434199988405
High,High,0.9978614180358191,1.0056634901815372e-05,0.002128525329278958
Low,Low,0.004573728545622111,0.6002831245570398,0.395143146897338
High,High,0.8476200343812892,0.0011898444493415278,0.15119012116936947
High,High,0.9998319926117265,1.1971645731641267e-06,0.00016681022370030425
High,High,0.998213746257884,3.5851613538556734e-06,0.0017826685807623911
High,High,0.7983939786035293,0.0011263023569791605,0.2004797190394915
High,High,0.9983705107090112,7.451421766468337e-06,0.0016220378692223551
High,High,0.9998874719740889,1.011036787716979e-06,0.00011151698912357908
High,High,0.9633819173657366,0.00012299601311197047,0.036495086621151286
High,High,0.6169591643933078,0.004008817585971897,0.3790320180207204
High,High,0.9604775371285779,0.00022702095153350353,0.03929544191988877
High,High,0.9916934156116849,3.4711946369122655e-05,0.008271872441945912
High,High,0.9909349193764322,4.853566816299074e-05,0.009016544955404823
High,High,0.9995400071186477,2.597187958787295e-06,0.0004573956933935316
High,High,0.9872523154076555,3.7824196842024555e-05,0.012709860395502483
Low,Medium,0.02780767716343204,0.23217755381478666,0.7400147690217812
High,High,0.9991701102471736,9.562579009326227e-06,0.0008203271738169905
High,High,0.8760183459696024,0.00096077195486159,0.12302088207553598
High,High,0.9985665571133241,1.0544437707045574e-05,0.0014228984489687722
Medium,Medium,0.12344028078444164,0.040284887579332525,0.8362748316362258
Low,Low,0.00024982550695091984,0.979200657696397,0.020549516796651957
High,High,0.7445535867103943,0.0017611295197491775,0.2536852837698567
Medium,Low,0.002742533321836733,0.5807989692402393,0.4164584974379239
High,High,0.9032054575618043,0.00035126601374738136,0.09644327642444835
High,High,0.7088293305988513,0.002488947614404075,0.2886817217867446
High,High,0.6065022899241748,0.002949222023425843,0.39054848805239933
Medium,High,0.9814666510536312,8.639607295870419e-05,0.01844695287340995
High,High,0.997664713520144,8.48705499415533e-06,0.002326799424861822
Medium,Medium,0.3377158025707798,0.011639912106142897,0.6506442853230773
High,Medium,0.15256400956736438,0.03326943069332304,0.8141665597393126
Medium,Medium,0.016068383254691048,0.24178575037427238,0.7421458663710365
High,High,0.9983696293138524,6.363012627768718e-06,0.0016240076735199417
Medium,High,0.5122837729374388,0.005013508843206456,0.48270271821935473
High,High,0.9991289751557315,8.036052608170274e-06,0.0008629887916604121
High,High,0.9857520071170822,4.270925271769384e-05,0.014205283630200134
Medium,Medium,0.026573120366355413,0.1558169355103541,0.8176099441232905
Low,Low,2.7475945801962015e-05,0.9969031227080658,0.003069401346132227
High,High,0.9990142548974419,1.4673622161700375e-05,0.0009710714803965458
High,High,0.9999331295569007,6.223893154577351e-07,6.624805378383605e-05
Medium,Low,0.0003899698803728956,0.9036032145221955,0.09600681559743153
High,High,0.6331890116989212,0.006294762180374731,0.36051622612070405
High,High,0.9727161152276247,0.00011687995903585396,0.027167004813339356
High,High,0.9870550495528748,3.392745260940275e-05,0.012911022994515785
Low,Low,0.0003934512460389002,0.9759181091400704,0.023688439613890704
High,High,0.914393537818346,0.0018099935054439087,0.08379646867621017
High,High,0.9978683148727182,9.783327527445287e-06,0.002121901799754366
High,High,0.9998345270745946,1.2047491946408732e-06,0.00016426817621073437
Low,Low,0.001840813462698675,0.6219521557882224,0.37620703074907896
High,High,0.9982893187398232,3.932190070579967e-06,0.0017067490701061887
High,High,0.982833765873896,5.403504202375111e-05,0.017112199084080255
High,High,0.50645238698729,0.00990696857476983,0.4836406444379402
Low,Medium,0.008542545474066727,0.3112351360289966,0.6802223184969367
High,High,0.7430935883787595,0.003799832614823056,0.25310657900641736
High,High,0.9971553704382543,2.4290010803536288e-05,0.002820339550942279
Low,Low,0.0028635624974485655,0.6820714694120948,0.3150649680904566
High,High,0.9992257883293024,1.6150543359294048e-06,0.0007725966163617637
High,High,0.9984877088193697,1.189164176047696e-05,0.0015003995388697632
High,High,0.9840518829367014,0.0001079946983671189,0.015840122364931424
Medium,Medium,0.012032337448720532,0.27264042834194807,0.7153272342093314
Medium,Low,0.002067026106639877,0.6074675601311519,0.3904654137622082
High,High,0.9979163673940024,3.4154573054802116e-05,0.002049478032942902
Medium,High,0.6102185432359044,0.0028103847911656763,0.38697107197292996
High,High,0.9813230213103993,6.133784021090667e-05,0.018615640849389832
Medium,Medium,0.11449986559119976,0.058460390849414096,0.8270397435593861
High,Medium,0.27652211601500903,0.02299236546821576,0.7004855185167752
Medium,Medium,0.03771589455437804,0.1492745971982494,0.8130095082473726
Low,Low,4.4790078141120375e-06,0.9978987026178042,0.0020968183743817217
Low,Low,5.20148046373558e-05,0.9815227881937708,0.018425197001591776
High,High,0.9987074112757555,1.0534447647062521e-05,0.0012820542765974241
High,High,0.9952700633764977,1.3614847618429877e-05,0.004716321775883812
High,High,0.9970779119779293,1.3400057754860988e-05,0.0029086879643158148
Low,Low,0.0002289643480743794,0.959404522056866,0.04036651359505967
High,High,0.9984656082693617,1.2671634541111483e-05,0.0015217200960969974
High,High,0.9208066483847782,0.0003318226373976881,0.07886152897782427
High,High,0.9995441937608178,1.684848092528671e-06,0.00045412139108965424
Medium,Medium,0.04630113151753785,0.08751938864076526,0.866179479841697
Medium,Medium,0.3886779361193753,0.011767300821650431,0.5995547630589743
High,High,0.9950524779546553,1.0955599557780457e-05,0.004936566445786676
High,High,0.9945697870247941,3.557544471788841e-05,0.005394637530487927
Medium,Low,0.013145872288927232,0.549099007748902,0.43775511996217087
Low,Low,7.627002590248267e-05,0.9903550468124058,0.009568683161691653
High,High,0.9987369119845884,8.760775613956974e-06,0.0012543272397975286
Medium,Medium,0.005055587595334305,0.3938433888978477,0.6011010235068179
Low,Low,4.7291269451142434e-05,0.983048206244388,0.016904502486160884
High,High,0.9732839899474168,0.0001337340163175994,0.026582276036265593
Low,Medium,0.05271108069136082,0.18987095324568137,0.7574179660629579
Low,Low,0.00036819132335329306,0.9465968095184224,0.053034999158224266
High,High,0.9998196772380967,4.000406406350346e-06,0.00017632235549693728
Medium,High,0.7417950443733375,0.003020008248444375,0.25518494737821806
High,High,0.5536569743164798,0.010199375105493432,0.43614365057802673
High,High,0.9999559152471467,7.052663075870142e-07,4.337948654567547e-05
Low,Medium,0.005846898017109788,0.4287353116593078,0.5654177903235824
Low,Low,0.00010042231471024894,0.9736771107509337,0.026222466934356023
High,High,0.9972646995570572,8.055650772374697e-06,0.002727244792170235
Low,Low,2.589332708243806e-06,0.9996074429582289,0.00038996770906276495
Medium,Medium,0.0062934452657853815,0.4229649851005121,0.5707415696337026
Medium,High,0.6388943872718995,0.0067118622789442885,0.3543937504491562
High,High,0.9727352660758865,0.00019548855101217714,0.027069245373101358
High,High,0.7535473332090182,0.0026796789881188983,0.2437729878028629
High,High,0.9400130978655161,0.0004136749885766741,0.05957322714590725
Low,Low,9.250215874792337e-06,0.9966732799003593,0.003317469883766094
High,High,0.7652642089510129,0.003165493899919137,0.23157029714906804
High,High,0.9948230760456686,1.7695538980517924e-05,0.005159228415350895
Medium,Medium,0.05365125892014232,0.09265397260259663,0.853694768477261
Low,Low,0.00047389900075926565,0.945001065293544,0.05452503570569656
High,High,0.995380885528273,2.1699577422343843e-05,0.004597414894304721
High,High,0.7935602191297728,0.003618259596158763,0.20282152127406847
High,High,0.9982636716341442,1.4344681441434375e-05,0.0017219836844142883
High,High,0.9894401427375334,6.87025725094368e-05,0.010491154689957054
High,High,0.9996275448322313,1.3670939145326113e-06,0.0003710880738541971
Low,Low,2.9569848635059333e-06,0.9996747498275995,0.0003222931875369937
Medium,Medium,0.2401351721682929,0.027813853472521827,0.7320509743591852
Medium,Medium,0.10591819565074757,0.03138488136634298,0.8626969229829096
High,High,0.9989071912716184,4.088181017074883e-06,0.001088720547364417
High,High,0.9868768285263051,8.654066410740852e-05,0.013036630809587446
High,High,0.9995192933929399,3.6966464322076753e-06,0.0004770099606278455
High,Medium,0.08671577100701858,0.038550220816281545,0.8747340081766998
Medium,High,0.7638508978045183,0.0013390438277590818,0.2348100583677226
High,High,0.9998127491704001,1.2856791194379364e-06,0.000185965150480589
Medium,Medium,0.09193869116580293,0.0781347709136324,0.8299265379205646
Low,Low,0.0003809313077701324,0.9311329083091427,0.06848616038308705
Low,Low,2.8559449746815506e-05,0.9881499140584852,0.01182152649176786
Medium,High,0.909169124892705,0.00043058185589522923,0.09040029325139995
High,High,0.9996339187000527,9.204117037685435e-07,0.0003651608882434539
Medium,Medium,0.01690362291216321,0.2654676832844166,0.7176286938034202
High,High,0.8866049086389357,0.0005818613564653664,0.11281323000459884
High,High,0.9947417201864946,4.074135667974769e-05,0.005217538456825571
Medium,High,0.7775477960261427,0.0014647396178939598,0.22098746435596348
High,High,0.9646570944722543,0.00010869917127513622,0.0352342063564704
Medium,Low,0.003379321792597615,0.7045292689526055,0.2920914092547969
Low,Low,1.302680474198527e-05,0.9946447738717668,0.005342199323491251
Medium,Medium,0.06118041108728862,0.07098191480601615,0.8678376741066952
Low,Medium,0.06222267482575573,0.12960651452496963,0.8081708106492747
Medium,Medium,0.009765940093764943,0.3157910318676907,0.6744430280385444
High,High,0.9993443373817281,3.216411874422965e-06,0.0006524462063974817
High,High,0.996620341184484,2.307071504115137e-05,0.003356588100474866
Low,Low,0.012714275225832797,0.6514837734611925,0.33580195131297463
Low,Low,0.0027658316860835344,0.7522224616388328,0.24501170667508368
High,High,0.9958421535665383,2.8517997358380543e-05,0.004129328436103365
Low,Low,9.514679742363984e-05,0.986212489307543,0.013692363895033473
High,High,0.9896599349279577,4.519130967267494e-05,0.010294873762369665
High,High,0.9970135382229861,2.103775208221654e-05,0.002965424024931682
High,High,0.9937948386137426,3.419147754203056e-05,0.006170969908715328
High,High,0.997371777854348,1.3687743065685623e-05,0.002614534402586353
High,High,0.9904850170069791,2.0403960436178824e-05,0.00949457903258466
High,High,0.7944845992169091,0.0017825088934374455,0.20373289188965343
Medium,Medium,0.04782316336673998,0.10250910861444441,0.8496677280188157
Medium,Medium,0.26610518751062034,0.017629838007678037,0.7162649744817016
Low,Low,0.0069157100071550286,0.5496852831133203,0.44339900687952455
Low,Low,0.0010999091317586683,0.7852780655108103,0.21362202535743108
Medium,High,0.7123995955014862,0.0021897328217779658,0.2854106716767357
High,High,0.9815507416554387,0.00013904161731766241,0.018310216727243606
High,High,0.9866679707809395,3.251321379358964e-05,0.013299516005267015
High,High,0.9751618007702807,5.891166215356764e-05,0.02477928756756582
High,High,0.9950123186882962,7.95559518639823e-06,0.00497972571651735
High,High,0.999899384652325,1.6152022394810114e-06,9.900014543551332e-05
High,High,0.987094396732567,4.303833500332302e-05,0.012862564932429512
Medium,Medium,0.09210784042854649,0.038426483645506,0.8694656759259475
High,Medium,0.08947536935661125,0.0898664508596245,0.8206581797837643
Medium,Medium,0.024388213471341055,0.21439557890013627,0.7612162076285227
Medium,Medium,0.14605081880907766,0.04360635204377965,0.8103428291471426
Low,Medium,0.014372440069460351,0.38903405178486167,0.5965935081456779
Medium,Medium,0.009046632559445782,0.36586186351059363,0.6250915039299606
Medium,Medium,0.01808734163487586,0.191996282562183,0.7899163758029412
Low,Low,5.485419827412565e-05,0.9739125181331895,0.02603262766853632
High,High,0.9814425515818626,5.755679596626058e-05,0.018499891622171024
Low,Low,0.00044249164716696513,0.8933607454788631,0.10619676287396998
Medium,Medium,0.04174892835881574,0.07672039524423342,0.8815306763969508
High,Medium,0.301921714875212,0.014546980964645437,0.6835313041601425
Medium,Medium,0.011927373920014774,0.3806679386472316,0.6074046874327537
Medium,Medium,0.10478856114201873,0.03780378858353151,0.8574076502744498
Medium,Medium,0.02105833911093677,0.24879081757783475,0.7301508433112285
Medium,Medium,0.34630537834913067,0.009284097416338222,0.644410524234531
Medium,Medium,0.019162002052158584,0.13466318565487684,0.8461748122929647
High,High,0.9599446213092226,0.00035272900021247953,0.03970264969056506
High,High,0.9968725398930685,1.2567392633494123e-05,0.00311489271429799
High,High,0.9513975729159831,0.00017749300303116487,0.048424934080985756
Low,Medium,0.010498429406975809,0.15736269953124163,0.8321388710617826
Medium,Medium,0.021977251668607988,0.15463097006427273,0.8233917782671193
Medium,Medium,0.03262660771256496,0.1162586578022785,0.8511147344851566
High,High,0.9713122601928579,0.00021714905813284582,0.028470590749009334
High,High,0.9995811738347901,8.81060751173948e-06,0.0004100155576983356
Low,Medium,0.014092466716317382,0.14056730233421957,0.8453402309494631
High,High,0.9938984222235338,6.443738477565083e-05,0.006037140391690578
High,High,0.9435509391756544,0.0010306618394865452,0.055418398984858924
High,High,0.9237549008139052,0.0003144833184724044,0.07593061586762247
High,High,0.9952819098023616,1.9484546088454562e-05,0.004698605651549889
High,High,0.9989189631655427,5.288952745443886e-06,0.0010757478817118868
Medium,Medium,0.16049460069857963,0.041634604034605796,0.7978707952668146
High,Medium,0.3592249108356784,0.012809786088328393,0.6279653030759932
High,High,0.9940666768200194,3.8467319562906284e-05,0.005894855860417728
Medium,High,0.7450070679982371,0.0008500638288811901,0.2541428681728817
High,Medium,0.18231123299597018,0.020444525701376778,0.797244241302653
High,High,0.9934574798080394,1.6789271954998876e-05,0.006525730920005683
Medium,Low,0.0009307784935194905,0.8170498513405995,0.18201937016588093
Medium,Medium,0.09585277361232591,0.044592409346545445,0.8595548170411287
High,High,0.998801215734311,6.871802332162602e-06,0.0011919124633567927
High,Medium,0.3874252763874173,0.009793787057144045,0.6027809365554386
Medium,Medium,0.04001450343250306,0.09883049285921877,0.8611550037082781
High,High,0.999739257247122,8.672685869329531e-07,0.0002598754842909677
High,High,0.9982026383428758,7.212034626142463e-06,0.001790149622498105
High,High,0.9995634367442661,2.1577659549951954e-06,0.0004344054897788908
High,High,0.9913845899157193,4.9789801492950744e-05,0.008565620282787706
High,High,0.9995777241494584,3.5036786084714186e-06,0.00041877217193304634
Medium,Medium,0.2050435665185785,0.013268659229152475,0.7816877742522689
High,Medium,0.4585778916308926,0.012441463964979096,0.5289806444041283
High,High,0.9987096441473027,6.570226246257021e-06,0.0012837856264512155
High,High,0.9994902717684161,6.138508305130991e-06,0.0005035897232786032
Low,Medium,0.014441563308837245,0.44458984730511814,0.5409685893860445
High,High,0.9995784207019168,1.6022840750115108e-06,0.0004199770140081184
High,High,0.9999167971315052,5.33337687128514e-07,8.266953080771295e-05
High,High,0.9244161736113251,0.000645620609863975,0.0749382057788109
Medium,Medium,0.04702600620969952,0.23456593602182077,0.7184080577684797
High,High,0.6776422409819974,0.002157370387276974,0.3202003886307256
High,High,0.9957663307640178,3.537017172388437e-05,0.004198299064258303
Medium,High,0.5200910685975225,0.004903600809587514,0.4750053305928901
Medium,Medium,0.3370331299288679,0.01057073787777905,0.6523961321933529
Medium,Low,0.006237546006414609,0.5391857258447667,0.4545767281488188
High,High,0.9853208220880482,5.060991526241231e-05,0.0146285679966893
Low,Medium,0.00797384258983832,0.2912236235886948,0.7008025338214668
Low,Low,2.3422802005565927e-06,0.9997751322083538,0.00022252551144572749
Medium,Medium,0.40627431151153715,0.009706962173796012,0.5840187263146669
Low,Low,0.0001617711029876962,0.9643450064905186,0.0354932224064938
Medium,Medium,0.4883693348309152,0.0094897837340302,0.5021408814350545
High,High,0.9994185535956771,4.196409860853895e-06,0.0005772499944621054
High,High,0.9592199467784814,0.00038016996332564687,0.0403998832581928
Medium,Low,0.0012265110094651455,0.8913917930952284,0.10738169589530656
Medium,Medium,0.10436910890584694,0.023332538941136353,0.8722983521530168
High,High,0.9872294461410541,0.0001146618447395516,0.012655892014206215
High,High,0.9959340657224796,3.068255533336132e-05,0.004035251722187216
High,High,0.9878157887576833,5.871149830252295e-05,0.012125499744014171
Medium,Medium,0.24303117756261267,0.04381615627933,0.7131526661580574
High,High,0.9818898732871597,0.0001236951963659495,0.0179864315164743
Medium,High,0.7128474658014112,0.0021717871931784902,0.28498074700541026
High,High,0.9878607472920937,3.815894381019044e-05,0.01210109376409625
High,High,0.9994032218486848,7.02141772466469e-06,0.0005897567335905473
High,High,0.9057547763988273,0.000712288414131678,0.09353293518704106
High,High,0.9944072340801733,3.041914949774837e-05,0.0055623467703291496
High,High,0.9993049871512925,3.5024430454879404e-06,0.0006915104056620359
High,High,0.8981602102274387,0.0004185314901494426,0.10142125828241179
Medium,Medium,0.14018292106800223,0.0278162317933906,0.8320008471386071
High,Medium,0.3365262272231405,0.017267040230890363,0.646206732545969
High,High,0.9817381498067155,0.00014659856016352183,0.018115251633121204
High,High,0.9604556854183925,0.00014425131968526638,0.03940006326192205
High,High,0.9891175664774494,6.691863166198476e-05,0.010815514890888781
High,High,0.999833399542466,1.1522323009940895e-06,0.00016544822523308227
High,High,0.9555496700019982,0.00021924561439847016,0.04423108438360338
Low,Low,8.591840262523629e-05,0.9696579428222009,0.030256138775174028
High,High,0.9998901322728122,1.037851039348838e-06,0.00010882987614850529
High,High,0.9429465228044482,0.0003524985130368373,0.05670097868251483
High,High,0.9886240210446814,3.54238634266112e-05,0.011340555091892033
Low,Low,5.3931450207118157e-05,0.9804453846950959,0.019500683854696915
High,High,0.9782383545240119,8.623516137044862e-05,0.02167541031461771
High,High,0.7382138203084958,0.0014233345142888863,0.2603628451772153
High,High,0.9832107866240852,0.0002345047858245951,0.016554708590090162
High,Medium,0.2062361532943956,0.024583069068723748,0.7691807776368806
High,High,0.9976257477611176,2.559222208459764e-05,0.002348660016797842
Medium,Medium,0.02426451002691219,0.21496354750240432,0.7607719424706835
High,High,0.871641654182194,0.0014653512864120726,0.12689299453139405
Medium,Medium,0.06920020956393699,0.20012969705783426,0.7306700933782286
High,High,0.9901700315987435,6.001656684466791e-05,0.009769951834411792
High,High,0.9827733103212857,6.679662183744443e-05,0.017159893056876818
High,High,0.9516567175606679,0.00018886850215645522,0.04815441393717566
High,High,0.9907961693406282,3.6637662274087156e-05,0.009167192997097635
Low,Low,0.00020873074610368745,0.9215459261482146,0.07824534310568163
High,High,0.989881896562311,5.187761925192092e-05,0.010066225818437032
High,Medium,0.1691761645158478,0.02606144339234275,0.8047623920918094
High,High,0.8657907596468257,0.0012873620923369471,0.1329218782608374
Medium,Low,0.0006034666986960152,0.8263311146136497,0.1730654186876542
High,High,0.9294563746894356,0.0004397822349001233,0.07010384307566427
High,High,0.6192065457102978,0.002715080848249175,0.3780783734414532
Low,Low,7.290560626824467e-05,0.9853798727800278,0.014547221613704062
High,High,0.9848830087994314,8.721218902520942e-05,0.01502977901154343
High,High,0.9964714159724796,1.5406396362716033e-05,0.0035131776311578037
Medium,Medium,0.009125442743387715,0.3058583293433965,0.6850162279132158
High,High,0.9999510436184756,4.248550412460551e-07,4.853152648299195e-05
High,High,0.995246187508931,2.3896019573893446e-05,0.004729916471495201
Medium,Medium,0.012440334850866628,0.4497614756760527,0.5377981894730808
Low,Low,1.6079190172386285e-05,0.9979566172694198,0.0020273035404079075
High,High,0.9822907330617522,3.577924289770558e-05,0.017673487695350043
High,High,0.9997890216723342,1.1885274136178885e-06,0.0002097898002522575
Low,Low,0.00372045927283995,0.8223519900720192,0.17392755065514098
High,High,0.9892433421452103,2.0836769037145632e-05,0.010735821085752613
Low,Low,0.0002663739686220756,0.9128091663788132,0.0869244596525648
High,High,0.9991586894891884,4.4669346413525895e-06,0.0008368435761700901
High,High,0.9885265835432594,2.546278084158488e-05,0.011447953675899106
Medium,High,0.5227800195421065,0.006853066419542999,0.4703669140383504
High,High,0.9988357574622638,8.785738923328788e-06,0.001155456798812858
Medium,Medium,0.009246901350669898,0.20010133951647766,0.7906517591328525
Low,Low,0.00030772153980011856,0.9218968511721692,0.07779542728803054
Low,Low,4.2504745195172176e-05,0.9912588939675059,0.00869860128729887
High,High,0.940630907415067,0.00012715867685153615,0.059241933908081516
High,High,0.8980014370037985,0.000320999602016925,0.10167756339418459
High,High,0.9954963590226676,1.5284802135716805e-05,0.004488356175196533
High,High,0.9952887385586363,2.5643981282438574e-05,0.004685617460081273
High,High,0.9975854388297405,1.142615712033494e-05,0.0024031350131390778
High,High,0.9997151941942695,2.0523842734993264e-06,0.0002827534214569092
High,High,0.9664820197194657,0.0002173538635757923,0.0333006264169586
High,High,0.9896727979550848,8.7626785071415e-05,0.010239575259843687
High,High,0.5394678675946819,0.007885130589534182,0.45264700181578393
Medium,Medium,0.025678776526737217,0.1600201989424986,0.8143010245307641
High,High,0.9989912410821558,1.3206077164354762e-05,0.000995552840679826
High,High,0.9870198342924,6.627251255341866e-05,0.012913893195046494
High,High,0.9940463155993582,3.8521092087573365e-05,0.005915163308554336
High,High,0.9978060585338996,2.2345985574433487e-05,0.0021715954805259434
Medium,Medium,0.10357501470804559,0.037762294706136304,0.8586626905858181
Medium,Medium,0.47303688683661804,0.0058582042984856265,0.5211049088648964
Low,Low,0.0072799411739017,0.5890366295391825,0.4036834292869158
High,High,0.9938777198617009,1.4443157253498298e-05,0.006107836981045601
High,High,0.9727996521846236,0.00023874121921549756,0.02696160659616092
Medium,Medium,0.018954803416950928,0.1811937594790632,0.7998514371039859
Medium,Low,0.0017811325446808063,0.7725269432658821,0.2256919241894371
High,High,0.9927806803575193,3.1843201132600294e-05,0.0071874764413479815
High,Medium,0.37876089859279544,0.019043397392155364,0.6021957040150492
High,High,0.988051380222758,7.010144183955054e-05,0.011878518335402492
High,High,0.9984786275052523,6.116218554469319e-06,0.001515256276193162
Medium,Medium,0.15231098527948994,0.01937589744361518,0.8283131172768949
High,High,0.9994180769362809,2.494727738789576e-06,0.00057942833598024
High,High,0.8917702967217662,0.0008065873412155872,0.10742311593701825
Medium,High,0.938022283346399,0.0003602068576253431,0.06161750979597564
Medium,Medium,0.017443395510599785,0.3501515714973742,0.6324050329920261
Medium,Medium,0.36928486588108234,0.014764106883918215,0.6159510272349995
High,High,0.9941807305087144,5.094402279336856e-05,0.005768325468492316
Medium,Medium,0.36426346768172585,0.05561192355396263,0.5801246087643115
Medium,Medium,0.12604933358857148,0.045556392311023916,0.8283942741004046
High,High,0.9998834368410568,1.3085365311934402e-06,0.00011525462241189667
High,High,0.8386042253389149,0.001579039195840976,0.1598167354652442
Low,Medium,0.038466051651145895,0.0968103868325976,0.8647235615162564
Low,Low,0.0019171585667437207,0.6409071189007229,0.3571757225325335
Low,Medium,0.006718463105879638,0.47938318034489846,0.5138983565492218
High,High,0.9615079225939096,0.0002843007521707634,0.038207776653919674
High,High,0.9603482026591608,0.00014387046765876365,0.03950792687318044
High,High,0.9858738202283681,6.681057990214173e-05,0.014059369191729587
High,High,0.9999627783914431,2.791229264230932e-07,3.694248563044022e-05
Low,Low,0.00459877154703288,0.6416799517246303,0.35372127672833675
Medium,High,0.8856170560023142,0.0009896589953212295,0.11339328500236442
Low,Medium,0.009468134373906022,0.30904510816843234,0.6814867574576616
Medium,Medium,0.04274269393827412,0.13839946372076237,0.8188578423409636
Medium,Medium,0.2158084182020354,0.02362502779236977,0.7605665540055948
High,High,0.9995766327628919,1.4636777352180717e-06,0.00042190355937288905
High,High,0.9996361866649105,7.431294253263484e-06,0.00035638204083621774
Medium,Medium,0.14654454915572598,0.03792356370112262,0.8155318871431514
High,High,0.9988329593570674,1.1603391349890603e-05,0.0011554372515826226
High,Medium,0.3580467232939966,0.00627106322861734,0.635682213477386
High,High,0.9898975095911309,2.0180772356339332e-05,0.01008230963651271
Medium,High,0.8870468160822209,0.0009153649378387404,0.11203781897994045
Low,Low,0.002752179682020963,0.6088671115846981,0.3883807087332809
Low,Medium,0.009746821015111647,0.3217079681411482,0.6685452108437402
Low,Low,0.0073199603518930645,0.5310283403622981,0.46165169928580885
Medium,High,0.6971200166316792,0.001547844788633854,0.301332138579687
Low,Low,0.00026041153263833345,0.9096337062155883,0.09010588225177339
High,High,0.9970164400581066,2.2869130365573308e-05,0.0029606908115277037
Medium,Medium,0.036190046336218716,0.14321304584382477,0.8205969078199565
Low,Low,3.6815067234048718e-06,0.999578936323978,0.0004173821692984955
Low,Low,0.0021216296196449073,0.5940378283875638,0.40384054199279124
Low,Low,0.00032008296678514957,0.8854668296671641,0.1142130873660509
High,High,0.7338798278142228,0.0015840013933418801,0.2645361707924353
Low,Low,0.0002517290148096849,0.9695351495007015,0.0302131214844887
High,High,0.9823369447047648,5.2201992585700756e-05,0.017610853302649537
Low,Low,0.001821487315538895,0.6373170145011593,0.36086149818330177
Medium,High,0.7317868254330919,0.0036921688225114864,0.26452100574439663
High,High,0.9997414507470274,1.2112062033199532e-06,0.00025733804676932585
High,High,0.8356811434778606,0.002687131138908724,0.16163172538323067
High,High,0.8936681045676934,0.0011268363563972136,0.10520505907590938
High,High,0.9987795523662925,3.874299036485187e-06,0.0012165733346710908
Medium,High,0.9590100184720534,0.00017818996944631195,0.04081179155850031
High,High,0.994591753503268,8.297155231995093e-06,0.005399949341500092
Medium,Medium,0.05020834095667977,0.1070450036922617,0.8427466553510585
High,High,0.9989526504179006,3.729988578060771e-06,0.0010436195935211582
High,Medium,0.0783954993334742,0.08179350840529276,0.8398109922612331
High,High,0.9835396894739499,0.00012024998845674066,0.016340060537593352
Low,Medium,0.007909010026132575,0.30493262387177017,0.6871583661020972
Medium,Low,0.0004921571888975944,0.8846239361104595,0.11488390670064283
High,High,0.9594230805856806,0.00022025970468469077,0.04035665970963457
Medium,Medium,0.0054794518577539805,0.3263201111839301,0.6682004369583158
High,High,0.998420926611363,1.1758577381288107e-05,0.0015673148112558865
High,High,0.6593142741428251,0.0040808210755417665,0.33660490478163313
Medium,Medium,0.2440962731049494,0.009333579783484692,0.746570147111566
Low,Low,3.297734557153331e-05,0.9855484365239936,0.014418586130435045
High,High,0.980829721283772,0.00019386611929937203,0.018976412596928637
Medium,Medium,0.0442431062004517,0.14107506754874932,0.814681826250799
High,High,0.8123319624495806,0.0006971489577389196,0.1869708885926804
High,High,0.9652690991626536,0.00012068954688523031,0.03461021129046125
High,High,0.9964314071570342,3.207582372194572e-05,0.003536517019243939
Medium,Medium,0.004866475215659251,0.47854193514709087,0.5165915896372499
Medium,Medium,0.03185923364427731,0.07312765819734482,0.895013108158378
High,High,0.9953633251027713,1.697100134075609e-05,0.0046197038958878485
Low,Low,5.2427836521154034e-05,0.9957862189296466,0.004161353233832246
Medium,High,0.8345874488735677,0.0007654543456018566,0.16464709678083045
High,High,0.6816702619002286,0.0033348582429578457,0.31499487985681357
High,High,0.9901523318381893,8.249669788574845e-05,0.009765171463924886
High,High,0.9703974288145211,0.00020247790253652767,0.029400093282942453
High,High,0.9990973576271641,1.3981449820168874e-06,0.0009012442278538305
High,High,0.99953729770141,8.701936961184738e-07,0.00046183210489390695
High,High,0.9950259545479938,3.1147754082137796e-05,0.004942897697924134
High,High,0.9983454477390289,4.888681930190838e-06,0.0016496635790409473
Low,Medium,0.01736878911585408,0.21361897467527943,0.7690122362088666
Medium,High,0.8320133987591625,0.0013861668382239793,0.16660043440261366
Medium,Medium,0.016876759991374276,0.13507647747463158,0.8480467625339941
Medium,Low,0.0005504123612520934,0.9069919446379229,0.09245764300082508
High,High,0.9991782527439911,5.322743964755345e-06,0.000816424512044199
High,High,0.9955860410512154,7.750278895482552e-05,0.004336456159829818
Low,Low,0.002033143604223695,0.7142234837929378,0.28374337260283855
High,High,0.9994190891648949,3.34794949987247e-06,0.0005775628856051257
High,High,0.9993482115781829,2.581516294248808e-06,0.0006492069055227478
Low,Low,0.0007409088970943611,0.9118004843586915,0.08745860674421421
Low,Low,0.009645595723188733,0.6393650766002045,0.3509893276766068
High,High,0.9887311259465654,4.5432244062518915e-05,0.011223441809372119
Medium,Medium,0.2858953204069354,0.01888042217101637,0.6952242574220482
High,Medium,0.10976510652121027,0.05006215042804042,0.8401727430507494
High,High,0.9993980133938536,3.5219134052086563e-06,0.0005984646927411251
Medium,Medium,0.04972453780621376,0.05335156034596929,0.8969239018478169
Low,Low,0.00029606688420754523,0.9122336843589725,0.08747024875681995
High,High,0.9913220776709666,5.8913098556688814e-05,0.00861900923047658
Low,Low,0.00012831922692282656,0.9834563810133164,0.016415299759760662
High,High,0.9927360937535351,4.333932232376878e-05,0.0072205669241411155
Medium,High,0.7816771501512141,0.0017542077942095614,0.21656864205457643
High,High,0.8821666366489054,0.0012756703497197473,0.11655769300137485
High,High,0.9999177478143387,1.7147147810631652e-06,8.05374708800374e-05
High,High,0.9932592506426987,2.28480556606465e-05,0.006717901301640677
High,High,0.9262093035852782,0.0009411604740578224,0.072849535940664
High,High,0.999679679257595,1.4621496031361144e-06,0.0003188585928020367
High,High,0.9983026462222852,1.1320003067145184e-05,0.0016860337746478383
High,High,0.9991683763818364,9.808791844347823e-06,0.0008218148263192194
Medium,Medium,0.01681922000702466,0.4245804930152838,0.5586002869776915
High,High,0.9994556929178812,2.4831340805613787e-06,0.0005418239480383006
Medium,Medium,0.05833545631927104,0.1546681571537797,0.7869963865269494
High,High,0.9149227851776858,0.0004556840592558356,0.08462153076305823
High,High,0.9987564266481018,7.005215693580984e-06,0.0012365681362046454
High,Medium,0.09547363152827167,0.01789554882240763,0.8866308196493207
Low,Low,0.00039602323348001024,0.9033949188571819,0.09620905790933816
Medium,Medium,0.4286660095583159,0.014002995704296849,0.5573309947373872
High,High,0.6689899869399647,0.004060091782067881,0.3269499212779674
Medium,High,0.6354198962903967,0.0016868836058156471,0.36289322010378744
Low,Low,0.0012833403171715364,0.923651962983015,0.07506469669981355
High,High,0.9895119928710808,5.5534905221247374e-05,0.010432472223697758
High,High,0.8415462680626177,0.0034560210139619064,0.15499771092342038
Low,Low,5.507396078147716e-06,0.9984899688698611,0.0015045237340607462
High,High,0.995417898336195,4.983900192680255e-05,0.004532262661878218
High,High,0.9988162173311038,6.112518370521898e-06,0.0011776701505254645
High,Medium,0.4180469206890449,0.007666356474693706,0.5742867228362614
Low,Low,0.0001807903374620918,0.9294245567294013,0.07039465293313678
High,High,0.9995516554467696,1.3493653381671177e-06,0.0004469951878921068
Medium,High,0.92654875168927,0.000864528936720331,0.07258671937400984
Low,Low,0.0004937446393969804,0.9365084280253636,0.06299782733523938
Low,Medium,0.015124373628642326,0.17830343858712014,0.8065721877842376
Medium,High,0.8733300221839849,0.0004468747980199854,0.12622310301799516
High,Medium,0.2397714308157988,0.02311045241284302,0.7371181167713582
High,High,0.9991676301915347,3.832530363164105e-06,0.0008285372781021513
Medium,Medium,0.4097520500822567,0.014218947350014034,0.5760290025677294
Medium,Low,0.0034341882944461874,0.5454456455227573,0.4511201661827965
High,High,0.9845918196668512,7.3231515042711e-05,0.015334948818106181
High,High,0.6469230556072625,0.006981470904852901,0.3460954734878846
High,High,0.9983520645891846,8.771540969008355e-06,0.0016391638698463537
Low,Low,0.0027687675477863173,0.5268179308787647,0.470413301573449
High,High,0.9990689489437532,3.57525733891822e-06,0.0009274757989080095
Medium,Medium,0.013898355575997884,0.4360797250187778,0.5500219194052244
High,High,0.9899782139039786,5.1352374522381883e-05,0.009970433721499016
High,High,0.9975107144412416,1.3638875764471408e-05,0.002475646682994035
Low,Medium,0.06640040723093553,0.09625595353103253,0.8373436392380319
High,High,0.999523641082913,3.264842763165409e-06,0.00047309407432391895
High,High,0.9957849195445544,2.8999267550001947e-05,0.004186081187895756
High,High,0.5169508719201112,0.012018873325163125,0.4710302547547256
High,High,0.993460536638873,1.6923968712585178e-05,0.006522539392414373
High,High,0.9980357574536455,1.2024613950252156e-05,0.0019522179324041769
High,High,0.9543452827106369,0.0001292517619150262,0.045525465527448114
High,High,0.982760951864491,9.774125231092469e-05,0.01714130688319814
High,High,0.9989111916503074,5.848496111956668e-06,0.001082959853580692
High,High,0.9999422839350313,9.79321901251535e-07,5.6736743067602105e-05
Low,Low,0.00013069455808275578,0.9772139773781072,0.02265532806381007
High,Medium,0.41146846299159573,0.01381725972561274,0.5747142772827916
High,High,0.9990969972200879,2.2053331956203205e-06,0.0009007974467164086
High,High,0.9529974246387338,0.0006829474544270443,0.04631962790683915
Low,Low,0.003387311338579447,0.8334745001033292,0.1631381885580913
Medium,Low,0.0012769443184170763,0.6629316157589318,0.33579143992265126
Low,Low,0.001965426757495529,0.5668385700854729,0.43119600315703155
Low,Low,0.0002963250292502641,0.9055640611772504,0.0941396137934992
High,High,0.9998772929227802,1.0666031799500706e-06,0.00012164047403979487
Medium,Medium,0.08758643774478518,0.19894956494185664,0.7134639973133581
High,High,0.9995151701369495,7.589969331767574e-07,0.00048407086611727015
High,High,0.9708620482415649,0.00027363913501687317,0.028864312623418174
Medium,High,0.7242153882141977,0.005626225671012914,0.2701583861147894
Medium,High,0.620479643476061,0.004947737242481818,0.37457261928145713
Medium,Low,0.005336576326035745,0.6018040175179241,0.3928594061560401
Medium,Medium,0.06564436330664501,0.06625490217263032,0.8681007345207247
High,High,0.841878517024531,0.001291745096918396,0.15682973787855056
High,High,0.9995511089884023,5.39288407499013e-06,0.00044349812752280884
High,High,0.9957637051716987,1.8390721286973655e-05,0.00421790410701433
High,High,0.9943909496475661,8.556789772008096e-05,0.005523482454713591
Low,Low,0.0012971957450492535,0.9540981702216658,0.044604634033284865
Low,Low,0.0002742515386788948,0.9607448592882688,0.03898088917305229
Low,Medium,0.007386016145254379,0.3472852597605013,0.6453287240942442
High,High,0.6597865838357488,0.007087028625614192,0.3331263875386371
Low,Low,0.00016622168900611885,0.9765195848526271,0.02331419345836671
High,High,0.6953837884257627,0.0035941004263062024,0.30102211114793104
High,High,0.9964883007999135,1.8575602798625595e-05,0.003493123597287827
Low,Medium,0.01017541702449863,0.347274912392334,0.6425496705831674
High,High,0.9979055965333771,2.3429458894872848e-05,0.002070974007727898
High,High,0.9911950709095454,3.462324365457526e-05,0.008770305846800027
High,Medium,0.01339570042136865,0.3680917130978222,0.6185125864808092
High,High,0.7799314460105556,0.0017668220840533911,0.21830173190539093
Medium,Medium,0.016355494474375485,0.1618466489699919,0.8217978565556326
High,High,0.9370381624854006,0.00018087841833098648,0.06278095909626827
High,High,0.690297526173099,0.0029106456685545562,0.30679182815834655
High,High,0.841067602911611,0.0017882136639973023,0.15714418342439185
High,High,0.9997408526921074,2.9497169815085293e-06,0.0002561975909110631
Medium,High,0.9088280587177872,0.0010642408112243626,0.09010770047098848
High,High,0.5656182255542483,0.004245677841829827,0.4301360966039219
High,High,0.9887129176976686,2.8621624456159727e-05,0.01125846067787536
Low,Medium,0.023794645478427225,0.13047771499789695,0.8457276395236758
Medium,High,0.8015649405951619,0.0013850740526674945,0.1970499853521705
High,Medium,0.43538733515600836,0.007860342757598742,0.5567523220863929
High,High,0.9883957294751392,5.998325263547741e-05,0.011544287272225326
High,High,0.6661275564882568,0.0055865287561777605,0.3282859147555654
Low,Low,0.00017474613588194956,0.9748194986896951,0.025005755174422967
High,High,0.9835197401073068,0.0001863373149682091,0.016293922577725006
High,High,0.9998795572559787,1.5113711911422446e-06,0.00011893137283022607
High,High,0.8561519977276363,0.0011540924602758424,0.1426939098120879
High,High,0.9995229841197417,2.589478329605483e-06,0.00047442640192872523
High,High,0.9936029593169498,4.193756867917288e-05,0.006355103114370922
Medium,Medium,0.10240829309269249,0.07079308788001677,0.8267986190272908
Medium,High,0.951762272363779,0.00025525660260318576,0.047982471033617864
Low,Low,0.0018994826467012397,0.754110412445394,0.24399010490790476
Medium,Medium,0.04771192416948341,0.10543705100897684,0.8468510248215398
High,High,0.5022719340575333,0.00387816699836869,0.49384989894409803
Medium,Medium,0.014440090770781367,0.2777498523289525,0.7078100569002661
High,High,0.9667799698392084,0.00011358716619666931,0.03310644299459485
Low,Low,0.00592147266934741,0.5681638275653164,0.42591469976533614
Low,Low,4.153048079937962e-05,0.9912418907642047,0.008716578754995891
Low,Low,0.0007203566110349052,0.8411646657772341,0.15811497761173096
High,High,0.9871959524105872,6.029253857340519e-05,0.012743755050839337
High,High,0.9911447042317815,3.225931204562953e-05,0.008823036456173034
High,High,0.968989497581331,0.00012192254977938917,0.030888579868889637
High,Medium,0.11324452686366054,0.03442296283360189,0.8523325103027376
Low,Low,7.064732058240173e-07,0.9997973714739411,0.00020192205285313603
Low,Medium,0.04342070074045699,0.08168483287112606,0.8748944663884171
Low,Low,8.153202210911053e-05,0.9795001540796453,0.020418313898245485
Low,Low,1.8060500849048401e-06,0.9996149137976831,0.00038328015223190254
High,Medium,0.36661976578116917,0.008883557789706882,0.624496676429124
Medium,Medium,0.22316795166415002,0.026507275327105465,0.7503247730087446
High,High,0.9994490022554121,2.3336316886266614e-06,0.0005486641128993383
Low,Low,0.0003940831815069727,0.970691910670446,0.028914006148047178
Medium,High,0.721706730706737,0.003054602451437126,0.27523866684182574
High,High,0.7397917651261221,0.004206840732875873,0.25600139414100215
Medium,Medium,0.0036321267523960936,0.49792686906189826,0.4984410041857058
Medium,Medium,0.26993490764558115,0.013879419851129941,0.7161856725032889
Medium,Low,0.003934450018575167,0.6034746400573131,0.3925909099241117
High,High,0.9978914084982448,2.5991048152880272e-05,0.0020826004536022976
High,High,0.8773437416915176,0.0011238222861000612,0.12153243602238221
Low,Low,0.00013062548226774816,0.948006295590255,0.0518630789274773
Medium,High,0.7574895332279029,0.0017240957344640693,0.24078637103763312
Low,Low,0.0034609733282595567,0.6952557497788314,0.30128327689290896
Medium,Medium,0.045975889472399806,0.09902990169747711,0.8549942088301231
High,High,0.9993206427778142,2.4403231730838646e-06,0.0006769168990126978
High,High,0.999424416592166,3.893068394307769e-06,0.0005716903394396385
High,High,0.9429736456098085,0.00036703073482460797,0.05665932365536697
Low,Low,1.0073538278353119e-05,0.996448901526004,0.003541024935717732
Low,Low,0.0066428739671359135,0.6787020280372383,0.3146550979956257
High,High,0.9991599846313879,6.496667264558282e-06,0.0008335187013477206
High,High,0.8859254892480564,0.0004981473642665276,0.11357636338767713
Medium,Medium,0.13028361597752572,0.046485522646623305,0.823230861375851
High,High,0.9999565231457377,6.38240933840194e-07,4.283861332854129e-05
High,High,0.9919447600226519,7.115645966995255e-05,0.007984083517678134
Medium,High,0.9084510453701041,0.000625999170546854,0.09092295545934896
High,High,0.9999588311865372,9.234598599861097e-07,4.024535360284231e-05
High,High,0.9988096599820543,8.655940774229033e-06,0.0011816840771715997
High,High,0.9960055073868316,2.3512374102101634e-05,0.003970980239066333
High,High,0.9998090879920043,2.020107716356643e-06,0.0001888919002794672
Medium,Medium,0.2975344148758791,0.03054677210685716,0.6719188130172636
High,High,0.9850747634035576,9.666573678305157e-05,0.014828570859659322
High,High,0.9998925783809136,5.850860699478105e-07,0.00010683653301644141
High,High,0.979930774800378,9.221820296221159e-05,0.019977006996659583
High,High,0.943108465852371,0.0003394540536304605,0.05655208009399856
High,High,0.9989768309951763,3.3250695695728266e-06,0.001019843935254196
High,High,0.9999557401937769,4.252394707585836e-07,4.3834566752413555e-05
Medium,Low,0.006514280283445881,0.5035730269217635,0.48991269279479066
Low,Low,0.0003722436073048281,0.9512200414268848,0.048407714965810464
High,Medium,0.41223814822678534,0.005120416473409909,0.5826414352998047
High,High,0.9261400734456617,0.0003034208042447838,0.07355650575009348
Medium,Medium,0.004654213110786109,0.49092578916377577,0.504419997725438
Low,Medium,0.013993646067090096,0.16781179016562092,0.8181945637672889
Medium,Medium,0.03025050917970914,0.14319876217879257,0.8265507286414983
Low,Low,1.1061831208416522e-06,0.9997366829319798,0.0002622108848993256
High,High,0.9594278194730214,0.00015917913365989727,0.0404130013933187
Medium,Medium,0.02551120231749751,0.1322656931810837,0.8422231045014188
High,High,0.9819328053934252,0.00018792082581808842,0.017879273780756794
Low,Low,3.6824840777357307e-06,0.99956087034823,0.0004354471676922501
Low,Low,5.0009927020556965e-05,0.9772641104837394,0.022685879589240013
Low,Low,0.00038216813911141374,0.9436449325801652,0.0559728992807235
Low,Low,0.0006082695427533642,0.8545053004253799,0.14488643003186688
Low,Medium,0.0077004393105402835,0.18375363136269332,0.8085459293267663
High,High,0.9995708845941634,2.2856097226277993e-06,0.00042682979611413207
High,High,0.9987495389304331,4.259443258810073e-06,0.0012462016263082235
High,High,0.815562076170161,0.0016426485064498853,0.1827952753233892
High,High,0.936896436837753,0.00031778793359660685,0.06278577522865024
Low,Low,1.0507350435449242e-05,0.9969990710195004,0.0029904216300642382
High,High,0.9632433610391937,0.00011908980539133432,0.03663754915541501
High,High,0.9989220978362323,6.131852254314972e-06,0.0010717703115134714
Medium,Medium,0.27646373059575857,0.01684793488282398,0.7066883345214173
Medium,Medium,0.15484296322532928,0.015311603743230368,0.8298454330314402
High,High,0.9808191247350203,8.996253459325723e-05,0.019090912730386392
Medium,Medium,0.06363029122144544,0.1031338231050005,0.8332358856735541
Low,Low,0.0005135101581569677,0.8973024841534033,0.10218400568843966
Low,Low,0.00011637735044873736,0.9728353784845055,0.027048244165045785
Medium,High,0.6449262910067082,0.012229483547507478,0.34284422544578447
Medium,Medium,0.22903145033760464,0.019941991906980486,0.7510265577554149
High,High,0.996549660496573,1.9392015914644097e-05,0.003430947487512269
Medium,Medium,0.10603762941137755,0.02906342431889568,0.8648989462697267
High,High,0.999855669612014,9.488104032241322e-07,0.00014338157758275863
Medium,Medium,0.06227846916231066,0.0716873600638967,0.8660341707737926
High,High,0.9907476042367339,7.203620498215183e-05,0.009180359558283975
High,Medium,0.1549026101782023,0.0559479128799475,0.7891494769418503
Low,Low,0.0007827037907100013,0.8731978508523894,0.1260194453569004
High,High,0.9948514145641411,3.157639343836436e-05,0.00511700904242052
Medium,Low,0.0027803070665720947,0.6539555933420699,0.3432640995913579
Low,Low,0.004273198123561501,0.6001481730003199,0.3955786288761186
Low,Low,0.00010343349548214344,0.9715050164423303,0.02839155006218746
Medium,High,0.7239024590846982,0.002597184129377687,0.27350035678592405
High,High,0.9983144853936294,6.727586339604197e-06,0.0016787870200311338
Medium,Medium,0.031965460841088776,0.1824487496326864,0.7855857895262249
High,High,0.9584310407436485,0.00017841794984008676,0.04139054130651132
Medium,Medium,0.12459096364010602,0.02918013706242599,0.8462288992974679
High,High,0.9982037934877241,2.2837593458976048e-05,0.001773368918816768
High,High,0.9999165772473709,1.4318599871801226e-06,8.199089264188802e-05
High,Medium,0.09912250593790807,0.04971573716205206,0.8511617569000399
High,High,0.996916848986453,3.779288872841255e-05,0.0030453581248186534
Medium,Low,0.00510197874245967,0.5438140895115847,0.45108393174595557
High,High,0.9913941379332846,0.00014146111035183263,0.008464400956363593
Medium,Medium,0.0030379752881855683,0.40135660180223964,0.5956054229095749
High,High,0.8026369955351499,0.0015758701258218434,0.1957871343390282
High,High,0.998722512210485,6.703061653540911e-06,0.0012707847278614257
Medium,Medium,0.024914211308862514,0.14145294931678995,0.8336328393743474
Medium,Medium,0.15040228111537068,0.03577012276396955,0.8138275961206597
High,High,0.9968088044222201,3.274390242477146e-05,0.0031584516753553264
Medium,Medium,0.2566268273399236,0.013210629415067877,0.7301625432450085
Low,Low,0.003625583403256085,0.6263222723728231,0.37005214422392085
High,High,0.997335663250704,2.5425978777432555e-05,0.0026389107705187347
High,High,0.9979861371370244,1.5260051531990504e-05,0.0019986028114434167
Low,Low,0.0003178618775264056,0.9301493085296506,0.06953282959282309
High,High,0.9951035067840565,2.519498496031979e-05,0.004871298230983268
High,High,0.788398121710112,0.0017154648947553643,0.20988641339513248
High,High,0.553668551562961,0.004617565326094214,0.4417138831109449
Medium,Medium,0.021397906924352082,0.20154840796582352,0.7770536851098244
Low,Low,2.587732459526767e-06,0.9994570593413794,0.0005403529261611468
High,High,0.9985135373165844,7.2652883673807154e-06,0.0014791973950482244
High,High,0.9109365319073207,0.0005395633741067815,0.08852390471857238
High,High,0.9842577265535385,8.411151799936841e-05,0.015658161928462117
High,High,0.9930921195279716,3.318533368243836e-05,0.00687469513834585
High,High,0.6793387253149495,0.0025637636129649845,0.31809751107208556
High,High,0.9615972746127219,0.00020030353867192197,0.038202421848606234
High,High,0.5198197449569438,0.008195934205815238,0.4719843208372409
High,High,0.9798534981748007,0.00014747451866425069,0.01999902730653494
High,Medium,0.16758732324514347,0.02544736363658298,0.8069653131182735
High,High,0.9984315559797385,1.0241251632993038e-05,0.0015582027686284739
Medium,Medium,0.03740647132839807,0.11007864798721717,0.8525148806843849
High,High,0.9992853002145363,4.034143021276733e-06,0.0007106656424423131
High,High,0.9920975720388799,5.88810437230926e-05,0.007843546917396919
Medium,Medium,0.03170259213772894,0.1035319991368892,0.8647654087253819
Medium,Medium,0.058757931955879784,0.0725920068366845,0.8686500612074356
Medium,Medium,0.014807421463546284,0.19730483218934755,0.7878877463471062
Medium,Medium,0.3422966230782748,0.009581134588987199,0.6481222423327381
High,High,0.9974989449299532,9.097952265782956e-06,0.002491957117781191
High,High,0.99765770682442,1.4166688917792794e-05,0.0023281264866621466
High,High,0.9998896376199674,7.416204972293314e-07,0.00010962075953540135
Medium,High,0.8926390678420274,0.0003460943992095224,0.10701483775876285
High,High,0.9023516690273008,0.0003194247004728029,0.09732890627222647
High,High,0.9985009424457707,5.498812059963065e-06,0.0014935587421692096
High,High,0.9696727200900765,0.0002824465684745254,0.030044833341448713
Low,Low,5.623365589629924e-07,0.9997829591113185,0.0002164785521225246
Low,Low,0.0014677910353376818,0.8718625704086833,0.1266696385559791
High,High,0.9984999109735528,1.5752263329007736e-05,0.0014843367631182263
Low,Low,2.5572774715906842e-05,0.9866054381616823,0.013368989063601651
High,High,0.8638706906840832,0.0013360326486361027,0.1347932766672806
Medium,Medium,0.06854365187786686,0.10606986288330886,0.8253864852388243
High,High,0.9997594961481908,3.034448774281807e-06,0.0002374694030348309
Medium,Medium,0.238922823036304,0.018466879804059755,0.7426102971596363
High,High,0.9952070985748448,2.233363722134452e-05,0.0047705677879338396
High,High,0.9538407019142426,0.00017284454695537274,0.045986453538801784
Low,Low,0.0020804140615494184,0.8891649984508451,0.10875458748760555
High,High,0.9997925606181439,1.9195292492687556e-06,0.00020551985260684722
High,High,0.9991157730786256,1.1526826703187751e-05,0.0008727000946710419
Medium,Medium,0.010260652504676514,0.43560342490118364,0.5541359225941399
Medium,Low,0.0003865600925591609,0.9400409380488424,0.05957250185859852
High,High,0.9883175854554833,5.487825227443756e-05,0.011627536292242132
Medium,High,0.8756996459622878,0.0007688377694029178,0.12353151626830924
High,High,0.995847656561256,1.9908212510424073e-05,0.004132435226233734
Medium,High,0.8535031659195262,0.0010543624560577752,0.1454424716244159
Low,Low,0.005357818279930593,0.49776985960234954,0.49687232211771987
High,High,0.9332657642232732,0.00016121527324065014,0.06657302050348632
High,High,0.8713951715009849,0.0009340706628036873,0.12767075783621143
High,High,0.9977022839617713,1.3247082401784268e-05,0.002284468955826838
Medium,High,0.7080960654589713,0.0018630325870716456,0.290040901953957
High,High,0.9908195813438169,6.125063152251536e-05,0.009119168024660741
Medium,Medium,0.08843996515665556,0.04404707122739253,0.8675129636159519
High,High,0.9448277273527679,0.0002832580284483311,0.05488901461878381
High,High,0.9344184753133279,0.0005840821716712118,0.06499744251500084
High,High,0.9884364767810788,5.616063022633864e-05,0.011507362588694699
High,High,0.9921422162395852,6.061544381885801e-05,0.007797168316595791
High,High,0.9992130029028543,8.384854428163243e-06,0.0007786122427175981
Low,Medium,0.04489053490102458,0.1807837958867701,0.7743256692122052
Medium,Medium,0.1346725880476381,0.04820637733553053,0.8171210346168315
High,High,0.9461858689032643,0.0004000685404745344,0.05341406255626114
Low,Low,0.0005424567433287749,0.9224059562739343,0.07705158698273686
Medium,High,0.6801627893293997,0.004255751309644721,0.31558145936095544
Medium,Medium,0.06203502760481002,0.07932985617864409,0.8586351162165459
High,High,0.9920002033264506,0.00010438472992390797,0.007895411943625419
High,High,0.9929539634607912,3.242020344614989e-05,0.007013616335762571
Low,Low,0.00041042265572825747,0.9378588111629195,0.06173076618135241
Low,Low,2.2310098335855224e-05,0.9971934765322218,0.0027842133694423454
Medium,Medium,0.08767738886493588,0.02672109647972904,0.8856015146553351
Low,Low,0.0028291553758262034,0.5881500581955973,0.40902078642857653
Medium,Low,0.007445612481805224,0.5720866690454075,0.42046771847278724
High,High,0.9665430408987217,0.0004724978170460742,0.032984461284232346
High,High,0.6460934751917722,0.001898586811988348,0.35200793799623953
High,High,0.9972951432391622,1.7172159816385743e-05,0.0026876846010213677
High,High,0.9858019564491672,5.0240551368036995e-05,0.014147802999464582
High,High,0.9330075341532422,0.000845887971518414,0.06614657787523934
Medium,Medium,0.00951173352388107,0.40881492054014074,0.5816733459359782
High,High,0.9843235354376915,0.00028321223114518375,0.015393252331163206
Low,Medium,0.0743100310303023,0.03751577150377456,0.8881741974659232
High,High,0.9999377962743762,6.939659334754434e-07,6.150975969018753e-05
High,High,0.998742796642157,2.09362880107816e-06,0.0012551097290417746
High,High,0.9758028548804706,0.00022651237438389664,0.02397063274514557
Low,Low,0.0017685081138502801,0.6618112299568198,0.33642026192932983
High,High,0.7369378372255846,0.002789081516301149,0.2602730812581142
Medium,High,0.7657035927743501,0.002380746734120907,0.23191566049152912
Low,Low,0.005693129371774793,0.5436020720658751,0.4507047985623503
Medium,Medium,0.04528636297285437,0.08008969174034894,0.8746239452867967
High,High,0.998172021530961,8.229655017874994e-06,0.001819748814021335
High,High,0.9891723299561864,3.4481783260250466e-05,0.010793188260553347
Low,Medium,0.016454034383024663,0.2600361029230351,0.7235098626939402
High,High,0.9966444875406665,5.880175962661476e-06,0.003349632283370895
High,High,0.946703120388912,0.0004519742380382967,0.052844905373049755
High,High,0.9087665666123035,0.0004670651936680645,0.09076636819402839
High,High,0.9999330721485555,1.0603054557834896e-06,6.586754598861993e-05
Medium,Medium,0.3021557476302203,0.0180135333613496,0.6798307190084301
High,Medium,0.47433560201959757,0.010109983561055164,0.5155544144193472
High,High,0.9570173307520464,0.0001674693143131013,0.04281519993364055
Medium,Low,0.0015116363094630648,0.8108284684060962,0.1876598952844407
Low,Low,0.0014008262060534514,0.7919219478758481,0.2066772259180984
Low,Low,4.471728232042236e-05,0.9838960966599588,0.016059186057720887
Low,Low,0.0007787490018971695,0.8664783212135748,0.13274292978452804
High,High,0.9997287458552625,1.1452670846191333e-06,0.0002701088776529229
High,High,0.9988268131475718,3.5780505424331985e-06,0.0011696088018856776
High,High,0.901196044465044,0.0005223425595167736,0.09828161297543922
Medium,Medium,0.02987168701169262,0.11932055659321972,0.8508077563950878
High,High,0.9985890183962343,3.6066990392047043e-06,0.001407374904726476
High,High,0.9966061246504158,3.821980150170563e-05,0.0033556555480827137
High,High,0.9955403351880024,9.169460863484643e-06,0.004450495351134197
Medium,Medium,0.06365412381683093,0.10348381721881687,0.8328620589643521
High,High,0.9928386761765502,0.00010277340760036344,0.0070585504158494775
Low,Low,0.0017260274313066904,0.8603672142587893,0.13790675830990415
High,High,0.9991120552740461,6.590220457792973e-06,0.000881354505496091
Low,Low,0.0005926033614995602,0.7892008490056707,0.21020654763282984
High,High,0.9441160971980902,0.0004943807673158444,0.055389522034593956
High,High,0.9561446087059128,0.0001893536066594243,0.04366603768742792
Low,Low,7.16377069590801e-05,0.9808280938774216,0.019100268415619442
High,High,0.9996661284310446,2.8512028610887623e-06,0.0003310203660942989
Medium,Medium,0.10970248002740562,0.05350027687137388,0.8367972431012205
High,High,0.9999548472664724,7.100731815996815e-07,4.444266034583662e-05
High,High,0.999954460167441,5.075136615075922e-07,4.5032318897489855e-05
Medium,Medium,0.07410194826912893,0.0911083474320683,0.8347897042988027
Medium,Low,0.004756448996122277,0.7472985786766007,0.24794497232727708
High,High,0.9979222691855577,1.2582673524981639e-05,0.002065148140917481
High,High,0.9999834576550509,3.149075661666755e-07,1.622743738284021e-05
High,High,0.9939770027118187,2.857757962120309e-05,0.005994419708560227
High,High,0.9770407901393277,8.286284475521525e-05,0.02287634701591715
Medium,Low,0.005336123775197879,0.6127075163254523,0.38195635989934984
Medium,High,0.8571332355198772,0.0008327255919455854,0.14203403888817703
High,High,0.9964975867497922,1.3535248995738666e-05,0.0034888780012119866
Low,Low,0.0004729068165085568,0.9337252809509453,0.06580181223254626
Medium,Medium,0.06277966948650728,0.06151628763352234,0.8757040428799704
High,High,0.9935874069368987,6.420057155195655e-05,0.006348392491549547
High,High,0.9997244247076552,4.449170578908667e-06,0.00027112612176594575
High,High,0.9986575292217961,1.4509407731656529e-05,0.0013279613704723816
Medium,Medium,0.18968734407582827,0.045263210670455314,0.7650494452537164
Low,Medium,0.0232911665480269,0.10482432381818076,0.8718845096337924
Medium,Medium,0.02428723014614626,0.3463759997945581,0.6293367700592957
Medium,High,0.8284048882540818,0.0032598288279377793,0.16833528291798033
High,High,0.9911896532603145,4.348861121719222e-05,0.008766858128468167
Low,Low,2.259399818570844e-05,0.9854114015914681,0.014566004410346205
Medium,Medium,0.10080996108627678,0.01624157506839745,0.8829484638453258
High,High,0.9955183454777186,6.456754651521562e-05,0.004417086975766037
High,High,0.6460655898435523,0.0052708134324328275,0.3486635967240148
High,High,0.9814323265543742,3.6653619041389624e-05,0.01853101982658451
Low,Medium,0.004444163151236182,0.344761678941828,0.6507941579069358
High,High,0.9976544375889461,8.137469628114138e-06,0.002337424941425874
Medium,Medium,0.24855950738181906,0.018093133200589345,0.7333473594175915
High,High,0.9719498418364941,0.00024730995893939396,0.027802848204566306
High,High,0.9969452264980144,4.888552714269335e-05,0.003005887974842881
High,Medium,0.23257147829560817,0.020687972916256455,0.7467405487881353
High,High,0.9973476521616451,1.0277854462693629e-05,0.0026420699838920775
Medium,Medium,0.00919292145480136,0.4081342029684473,0.5826728755767512
High,High,0.7200928172272079,0.003424040926933779,0.2764831418458583
High,High,0.9992833647451552,9.495747973663233e-06,0.0007071395068710681
Medium,Medium,0.10090683143048357,0.061095984976522036,0.8379971835929945
High,High,0.9259499814014092,0.0006609424053660035,0.07338907619322486
High,High,0.621316007476968,0.009773175060919596,0.3689108174621123
High,High,0.99983006622683,2.4273083372031936e-06,0.00016750646483271924
Low,Medium,0.013819888169542471,0.36599188365826485,0.6201882281721928
Medium,Low,0.005194815319683081,0.5656467021537656,0.4291584825265514
Medium,Medium,0.1268579355613675,0.02112372294340536,0.8520183414952273
High,High,0.9913244485767805,2.8516730849312397e-05,0.008647034692370317
Medium,Medium,0.08385799745078021,0.04462683089737204,0.8715151716518478
High,High,0.9997513378466212,2.3803401087697667e-06,0.0002462818132700459
High,High,0.9975360650345734,1.1596989450743723e-05,0.0024523379759757527
High,High,0.9984730665344805,3.730905682629332e-06,0.0015232025598367655
High,High,0.6838021781339724,0.0037952141372266574,0.31240260772880085
Medium,Medium,0.044992341365782416,0.11775167898336264,0.8372559796508551
High,High,0.99858083689035,1.0196000455498473e-05,0.0014089671091944917
Low,Medium,0.028339266452623486,0.1442311334572078,0.8274296000901686
High,High,0.9932801462140165,3.215538861818616e-05,0.006687698397365347
Low,Medium,0.006896925778763821,0.4787595946174183,0.5143434796038179
Low,Low,2.307332718737943e-05,0.9891831500423215,0.010793776630491294
High,High,0.9997733615125018,1.2788218400371034e-06,0.00022535966565799504
Medium,Medium,0.019052971839284862,0.09401527453924276,0.8869317536214724
High,High,0.9963767570878042,1.1158650999016274e-05,0.003612084261196906
Medium,Medium,0.15500439429338467,0.02100925632779956,0.8239863493788158
High,High,0.9994885276661873,9.42161900679849e-07,0.0005105301719118958
High,High,0.9857572706012437,9.600857408282003e-05,0.014146720824673498
High,High,0.979660395579355,0.00014609278028268792,0.020193511640362326
High,High,0.9997340441102197,8.973894519273266e-07,0.00026505850032850284
High,High,0.96969846119786,0.0002427487504421971,0.030058790051697714
High,High,0.9970578337346409,9.164850945695192e-06,0.0029330014144133706
Medium,High,0.5514729567034462,0.006345436691322559,0.44218160660523115
High,Medium,0.43485928298422827,0.009978419776770369,0.5551622972390013
High,High,0.9871523092867576,3.3577505898384335e-05,0.01281411320734389
Medium,Medium,0.010965785996273696,0.42630151990036536,0.5627326941033609
High,High,0.9902325783875671,2.6291184228487408e-05,0.009741130428204445
High,High,0.9999610683645316,5.284721133724028e-07,3.840316335494546e-05
Low,Low,5.772264552570945e-05,0.9766733376230778,0.023268939731396484
High,High,0.9994985767799747,2.1562924227195073e-06,0.0004992669276026032
High,High,0.9970797608976512,1.3906371181560623e-05,0.002906332731167323
High,High,0.9994222145641282,1.0827774332245684e-06,0.0005767026584387199
High,High,0.832187405394946,0.0012127918334892925,0.16659980277156475
High,High,0.9949211110500322,1.6489271422827387e-05,0.005062399678544906
High,High,0.9822614332486942,8.767376028474225e-05,0.017650892991021176
Low,Low,0.004371467651503346,0.5303174136502496,0.465311118698247
Medium,Medium,0.44254557139133516,0.010705672928906982,0.5467487556797578
High,High,0.9998042169364499,1.2631820016726925e-06,0.00019451988154840726
High,High,0.9818552858633135,9.850690221646755e-05,0.018046207234470042
Low,Low,0.00018921541442093183,0.9265804195504851,0.07323036503509402
Low,Low,7.389728449383915e-05,0.974647197397704,0.025278905317802188
High,High,0.9460412337446296,0.0005009973038566419,0.05345776895151375
High,High,0.7790202138070627,0.002312336874947806,0.21866744931798965
High,High,0.9439535913967122,0.0005275815016735241,0.05551882710161437
High,High,0.93367641987583,0.0003300373994009447,0.0659935427247689
High,High,0.8877700511171611,0.0018681312540499118,0.11036181762878901
Medium,Medium,0.023242833488501164,0.09539716684218416,0.8813599996693147
Low,Medium,0.013438874327731234,0.33183489696118373,0.6547262287110849
Medium,High,0.6496618769405685,0.0033733973756242827,0.34696472568380715
Medium,Medium,0.2739643098185927,0.011384201741809801,0.7146514884395975
High,High,0.9935729880219396,1.67131675131209e-05,0.006410298810547472
High,High,0.9958562193594458,7.238940586033932e-05,0.004071391234693861
High,High,0.9990478320193381,5.35856841824645e-06,0.0009468094122437047
High,High,0.999309441101972,5.070558071481265e-06,0.0006854883399567025
Low,Low,3.3628923784663366e-05,0.986106193220177,0.013860177856038327
High,High,0.9986886211591844,4.543799364684379e-06,0.0013068350414507
High,High,0.9974218386922307,1.7312091595308862e-05,0.0025608492161740782
High,High,0.723901344869743,0.0019531552063302943,0.27414549992392667
High,High,0.9684049829261779,9.807034165080221e-05,0.03149694673217129
High,High,0.9923666213265578,2.4370139576572853e-05,0.007609008533865554
High,High,0.9999236551449388,1.3321208583595877e-06,7.501273420286625e-05
Medium,Medium,0.03309815202866438,0.10814155534561157,0.8587602926257241
Low,Low,0.002328958273320186,0.7710669258723715,0.22660411585430848
Medium,Medium,0.05560105352995695,0.04262462339906194,0.901774323070981
High,High,0.9991019260379522,6.969946525976615e-06,0.0008911040155217975
Medium,Medium,0.10850104038632,0.04574556291144859,0.8457533967022314
Low,Medium,0.024484836954310814,0.2083412556135091,0.7671739074321801
High,High,0.9891704806436463,3.56441021371327e-05,0.01079387525421675
Medium,Low,0.0055981455021790645,0.573015124969632,0.4213867295281889
Medium,Medium,0.4230010439801669,0.007059436374900856,0.5699395196449323
Low,Low,0.00019753655654520996,0.9441337112898837,0.055668752153571054
High,High,0.9675160668558985,0.00015356498166508282,0.032330368162436465
High,High,0.9556798898598954,0.00017532280167357846,0.04414478733843113
Low,Low,3.950507459890278e-05,0.9885032718764959,0.011457223048905384
Medium,Medium,0.4581578600670511,0.006618051893869337,0.5352240880390795
High,High,0.9358347748655008,0.00022530386648417393,0.06393992126801525
Medium,Medium,0.012347857488212793,0.4527549171788663,0.5348972253329208
Medium,Medium,0.0202630378757852,0.3360133855156904,0.6437235766085245
Low,Medium,0.007872623655320423,0.4393186343448292,0.5528087419998503
High,High,0.9969001211384698,2.4998030895512508e-05,0.003074880830634678
Medium,Medium,0.1783440191990593,0.02533499221065484,0.7963209885902859
High,High,0.9995847355502132,7.353468430988606e-06,0.0004079109813557932
High,High,0.8308060459708202,0.0010857594864005992,0.16810819454277917
Low,Medium,0.021817353140328878,0.2642246445648713,0.7139580022947998
High,High,0.884389016574262,0.0003755550392611532,0.1152354283864767
High,High,0.9833018496900373,6.369714429633868e-05,0.016634453165666394
Medium,Medium,0.008598614901872463,0.40490324057998633,0.5864981445181412
High,High,0.9878813093727917,3.625929934423129e-05,0.012082431327864112
Low,Low,0.0009828181518671656,0.8709277957422231,0.12808938610590972
High,High,0.9982112245352095,7.142177601390196e-06,0.0017816332871893024
High,Medium,0.3511631867423368,0.028896188124855712,0.6199406251328075
High,High,0.9978092098639225,1.714274899390251e-05,0.0021736473870835288
Medium,Medium,0.47340407895436676,0.009197666163791623,0.5173982548818417
Low,Low,0.0028756445377009433,0.6330635737139709,0.36406078174832807
Medium,Medium,0.07000568808279653,0.10505780801375245,0.824936503903451
Medium,High,0.6149630113952431,0.005028107948021245,0.38000888065673566
Medium,Medium,0.2323662572894461,0.023934839931776253,0.7436989027787776
High,High,0.9042339543266917,0.001281497374313725,0.09448454829899453
High,High,0.9459202414061847,0.00030492328146077593,0.05377483531235448
High,Medium,0.40128452093191364,0.01626298635407236,0.5824524927140139
Medium,Low,0.010490883942112946,0.631054031923922,0.35845508413396515
Medium,Medium,0.09380009330657518,0.08981366308420106,0.8163862436092237
Low,Low,0.005414632427766166,0.5827636116789953,0.41182175589323855
High,High,0.5468958854937723,0.005636956210320296,0.4474671582959074
Medium,Medium,0.02056519897654538,0.23297832475487099,0.7464564762685837
Medium,Medium,0.028710928709953686,0.13045855973284182,0.8408305115572045
High,High,0.9985923208787184,9.295388498350904e-06,0.0013983837327831573
Medium,Medium,0.09915683221908764,0.06188333984684736,0.8389598279340651
Low,Low,0.00012807730576520896,0.947836396744514,0.05203552594972071
Medium,Medium,0.1726232134986362,0.08563065282935171,0.741746133672012
High,High,0.9985628588249559,5.3647286827667284e-06,0.0014317764463614466
High,High,0.9720467159562732,9.013464085298602e-05,0.02786314940287372
Low,Low,0.0005224105533980466,0.9597087045128878,0.03976888493371417
Medium,Low,0.0010667153652742698,0.8382557555848288,0.16067752904989693
Low,Medium,0.020738394289897804,0.2675646281072683,0.7116969776028339
High,High,0.8913713716263613,0.0006640990597976047,0.10796452931384126
High,High,0.927081276668584,0.000661766449020938,0.07225695688239515
Medium,Medium,0.0626616224594855,0.06691015919676725,0.8704282183437473
High,Medium,0.38706541832614205,0.0073523864675223895,0.6055821952063356
High,High,0.999650746673546,1.560020233908402e-06,0.00034769330621994897
High,High,0.9576175477777185,0.0002529566681446202,0.04212949555413689
High,High,0.9897510851008778,3.5774634063065636e-05,0.01021314026505914
High,High,0.9913435291602974,3.7885613269464644e-05,0.00861858522643301
High,Medium,0.4192753988019345,0.01120656681570376,0.5695180343823617
Medium,High,0.8192262298170558,0.0009519220635963938,0.17982184811934787
High,High,0.9951047855036433,1.0428388125267515e-05,0.004884786108231248
Low,Low,0.0030608714196969705,0.7407242113370676,0.2562149172432354
High,Medium,0.15666718620319064,0.012069954974374852,0.8312628588224346
High,High,0.963061119821809,0.00016396031663539837,0.03677491986155569
Medium,High,0.863862069048566,0.0012180149289758885,0.13491991602245798
High,High,0.9946578421787523,2.6704302719143752e-05,0.005315453518528478
Medium,Low,0.0029483374058739673,0.557722283523561,0.4393293790705651
High,High,0.5824771038984561,0.006548731191093151,0.41097416491045063
Low,Low,0.0005458361042228597,0.8662690170149335,0.13318514688084374
Medium,Medium,0.02855945797035663,0.20109340584398344,0.77034713618566
Medium,Medium,0.16623183049287663,0.016075861363819426,0.817692308143304
High,High,0.698424997027729,0.0015566316356037553,0.3000183713366673
Low,Medium,0.019703662072123995,0.3248644312916611,0.655431906636215
High,High,0.9989675020886378,2.903689106134874e-06,0.001029594222255874
Low,Low,0.00020921515639369775,0.9750696233211495,0.0247211615224565
Low,Low,8.163705974028376e-05,0.9845322330910812,0.015386129849178556
Low,Low,2.0083720874225566e-06,0.9997802119771781,0.0002177796507344734
Medium,Medium,0.054223109957161494,0.1491906300017142,0.7965862600411244
High,High,0.9676382334883401,0.00017161201249290325,0.032190154499167074
High,High,0.9997770538381909,5.342060929863529e-07,0.00022241195571600714
High,High,0.9740262006019882,0.0002390192236566684,0.025734780174355383
Medium,Medium,0.16473524254229382,0.0351504078182962,0.80011434963941
High,High,0.9999672447389808,6.420922997720529e-07,3.211316871960835e-05
Medium,Medium,0.018005426086220154,0.22321257100159403,0.7587820029121858
High,High,0.9973222452313083,2.9105180401458908e-05,0.002648649588290329
High,High,0.9972563781907486,1.3391097619880132e-05,0.002730230711631525
High,High,0.7169792460380161,0.0015540930029393763,0.2814666609590445
Medium,Medium,0.07653905094959093,0.017985479644884842,0.9054754694055244
High,High,0.9995368314292389,2.9595125160539144e-06,0.0004602090582449049
High,High,0.5806016098193773,0.013767877729378234,0.40563051245124454
High,High,0.8375149504993727,0.002710712788187101,0.15977433671244012
High,High,0.9917407589090197,4.555152806633862e-05,0.008213689562913915
Medium,Medium,0.48094998385358045,0.01675220756921946,0.5022978085772001
High,High,0.9999653507030994,4.797322688526763e-07,3.416956463172651e-05
High,High,0.9649074880274032,7.75115779367725e-05,0.03501500039465992
High,High,0.8733109188014352,0.0003786104286846225,0.12631047076988025
High,High,0.9992997820011523,1.7204535857206041e-06,0.0006984975452619328
Low,Low,0.00010386136056136595,0.9563210519711769,0.04357508666826165
High,High,0.9996602630821293,2.0852644733292006e-06,0.00033765165339749817
Medium,Medium,0.046369657855258574,0.07353941985440096,0.8800909222903404
High,High,0.9848944839535977,0.00015081569744011816,0.01495470034896235
Medium,High,0.8542716852817024,0.0007298464493260154,0.1449984682689716
Low,Low,1.684258304793882e-05,0.9964370748291351,0.0035460825878167452
High,High,0.9712525021144767,0.00021071786381738578,0.028536780021706076
Medium,Medium,0.024448273540259517,0.07242552441119365,0.9031262020485469
High,High,0.998431808677653,1.2845377256527397e-05,0.0015553459450903676
Medium,Medium,0.0956184883275622,0.04016939633449676,0.8642121153379411
High,High,0.9766090785450727,0.00014342178287436461,0.023247499672052974
High,High,0.9905804700810742,3.7003602308717276e-05,0.009382526316617283
Medium,Medium,0.08349495990160251,0.07364932716677994,0.8428557129316174
Medium,Medium,0.05559624825170798,0.060702414917300704,0.8837013368309914
High,High,0.9403614093255327,0.0008877524965967729,0.05875083817787052
High,High,0.9923213910857839,3.230772467608998e-05,0.007646301189539935
High,High,0.9905594149635814,5.4806968213073494e-05,0.009385778068205465
High,High,0.9997833973226078,1.053064170519187e-06,0.00021554961322172342
High,High,0.9987442229469218,2.734615584665491e-06,0.0012530424374936388
Medium,Medium,0.46861185053870613,0.002530244423200346,0.5288579050380936
High,High,0.9950912443019799,2.423383095736366e-05,0.004884521867062698
High,High,0.9999692146748385,3.76263686850309e-07,3.040906147481047e-05
High,High,0.9996295350021891,2.0759440586530834e-06,0.0003683890537522202
High,High,0.9595846949571087,0.0005823079990421127,0.03983299704384925
Low,Low,5.077864051341112e-06,0.9976958844169014,0.002299037719047257
High,High,0.9987886329534041,1.1930677497030161e-05,0.001199436369098826
High,High,0.9997424117548667,2.17995684974177e-06,0.0002554082882835691
High,High,0.9995063755054076,3.5607396135325483e-06,0.0004900637549790332
Medium,Medium,0.17185545077131592,0.030692598781471837,0.7974519504472123
High,High,0.999510056091819,2.416172620648106e-06,0.0004875277355603753
Medium,High,0.8714843213146146,0.001354796088679382,0.12716088259670594
Medium,High,0.6384826539365093,0.004405078929821186,0.35711226713366956
Low,Low,0.002617831669199232,0.7817639720013978,0.21561819632940296
High,High,0.9989262420763206,5.265114091464167e-06,0.0010684928095879749
High,High,0.9995510871259888,2.164889896329359e-06,0.0004467479841148288
Medium,High,0.7746577267731121,0.0020103411660380016,0.2233319320608498
High,High,0.9821776142331398,0.00019994009914593665,0.017622445667714266
High,High,0.6676291126739691,0.0024324207768969025,0.32993846654913406
Low,Low,0.0008228278794795127,0.817232824026895,0.1819443480936256
High,High,0.99525680577141,1.3982948277095977e-05,0.004729211280312761
Medium,Medium,0.08382423420409892,0.05698718680758493,0.8591885789883161
High,High,0.743144874832941,0.003033875667190702,0.25382124949986823
Medium,High,0.50605714564531,0.005671628699577492,0.4882712256551124
Low,Medium,0.010386594682305756,0.4651964172458532,0.5244169880718409
Medium,Medium,0.2354698201558813,0.016307277155709517,0.7482229026884092
High,High,0.605541639074215,0.006919954144169192,0.38753840678161583
Medium,Medium,0.03491831956738373,0.2357005909824444,0.7293810894501719
High,High,0.9994978088813954,4.015922819118506e-06,0.0004981751957854765
High,High,0.9979618694299033,1.6662564533164204e-05,0.0020214680055633946
High,High,0.8603544368580219,0.0011995968489881134,0.13844596629299
Low,Low,0.0014304647844662786,0.6603844302583272,0.3381851049572065
High,High,0.7681479169765152,0.003955971099476479,0.22789611192400844
Medium,Medium,0.1410192427875463,0.022602326800701626,0.8363784304117521
Medium,Low,0.0005338037712985944,0.940192044000148,0.059274152228553346
Medium,Medium,0.020316843685059458,0.31262940283088203,0.6670537534840585
Medium,Medium,0.0186780161676603,0.23770945264446325,0.7436125311878764
Medium,Medium,0.05646103019708036,0.10486573143963063,0.8386732383632889
Low,Low,0.005016936874922025,0.7168203577109183,0.27816270541415966
High,High,0.5721201817278541,0.004830717777804145,0.4230491004943418
High,High,0.9996894724123692,6.576067234989755e-07,0.0003098699809074775
High,High,0.9234643578488787,0.0004584864736084336,0.0760771556775128
High,High,0.974810739447119,0.00010830814254999012,0.025080952410330967
Low,Medium,0.007699115174702995,0.35879745943250874,0.6335034253927884
High,High,0.9985287538424854,1.314571004757541e-05,0.001458100447466882
Medium,Medium,0.09847178604357401,0.0657280716743274,0.8358001422820985
Low,Medium,0.02907196710154967,0.12883842739607104,0.8420896055023793
High,High,0.9988193711736454,1.1773133939083834e-05,0.001168855692415531
High,Medium,0.01880428518777613,0.39606053431977395,0.58513518049245
High,High,0.9954847294739905,1.753960606185678e-05,0.004497730919947722
Low,Low,1.2800395865554686e-05,0.9987930990410608,0.001194100563073628
High,High,0.9996639802060787,1.1506291429485366e-06,0.00033486916477838273
High,High,0.9945961961493601,2.6632997442053772e-05,0.005377170853197828
High,High,0.9997621626641532,1.0325294751746194e-06,0.00023680480637171784
High,High,0.9996804125886828,3.3313321101859055e-06,0.00031625607920704994
High,High,0.9994880202299552,1.6065477317266876e-06,0.0005103732223129256
High,High,0.9918307444477297,6.429697265731508e-05,0.008104958579612971
High,High,0.9986564865159829,7.444115853589826e-06,0.0013360693681634735
Medium,Medium,0.12441700356931182,0.0509218227351223,0.8246611736955659
Low,Low,8.776553102508451e-05,0.9769959439820682,0.022916290486906507
Medium,Medium,0.3192042022281925,0.006904485849932946,0.6738913119218746
High,High,0.8396041033061951,0.0013114568655657882,0.1590844398282392
High,High,0.9993348791779801,4.591130044357046e-06,0.0006605296919754254
High,High,0.9977245184887045,1.1512780532388091e-05,0.002263968730763067
High,High,0.9814000114730571,0.00016009305617496275,0.018439895470767947
High,High,0.9930724945418922,5.705840605525439e-05,0.006870447052052641
High,High,0.9799459854855543,0.00023835155824759136,0.01981566295619802
High,High,0.9997728093635095,7.560208222675414e-07,0.00022643461566815764
Medium,Medium,0.25291875307471084,0.011499321710219347,0.7355819252150698
High,High,0.9652561782849156,0.0001315038361462989,0.03461231787893807
High,High,0.9973353635491892,1.8850769553008934e-05,0.0026457856812576713
Medium,Medium,0.11360663109057641,0.046902497390472364,0.8394908715189512
Medium,High,0.6981040434230881,0.00329500936561686,0.29860094721129504
High,High,0.7756153030891466,0.0015609844339088614,0.22282371247694446
Medium,High,0.8982056050038795,0.0004859897919420723,0.1013084052041785
Medium,Medium,0.057374393195929435,0.07413378295592365,0.8684918238481468
High,High,0.9934753536655094,5.104805893321855e-05,0.006473598275557321
High,High,0.5678800218037661,0.0046305472732424535,0.4274894309229915
High,High,0.9701458022805546,0.00015144151326783287,0.029702756206177513
High,High,0.6084542944670767,0.0026641231950282705,0.38888158233789505
High,High,0.9963959315873422,5.913902391726268e-06,0.0035981545102660418
High,High,0.9173839585720799,0.0010687143796576665,0.08154732704826237
High,High,0.9955844394794189,2.042744928618738e-05,0.004395133071295088
High,High,0.9983933158205635,4.001206833940557e-06,0.0016026829726025972
High,High,0.8810348224828827,0.0012369902046690873,0.11772818731244822
High,High,0.9792610502004199,0.00013669250047620662,0.020602257299104084
Medium,Medium,0.006637724017435036,0.2844365974058972,0.7089256785766678
High,High,0.9994611022618648,4.719264182590796e-06,0.0005341784739526575
High,High,0.9147058898788933,0.00047791039202978034,0.08481619972907702
Medium,Medium,0.3634074978740216,0.013075143916360535,0.6235173582096178
Medium,High,0.74241265518351,0.0019016933466743419,0.2556856514698157
High,High,0.9999440009410551,1.0553397291399496e-06,5.494371921566999e-05
High,High,0.9692889217161362,7.767115002370514e-05,0.030633407133839993
High,High,0.9902838609577117,3.8545620701909316e-05,0.009677593421586517
High,High,0.9969150645518448,7.729666984561213e-06,0.003077205781170722
Low,Low,0.0001661759809874027,0.977454362896594,0.022379461122418506
High,High,0.9898387955035318,7.677388860125981e-05,0.010084430607866969
High,High,0.9247727778342614,0.0004194200012896406,0.074807802164449
High,High,0.6365042228151431,0.007694337831256653,0.35580143935360026
Low,Low,0.0010392066648095533,0.8510041253146227,0.1479566680205677
High,High,0.9983466650771351,1.2626933794278303e-05,0.0016407079890704908
Low,Low,0.0008578246105827802,0.9197485819369169,0.0793935934525002
Medium,Medium,0.042729625817859794,0.1502921975930469,0.8069781765890933
High,High,0.8620013864011429,0.0006054348588260936,0.13739317874003099
Low,Low,0.002551562356708738,0.7701808089331315,0.22726762871015985
High,High,0.998548226312639,9.593070339265262e-06,0.001442180617021901
Low,Low,0.00030474362088233774,0.9419548246751682,0.0577404317039494
High,Medium,0.32981308365667084,0.019634132347314846,0.6505527839960143
Low,Low,2.839189970814449e-05,0.9943961277555533,0.005575480344738585
High,High,0.9954302720016839,3.1181088560438786e-05,0.00453854690975565
High,High,0.9960758089318883,2.8743836924373448e-05,0.0038954472311874787
Medium,Low,0.008162283685747403,0.5831739240705335,0.4086637922437191
High,High,0.9981218546792461,5.008209262098352e-06,0.0018731371114918017
High,High,0.9997774691257106,2.23370666313955e-06,0.00022029716762620908
Low,Medium,0.007250901013429031,0.39107930919478967,0.6016697897917812
High,Medium,0.47569749695227254,0.008337395885311329,0.5159651071624161
Medium,Medium,0.23022707738378606,0.00887768352748711,0.7608952390887268
Low,Low,0.0006567445371592326,0.9387083707453342,0.060634884717506596
Medium,High,0.9156868477115225,0.0006757677993509546,0.0836373844891265
Medium,Medium,0.06814793737405425,0.03682326419708043,0.8950287984288654
High,High,0.9346409475766266,0.00036866734656680486,0.06499038507680653
High,High,0.9528360405365747,0.0004346225759472729,0.04672933688747806
Medium,High,0.7890639826785116,0.0021855241406148972,0.20875049318087355
High,High,0.8810373616332238,0.0007390258613433914,0.11822361250543276
High,High,0.999966257361206,2.4138226214474195e-07,3.35012565318466e-05
Medium,Medium,0.34851596727416134,0.010337383106235833,0.6411466496196029
High,High,0.9997747570238609,1.9921873845372575e-06,0.0002232507887545942
High,High,0.9970122908244455,3.2369491158283154e-05,0.002955339684395993
Medium,Medium,0.07456307676976912,0.08986771116193555,0.8355692120682954
High,High,0.9593304788961238,0.0003633484634200214,0.04030617264045622
Low,Low,8.793178063098907e-05,0.9803926206154101,0.01951944760395887
Medium,Medium,0.12565290146770725,0.0405251921369861,0.8338219063953066
High,High,0.7596978125723417,0.0029765215446863167,0.23732566588297185
High,High,0.9939845039932316,4.277941589815333e-05,0.005972716590870254
High,High,0.9999152571391315,5.855204478969947e-07,8.415734042057518e-05
High,High,0.9980098780146663,1.5477174231108163e-05,0.001974644811102558
High,High,0.9780757384559611,9.019244599700863e-05,0.021834069098041906
Low,Low,3.0872512622147814e-06,0.999328186884009,0.0006687258647287067
Low,Low,2.4500901191055136e-05,0.9863076117676666,0.013667887331142239
High,High,0.9993474974106674,2.5628469778822783e-06,0.0006499397423546852
High,Medium,0.36076787079045053,0.012811199407223825,0.6264209298023257
Medium,Medium,0.11668961020096597,0.0248938779384765,0.8584165118605575
High,Medium,0.21934084218543734,0.008178643062241453,0.7724805147523213
High,High,0.996920891597538,1.0803009040506795e-05,0.003068305393421558
Medium,Medium,0.14329696076856024,0.020819199238168905,0.8358838399932708
Medium,Medium,0.01781048003289025,0.2384564136857951,0.7437331062813146
Low,Low,0.0030863745350021674,0.5493707322664569,0.4475428931985409
Medium,Medium,0.11890890881799912,0.03721065690191211,0.8438804342800887
High,High,0.9897683078638111,7.013945611888528e-05,0.010161552680070093
High,High,0.9497375579563817,0.00023310251405256362,0.050029339529565786
High,High,0.9928398151924221,3.751047065710487e-05,0.007122674336920805
Medium,High,0.6580555622506195,0.002520624751691978,0.3394238129976886
High,High,0.9983826674407408,8.764028412065245e-06,0.0016085685308471587
High,High,0.9987174928901338,1.483192972762628e-05,0.0012676751801387483
High,High,0.9552253956055937,0.0003019153809528347,0.04447268901345322
High,High,0.9835059513907776,6.310557426250444e-05,0.016430943034959806
Medium,Medium,0.03932892534249205,0.17489435071813694,0.785776723939371
Low,Low,0.0006504728904262141,0.9316452989830256,0.06770422812654808
Medium,High,0.7609715725592039,0.00419212925711248,0.23483629818368357
High,High,0.9981516625230283,1.1174678589335567e-05,0.0018371627983823039
High,Medium,0.09350607039939135,0.04762478964524331,0.8588691399553654
High,High,0.9773321055741713,0.0001693348562856537,0.022498559569542904
Medium,Medium,0.04515811617108726,0.0591040944177699,0.8957377894111428
Medium,Medium,0.06988841055968466,0.11710199523874784,0.8130095942015675
High,High,0.9902115635680885,5.142804816253431e-05,0.00973700838374887
High,High,0.9971333898995663,1.0358282207222285e-05,0.0028562518182266216
Medium,Medium,0.03121618511141658,0.37608518912828504,0.5926986257602985
High,High,0.8990249002013146,0.001734521030060097,0.0992405787686253
Low,Low,0.004236785880917716,0.5384634249580772,0.45729978916100505
High,High,0.7494451702213802,0.0029401688077448046,0.24761466097087514
High,High,0.9052287884901609,0.0003985177827404592,0.09437269372709849
High,High,0.9796976985475385,0.00011214706298730202,0.020190154389474194
Low,Low,0.0006040350808555359,0.8550164177495843,0.1443795471695603
High,High,0.9952814454347446,2.553323996992752e-05,0.0046930213252854205
High,High,0.9998108944982904,1.6096557864524602e-06,0.0001874958459230035
Medium,Medium,0.3334449108722564,0.03909976821817184,0.6274553209095718
High,High,0.5448729347231734,0.006035635477302329,0.4490914297995243
High,High,0.9997964445212931,2.3634912508942806e-06,0.00020119198745597314
High,High,0.9918877719676111,2.1558005916193323e-05,0.008090670026472695
Medium,Medium,0.3341595155404887,0.02046315108871149,0.6453773333707998
High,High,0.9970234947183914,1.3961227043030952e-05,0.002962544054565528
High,High,0.8873096580570088,0.0011846461472132244,0.11150569579577804
High,High,0.8784364296059027,0.0013848465093096631,0.12017872388478774
High,High,0.9821034224597394,7.446952242587596e-05,0.017822108017834726
Low,Low,0.00026697053452257773,0.9318402877878221,0.0678927416776554
High,High,0.9995032857509364,3.8771412192264935e-06,0.0004928371078446116
Low,Low,0.00028963223501587016,0.9230350779335104,0.07667528983147377
Low,Low,0.005237048003955788,0.6061307044566383,0.3886322475394058
Medium,Medium,0.01914247579422012,0.16671324847033497,0.8141442757354449
High,High,0.981018885813439,7.115994329254767e-05,0.018909954243268287
Low,Low,7.485525758351618e-06,0.9988586621546051,0.0011338523196366406
High,Medium,0.2508946423648008,0.038021902084497794,0.7110834555507014
Medium,High,0.8419607910253492,0.0009025658377278592,0.15713664313692297
Medium,Medium,0.2973582520272324,0.027249127609039192,0.6753926203637284
Low,Low,0.0016806427427273137,0.7830177575874633,0.21530159966980936
High,High,0.9202685500218148,0.00032380150349210275,0.07940764847469285
High,High,0.9920701364945456,3.325966515577732e-05,0.007896603840298718
High,High,0.999223605061607,1.0204646203355122e-05,0.0007661902921896606
High,High,0.9839886841499599,8.13910256018666e-05,0.015929924824438335
High,High,0.9950127648782963,3.3406231037076696e-05,0.00495382889066665
High,High,0.9981458407703482,2.0976478708029648e-05,0.0018331827509438896
Medium,Medium,0.012754309294477037,0.336491915255175,0.650753775450348
High,High,0.9890808500099124,4.1057050085536274e-05,0.010878092940002124
High,High,0.829485036790063,0.0017285158330316041,0.16878644737690535
High,High,0.5280805554586293,0.013242050968921212,0.4586773935724494
Low,Medium,0.05361732967904872,0.17438912436047743,0.7719935459604739
Medium,Medium,0.1790637528105791,0.018764130310277228,0.8021721168791437
High,High,0.9982248861815995,1.3384936903543992e-05,0.0017617288814968136
High,High,0.9875471927568802,7.765988293313219e-05,0.012375147360186719
Medium,Low,0.0002249916013860793,0.9697195461547812,0.030055462243832796
High,High,0.9490883899232976,0.0003739937621088978,0.05053761631459356
High,Medium,0.46944389784123824,0.005016799657363013,0.5255393025013987
High,High,0.9975137929724109,2.727390622889302e-05,0.0024589331213601077
High,High,0.8194501284735308,0.0011353767234809798,0.1794144948029882
High,High,0.9879685360277204,2.7647241700111316e-05,0.012003816730579426
High,High,0.9448714539946543,0.00023856820269786545,0.054889977802647746
High,High,0.9976006438295826,2.49588986761634e-05,0.0023743972717413134
Low,Low,9.472396715070954e-05,0.9823889198627679,0.017516356170081522
High,High,0.9973002629396094,2.302538913239012e-05,0.002676711671258227
High,High,0.9393668777991266,0.00048223175029711736,0.060150890450576325
High,High,0.9995005976226118,3.779808475122393e-06,0.0004956225689129447
Medium,Medium,0.1794429516181153,0.048767085377203076,0.7717899630046815
High,High,0.9998105830148987,1.3622101259753661e-06,0.00018805477497520648
Medium,Medium,0.030096806214054025,0.22988738960356325,0.7400158041823827
Medium,Medium,0.19945162294050034,0.059058122087470515,0.7414902549720291
Medium,Medium,0.019809983678593216,0.4354556703723796,0.5447343459490271
High,High,0.9992452540624882,2.893456733543808e-06,0.0007518524807782837
High,High,0.998359391748729,2.7688232240885675e-05,0.0016129200190300387
High,High,0.9894013075087452,5.6813956884504595e-05,0.010541878534370303
Medium,Medium,0.012718179638552752,0.28133678016541264,0.7059450401960347
High,High,0.9999332860012969,1.3744765822778947e-06,6.533952212076463e-05
High,High,0.9177087730605431,0.0003268003836355433,0.08196442655582147
Low,Low,0.0006672994540922352,0.9254900628297335,0.07384263771617432
High,High,0.8284678776830943,0.0008490300391254752,0.17068309227778042
High,High,0.9986518986125517,1.406796027992203e-05,0.0013340334271683765
Low,Low,0.000316135998918105,0.9758782056804839,0.023805658320598142
Low,Low,0.0003724688650804993,0.9480909964621079,0.051536534672811656
Low,Low,0.0032237585307163816,0.8125080565527653,0.1842681849165184
Medium,Medium,0.012506305688201491,0.08722059505076786,0.9002730992610306
High,High,0.9988174985681821,7.1286628950920376e-06,0.0011753727689228196
Medium,Medium,0.1810390109221577,0.05142663613848173,0.7675343529393606
Low,Low,0.0002817323028344718,0.9140134137211111,0.08570485397605443
Medium,Medium,0.023805202943562684,0.2535147962027103,0.7226800008537271
Medium,Medium,0.026709609766302357,0.2387922510082884,0.7344981392254093
Medium,Medium,0.08050684734528535,0.03165367888487422,0.8878394737698405
Low,Low,2.642528659837167e-05,0.9939989298576806,0.005974644855721024
High,High,0.9975358597112973,2.6064618224133138e-05,0.0024380756704784233
Low,Low,0.0049522191551552,0.5880734080154205,0.4069743728294244
Medium,Medium,0.052885416111220114,0.06055219682048534,0.8865623870682945
Medium,High,0.7642618183051875,0.0020296562240540274,0.23370852547075865
High,High,0.9452365701066096,0.0004313412799479031,0.0543320886134424
Medium,Medium,0.043009459554999886,0.12021303949447769,0.8367775009505224
Medium,Medium,0.2646858158631471,0.021796284418685995,0.7135178997181669
High,High,0.9796496131112733,0.00010982208883225143,0.020240564799894386
High,High,0.9965276757016228,2.3754817384581108e-05,0.0034485694809926306
High,High,0.9980686186929609,2.0265275793005705e-05,0.0019111160312461166
High,High,0.7793347380747937,0.0025083849745398032,0.21815687695066646
High,High,0.987367358456434,7.00295848982968e-05,0.01256261195866777
Medium,Medium,0.01997013711953645,0.17913007368997091,0.8008997891904925
High,High,0.9979807334176235,7.701458377023714e-06,0.002011565123999415
Low,Low,0.0057957166007932374,0.7737196942513208,0.22048458914788593
High,High,0.9977782996587672,5.348313923665997e-06,0.002216352027309122
Medium,High,0.5224509349631918,0.006170019844760647,0.4713790451920476
Medium,Medium,0.11574714599926036,0.03122200939574057,0.8530308446049991
Low,Low,0.001323584402871402,0.6753279336510067,0.323348481946122
Medium,Medium,0.00625729889147432,0.3468823082342612,0.6468603928742644
Medium,Low,0.00868816981019375,0.5541181472559313,0.43719368293387484
Medium,Medium,0.40298810367059434,0.009160959175096486,0.5878509371543091
High,High,0.9919508296064034,4.5078689724231645e-05,0.008004091703872333
Low,Low,3.0155752324475478e-05,0.9892531935063341,0.010716650741341413
High,High,0.9949112564986908,7.937425559325006e-05,0.005009369245716004
High,High,0.9752119761046555,9.065785956193649e-05,0.024697366035782535
High,High,0.9296264647587383,0.0003305819384136676,0.07004295330284811
High,High,0.8779758394008934,0.0012973692095167373,0.12072679138958985
Low,Low,0.00848681549073969,0.8080447964161849,0.18346838809307542
Medium,Medium,0.15512727550770458,0.07250342421234049,0.772369300279955
High,High,0.9823746255789377,6.036436019508653e-05,0.017565010060867043
High,High,0.9993231969471128,4.980224316916493e-06,0.0006718228285702584
High,High,0.9601990796088105,0.00017194851632435054,0.03962897187486521
Medium,High,0.8447248564370762,0.0018358435801394406,0.1534392999827844
High,High,0.9619740165502848,9.050138406016677e-05,0.037935482065655
Medium,Medium,0.013705470240118072,0.22524127049395629,0.7610532592659256
High,High,0.933092697868087,0.0004908221075762671,0.06641648002433675
High,High,0.7617763789174813,0.002129547366370326,0.23609407371614843
High,High,0.998392553714038,1.0047205511240667e-05,0.001597399080450736
High,High,0.765872549942162,0.002155080867082857,0.23197236919075506
Low,Low,0.002654558208404993,0.5615950553025087,0.4357503864890863
High,High,0.9983044433491409,9.446265849771251e-06,0.001686110385009376
Medium,Medium,0.048251142611496246,0.06104904708773046,0.8906998103007734
High,High,0.9938584193396196,4.52821754112459e-05,0.006096298484969048
Medium,Medium,0.012031364593828479,0.30636191147950437,0.6816067239266671
Medium,Low,0.0022168120808628016,0.7685747656666667,0.2292084222524706
High,High,0.9983132306516849,1.2019519139131448e-05,0.001674749829176154
Medium,Medium,0.08994115551594335,0.025908203964266335,0.8841506405197903
High,Medium,0.21405484425209534,0.028160742866148957,0.7577844128817558
Low,Medium,0.013177129434418287,0.46262516718779356,0.524197703377788
High,High,0.9944989250678236,2.7201551962167144e-05,0.005473873380214157
Low,Medium,0.00795723514964766,0.4676929941973274,0.524349770653025
Medium,High,0.6545972479835345,0.004765160378649578,0.34063759163781593
High,High,0.9913894690814836,6.713235216534645e-05,0.00854339856635103
High,High,0.9990422525218061,7.3811759385607836e-06,0.0009503663022552853
High,High,0.7235129243874953,0.0019947183557252504,0.27449235725677945
High,High,0.9987827002545671,5.958112960445557e-06,0.0012113416324725662
High,High,0.9999294208881905,7.837423037582419e-07,6.979536950579889e-05
High,High,0.9998133750268096,1.5914194389672442e-06,0.0001850335537515153
High,High,0.9519607846402937,0.00017037488672843714,0.04786884047297782
High,High,0.9894734586828672,3.2295340292451656e-05,0.010494245976840313
High,High,0.9984520290087142,6.275858192490852e-06,0.0015416951330935048
Medium,Medium,0.24573674184351052,0.026793401899022188,0.7274698562574674
High,High,0.9430866030005731,0.0003102439565611672,0.0566031530428656
High,High,0.999904206636167,5.725982349473846e-07,9.522076559798297e-05
High,High,0.9997033880705273,5.611510264436441e-07,0.0002960507784462178
Medium,Medium,0.32630958426950746,0.029918910920238285,0.6437715048102544
High,High,0.8035407073068556,0.00323453464597868,0.19322475804716585
High,High,0.9990881163171365,1.8913207980093757e-06,0.0009099923620656433
High,High,0.9461947562430449,0.0005551376013069411,0.05325010615564809
Low,Low,2.387759193451831e-05,0.9890207856244095,0.010955336783655999
High,High,0.8468079178954664,0.0026217344150360916,0.1505703476894976
Medium,Medium,0.02473082492359824,0.19320626216514394,0.7820629129112577
High,High,0.990962672732064,6.528088436337666e-05,0.008972046383572716
High,Medium,0.1160279269929551,0.02385606215532531,0.8601160108517196
High,Medium,0.44745570850312577,0.007764894784089653,0.5447793967127845
High,High,0.9991445921812623,1.0604272618986361e-05,0.0008448035461188065
Medium,Medium,0.07107261944760701,0.03211898553412847,0.8968083950182645
High,High,0.9998551417277962,5.931117264901328e-07,0.00014426516047723505
Medium,Medium,0.2195644024198161,0.016284545758597037,0.7641510518215868
Low,Low,1.8697993171139348e-05,0.9964131218744379,0.0035681801323909934
High,High,0.9958842526731592,1.2208876263998432e-05,0.004103538450576756
Low,Low,0.0008036517739599215,0.934943795467473,0.06425255275856712
High,High,0.9977381920048626,1.4716240884770057e-05,0.0022470917542526335
Medium,Medium,0.017529441979949482,0.22626079095423315,0.7562097670658174
Low,Low,0.0008800058472075116,0.8923570800302296,0.10676291412256302
High,High,0.9995773918568034,2.066769166263382e-06,0.0004205413740301626
High,High,0.958697256998261,0.00014264858733774153,0.04116009441440116
High,High,0.9827771264999985,7.946615240834808e-05,0.017143407347593155
High,High,0.9909754725365555,1.8186550028952866e-05,0.009006340913415548
High,High,0.9590135649604827,0.00022232131959555427,0.040764113719921766
Medium,Medium,0.06501528847363665,0.0636339600273188,0.8713507514990446
High,Medium,0.37284175759559435,0.005010980981831764,0.6221472614225738
Medium,Low,0.0022091405742850276,0.7425211875368937,0.2552696718888213
Medium,Medium,0.021397326915843583,0.1578654217798044,0.8207372513043519
High,High,0.9988497153759127,2.4774996405321493e-06,0.0011478071244468574
High,High,0.9997379733228351,2.3160988110985406e-06,0.0002597105783538014
Medium,High,0.9067191373619178,0.00033013666414115193,0.09295072597394093
High,High,0.9996055210301407,2.2386016554987993e-06,0.0003922403682036639
High,High,0.9791088792480152,9.849669922728206e-05,0.020792624052757537
High,High,0.9974459180135062,1.6285057710342196e-05,0.002537796928783328
Low,Low,0.002515033315246908,0.670436040429518,0.3270489262552351
Medium,High,0.5783329553322144,0.005476966530122185,0.4161900781376634
Low,Low,0.0058079698917657486,0.5492364425804995,0.4449555875277348
High,High,0.9787202290179057,5.818715238460426e-05,0.021221583829709737
High,High,0.999710953985014,2.851622514546671e-06,0.00028619439247137027
Low,Low,2.7072918425228556e-05,0.9861591556057017,0.013813771475873114
High,High,0.9911292348353228,3.221125189441834e-05,0.008838553912782725
Medium,Medium,0.27545598353581713,0.027889094638448415,0.6966549218257344
High,High,0.9524337451527654,0.00021088675384774548,0.047355368093386946
High,High,0.990444002957954,0.0001725582415262151,0.009383438800519964
Low,Medium,0.010078579782434694,0.38859365417217534,0.6013277660453901
Medium,Medium,0.07322183503601641,0.04304654946829232,0.8837316154956913
Low,Low,0.000609122320125721,0.9109053778785438,0.08848549980133057
Low,Low,1.2443184049006685e-06,0.9997413340302679,0.0002574216513273308
Medium,Medium,0.011262539491370183,0.18323539507977293,0.8055020654288569
Medium,Medium,0.034537207245608804,0.11265587538951033,0.8528069173648808
Low,Low,1.4464414535734937e-05,0.9977862785513295,0.002199257034134632
High,High,0.9980403877697137,5.866831950319151e-06,0.0019537453983359187
High,High,0.9658854543841495,8.883747773041919e-05,0.0340257081381202
Medium,Low,0.003816609886769912,0.7501863138480179,0.24599707626521222
High,High,0.9948139777785822,3.0229839266997107e-05,0.005155792382150904
Medium,Medium,0.034562252211639194,0.10620873358953219,0.8592290141988286
High,High,0.9994178001863936,2.4342690627836553e-06,0.0005797655445436986
High,High,0.9984623991224985,3.884693957010411e-06,0.00153371618354441
High,High,0.999455337326068,1.0765818620971147e-06,0.0005435860920699202
High,Medium,0.4363620626061063,0.02896465262128369,0.5346732847726101
High,High,0.9551274670540526,0.00022040103334012968,0.04465213191260717
High,High,0.9619165766077,0.00023947671968304002,0.03784394667261693
High,High,0.8613538739018446,0.0009951254807806478,0.1376510006173747
High,High,0.926042922028147,0.0007070270135474606,0.07325005095830575
High,High,0.9004233496824056,0.0006693140926858106,0.0989073362249085
High,High,0.9937636037528425,2.8084544820804764e-05,0.0062083117023365685
High,High,0.9991282794250744,6.4857561905038325e-06,0.0008652348187350176
Medium,Medium,0.2783752559738596,0.015974581944706377,0.705650162081434
High,High,0.9994569350291799,2.5842043552036983e-06,0.0005404807664648434
High,High,0.9876450722293294,0.00027091164364529893,0.012084016127025279
High,High,0.7603124698313418,0.0017446756500337504,0.23794285451862435
Medium,Medium,0.0027386337121647506,0.4466793722213996,0.5505819940664357
High,High,0.9983587223769474,1.1220998765469303e-05,0.001630056624286829
High,High,0.9999627624912881,4.754200483608949e-07,3.676208866345457e-05
Low,Low,6.540684351162431e-05,0.9875419955115693,0.01239259764491916
Low,Low,8.209362952610055e-05,0.9551771274138827,0.044740778956591315
High,High,0.9917658780893335,7.428341753255869e-05,0.008159838493133927
Medium,High,0.6612897475983018,0.008492050682563809,0.3302182017191343
Low,Low,0.0009302612737036925,0.8811294752195844,0.11794026350671204
High,High,0.9993415249252586,1.395503635210053e-06,0.0006570795711061017
Medium,Medium,0.222607262641701,0.022751292210895117,0.7546414451474039
High,High,0.8911546005929969,0.0006642065339394379,0.10818119287306364
Medium,Medium,0.39556176321805864,0.01485722412904065,0.5895810126529007
High,High,0.9998042851602152,1.4753708019904466e-06,0.00019423946898268417
High,High,0.9982764886430292,1.2085203670751483e-05,0.001711426153300108
High,High,0.9980049061729779,1.749306702000571e-05,0.0019776007600021024
High,High,0.8668318218291882,0.0006420374567169535,0.13252614071409488
Low,Low,0.00022658863789721268,0.9504313320550969,0.04934207930700595
Medium,Medium,0.07787868696942457,0.0873758814146289,0.8347454316159466
Medium,Medium,0.030524094936330834,0.15009535953908704,0.8193805455245822
Low,Low,0.0012285226837288148,0.9170534445688611,0.08171803274741021
High,High,0.9998465375499448,6.439250176010917e-07,0.00015281852503761263
Low,Medium,0.012221166755248888,0.4155933417423274,0.5721854915024237
High,High,0.9991531327591776,2.0605102704047735e-06,0.000844806730551868
High,High,0.9994367055440909,4.1879059137312816e-06,0.0005591065499952528
High,Medium,0.44322157372238785,0.006075528033866011,0.5507028982437461
Medium,High,0.7237891562386879,0.0018178217427623283,0.2743930220185498
High,High,0.9751943959074405,0.00016773053265285002,0.02463787355990657
Medium,Medium,0.2533217948882081,0.03559542708049113,0.7110827780313007
High,High,0.9249518519397327,0.00034013179015592764,0.07470801627011127
High,High,0.9552990627177763,0.000186947086332355,0.04451399019589127
High,High,0.6495861635978288,0.0032294843253248043,0.3471843520768464
Medium,Medium,0.4017215934886486,0.005891409065331813,0.5923869974460195
High,High,0.9992542372472197,3.1076159137122473e-06,0.0007426551368663973
High,High,0.9997993776095069,1.023282798412836e-06,0.00019959910769460541
High,High,0.9970070433163876,8.543898965154168e-06,0.002984412784647202
Medium,Medium,0.22026913739046494,0.01308803517112914,0.766642827438406
Medium,High,0.9769224445838767,0.0001488892534704294,0.022928666162653027
High,High,0.9984372605693789,1.5692466146577655e-05,0.0015470469644743357
High,High,0.9958866315296442,2.125100109674735e-05,0.004092117469258953
Medium,Medium,0.01645373779159442,0.14615406619142837,0.8373921960169772
Low,Low,3.0299685174891598e-05,0.9959175297922283,0.004052170522596848
High,High,0.9861689189362671,3.9779367005340364e-05,0.01379130169672772
Medium,Low,0.005583172682126931,0.62748958490846,0.36692724240941305
High,High,0.9969947235630651,7.228015975141987e-06,0.002998048420959829
Medium,Low,0.000873001036941366,0.8403818460914031,0.15874515287165547
High,High,0.9510036446614568,0.0004694875863651793,0.04852686775217817
Low,Low,1.5736430552360067e-05,0.9980251774448161,0.001959086124631599
Low,Low,0.0002037272871340646,0.9423588331816024,0.05743743953126351
High,High,0.995049893240716,2.14536444830909e-05,0.004928653114800736
High,High,0.9606913560653295,0.0001719435240425066,0.03913670041062792
High,High,0.9987659919367,5.805255239302617e-06,0.0012282028080605138
Low,Low,0.0008210846828487061,0.8426969981417924,0.1564819171753589
Medium,Low,0.001070533255812234,0.8816127253856832,0.1173167413585047
High,High,0.9991961833132648,1.8271131095211021e-06,0.0008019895736255375
Low,Medium,0.004796939846715283,0.4060189869732965,0.5891840731799882
High,High,0.9998158417185784,2.1605076528413245e-06,0.00018199777376879964
High,High,0.8331324699450589,0.0009262701541368975,0.1659412599008042
High,High,0.9570574487485506,0.00015724848377294366,0.04278530276767651
Medium,Medium,0.39944570600567125,0.008924671204779688,0.5916296227895491
Low,Medium,0.011404233493446303,0.2510251492288251,0.7375706172777287
High,High,0.9988999421595062,7.838115221046805e-06,0.0010922197252726262
Low,Low,0.00012606276294212015,0.9477725574569171,0.0521013797801406
High,High,0.7903257391488102,0.0022952828686049033,0.20737897798258484
High,High,0.9995681784327113,1.4422655122638944e-06,0.0004303793017765422
Medium,Medium,0.019167889276686098,0.31490276184890315,0.6659293488744109
High,Medium,0.4345163908924453,0.006579420936309282,0.5589041881712454
High,High,0.9774809393766626,0.00011009245121182066,0.02240896817212559
High,High,0.9950227970598138,4.0219811457826554e-05,0.004936983128728486
High,High,0.9544151106641857,0.000210502456258934,0.04537438687955529
Low,Low,0.00104790442777981,0.7722972843954791,0.22665481117674102
High,High,0.9884441071064332,8.02219394587932e-05,0.011475670954107986
High,High,0.7820781105608559,0.0017398869322296157,0.21618200250691466
High,High,0.9955079552687423,9.064507301809921e-06,0.004482980223956052
High,High,0.9894460681334922,8.538907004215291e-05,0.01046854279646548
Medium,Medium,0.21709125855643066,0.020192819987566876,0.7627159214560024
High,High,0.9799070332672783,7.123289726657148e-05,0.020021733835455077
Medium,Medium,0.4875507081394271,0.0060868383102855245,0.5063624535502873
High,High,0.9422765840847288,0.0004432286800165709,0.057280187235254555
Medium,Medium,0.3373005935818945,0.01276778066252095,0.6499316257555845
High,High,0.8824079478727753,0.0007107370438822127,0.11688131508334253
Medium,Medium,0.009898439338785849,0.3484055534358539,0.6416960072253602
High,High,0.9504622161552584,0.00022091535309692675,0.04931686849164485
Low,Low,0.0002838990629355418,0.943355057167024,0.056361043770040455
High,High,0.9809387993962407,6.316201442386121e-05,0.01899803858933543
High,High,0.9844143360815094,3.8840538105791175e-05,0.015546823380384928
Medium,High,0.8313815261717276,0.0013630858087977423,0.1672553880194748
High,High,0.9978486760906979,9.18052661362731e-06,0.0021421433826884456
High,High,0.8185202048542947,0.0005941150037537643,0.18088568014195158
Low,Medium,0.011815425787702229,0.45852938259013326,0.5296551916221646
High,High,0.9743018675173974,5.8378367077531785e-05,0.02563975411552511
High,High,0.9991386549374329,2.1310692048000916e-06,0.0008592139933623105
High,High,0.9729068962580751,0.00010654581253678368,0.02698655792938806
High,High,0.9645017049588283,0.00030768690215844815,0.03519060813901335
High,High,0.9999176660489197,8.377659496690347e-07,8.149618513072101e-05
Medium,Medium,0.15850995250063835,0.015369065361411211,0.8261209821379506
High,High,0.9998958712663505,1.0120297379628624e-06,0.00010311670391145848
Medium,Medium,0.2285293967302847,0.03945853163689196,0.7320120716328233
High,High,0.9754349033003338,4.727308151166253e-05,0.024517823618154393
Low,Low,5.0759994045857434e-05,0.9856393213362881,0.01430991866966601
High,High,0.998166218121431,8.93272318241152e-06,0.001824849155386557
High,High,0.9999036637945311,8.474906205039353e-07,9.548871484849908e-05
High,High,0.9961353651711473,2.0053722855639826e-05,0.0038445811059969557
High,High,0.998849818341813,7.72507122122975e-06,0.0011424565869656556
Low,Low,3.671399687521733e-05,0.9802536666975723,0.019709619305552335
High,High,0.9736629305002701,0.0001813301998772654,0.026155739299852678
Medium,Medium,0.11581414987152494,0.039797496457551984,0.8443883536709231
High,High,0.9996723437271904,2.1149257375710746e-06,0.0003255413470721404
Low,Low,0.001213240438692059,0.9185021872065856,0.0802845723547223
Low,Low,0.0012237516034066098,0.7684849201531014,0.230291328243492
Medium,Medium,0.05565969658321131,0.13811920232410907,0.8062211010926795
High,High,0.984752378214228,5.170047005848378e-05,0.015195921315713415
High,High,0.9993432349746195,3.832424214373822e-06,0.0006529326011660892
High,High,0.9978126318922186,6.310659641418613e-05,0.0021242615113673804
High,High,0.9419280666825175,0.00030148144864140764,0.05777045186884107
Medium,High,0.6534465289048984,0.006058936665958198,0.34049453442914335
High,High,0.9999253544564598,1.2958876110245343e-06,7.334965592913924e-05
High,High,0.9455818282985214,0.00026499666898790737,0.05415317503249082
High,High,0.9436786252692072,0.000279231347206353,0.05604214338358639
High,High,0.9999102058017428,7.84416646568997e-07,8.900978161058551e-05
Low,Low,1.8710923350438154e-05,0.9972541615216866,0.0027271275549628667
High,High,0.9979530950746692,6.461894249450986e-06,0.002040443031081376
High,High,0.9694859225507517,0.00017084688193409164,0.030343230567314076
High,High,0.6494918043647341,0.005807860117204868,0.3447003355180612
Medium,Medium,0.12878565929498306,0.032323834217945276,0.8388905064870716
High,High,0.5241980051704321,0.0030104962591781755,0.47279149857038966
High,High,0.9801697214082223,7.280459037594178e-05,0.01975747400140189
High,High,0.948550543013519,0.00020645499675187303,0.051243001989728976
High,Medium,0.3629946247791573,0.010960561897086177,0.6260448133237566
Low,Low,5.300763849829535e-05,0.9970514349992936,0.0028955573622081966
High,High,0.954646567879619,0.00015529121384643926,0.04519814090653444
High,High,0.8360610777961902,0.0010750950897949817,0.16286382711401493
High,Medium,0.2004012732859266,0.019341645882418327,0.780257080831655
Medium,Medium,0.011018175086892562,0.46760582510460147,0.521375999808506
Low,Low,0.0004000577712180574,0.8714725456937711,0.12812739653501085
Medium,Medium,0.21430322134141028,0.047883790680907555,0.7378129879776822
High,High,0.9997775284386282,2.357944039453254e-06,0.00022011361733230306
High,High,0.9987407083385155,4.225474538029781e-06,0.0012550661869463802
High,High,0.9691792643214001,8.951579221115299e-05,0.030731219886388647
High,High,0.7384234961695012,0.002160005664926767,0.25941649816557205
High,High,0.609041304600874,0.005042379868303317,0.3859163155308227
Low,Low,0.0003407561997515071,0.916815120323917,0.08284412347633159
High,High,0.7824902499885368,0.001431448429849895,0.2160783015816134
High,High,0.9999137807434574,8.117766934496837e-07,8.540747984911341e-05
Low,Medium,0.0659745463930059,0.24160453323568848,0.6924209203713056
High,High,0.9994875456188599,1.4935114273604455e-05,0.0004975192668664467
High,High,0.9959585280084575,1.944335072009642e-05,0.0040220286408225794
High,High,0.9537679134483787,0.00017163250991950916,0.04606045404170155
High,High,0.7719130848424759,0.0009605678765856052,0.22712634728093847
Low,Low,1.874112159889443e-05,0.9944350278329805,0.005546231045420479
High,High,0.9695979867766357,9.87639093183339e-05,0.03030324931404609
High,High,0.9990696325442876,3.959708466363431e-06,0.0009264077472461182
High,High,0.9988627591253131,3.6802944007360654e-06,0.0011335605802861137
Medium,Medium,0.2104831178279165,0.04531870614895617,0.7441981760231273
High,High,0.9997980739351396,1.567137614259934e-06,0.00020035892724612183
Low,Low,0.0005777777342985649,0.923712366480026,0.07570985578567542
Medium,Low,0.004177983785050676,0.6058789818377707,0.38994303437717864
Medium,Low,0.005391806973158672,0.5869639785603816,0.4076442144664596
High,High,0.9220076211577689,0.00016333589039121258,0.07782904295183998
High,High,0.7988957328912297,0.0021201977441969704,0.19898406936457338
Medium,Medium,0.29365889842303583,0.03875835206798503,0.6675827495089791
High,High,0.974200327325042,0.0002102393474018653,0.025589433327556158
High,High,0.9098442958905172,0.0004794137657919103,0.08967629034369075
High,High,0.9957383526214711,2.3155674021930294e-05,0.00423849170450677
Medium,Medium,0.0741228282493447,0.03939277290562561,0.8864843988450297
Medium,High,0.7431130002374463,0.0009361369038904271,0.25595086285866336
High,High,0.987985402250976,5.409753781571409e-05,0.011960500211208121
Medium,High,0.6255457084194344,0.005125892982982048,0.36932839859758354
Low,Low,0.001139760900006304,0.7182173134378843,0.28064292566210924
High,High,0.99771264361631,2.0891723944686767e-05,0.0022664646597454607
Medium,Medium,0.018278705092575176,0.21918643366366158,0.7625348612437631
High,High,0.9997467979310407,1.0949302128416088e-06,0.00025210713874655765
Medium,Medium,0.08914719657751234,0.0745377661401701,0.8363150372823176
High,High,0.9966548234810397,2.5995304732969098e-05,0.0033191812142271096
Medium,Low,0.01785734547300419,0.6104308399658673,0.37171181456112856
Low,Low,0.0014891037191846817,0.6993718697133997,0.29913902656741553
Medium,Medium,0.11305939944251048,0.09669590672465353,0.7902446938328359
High,High,0.9992740107280556,3.653445026493413e-06,0.0007223358269181336
Low,Medium,0.055106646179216894,0.15888099978652254,0.7860123540342605
Low,Low,0.0011447784676444966,0.7128242701036029,0.28603095142875257
High,High,0.9588763480587357,0.0002871394803231079,0.04083651246094121
High,High,0.9996434100157957,3.4556357972214506e-06,0.00035313434840709545
High,High,0.9982055055440235,1.0312474174942118e-05,0.0017841819818015042
High,High,0.9986858258825385,1.4898768108878455e-05,0.0012992753493525308
High,High,0.6828307047527441,0.0024217365323088674,0.31474755871494703
High,High,0.9128742333187901,0.0006167953399143111,0.08650897134129547
Low,Low,2.3081443752621496e-05,0.994711719863659,0.005265198692588299
High,High,0.8372975736391737,0.002039973846082485,0.16066245251474387
Low,Low,3.7585641925345426e-05,0.9796857462228702,0.020276668135204495
High,High,0.7896941096496097,0.0014991440113360666,0.2088067463390541
Medium,Medium,0.05180166253613276,0.08521213095719461,0.8629862065066726
High,High,0.9948623228265329,2.3554819312327813e-05,0.005114122354154844
High,High,0.9983007140271677,1.2355565889676128e-05,0.0016869304069427843
Medium,High,0.9000074724065497,0.0004954439540078123,0.09949708363944242
High,High,0.9288932703116201,0.0007175651019337391,0.07038916458644619
High,High,0.9904863834165366,5.9131962050759424e-05,0.009454484621412738
Medium,Medium,0.016027129030508513,0.20291504351727388,0.7810578274522177
Low,Low,0.00017094157801138358,0.9718119822915926,0.02801707613039604
High,High,0.996041999805774,1.2971491061566752e-05,0.003945028703164434
High,High,0.8591137603608404,0.0016803837752575673,0.13920585586390208
High,High,0.9947591103514378,2.7029324044270734e-05,0.00521386032451784
High,High,0.962042848394405,0.00022363392098937685,0.03773351768460575
High,High,0.9988618777556811,1.1299939454735467e-05,0.0011268223048641352
High,High,0.9954116129753505,1.9833563193957075e-05,0.004568553461455611
High,High,0.7472115088006849,0.003224443051612176,0.24956404814770297
Low,Low,0.0013441466489131832,0.6728595070625752,0.3257963462885116
High,High,0.9548742161261193,0.00016296567448577354,0.044962818199394704
Medium,Medium,0.019481743576458967,0.19572488990480447,0.7847933665187365
High,High,0.9880096345650627,3.239776682470354e-05,0.011957967668112619
High,High,0.9974730627775794,5.8844285843156175e-06,0.002521052793836172
Medium,Medium,0.053029925481204616,0.08443654079491847,0.8625335337238769
High,High,0.9939582799311389,2.7938836674469567e-05,0.006013781232186634
Low,Low,2.6274674356144262e-05,0.9917733678503031,0.008200357475340786
High,High,0.9030825782748283,0.0009379494380589488,0.09597947228711291
High,High,0.9979169685200076,6.249467197452681e-06,0.002076782012795133
Low,Medium,0.005524966185000335,0.4388398226074988,0.5556352112075008
High,High,0.9720923486448302,0.0002666273907365596,0.027641023964433232
High,High,0.9929906747986532,4.188030324423676e-05,0.006967444898102466
Low,Medium,0.030337705904842766,0.15169080400380888,0.8179714900913484
High,High,0.9980344197335238,2.132928997609941e-05,0.0019442509765001212
High,High,0.9707179248015367,0.00012951988319809358,0.029152555315265234
Medium,Low,0.0005886939877424742,0.904189313330163,0.09522199268209458
High,High,0.9996419137714879,1.4162708569958448e-06,0.00035666995765513694
High,High,0.9229620620615328,0.00027585048795494545,0.07676208745051225
High,High,0.9375816490738285,0.0003542719707085753,0.06206407895546284
High,High,0.5614820531168825,0.0032983106603199875,0.4352196362227976
High,Medium,0.19259324898073696,0.016970635487531006,0.790436115531732
High,High,0.6167143377842583,0.0077818179508977745,0.3755038442648439
High,High,0.7270268840988519,0.0032774373057774205,0.26969567859537075
High,High,0.9522073092012816,0.00014707038745634797,0.04764562041126212
High,High,0.8814373608567184,0.0017514349609689353,0.11681120418231271
High,Medium,0.384514078629487,0.0068791450186429974,0.60860677635187
Low,Low,3.9913823526976846e-05,0.9941086146187817,0.0058514715576914525
High,High,0.9802816527277756,6.893478558413212e-05,0.01964941248664039
High,High,0.9916452495069432,6.071376433366369e-05,0.00829403672872324
High,High,0.9957281378201992,2.2229635414409193e-05,0.0042496325443862155
Medium,High,0.802003911199382,0.0015499942691522084,0.19644609453146575
Low,Medium,0.029453330382598827,0.10846097365617816,0.862085695961223
High,High,0.9999771267065565,6.055339574124428e-07,2.2267759485933164e-05
High,High,0.9121821509004596,0.00033461626315754565,0.08748323283638294
Medium,Medium,0.06921290376991028,0.12127816850751706,0.8095089277225727
High,Medium,0.19391314825272576,0.04149866398895824,0.764588187758316
Low,Low,0.0010044356426279408,0.8344281996752658,0.16456736468210623
Medium,Medium,0.07394332892362947,0.057882168881060354,0.8681745021953101
Medium,Medium,0.2368332195865099,0.007199211642523265,0.7559675687709668
Medium,Medium,0.029014131559048254,0.09916825472885006,0.8718176137121016
Medium,Medium,0.04532388002993351,0.08371040366978007,0.8709657163002865
Medium,Medium,0.005706043018783233,0.4273190178339173,0.5669749391472995
High,High,0.999238079869717,1.6093675769371364e-06,0.0007603107627061128
Medium,Medium,0.12466232116706583,0.023865169357439462,0.8514725094754947
High,High,0.9999336979347997,7.637470847792667e-07,6.553831811559904e-05
High,High,0.9987775518066756,7.428550227731386e-06,0.0012150196430966624
High,High,0.9730937299849877,0.00016062445353303524,0.026745645561479393
High,High,0.9964073308857176,1.5756844889132675e-05,0.0035769122693930845
Low,Low,0.0023758231874260564,0.8294629538121259,0.16816122300044825
High,High,0.9738803722051353,0.0003966832470749339,0.025722944547789728
Medium,Medium,0.06873339513985442,0.04339417148639931,0.8878724333737463
High,High,0.998396895241436,6.7985973721549535e-06,0.0015963061611919916
High,High,0.8831709120976056,0.0004352873270372361,0.11639380057535731
High,High,0.999447160453945,4.360315955688066e-06,0.0005484792300994393
High,High,0.6417716232017954,0.003270249043803813,0.3549581277544007
High,High,0.999660349428885,5.735382465915155e-06,0.00033391518864910887
Medium,Medium,0.016353174200776425,0.2695567252199221,0.7140901005793014
High,High,0.9999471139865379,8.356830173151025e-07,5.20503304446968e-05
High,High,0.7543608124714847,0.0018243239003624,0.24381486362815297
Medium,Medium,0.07239172191314285,0.05095648798523625,0.8766517901016208
Low,Low,0.0016689464239115343,0.8048611214305094,0.19346993214557925
High,High,0.9970748659281081,1.2281393630725064e-05,0.0029128526782613044
Low,Medium,0.01390144259349849,0.2876510227664997,0.6984475346400019
Medium,Low,0.0024211811261079844,0.8334747724647189,0.16410404640917312
High,High,0.9726958627418768,7.01020348802094e-05,0.027234035223242983
Low,Low,0.0002342787314656348,0.9754394410659187,0.024326280202615517
High,High,0.9980924556657081,8.342357879369744e-06,0.0018992019764124037
High,High,0.9933746432952496,3.766482052451801e-05,0.006587691884225932
High,High,0.9849744698488369,0.00020170392966129742,0.014823826221501779
Low,Medium,0.008225138667524855,0.4448646083411973,0.5469102529912778
High,High,0.996444375718229,6.371623077929896e-06,0.0035492526586932286
Medium,Medium,0.4061512622926957,0.015612605284489123,0.5782361324228151
High,High,0.9298540261655347,0.00026710998939361323,0.06987886384507168
High,High,0.9997831141642244,2.4321230113742786e-06,0.00021445371276402153
High,High,0.9857399272562799,4.468943785528697e-05,0.014215383305864788
Medium,Medium,0.021846442402672313,0.10640790361537943,0.8717456539819481
High,High,0.981776643071741,0.00011330818796832403,0.01811004874029081
High,High,0.9977499892329306,1.2594238811063455e-05,0.002237416528258486
High,High,0.9884486490251534,9.574129318297981e-05,0.011455609681663563
High,High,0.9901684302303241,3.0438804774131195e-05,0.009801130964901702
High,High,0.9688874921990654,0.00010974000849125856,0.03100276779244347
Medium,Medium,0.029153683605665684,0.12503308456099213,0.8458132318333421
Low,Low,0.00014073386343564238,0.9370582466204507,0.06280101951611365
Medium,Medium,0.06012126389466144,0.08821016452389908,0.8516685715814395
Low,Medium,0.03141958098827158,0.15858251852147617,0.8099979004902522
High,High,0.999931767405341,6.322892448264024e-07,6.760030541421278e-05
Medium,Medium,0.0162439366895669,0.1877608039137712,0.7959952593966619
High,High,0.9987289887553853,1.4330012335667879e-05,0.0012566812322790208
High,High,0.9998662590233645,8.182733155497376e-07,0.00013292270331988782
Low,Low,0.0020687727460569727,0.8106489663624195,0.18728226089152356
High,High,0.9961465273741111,4.2199530452328994e-05,0.0038112730954364643
High,High,0.9985002262202632,7.0088239055355174e-06,0.0014927649558313693
High,High,0.9987761013150306,8.177572056229489e-06,0.0012157211129130935
Low,Low,0.0004084331687295927,0.9399456809697525,0.059645885861517825
High,High,0.9996317344892938,2.482280656771469e-06,0.00036578323004937127
Medium,Medium,0.2157781797026165,0.01339985583946863,0.770821964457915
High,Medium,0.3171281623838739,0.009041995352676174,0.6738298422634498
High,High,0.9977037205755598,6.318977897562571e-06,0.0022899604465428107
Low,Low,4.997199884981519e-06,0.9992396508509093,0.0007553519492057886
High,High,0.9983876266196366,1.4790810074591932e-05,0.001597582570288751
High,High,0.8790632698593637,0.002953690632109422,0.1179830395085269
High,High,0.9998412681292267,2.187135604440233e-06,0.00015654473516872795
High,High,0.8139971375695683,0.0015456746388283417,0.18445718779160336
Low,Low,0.0026780181461078427,0.7399303047222617,0.2573916771316304
High,High,0.9235418095054725,0.00042792649993920816,0.07603026399458837
High,High,0.9997781519380968,6.717871470345089e-07,0.00022117627475608365
Medium,Medium,0.008837753562443445,0.47782665432434496,0.5133355921132116
Medium,Medium,0.08838212387297209,0.038390660239601644,0.8732272158874262
High,High,0.9977641275347728,7.173733428879249e-06,0.0022286987317982074
Medium,Medium,0.04985662777934269,0.06383603635010827,0.8863073358705491
Low,Low,5.782725713306899e-06,0.998171355348914,0.0018228619253728
High,Medium,0.3500103743597159,0.008589010731495865,0.6414006149087882
Low,Low,8.501204605789224e-06,0.9990501157210095,0.0009413830743845793
High,High,0.9995305406540723,1.9628208420323534e-06,0.0004674965250857626
High,High,0.9902402587731153,4.849421827000352e-05,0.009711247008614683
Medium,Medium,0.07748302803124356,0.04163803815535699,0.8808789338133994
Medium,Low,0.0004918271841104938,0.8752752524579124,0.12423292035797716
Medium,Medium,0.1900816442511108,0.020463290081669326,0.7894550656672198
High,High,0.7625520663363068,0.0034076390990879267,0.23404029456460537
High,Medium,0.09888382872357356,0.01839548806591636,0.88272068321051
Low,Low,0.001029472929737937,0.8523350562098391,0.1466354708604229
High,High,0.6849562410278104,0.004404277424203446,0.31063948154798626
Medium,Medium,0.13337849018754844,0.03650238818959946,0.8301191216228521
Low,Low,0.00040285958173510614,0.8555987208692368,0.1439984195490281
Medium,Medium,0.4175091386768439,0.011460272572486895,0.5710305887506691
Medium,Medium,0.013847811581872262,0.28984864350872397,0.6963035449094037
Medium,Medium,0.2248679396036178,0.03234249193898162,0.7427895684574005
Medium,Medium,0.24509712860353197,0.021113074929478056,0.7337897964669899
Medium,Medium,0.11115112003422475,0.03883183680781995,0.8500170431579553
High,High,0.9964659512983736,1.4278439820068499e-05,0.0035197702618064864
Medium,Low,0.006852910355004219,0.6673612528579186,0.3257858367870772
High,High,0.9993430109562529,3.3027682844825654e-06,0.000653686275462741
High,High,0.9982597561723896,6.203950306942598e-06,0.0017340398773033807
High,High,0.9997498141664022,3.3142278830714434e-06,0.00024687160571475593
High,High,0.9996950871194081,2.4281889378407042e-06,0.0003024846916540443
High,High,0.9979529482013113,1.2315189400576823e-05,0.002034736609288013
High,High,0.9988806916833997,3.5857925585899724e-06,0.0011157225240416085
Low,Low,1.660546696583427e-05,0.9966597518138678,0.003323642719166356
High,High,0.9012781100598126,0.0006859812803174559,0.09803590865986997
Low,Low,0.0049316819419894815,0.5353730962789908,0.4596952217790198
Low,Low,4.2124655298910904e-05,0.9841390409805737,0.015818834364127454
Low,Low,5.391958687727127e-05,0.9854030386392382,0.014543041773884552
Medium,Medium,0.04885983759962988,0.09192235038749753,0.8592178120128726
High,High,0.9887269259693541,0.0001803133192146965,0.01109276071143133
High,High,0.7252981232876928,0.0018478942401450617,0.2728539824721621
Low,Low,0.0001447228017425762,0.9446666594844998,0.05518861771375754
Low,Medium,0.006189407223328947,0.26515214911477253,0.7286584436618985
High,High,0.9998343835099717,1.3491573407386127e-06,0.00016426733268767863
High,High,0.8458338277708352,0.0007376902104679667,0.15342848201869685
High,High,0.9994776575928541,1.993037880243452e-06,0.0005203493692656089
High,High,0.9996347259849607,5.601559092184757e-06,0.00035967245594708814
Medium,Medium,0.02250245800375914,0.12813916508014853,0.8493583769160923
High,High,0.9952035492005261,3.448648246454024e-05,0.004761964317009383
Medium,Medium,0.031127763694292904,0.14276589605991374,0.8261063402457933
High,High,0.910853573343836,0.000599631872810067,0.08854679478335399
High,High,0.9575665902113885,0.0002887653135231097,0.04214464447508838
High,High,0.9986905100881597,6.756347677444364e-06,0.0013027335641628752
Medium,High,0.8038228012938534,0.0009089170334080831,0.1952682816727385
High,High,0.6690676896761953,0.005641788241867991,0.32529052208193665
High,High,0.9898606748327511,3.827840049609663e-05,0.010101046766752783
High,High,0.9964638915944551,1.4363086085678678e-05,0.003521745319458997
Medium,Medium,0.020652967171390695,0.15170008183592382,0.8276469509926855
High,High,0.9996645641800406,2.316389005031724e-06,0.00033311943095439933
High,High,0.8144674255747093,0.0009969227141505088,0.18453565171114023
Low,Low,4.699715498405905e-05,0.9900444619622393,0.009908540882776528
High,High,0.8716504040517238,0.0015344417522644733,0.12681515419601183
High,High,0.9975197032395955,9.34241397587022e-06,0.0024709543464287815
Low,Low,0.0007840101502990148,0.9031643655126967,0.0960516243370044
High,High,0.5127818857364033,0.0019196759534179856,0.4852984383101787
Medium,Medium,0.28381788798801627,0.026672002679810274,0.6895101093321734
High,High,0.999897320792226,6.87353723042589e-07,0.00010199185405083761
High,High,0.9999307139309969,5.214483751202875e-07,6.876462062809572e-05
Low,Low,0.0013170051402034413,0.7299152924980301,0.2687677023617664
High,High,0.9996423223437482,3.4717959363036584e-06,0.00035420586031548423
Medium,Medium,0.08239085924312434,0.0342575808084322,0.8833515599484435
Low,Low,0.0014678468508045018,0.7746281882497497,0.2239039648994459
Low,Low,1.1920904217790308e-05,0.9985938345306502,0.0013942445651320848
High,High,0.9910001015790434,8.444148547039059e-05,0.008915456935486102
High,High,0.9997531933087072,1.92708088450114e-06,0.00024487961040844616
High,High,0.9321315108685966,0.00026463810731708554,0.06760385102408625
High,High,0.5607095920782496,0.007360525877839258,0.43192988204391125
High,High,0.9961022937136137,1.2996016874316472e-05,0.0038847102695119783
High,High,0.9996389481057258,2.8879119376614767e-06,0.00035816398233656636
High,High,0.9991469837642176,3.6140780713176844e-06,0.0008494021577108628
High,High,0.9770165216642025,0.00015251428355117527,0.022830964052246393
High,Medium,0.1718250454775071,0.04820340887867995,0.7799715456438131
Low,Low,3.242338000399475e-05,0.994228394225401,0.005739182394594943
Low,Low,0.0018787887873189647,0.7325071847016309,0.2656140265110502
Low,Low,0.0005128057172418673,0.868010001821819,0.13147719246093897
Medium,Medium,0.01041878800385795,0.31811695819535385,0.6714642538007882
Medium,Medium,0.21455704232532163,0.05464380191190545,0.7307991557627729
High,High,0.9939762273496323,1.3935094832756885e-05,0.0060098375555348305
High,High,0.987339891880453,4.0982906280855525e-05,0.012619125213266238
High,High,0.9000222589880293,0.000724784074736475,0.09925295693723422
High,High,0.9997702662617572,1.0583000572553567e-06,0.00022867543818546845
Medium,Medium,0.3461845798563021,0.006760878931036174,0.6470545412126617
High,High,0.9375297563033776,0.0006690744525305203,0.06180116924409173
High,High,0.9992706577936145,3.2053015553318386e-06,0.0007261369048303062
High,High,0.9996540686658082,5.838245564531591e-06,0.00034009308862713127
High,High,0.9995190694438755,4.57972731279294e-06,0.0004763508288117758
Low,Low,0.001406031683530662,0.7740312494086985,0.22456271890777083
Low,Medium,0.010025406422859375,0.23174885931260314,0.7582257342645374
Medium,High,0.5046609248519958,0.009873553959261771,0.48546552118874237
Low,Medium,0.008776285052583018,0.39799506945419216,0.5932286454932247
Low,Medium,0.008953703728802222,0.4780782093099969,0.5129680869612009
Medium,Medium,0.2598409295814507,0.03990280247307541,0.7002562679454738
Medium,Medium,0.09432793037351876,0.0338867062062734,0.8717853634202078
High,High,0.9990589816941435,7.71989956202137e-06,0.0009332984062946102
High,High,0.7592057871420311,0.0026210591189764817,0.23817315373899234
Medium,Medium,0.1481704546661564,0.02024350194838716,0.8315860433854565
Medium,Medium,0.011985012050331959,0.17422166459095645,0.8137933233587115
Low,Low,0.00011788966880948143,0.9782482427608014,0.021633867570389043
High,High,0.9896757738720509,4.779043742307557e-05,0.010276435690525993
High,High,0.9994566443532206,2.53767838345236e-06,0.0005408179683959532
High,High,0.9988314917048345,8.090251926197555e-06,0.001160418043239301
Medium,Medium,0.07230417595389736,0.07881888385380247,0.8488769401923002
High,High,0.987439312431572,0.00025553414381575073,0.012305153424612246
Medium,Medium,0.2981830421777,0.017407299262999627,0.6844096585593004
Low,Low,2.1504589234806167e-05,0.9929163435544893,0.00706215185627563
High,High,0.963409686416867,0.0002419190377280074,0.03634839454540517
High,High,0.9966222875726489,1.1091773353482872e-05,0.003366620653997669
High,High,0.9971293947729941,1.084913944900872e-05,0.00285975608755706
Medium,Medium,0.045151689821032334,0.10782439682524043,0.8470239133537272
High,High,0.9998798201409979,5.485921844450716e-07,0.00011963126681778238
Medium,High,0.8964741153727435,0.0003427975340558805,0.10318308709320076
High,High,0.9945223042647519,1.7107417374033606e-05,0.005460588317874145
High,High,0.9191818609092403,0.00027182625316122134,0.08054631283759843
Low,Low,0.0003983201029463592,0.8991281961316668,0.10047348376538677
Medium,Low,0.007500056398086325,0.5457868625722245,0.44671308102968915
Medium,Medium,0.05365662270791295,0.10289527440050382,0.8434481028915833
High,High,0.9971302979186784,9.683476855569346e-06,0.0028600186044661843
High,High,0.999491015585557,7.279806409639046e-06,0.0005017046080333629
Low,Low,0.002674417666100422,0.6748839029595345,0.32244167937436513
High,High,0.947959159358922,0.0002747718654327794,0.05176606877564517
High,High,0.9736946041493189,0.0001730362665537928,0.026132359584127362
High,High,0.9942510291127375,4.723574826028752e-05,0.005701735139002209
High,High,0.6282426442877564,0.012543251162538401,0.35921410454970526
High,High,0.9703858561954034,0.00017185300383025292,0.02944229080076628
High,High,0.9990724178839586,5.932925290397642e-06,0.000921649190751095
Low,Low,0.0028531770803987143,0.773106422866591,0.22404040005301012
Low,Low,0.0016358617696727758,0.6864645485210779,0.3118995897092495
Low,Low,0.0007795810218271672,0.9203208229769825,0.07889959600119043
Medium,Medium,0.14455595042630137,0.03056246028110473,0.8248815892925938
Medium,Medium,0.22478200376883326,0.046811611155235966,0.7284063850759308
Medium,Medium,0.06400938133924508,0.06285504582439477,0.8731355728363602
High,High,0.9999309179879117,6.557058416471617e-07,6.842630624668608e-05
Medium,High,0.9416689547199351,0.0003349785551254944,0.05799606672493946
High,High,0.9400238802245201,0.00035001354852382785,0.059626106226955966
High,High,0.994517290175281,1.4057945009522525e-05,0.005468651879709251
Low,Medium,0.14676807401862893,0.02144631505972142,0.8317856109216496
Medium,Medium,0.0789749639453414,0.04603953050616448,0.8749855055484942
Medium,Medium,0.0901602871397442,0.13387550966957998,0.7759642031906757
High,High,0.9666697441317347,0.00025964954514542477,0.03307060632311987
Medium,High,0.5245132165940058,0.006812913497558955,0.46867386990843524
High,High,0.9993690685301365,8.086741469390708e-06,0.0006228447283939704
High,High,0.999649278546732,1.5691083859073832e-06,0.0003491523448822062
High,High,0.9892365225059687,3.59023083665659e-05,0.010727575185664827
Low,Low,0.00024795485035221545,0.9711684816694116,0.028583563480236118
High,High,0.7580944175191033,0.0007412385021563862,0.24116434397874037
High,High,0.9965529822482448,1.604946801873405e-05,0.003430968283736404
High,High,0.5851831813103069,0.006291985831786531,0.4085248328579066
Medium,Medium,0.19544110789117594,0.014069159604673812,0.7904897325041503
High,High,0.991545417795899,2.081567018015837e-05,0.008433766533920738
High,High,0.9970397585067617,3.0169884320797296e-05,0.0029300716089174614
High,High,0.9987031058371022,3.5925996733556764e-06,0.0012933015632244347
Medium,High,0.7528883915275569,0.00202741474919196,0.24508419372325102
Medium,High,0.6508921257773834,0.0018978848447534459,0.3472099893778631
High,High,0.9515950685282053,0.0003479799710794469,0.04805695150071514
High,High,0.996820148858406,1.1643268571553975e-05,0.0031682078730224136
High,High,0.9965507478116529,4.1526246527774955e-05,0.0034077259418192943
Medium,High,0.6591570963994428,0.0022569378978034038,0.33858596570275384
Low,Medium,0.006305810561915649,0.47023639048808097,0.5234577989500033
Low,Low,8.617440833717891e-05,0.9710617371198105,0.0288520884718523
High,High,0.8410253677178788,0.001605352560883213,0.15736927972123801
High,High,0.9984277956071534,6.240776747307633e-06,0.0015659636160991405
Low,Low,1.7392176181636007e-05,0.9960174507025333,0.003965157121284968
High,High,0.9938993201812293,1.7715244166712357e-05,0.0060829645746040915
High,High,0.9985416556888546,7.669874978676483e-06,0.0014506744361665535
High,High,0.9795680086292444,0.00011032748475027366,0.02032166388600539
High,High,0.7834297531999421,0.0021433763810463882,0.2144268704190116
High,High,0.9863341644646068,4.959292447882094e-05,0.01361624261091422
High,High,0.9999443953322187,7.412558509527892e-07,5.486341193042088e-05
Low,Low,0.0049087490229880164,0.6702735639379785,0.3248176870390335
High,High,0.9068165129448059,0.0007940051477605996,0.0923894819074335
High,High,0.9986242777943262,1.8554552418522924e-06,0.0013738667504320527
High,High,0.9926222403966061,3.239978045524747e-05,0.007345359822938794
High,Medium,0.38608380897670186,0.011484749724625412,0.6024314412986727
High,High,0.997978565158379,1.235667612136187e-05,0.002009078165499524
Medium,Medium,0.085089788828873,0.02419814432981887,0.8907120668413081
Low,Low,0.00041624313312190603,0.9812010284112866,0.018382728455591354
High,High,0.9716157745504791,0.00010466300512338668,0.02827956244439769
Low,Medium,0.055510089228650465,0.16912372350696378,0.7753661872643858
High,High,0.6121841800954404,0.00702628593018341,0.3807895339743762
Medium,Medium,0.11264164585289137,0.07152796447591002,0.8158303896711987
High,High,0.9997670497811735,1.5465031099849076e-06,0.00023140371571646595
Low,Low,3.8051266766532157e-06,0.9993647319760579,0.0006314628972655762
High,High,0.9937460383712658,2.280917504251846e-05,0.006231152453691758
High,High,0.9604674130715597,0.0002452612146923814,0.039287325713748045
High,High,0.9998521660758648,1.4776972535598102e-06,0.0001463562268817623
High,High,0.9651427545526448,0.00035144510981443574,0.034505800337540825
High,High,0.9976604361415485,8.63281007596484e-06,0.002330931048375554
High,High,0.9404024389487023,0.0006790463899221849,0.05891851466137544
Low,Medium,0.007801824951186564,0.37395997842775214,0.6182381966210614
High,Medium,0.15430533012720338,0.015296560663679688,0.8303981092091169
High,High,0.6953514743331956,0.003201144116349993,0.30144738155045436
High,High,0.9790610776470436,9.627367308253992e-05,0.02084264867987384
High,High,0.842511697743447,0.0015880169141801273,0.15590028534237294
High,High,0.9928727849082695,5.651107237327738e-05,0.0070707040193571285
High,High,0.8201472701611419,0.0024635472580569495,0.17738918258080105
Medium,Medium,0.21811638833989003,0.027170791917200593,0.7547128197429093
High,Medium,0.021307906852351507,0.103703720947324,0.8749883722003245
Low,Medium,0.013153198381095075,0.28910023357389925,0.6977465680450057
High,Medium,0.2407149943517245,0.014399411473228707,0.7448855941750469
High,High,0.9736657955109227,0.00026362352790207616,0.026070580961175198
Low,Low,0.00011348537706660377,0.9881686550313035,0.01171785959163006
High,High,0.9999341379008351,8.844597421750415e-07,6.497763942287664e-05
High,High,0.9991329869292197,3.069330524451057e-06,0.0008639437402559572
High,High,0.9991813017787083,3.362147954992196e-06,0.000815336073336876
High,High,0.9990389174322174,3.4843424082348627e-06,0.000957598225374502
Medium,Medium,0.02201555154579587,0.1396624807294168,0.8383219677247873
Medium,Medium,0.09147199363128547,0.0428564720265925,0.8656715343421221
Medium,Medium,0.018949377811351992,0.2503150268200483,0.7307355953685998
High,High,0.998515312796035,9.711607814618971e-06,0.0014749755961505394
High,Medium,0.13556449698962225,0.04681011506913315,0.8176253879412445
High,High,0.9928580357490343,1.839060155470812e-05,0.007123573649411041
High,High,0.9997685702283265,1.1487155302728714e-06,0.00023028105614312245
Low,Low,0.0001748313470480876,0.9821489989008602,0.017676169752091776
High,High,0.9974869255425032,1.4651637164788939e-05,0.002498422820332
Low,Low,0.0007025465931783369,0.857427816977782,0.14186963642903966
High,High,0.9534481784996609,0.00032063438525361794,0.04623118711508534
High,High,0.9426098188890843,0.00036915385604980954,0.057021027254865755
High,Medium,0.2051680650766565,0.01339804153989007,0.7814338933834534
Medium,High,0.8570648017827659,0.0006006355457503004,0.14233456267148387
High,High,0.9995303215625415,2.14382262888247e-06,0.0004675346148293832
High,High,0.9675508133898935,0.0002971721364056565,0.03215201447370104
High,High,0.9988619823544238,7.791216478879289e-06,0.0011302264290972944
High,High,0.9194387416844947,0.0004053721352991038,0.08015588618020617
High,High,0.9992953398791845,4.474747426211719e-06,0.0007001853733894446
High,High,0.9898208674618921,4.007441193200852e-05,0.010139058126175899
High,High,0.9937599986883577,6.191395549596066e-05,0.006178087356146507
Medium,Medium,0.20290117861165308,0.024549306119558852,0.7725495152687881
High,Medium,0.4467192155449958,0.010129896188234547,0.5431508882667697
Low,Medium,0.07737699414038778,0.04901932284441238,0.8736036830151999
High,High,0.9297626312339563,0.0004339001905417685,0.06980346857550196
High,High,0.7979343672079783,0.0015495221412244087,0.20051611065079747
Medium,Medium,0.20413801461643183,0.04914515173040922,0.7467168336531589
Medium,High,0.7995390179945975,0.001272298793336955,0.19918868321206568
High,High,0.9928799340020288,2.48668464957082e-05,0.007095199151475756
High,High,0.9296595105579919,0.00025474804860029404,0.07008574139340787
Medium,Medium,0.018422619050241805,0.24109300047457738,0.7404843804751807
High,Medium,0.4874635715634625,0.007423834251470269,0.5051125941850673
Medium,Medium,0.01930533884516363,0.17574932201944896,0.8049453391353875
High,High,0.9787458549327116,0.00010867293846942486,0.021145472128818933
High,High,0.9891883465758313,7.683277222077537e-05,0.010734820651947771
High,High,0.9965653834234429,2.9609845994932766e-05,0.0034050067305622135
Medium,High,0.7909989915944424,0.0017190318007056053,0.207281976604852
Medium,Medium,0.04155738013522772,0.07081848081974718,0.8876241390450252
High,High,0.9919471680808314,2.2931345186646222e-05,0.00802990057398192
Low,Medium,0.023694145745344994,0.2129960327571686,0.7633098214974865
High,High,0.9968362464506872,1.660824931824467e-05,0.00314714529999447
High,High,0.9994579249966029,2.3642863512205616e-06,0.0005397107170459239
High,High,0.9982592621880533,2.2849425923288467e-05,0.0017178883860235138
High,High,0.9733153931047628,0.00010491656794135505,0.02657969032729571
High,High,0.9474206736338762,0.0001876678867938071,0.05239165847933001
Low,Low,0.0033973951858540475,0.6619606323362982,0.33464197247784777
Medium,High,0.5649203264403927,0.009121070864089295,0.4259586026955181
High,High,0.9997522720711483,2.3233708999696516e-06,0.000245404557951846
Low,Low,0.0009986931600351892,0.8328672456249393,0.16613406121502558
Medium,High,0.8175066431664172,0.0035694251570377276,0.17892393167654508
Medium,Medium,0.4009349507524055,0.02095839900414329,0.5781066502434512
Low,Low,9.922747758106217e-05,0.9736692374303993,0.026231535092019552
High,High,0.9993191970229717,3.224617974166435e-06,0.000677578359054216
High,High,0.9994552714383392,7.731710885479928e-06,0.0005369968507752758
High,High,0.9997408392654689,3.0516382558368094e-06,0.0002561090962752193
High,High,0.9501772308307785,0.00032937396951238324,0.04949339519970909
High,High,0.9991589024181893,7.435529121215467e-06,0.0008336620526893509
High,High,0.9968661980765217,1.3843289765012636e-05,0.003119958633713282
High,High,0.9821793078485797,9.670434745244797e-05,0.01772398780396793
High,High,0.9978376619178055,1.3591761396148865e-05,0.002148746320798174
High,High,0.9813901850765492,8.675805214129364e-05,0.018523056871309496
Low,Low,0.0006821999163929485,0.8868679353980766,0.11244986468553042
Medium,Medium,0.09799018515202187,0.04621743740674747,0.8557923774412306
High,High,0.7672088674464058,0.0013073496322109112,0.2314837829213833
Low,Low,0.000628685160380694,0.906088299798743,0.09328301504087623
Low,Medium,0.014120517273559539,0.28840028870406287,0.6974791940223776
High,High,0.9911442595629064,4.7652195863712975e-05,0.008808088241229898
High,High,0.9327925004942597,0.0003032775143313649,0.06690422199140902
High,High,0.9897275574677561,8.866027183114587e-05,0.010183782260412794
Low,Low,0.000278723762460657,0.9041085638252753,0.09561271241226414
Low,Low,1.6825295654306683e-05,0.9925059141653539,0.007477260538991817
High,High,0.877452829550151,0.0006114495851226286,0.12193572086472654
Medium,Medium,0.03612822190223125,0.13930692452069293,0.8245648535770759
Low,Medium,0.004520740110913165,0.25405259223185744,0.7414266676572294
High,High,0.9833908000227712,0.00011341252637652213,0.016495787450852183
Medium,Medium,0.10970072772421866,0.03853155993751537,0.8517677123382661
Medium,Medium,0.006767215269027351,0.23789428042973146,0.7553385043012413
High,High,0.9999134322190123,4.969564977533351e-07,8.607082448990028e-05
Low,Low,0.0005127477724902268,0.8415873098078761,0.15789994241963373
Low,Low,8.951525051923493e-06,0.9970844571490268,0.0029065913259212475
High,High,0.9915679526414786,5.414885708528747e-05,0.008377898501436169
Low,Low,6.49104201708519e-06,0.9983699986654474,0.0016235102925356607
Medium,High,0.6847180331275827,0.004291301469775099,0.31099066540264225
High,Medium,0.05430302654715121,0.12429321318732889,0.82140376026552
Low,Low,0.00010134036694895602,0.9683855580570682,0.031513101575982944
High,High,0.9780133457693714,0.00010473799271152026,0.021881916237917118
High,High,0.9723065007369598,0.00013840581423715795,0.027555093448803053
High,High,0.9949503246969769,1.8570621308751497e-05,0.005031104681714412
Medium,High,0.8239010762499966,0.0012402686239149476,0.17485865512608842
High,High,0.9991107239947703,2.7703398192616604e-06,0.0008865056654106786
Low,Low,0.0005196362993080707,0.912605869208255,0.08687449449243675
High,High,0.9330608352374767,0.00021955522254956498,0.0667196095399736
Low,Low,0.00012257594642809308,0.9825600288569409,0.017317395196630878
Low,Medium,0.006276306740628509,0.3818486303334286,0.6118750629259428
High,High,0.9947070381033398,5.4058865121124454e-05,0.005238903031539251
Low,Low,0.0037969853696607865,0.7769038246314037,0.21929918999893555
Low,Medium,0.06943956082448065,0.09195799599802866,0.8386024431774908
High,High,0.999794030920122,1.755826906895096e-06,0.00020421325297124008
High,High,0.9846005373093875,6.54905313204495e-05,0.015333972159292115
Medium,Medium,0.018497975283522896,0.12094444245211261,0.8605575822643645
Medium,Medium,0.051488898892080116,0.0701784367296364,0.8783326643782834
High,Medium,0.2518361846050487,0.020890418973848947,0.7272733964211024
High,High,0.9971900193481815,2.1930999195821008e-05,0.0027880496526226355
High,High,0.997398070621793,4.3240357588224235e-05,0.002558689020618869
Medium,High,0.6495390938736607,0.004516219048423884,0.3459446870779153
Medium,Medium,0.07910800802234977,0.06914090260606315,0.8517510893715872
Low,Medium,0.0047374881741771326,0.40881290915168045,0.5864496026741424
Low,Medium,0.0063550610734533445,0.2936890755448508,0.6999558633816958
High,High,0.9993936908296693,2.5167422971244346e-06,0.0006037924280336192
High,High,0.9990285617932425,2.719547542591887e-06,0.0009687186592148233
High,High,0.9992688830957633,2.8801014204306525e-06,0.0007282368028161105
Low,Medium,0.02180351082042671,0.23079680049353715,0.7473996886860361
High,High,0.9985244345734904,8.561994674712628e-06,0.0014670034318347786
High,High,0.9641720727303675,0.00015606282583059393,0.03567186444380191
Medium,Low,0.0048986563777327526,0.5591396642371939,0.4359616793850734
High,High,0.9943744319289677,1.62143022398617e-05,0.005609353768792386
High,High,0.9736752377679959,9.065096144332095e-05,0.0262341112705608
High,High,0.9967132802361629,1.7747673929027145e-05,0.003268972089908015
Medium,Medium,0.047732536580431556,0.09787001448349782,0.8543974489360706
High,Medium,0.022244293330042884,0.12331554634452323,0.8544401603254339
High,High,0.9433501464412171,0.00018769130873905117,0.05646216225004392
High,High,0.9978143708500496,9.554242674944625e-06,0.0021760749072753985
Medium,Medium,0.01653174351807583,0.37451467747713213,0.608953579004792
Low,Low,0.0002745450585535417,0.9572372476065999,0.042488207334846616
Medium,Medium,0.024195148817792386,0.34764915964299015,0.6281556915392174
High,High,0.9998168437924956,7.108848175043347e-07,0.0001824453226868367
Medium,High,0.9011247930574675,0.0007518426623351842,0.09812336428019736
High,High,0.9213979240003983,0.0003738515807380634,0.07822822441886369
High,High,0.9937023962183834,3.6425127236905315e-05,0.006261178654379902
High,High,0.9902117014965043,2.9461194109878942e-05,0.009758837309385919
High,High,0.999966721374901,7.045627767384955e-07,3.25740623222408e-05
Low,Low,0.0001351958613695149,0.9824568643975946,0.017407939741035827
High,High,0.9907595307988162,3.384479193881396e-05,0.009206624409244994
High,High,0.9447757049077257,0.0005928429920254708,0.05463145210024882
High,High,0.9999115393210437,6.082784476957751e-07,8.785240050840244e-05
Low,Low,0.0037288762494058223,0.6947192358701137,0.30155188788048043
High,High,0.9879026421592743,6.14632746128781e-05,0.012035894566112893
Low,Medium,0.009825949688696298,0.3577786785931173,0.6323953717181864
Medium,Medium,0.43083887493471335,0.005609975023143274,0.5635511500421434
High,High,0.7711007910534552,0.002385811362035578,0.22651339758450917
High,High,0.9952900735396265,3.143560410767091e-05,0.004678490856265841
High,High,0.9786352747901089,8.773883831692256e-05,0.02127698637157405
Medium,Medium,0.04747746179990437,0.06804165013861947,0.8844808880614762
High,High,0.9947917367174293,2.232698353162126e-05,0.005185936299039014
Low,Low,0.0021705766249869455,0.6186074318648574,0.37922199151015545
High,High,0.9786404703181514,5.051935515056918e-05,0.021309010326698234
High,High,0.996694682972999,9.940744086623164e-06,0.0032953762829141618
High,High,0.9915855786677654,2.6459148182462918e-05,0.008387962184052172
High,High,0.9999571010341765,7.717499079707066e-07,4.212721591559792e-05
High,High,0.8326812491014495,0.0007963288572910817,0.16652242204125933
High,High,0.553044561777069,0.004477369981421473,0.44247806824150954
High,High,0.9977335180052302,7.089395084644078e-06,0.0022593925996852384
High,High,0.9336727081079976,0.0002785853973157378,0.0660487064946866
High,High,0.951223985749796,0.00014173080141684387,0.04863428344878709
High,High,0.9629492105570662,0.0001501222555624927,0.036900667187371394
Medium,Medium,0.14335359712193943,0.018206273022827395,0.8384401298552332
High,High,0.9997846835611911,4.629193035218569e-06,0.00021068724577378545
High,High,0.9997779547435823,1.6083296274888353e-06,0.00022043692679003275
Low,Medium,0.004046718483433127,0.46527271309282847,0.5306805684237385
High,High,0.9974419325077896,4.3720334710400755e-06,0.0025536954587392006
High,High,0.9986712244168556,4.129731300220857e-06,0.0013246458518440434
Low,Low,9.503384444960576e-05,0.9776347405619911,0.0222702255935592
High,High,0.999892543462879,9.830657464429703e-07,0.00010647347137437501
High,High,0.865652216288444,0.001071365158465744,0.13327641855309016
Low,Low,0.002985468963529123,0.6093480066630909,0.38766652437338
High,High,0.9966091813201405,2.7467576537028008e-05,0.0033633511033225537
High,High,0.9921348292057236,0.00010502439903010607,0.007760146395246529
High,Medium,0.3182348918484846,0.024314962916750168,0.6574501452347653
High,Medium,0.12122935688556473,0.01859428242631923,0.860176360688116
High,High,0.6573970136182924,0.004788856416701243,0.3378141299650065
Medium,Medium,0.08439189969461117,0.06503717461370104,0.8505709256916878
High,High,0.9447917997261922,0.0001694182175392502,0.05503878205626859
High,High,0.9710718974668846,0.00011819343849315246,0.028809909094622107
High,High,0.9984155294060418,7.354956436812248e-06,0.001577115637521257
Medium,Medium,0.285586611497719,0.03152267961171708,0.6828907088905639
High,High,0.9981282729126767,1.1742649934199757e-05,0.0018599844373890875
Medium,Medium,0.2401979991254873,0.026855138716373708,0.7329468621581391
High,High,0.9642697125289623,0.00018989756098685212,0.03554038991005071
High,High,0.5228995256040916,0.005306504946008233,0.4717939694499002
High,High,0.997998569182326,1.1351499800150016e-05,0.001990079317873851
High,High,0.9996179982328891,2.8435039795230184e-06,0.00037915826313142094
High,High,0.9494422409280012,0.00025747354287872253,0.050300285529120164
High,High,0.9973561005338284,1.1592203103608786e-05,0.002632307263067947
Medium,Medium,0.11041317170196607,0.034889540085485705,0.8546972882125483
High,High,0.9974051975503555,2.1107756998455002e-05,0.0025736946926461198
High,High,0.9666383214935247,0.00022172391457797548,0.03313995459189738
Medium,Medium,0.12685527166123708,0.013493276733220436,0.8596514516055425
Medium,Medium,0.031779047421094615,0.11926807268567803,0.8489528798932274
Low,Low,0.00416721932643386,0.5425329398586909,0.4532998408148752
High,High,0.9953862903201035,2.3335239975474116e-05,0.004590374439920856
High,High,0.9998268137866192,2.8516945064654644e-06,0.00017033451887428052
High,Medium,0.1824767445227824,0.010586241046692991,0.8069370144305247
Low,Low,9.275970404025841e-05,0.970464101024237,0.029443139271722714
Low,Low,0.0008276252554530005,0.8402276778177464,0.15894469692680058
Low,Low,0.00046716216776549764,0.9752610662071906,0.024271771625043757
High,High,0.7412746163768895,0.001808182402826244,0.25691720122028416
High,High,0.9951461506836469,2.8537935547789457e-05,0.004825311380805435
Low,Low,0.0002767819007832545,0.9294913732742529,0.07023184482496393
Medium,Medium,0.013079797817222094,0.3585826370569325,0.6283375651258454
Low,Low,8.855993243852496e-05,0.9759983875064574,0.02391305256110405
High,High,0.9989846931425305,6.321318493698485e-06,0.0010089855389759195
High,High,0.9991463190834701,6.881535109494099e-06,0.0008467993814203999
High,High,0.996780874127766,2.5237883797508846e-05,0.0031938879884365057
Medium,Low,0.011258940651973068,0.5396890289637718,0.44905203038425506
High,High,0.9895853694018099,6.0286180609571026e-05,0.01035434441758062
Low,Low,0.0001832641731043387,0.974979888966388,0.02483684686050761
High,High,0.932659822617691,0.00036738179800589006,0.06697279558430298
High,High,0.7815369621473158,0.0032232048433454906,0.2152398330093386
High,High,0.9919113663885522,6.558071023895973e-05,0.00802305290120885
Medium,Medium,0.4970105551951434,0.005664064096908455,0.49732538070794813
Low,Low,1.0857601820858171e-05,0.9961797066845175,0.0038094357136614476
High,High,0.9798634487398812,7.893540337737431e-05,0.020057615856741474
High,High,0.9989664951195977,9.381912533919057e-06,0.0010241229678684405
High,High,0.9927330354784419,5.407715232516946e-05,0.007212887369232841
High,High,0.9675158578802506,7.402934058663166e-05,0.03241011277916288
High,High,0.9998791251253094,1.0679316976575818e-06,0.00011980694299304152
High,High,0.9881047940568074,2.428573586476471e-05,0.011870920207327803
Medium,Medium,0.2474398879760454,0.018946467886211193,0.7336136441377434
High,High,0.9979155224470349,1.6526552831804935e-05,0.002067951000133261
High,High,0.9887284348315823,7.190986891102965e-05,0.011199655299506481
High,High,0.9663547585441551,0.00011231952711417988,0.033532921928730614
High,Medium,0.2610401834968374,0.031946266337239716,0.7070135501659228
High,High,0.9981190921203212,7.824316669854466e-06,0.0018730835630087574
High,High,0.9967436673622283,8.399283554489929e-06,0.003247933354217264
High,High,0.8891468499454038,0.0005075987563267625,0.1103455512982695
Medium,Medium,0.1305092713200896,0.03773394726048466,0.8317567814194257
High,High,0.9996911858189902,2.2858653132688494e-06,0.00030652831569663727
Medium,Medium,0.3069355937544348,0.017981380914083536,0.6750830253314817
High,High,0.610357420769386,0.004345755015841269,0.3852968242147726
Medium,Low,0.0010186618233916664,0.7893296849251511,0.20965165325145724
Medium,Medium,0.21674627186524856,0.06596573388906608,0.7172879942456852
High,High,0.999973300071022,2.8302450081175495e-07,2.6416904477267743e-05
High,High,0.9585479250123649,0.00015376791127007727,0.04129830707636499
Medium,High,0.7789434458404512,0.0010903302240352862,0.2199662239355135
High,High,0.999746233863762,1.30176976307718e-06,0.0002524643664748859
Medium,Medium,0.25884633323377204,0.01605016849747214,0.7251034982687559
Low,Low,6.528134604690054e-06,0.9987790803016285,0.001214391563766583
High,High,0.9995797519663084,1.6983148150909126e-06,0.00041854971887663844
Low,Low,0.001611805074930838,0.7532690339162703,0.24511916100879882
High,High,0.9993766186055593,7.82349055220068e-06,0.0006155579038885604
Medium,Medium,0.2995303080073485,0.022691546092025148,0.6777781459006263
High,High,0.902903629735722,0.00040098868409572285,0.09669538158018239
High,High,0.9978088783216189,1.463979343220575e-05,0.0021764818849488565
Medium,Medium,0.004511277155775747,0.3761107936109206,0.6193779292333036
High,High,0.990277116361187,3.0702533165678984e-05,0.009692181105647426
Medium,Medium,0.2954500249310794,0.007882346664796702,0.6966676284041239
Medium,Medium,0.052977501109250244,0.09519316707730148,0.8518293318134482
Medium,High,0.7090256363818457,0.0035397165372990356,0.28743464708085525
High,High,0.9664816049355598,0.00015242655262690715,0.033365968511813206
Low,Medium,0.005707037334631509,0.4449200564007323,0.5493729062646362
High,High,0.9993007904048927,5.159236401579644e-06,0.0006940503587056364
High,High,0.9986956867857842,7.84017971103968e-06,0.0012964730345046674
High,High,0.9981521659755916,6.094025964255603e-06,0.001841739998444101
Medium,High,0.6616457555622247,0.0038456221374979947,0.3345086223002773
Medium,Medium,0.24381664466934383,0.010805031399484648,0.7453783239311715
Medium,Medium,0.06479779155523728,0.04393152201555845,0.8912706864292043
High,High,0.9999800319377572,2.1418089858275076e-07,1.9753881344235842e-05
High,High,0.9986012001387958,1.285387586283339e-05,0.0013859459853415414
High,High,0.8351909369762168,0.00045734572497643615,0.16435171729880674
Medium,Medium,0.23214474487096384,0.022740850626404272,0.745114404502632
High,High,0.9955133010096232,3.630039772351778e-05,0.004450398592653434
Low,Low,0.0030832112848313553,0.6702106129798888,0.3267061757352798
High,High,0.999819573859463,2.002368181553773e-06,0.00017842377235570452
High,Medium,0.33616890987311737,0.009398859321889769,0.6544322308049929
High,High,0.9885125491701844,0.00015221170759802363,0.011335239122217485
Low,Low,0.003157532435072111,0.7795469285712953,0.21729553899363246
High,High,0.9992178089075925,6.956982702128982e-06,0.0007752341097054718
High,High,0.9999310665852542,4.259550957931217e-07,6.850745965004757e-05
Low,Low,0.0016211355753954328,0.7256718738787088,0.27270699054589576
Medium,Medium,0.010937409819998776,0.42223159947240385,0.5668309907075973
High,Medium,0.271249391659371,0.009274654029998405,0.7194759543106306
High,Medium,0.09894940130440938,0.06830076648582174,0.8327498322097688
High,High,0.9973181253355853,1.2124952785991911e-05,0.0026697497116288564
High,High,0.9943441986655337,5.2262745463219964e-05,0.005603538589003065
High,High,0.9924869736827542,5.1603288969215696e-05,0.007461423028276492
High,High,0.9589372076420865,0.00035402799907006163,0.040708764358843415
Low,Low,0.0001621462232768583,0.9873053817690659,0.012532472007657138
High,High,0.5532399915707987,0.0030235699122263746,0.44373643851697486
Medium,Medium,0.007109941667100728,0.2032687656700929,0.7896212926628063
Low,Low,0.00020840817855747847,0.9268799172155401,0.07291167460590242
Low,Low,0.0011381983509611798,0.827106825154589,0.17175497649444982
Medium,Medium,0.004135934563935133,0.36200487396103787,0.633859191475027
High,High,0.9673820956909374,0.00017463270291943048,0.032443271606143194
Low,Low,0.0009396539885786423,0.8826818560365212,0.11637848997490016
High,High,0.9835711955375974,3.550765127729745e-05,0.016393296811125235
Low,Low,0.0003032651726624089,0.9063366839058732,0.09336005092146438
High,High,0.9897608810212914,0.00016845652424290057,0.010070662454465463
High,High,0.9999734159242085,2.948733912179048e-07,2.6289202400329016e-05
Low,Low,0.0007446136034766549,0.9017065776263914,0.09754880877013185
High,High,0.9968998356251039,8.27930812232073e-06,0.003091885066773907
Low,Low,0.013061546089232849,0.5397398442547532,0.44719860965601405
Medium,Medium,0.01960192035121264,0.06490581959713983,0.9154922600516476
Medium,High,0.5015855883122284,0.009164262366523396,0.4892501493212482
Medium,Medium,0.14847125665349248,0.05628745348043277,0.7952412898660748
High,High,0.9946174711099685,3.58805075416675e-05,0.005346648382489867
High,Medium,0.18871426603677585,0.030687676407846504,0.7805980575553777
High,High,0.9997730208289839,2.17176809120962e-06,0.00022480740292504944
High,High,0.986704523215172,0.00014318996194879162,0.013152286822879285
Medium,Medium,0.02844939729250584,0.13453424600160946,0.8370163567058848
High,High,0.9949656208972922,2.2314530551166263e-05,0.0050120645721565315
High,High,0.9951454016576451,2.2524919538596786e-05,0.004832073422816282
High,High,0.9850958608191882,0.00025318639131909456,0.014650952789492631
High,High,0.8564564746659167,0.001233592645128534,0.14230993268895475
High,High,0.9993920262097105,2.549799789794422e-06,0.0006054239904998385
High,High,0.9800625076567187,0.00012315354553241192,0.01981433879774894
High,High,0.9884135573734886,7.4327563028419e-05,0.011512115063483144
High,High,0.9974247287661505,2.1877411920814902e-05,0.0025533938219286264
High,High,0.9023713907529117,0.0008568342231586731,0.09677177502392954
Medium,Medium,0.32562627546192147,0.015209422334141229,0.6591643022039374
High,High,0.848961761160616,0.0009352172009677324,0.15010302163841638
High,High,0.999621462366085,5.525332805320174e-06,0.0003730123011097429
Low,Medium,0.022394331877539822,0.1702847505015498,0.8073209176209103
High,High,0.9965532497333303,1.0927293557744074e-05,0.0034358229731119515
High,High,0.8844291053076213,0.0024077471746533387,0.11316314751772531
Low,Medium,0.018616024357831315,0.2589244507265846,0.7224595249155841
High,High,0.8931994773702935,0.0005268691439888395,0.10627365348571773
High,High,0.9818356968901503,0.00017973323048349588,0.017984569879366183
Low,Low,1.467027073466659e-05,0.9974893407415609,0.0024959889877043213
High,High,0.9901629561117709,3.096590101038103e-05,0.009806077987218734
High,High,0.9930496425536556,9.453811483131958e-05,0.006855819331513244
High,High,0.9984191239087137,2.166732070482206e-06,0.001578709359215836
High,High,0.9963706279898485,3.048199458919723e-05,0.0035988900155621106
Medium,Medium,0.03772206561464697,0.1447185085719388,0.8175594258134143
High,High,0.9945736500736292,4.0109754558408504e-05,0.005386240171812604
High,High,0.7807559350291173,0.006350395914099286,0.21289366905678334
High,High,0.9995270477350378,3.5023138258051836e-06,0.00046944995113636106
Medium,Medium,0.03139589964503317,0.2181038239559334,0.7505002763990335
High,High,0.9997390210190357,1.2906231208664778e-06,0.00025968835784344823
Low,Low,0.00036113885565672066,0.9496096797987774,0.0500291813455658
Low,Low,0.00022408157204520458,0.9399000314561579,0.059875886971797056
High,High,0.9719203559449822,0.0001460862626401061,0.0279335577923776
High,High,0.9840112701747985,0.00020291698601543443,0.015785812839185988
Medium,Medium,0.06656887289084934,0.048547952223524905,0.8848831748856257
High,High,0.9978096030177241,8.07128783260664e-06,0.0021823256944433116
High,High,0.9987694025922386,6.816084082617083e-06,0.0012237813236786544
Medium,Medium,0.0640899502547668,0.05566780017860439,0.8802422495666289
High,High,0.9988913009634084,5.520658890667082e-06,0.0011031783777009888
High,High,0.9971339971960457,2.4257667176243968e-05,0.0028417451367782117
Medium,Medium,0.08565423322006485,0.025380625030243152,0.8889651417496919
Medium,High,0.9457149054881042,0.0006091264350097214,0.05367596807688594
Low,Low,0.0009835780934161372,0.8997857287882661,0.09923069311831768
High,High,0.7806682123947405,0.00131218993567774,0.21801959766958173
Medium,Medium,0.3377190775825696,0.005714745751136846,0.6565661766662936
Medium,Medium,0.037132437016935846,0.11079740348030054,0.8520701595027637
High,High,0.9996152364609066,3.782257528373491e-06,0.00038098128156504555
High,High,0.9997738777597142,1.0892483601232359e-06,0.00022503299192575912
Medium,Medium,0.1003429736201051,0.06410683935153705,0.8355501870283578
High,High,0.9552876868529516,0.0001831938970094861,0.04452911925003873
Medium,Medium,0.02487680752775373,0.12415715731083114,0.8509660351614152
Low,Low,0.000950283996577732,0.7766424020291393,0.2224073139742829
Low,Low,2.8390141607050532e-05,0.9780141570616571,0.021957452796736134
Low,Low,0.0005884649043502096,0.915177179613176,0.08423435548247389
Medium,Medium,0.24092246751638158,0.014953822627158138,0.7441237098564601
High,High,0.9999744748622179,3.575246829470904e-07,2.5167613099198622e-05
High,High,0.95169481164449,0.0006539393034236273,0.04765124905208629
High,High,0.6324417715540951,0.0037627028749634426,0.36379552557094147
Medium,Medium,0.16435547028387926,0.017218165628970914,0.8184263640871497
High,Medium,0.320135295558476,0.006928404531992822,0.6729362999095311
Medium,High,0.7151933218633842,0.0024876010853338627,0.2823190770512819
High,Medium,0.4349309109125922,0.0161195803781488,0.5489495087092591
High,High,0.9999307827066943,4.818585060624161e-07,6.873543479958379e-05
High,High,0.9991473677193704,4.1157644483790915e-06,0.000848516516181262
Medium,High,0.5891903184600307,0.010265709461622802,0.4005439720783466
High,High,0.9990373465987648,8.497715854639387e-06,0.0009541556853805756
High,High,0.9986643801914399,8.80940507925787e-06,0.0013268104034807235
Low,Low,1.9952453207300425e-05,0.9915500290123798,0.008430018534412855
High,High,0.9399038476497653,0.0004556536559106783,0.059640498694324105
High,High,0.9972760587572231,1.3692199203291871e-05,0.0027102490435735108
High,High,0.9492360854639762,0.00015987464299616175,0.050604039893027586
Medium,Medium,0.2408697214805773,0.07827807800555475,0.680852200513868
Low,Medium,0.007567407308603459,0.48240245222443734,0.5100301404669593
High,High,0.998790302450862,1.1827137263452128e-05,0.0011978704118745312
High,High,0.9993847849789109,4.6448613218731715e-06,0.0006105701597671783
High,High,0.9985982847790718,8.901231505669168e-06,0.0013928139894225395
Medium,Medium,0.019445719258426808,0.183260153862326,0.7972941268792471
Medium,Low,0.0018594907944587099,0.848346544042225,0.14979396516331625
High,High,0.9948598799086809,1.560878008345052e-05,0.005124511311235504
Low,Medium,0.0021752869546488333,0.49255478565009103,0.5052699273952601
High,High,0.9998194551078995,9.622363905904533e-07,0.00017958265570987297
High,High,0.7111457879457179,0.0018810421595975141,0.2869731698946845
High,High,0.9999379403873467,8.310465295955278e-07,6.122856612376277e-05
Low,Low,0.0020367394748592327,0.8107703060495026,0.18719295447563813
High,High,0.7634285515919821,0.0020089929142989922,0.2345624554937188
High,High,0.9598893300638632,0.0002073538435273826,0.03990331609260928
High,High,0.9943756998098312,4.846077329325519e-05,0.005575839416875474
High,High,0.9946824517543493,2.4810628009333814e-05,0.005292737617641281
High,High,0.9999424255812875,4.405332207934526e-07,5.713388549185729e-05
High,High,0.9936770144512659,3.520990090446757e-05,0.006287775647829711
High,High,0.9649508830120119,0.00011610801863230262,0.034933008969355854
High,High,0.9965180195111126,1.5039074275317441e-05,0.003466941414611947
High,High,0.9874578142547153,9.768660816233705e-05,0.012444499137122296
High,High,0.997837814714659,1.2365956920916253e-05,0.002149819328420078
Low,Low,0.0007323924118591234,0.8457293372340821,0.15353827035405881
Medium,Medium,0.16706476516751836,0.021453863857881745,0.8114813709745998
Medium,Medium,0.005061322739933803,0.4741743272993666,0.5207643499606996
High,High,0.861365258375223,0.0014465132953513345,0.13718822832942582
High,High,0.9961246792186912,2.778971622207412e-05,0.003847531065086588
Low,Low,5.243178484277477e-06,0.9994966253522047,0.0004981314693109321
High,High,0.7056922881701929,0.002652938351524688,0.2916547734782823
High,High,0.9723915313094672,8.86732830377221e-05,0.027519795407495114
High,High,0.9975678038361366,1.4909773244586229e-05,0.0024172863906189246
High,High,0.9996102687333461,4.155563972604597e-06,0.00038557570268117473
High,High,0.6886018696550708,0.0036918656730073555,0.3077062646719218
Medium,High,0.9016112535444902,0.0006826303977406663,0.09770611605776894
Medium,High,0.5893092664122178,0.002575551458984294,0.4081151821287979
Medium,Medium,0.22833437339204493,0.029410364045417994,0.7422552625625372
High,High,0.9247090038060826,0.00027822456793461664,0.07501277162598274
High,High,0.9600256675352776,0.0003117817607220956,0.0396625507040002
High,High,0.7659930659433095,0.0021827653205965043,0.23182416873609415
High,High,0.9705826411062803,0.0001801935614833995,0.02923716533223632
High,High,0.988030887537713,2.5866827868907273e-05,0.011943245634418226
Medium,Medium,0.021712222824726478,0.2394478576782778,0.7388399194969957
Low,Low,0.00021257223781961026,0.9465582254571285,0.05322920230505197
Medium,Medium,0.0040379859436027515,0.4383777181502233,0.557584295906174
High,High,0.9533043949085287,0.00041552844619532995,0.04628007664527599
High,High,0.9677851368489276,0.00019525565621503633,0.03201960749485717
Low,Low,6.157547087472856e-05,0.9717531121769453,0.028185312352180053
Medium,Medium,0.3359180016585688,0.014183452661449854,0.6498985456799814
Medium,Medium,0.0393386680539163,0.18370264581143605,0.7769586861346476
High,High,0.9811140463054066,0.00014525735455363342,0.018740696340039782
High,High,0.976335168899616,0.00013105585105249902,0.023533775249331493
High,High,0.9908575703063858,2.5918451178334075e-05,0.009116511242435921
High,High,0.9702089185368931,0.00026226570644446534,0.02952881575666234
High,High,0.9009094493102315,0.001395518982564285,0.09769503170720407
High,High,0.9932522304699791,3.920925257954089e-05,0.006708560277441435
Medium,Low,0.001848367393240262,0.6653329803630015,0.3328186522437583
High,High,0.9786036181135159,0.00017798878930851847,0.021218393097175558
High,High,0.9986413356265657,3.281969905792159e-06,0.001355382403528567
High,High,0.9988765965763362,6.158215128849784e-06,0.001117245208534891
Medium,Medium,0.022885791796050145,0.2510589615664011,0.7260552466375487
Medium,Medium,0.10442402814162488,0.07966664957141659,0.8159093222869586
Medium,Medium,0.2854763397558221,0.020423954502695116,0.6940997057414828
High,High,0.9952474104908929,2.4300105614114172e-05,0.00472828940349302
High,High,0.9657067698770435,7.793784629135458e-05,0.03421529227666517
Low,Medium,0.009117481264598878,0.28904202801962403,0.701840490715777
High,Medium,0.16823982128500362,0.03852914152444047,0.793231037190556
High,High,0.9884297370045723,8.243499508873293e-05,0.011487828000339003
High,High,0.9978554525668972,1.1052501271567154e-05,0.002133494931831301
Medium,Medium,0.16942768259889518,0.03310631989814812,0.7974659975029567
High,High,0.90300895321818,0.0012085476372474134,0.0957824991445726
High,High,0.641579617834713,0.002467463192745025,0.3559529189725419
High,High,0.8341938355135874,0.0013605529549518614,0.16444561153146067
High,High,0.8303411406114917,0.0008186922277278525,0.16884016716078024
Low,Medium,0.15438597201993748,0.03869016192227767,0.806923866057785
High,High,0.9994562328815303,2.3618099706251136e-06,0.0005414053084989639
High,High,0.9936860288613116,2.0110778942814536e-05,0.006293860359745627
High,High,0.9950803515877878,2.4820799629632277e-05,0.004894827612582344
High,High,0.9973312601749353,1.479650662459387e-05,0.002653943318440299
High,High,0.9977404389676403,1.284805448441989e-05,0.002246712977875318
Low,Low,1.4740497844028266e-05,0.998107007406786,0.0018782520953697893
High,High,0.5580839861228577,0.0048713198579514285,0.437044694019191
High,High,0.999246306679328,3.746121642214473e-06,0.0007499471990298182
Medium,Medium,0.09071807465439212,0.047959998101286386,0.8613219272443214
Medium,Medium,0.1796842718604924,0.04086282500882022,0.7794529031306874
High,High,0.985566320144084,4.494360898330839e-05,0.014388736246932748
High,High,0.9999066130312552,9.184149874457108e-07,9.246855375733294e-05
Medium,Medium,0.07266281603518863,0.08953116071115014,0.8378060232536612
High,High,0.9826533072653411,9.709375976519156e-05,0.01724959897489378
High,Medium,0.40569510782329077,0.005972098761281244,0.588332793415428
Medium,Medium,0.4089441734246884,0.013164676377238279,0.5778911501980732
Medium,Low,0.0035536965154898555,0.5993454003378412,0.3971009031466689
Low,Low,1.4828950696593348e-05,0.9971172655547278,0.002867905494575627
Low,Low,0.0026137052111027963,0.7123575500396002,0.2850287447492971
High,High,0.9942903351470942,2.5949027037407647e-05,0.005683715825868486
High,High,0.9797607895206123,0.00010831552216318949,0.020130894957224452
High,Medium,0.3564065464758086,0.007988291564300878,0.6356051619598905
High,High,0.9987152856046646,4.206516712370799e-06,0.0012805078786228838
Medium,Low,0.002535450097748948,0.6730512550507194,0.32441329485153175
High,High,0.9931528330156123,2.32213858308742e-05,0.0068239455985569
High,High,0.9994179347156172,4.636254729318681e-06,0.000577429029653483
High,High,0.9895087313805228,4.6071475736436214e-05,0.010445197143740852
Medium,Medium,0.35970902046005965,0.012847736107638374,0.627443243432302
High,High,0.8803401092555428,0.0007852215033968841,0.11887466924106031
High,High,0.9586696524308124,0.00010605372481053156,0.041224293844376904
High,High,0.9537437226322026,0.00021061025149343897,0.046045667116303875
Medium,Medium,0.3754264162464313,0.010218707166197917,0.6143548765873709
High,High,0.98436290844296,0.00016810318480847995,0.015468988372231643
Medium,Medium,0.0074695961865451225,0.41357031503595,0.5789600887775048
High,Medium,0.11739422444280218,0.03971858170222355,0.8428871938549741
High,High,0.9995654238201793,3.2368234058856523e-06,0.0004313393564147718
High,High,0.9934063983118502,1.5988151171133147e-05,0.006577613536978569
High,High,0.9996256982602806,1.378208460128645e-06,0.00037292353125905324
Low,Low,6.290246424756838e-05,0.9782307412426104,0.021706356293141806
High,High,0.9955808815407967,1.5971576188348176e-05,0.00440314688301479
High,High,0.7897732799723782,0.0010511459992558812,0.20917557402836592
Low,Medium,0.43793294012002976,0.007225890845900237,0.55484116903407
High,High,0.9845411551652854,7.215856569689351e-05,0.015386686269017588
High,High,0.9997179662135869,2.442737193763997e-06,0.0002795910492193021
Low,Medium,0.07051163955727684,0.14143339247046988,0.7880549679722533
Medium,Medium,0.28041590339846706,0.008348508804251578,0.7112355877972814
Low,Low,0.0009650541037165688,0.790556085515454,0.2084788603808295
Medium,Medium,0.09719473639535633,0.03581247100162635,0.8669927926030173
High,High,0.9667802687841875,0.00023856313745581676,0.03298116807835664
High,High,0.9986235193427928,7.183145657185457e-06,0.001369297511549992
High,High,0.9958812424471957,1.3751242346557464e-05,0.004105006310457682
High,High,0.9984219377213699,8.110823565610616e-06,0.0015699514550647324
High,High,0.9979897433738265,5.233882709312954e-06,0.0020050227434641825
Medium,Medium,0.08941524405672387,0.05674588185841462,0.8538388740848616
High,High,0.9960125483531993,3.7815019935729353e-05,0.003949636626864982
High,High,0.9917665898419677,8.22426135203811e-05,0.00815116754451197
High,High,0.9876239928673857,3.98940177201572e-05,0.012336113114894156
Low,Medium,0.01501893288627104,0.23675042631118756,0.7482306408025414
High,High,0.5351713109820657,0.0036070912429416275,0.46122159777499255
Low,Low,0.005072831383052518,0.661024954199686,0.3339022144172614
Medium,Medium,0.20439842493012622,0.0470393311910718,0.748562243878802
Low,Low,2.2727577983865407e-05,0.9963695138152688,0.0036077586067474474
Low,Low,1.736130934570057e-05,0.9901781601087475,0.009804478581906969
High,High,0.8925755947858012,0.0005713330339492438,0.10685307218024959
High,High,0.9997862571647425,3.09958367871766e-06,0.0002106432515788639
High,High,0.9779177399708,0.00014438462270647615,0.02193787540649346
High,High,0.978752604514612,5.326700613667701e-05,0.021194128479251402
High,High,0.993620630489047,1.902801502078031e-05,0.0063603414959322304
Medium,Medium,0.025423470608871214,0.25418533797542353,0.7203911914157053
High,High,0.9980958974726634,4.8879664818029266e-06,0.0018992145608547385
Medium,Medium,0.24230624879261997,0.013627984589007765,0.7440657666183723
High,High,0.998818448871131,1.0073277354662037e-05,0.0011714778515143542
High,High,0.9501254995657931,0.00044861569231362806,0.049425884741893106
High,High,0.5884682110168087,0.0036025727998064178,0.4079292161833848
Medium,Medium,0.057762084103603964,0.08107630030762175,0.8611616155887744
Medium,Low,0.0018245055333469045,0.7390356733351454,0.2591398211315076
High,High,0.9993315494616385,1.6289637224742829e-06,0.0006668215746389982
Medium,Medium,0.010165315344500365,0.21681391531739905,0.7730207693381006
High,High,0.7625228932644863,0.0014994345757595078,0.2359776721597541
High,High,0.8938753042183142,0.00085672398769186,0.10526797179399379
High,High,0.9968958068296344,1.5636522508078214e-05,0.0030885566478574917
High,High,0.9996743496645182,1.9913010244575526e-06,0.0003236590344573152
Medium,Medium,0.037304116754157256,0.08682972377151842,0.8758661594743243
High,High,0.977975734006957,9.207631028066553e-05,0.021932189682762365
High,High,0.994917240103339,2.8316306648338627e-05,0.005054443590012421
Low,Low,0.00012741506977704934,0.9869855419917319,0.012887042938491062
Medium,Medium,0.15221878950814194,0.03941979229024697,0.8083614182016111
High,High,0.9818043837750938,0.00011937199912714942,0.018076244225778904
High,High,0.9997877439929946,1.7990258434601207e-06,0.00021045698116199503
Low,Low,0.001392039869698964,0.7725770769793929,0.22603088315090814
Medium,Medium,0.021155006969578314,0.1639568967943364,0.8148880962360853
High,High,0.9505439973652129,0.00021857092442138275,0.049237431710365515
Medium,Medium,0.029696917069357044,0.08439576071066296,0.8859073222199799
Low,Low,1.139789415563943e-05,0.9939691639246193,0.006019438181224995
High,High,0.99974331568183,2.2068858262960863e-06,0.0002544774323439368
High,High,0.9998418193051917,7.85310159651438e-07,0.0001573953846485946
Medium,Medium,0.2596341793842005,0.01324407660572752,0.7271217440100719
Medium,High,0.7168327509430825,0.0032056355454130217,0.27996161351150456
High,High,0.9976971798858044,1.0396085060911941e-05,0.002292424029134677
High,High,0.9992069671689614,1.412443632784706e-05,0.0007789083947107513
High,High,0.9985010690426188,1.9010065394513117e-05,0.0014799208919865554
Medium,Medium,0.11145166880989837,0.05587678278379867,0.832671548406303
High,High,0.999858182139796,1.3614375780104858e-06,0.00014045642262596082
Medium,Medium,0.31955123543771713,0.016922648018048287,0.6635261165442347
Low,Medium,0.016813894400145503,0.4125703938101277,0.5706157117897268
Low,Low,0.0002822119029263381,0.9301604321552218,0.0695573559418518
Medium,Medium,0.0840578472040893,0.058212169368641396,0.8577299834272692
High,High,0.9979062132477141,2.9201466373354222e-05,0.002064585285912564
Medium,Low,0.009101685172721438,0.5328467297081045,0.45805158511917404
High,High,0.9991614301949726,3.1970212369323385e-06,0.0008353727837903033
High,High,0.9988575430938016,1.285818615239265e-05,0.001129598720046076
High,High,0.9994367313987104,4.7600239396635655e-06,0.0005585085773498846
Low,Medium,0.008629879811511794,0.405807392659155,0.5855627275293331
Medium,Medium,0.259207974559703,0.025301820598825363,0.7154902048414716
High,High,0.9213133366350924,0.0004010186461687005,0.07828564471873889
High,High,0.9990467052298886,9.210353198210333e-06,0.0009440844169132049
High,High,0.999284164110417,7.648892347149595e-06,0.0007081869972360372
High,High,0.9947557359530637,1.1599657608836794e-05,0.0052326643893274224
Medium,Medium,0.01909775532121933,0.2315030191927334,0.7493992254860472
High,High,0.9897010054615674,0.00013642402269121897,0.01016257051574136
Medium,Medium,0.06336749753219047,0.0492868347555204,0.8873456677122892
Medium,Medium,0.3649495820622461,0.015331008326326586,0.6197194096114272
High,High,0.8004651799970574,0.002333477868973976,0.19720134213396853
High,High,0.9996788730261723,1.1961306786664675e-06,0.0003199308431491287
High,High,0.9981242057877256,7.394123918906848e-06,0.0018684000883553993
High,High,0.9918411398968427,3.189169771726072e-05,0.008126968405439975
High,High,0.9339462485160658,0.0005937470691943067,0.0654600044147399
High,High,0.9998522908362487,1.2785645339233243e-06,0.00014643059921731733
High,Medium,0.05989509273801595,0.05526643873226371,0.8848384685297203
High,High,0.9994596839283219,2.093882466183335e-06,0.0005382221892119265
High,High,0.9935203333578312,3.909760260293765e-05,0.0064405690395658854
High,High,0.9941181019729526,1.075224045733206e-05,0.00587114578659002
Medium,Medium,0.23815024787497788,0.01029393565282865,0.7515558164721935
Medium,Medium,0.04396820890094873,0.034118612338817564,0.9219131787602337
Medium,Medium,0.02944208020852402,0.105578232275889,0.8649796875155871
Medium,Low,0.0005110419236615043,0.884072550410058,0.11541640766628035
High,High,0.9995603893915328,2.8790249102046697e-06,0.0004367315835570467
Low,Low,0.00016257786046843366,0.9653239640044171,0.03451345813511444
High,High,0.9997054482920789,2.535788583669928e-06,0.0002920159193374852
High,High,0.9989010853642462,4.541541635923612e-06,0.0010943730941178585
Medium,Medium,0.47846206813288245,0.010057423603518403,0.5114805082635991
High,High,0.8587921941156716,0.002211019509940919,0.13899678637438748
High,High,0.9985896487076137,7.93295373550715e-06,0.0014024183386508453
High,High,0.9996543366301316,3.33452648103503e-06,0.0003423288433874505
Medium,Medium,0.008109251592715468,0.429029283149527,0.5628614652577576
High,High,0.9979776470681465,1.990553025058335e-05,0.0020024474016029467
Medium,High,0.6475523614413147,0.008946167696809665,0.34350147086187566
High,High,0.999918821702504,6.147178354179803e-07,8.056357966058342e-05
High,High,0.9649375896140713,0.0001818192598339443,0.03488059112609483
Medium,Medium,0.4628937882264563,0.009204695496524784,0.5279015162770189
High,High,0.9536220524455583,0.00031918582709613457,0.046058761727345396
Medium,Medium,0.006334636734812283,0.4397761528508636,0.553889210414324
High,High,0.5349626375186121,0.004910676822880143,0.4601266856585078
High,High,0.6461515346684873,0.0017176399781292052,0.3521308253533836
Medium,Low,0.003451874632035994,0.8082598159800264,0.18828830938793764
Medium,High,0.8767189670001356,0.0011987597257239215,0.12208227327414045
High,High,0.7737404907317456,0.0021664426495671433,0.2240930666186873
High,High,0.665132593697801,0.0027226527803414775,0.3321447535218575
Low,Medium,0.014561578390886287,0.258586998887142,0.7268514227219717
High,High,0.9989525623891093,9.29069480071868e-06,0.0010381469160899816
High,High,0.8298472654491917,0.0019302724541288851,0.1682224620966795
High,High,0.807824425286181,0.002825777012306686,0.18934979770151233
High,High,0.6865760754239758,0.002137202085917543,0.31128672249010664
Medium,Medium,0.027287902310175454,0.26724007503091013,0.7054720226589144
High,High,0.9622485100093939,0.00012404751455369933,0.03762744247605239
Medium,Medium,0.061623894894797845,0.09181398228760548,0.8465621228175967
High,High,0.8797768799069607,0.0011577474141841965,0.11906537267885518
High,High,0.9990009498153534,6.713298322397994e-06,0.0009923368863241468
High,High,0.9708207120243598,0.00014274641398940574,0.029036541561650787
Medium,Medium,0.041059013672193105,0.11619528586689436,0.8427457004609126
Medium,Medium,0.05990966183432028,0.09743582165939803,0.8426545165062818
High,High,0.9861544957576521,5.4190797447987636e-05,0.013791313444899936
Medium,Medium,0.012674215733690625,0.27005596279086475,0.7172698214754446
High,High,0.9988527977673725,3.8367902786589585e-06,0.0011433654423487563
High,High,0.9998725709152059,9.91842783446002e-07,0.00012643724201072884
High,High,0.9638637686604737,0.0002877611458067086,0.035848470193719596
High,High,0.9955031212938842,2.2112138109852518e-05,0.00447476656800605
Medium,High,0.645832976243698,0.004610721957566943,0.34955630179873515
High,Medium,0.4266041840482923,0.010162988768847298,0.5632328271828604
High,High,0.9003224632223502,0.00020467957222094037,0.09947285720542887
High,High,0.9997195335974874,2.6002794625917022e-06,0.00027786612304989594
High,High,0.9917414499690682,3.734528951061537e-05,0.008221204741421299
High,High,0.9981573284481161,1.898604756077671e-05,0.0018236855043229842
High,High,0.922014130755051,0.00011774794926847346,0.07786812129568065
High,High,0.992346480622576,7.459454043146702e-05,0.007578924836992515
Medium,Low,0.0002134010042319693,0.9706766564606341,0.02910994253513389
High,High,0.9814330418876414,0.00016389770018060396,0.01840306041217795
Low,Low,0.0004427145429028175,0.9548441463799762,0.04471313907712107
Low,Low,0.0007849247644194285,0.8859882510293475,0.11322682420623316
High,High,0.9963453119076056,1.0899420303832113e-05,0.003643788672090507
High,High,0.996541244490706,2.206546097422333e-05,0.003436690048319627
High,High,0.9752267751910029,5.626754462801757e-05,0.02471695726436915
High,High,0.994323806071555,0.00011797696857516488,0.005558216959869832
High,High,0.9973894849695751,1.3129673008182548e-05,0.00259738535741674
High,High,0.9997239467386178,2.8616493192787235e-06,0.00027319161206298357
High,High,0.9978321804964203,9.255608584041498e-06,0.0021585638949957933
High,High,0.5075297567317093,0.007322600811859468,0.4851476424564312
High,High,0.9233659319363404,0.0006782440457128631,0.0759558240179467
High,High,0.9774623091455501,0.00012580903097724798,0.02241188182347262
Low,Medium,0.07191646483861999,0.06658269883094818,0.8615008363304318
High,High,0.9454913725702294,0.0002755109874135222,0.05423311644235713
High,High,0.9265531966534172,0.0004013123010173081,0.07304549104556553
Low,Low,4.704583875559388e-05,0.9864528206574623,0.013500133503782085
High,High,0.9993769768089311,3.557979870236002e-06,0.0006194652111985112
Low,Low,0.0035967394145107598,0.5961911764129002,0.4002120841725889
High,High,0.9934997058420798,2.238671327602364e-05,0.006477907444644182
High,High,0.9983845179034165,1.0829491511482833e-05,0.0016046526050719574
Medium,Low,0.010739444518802462,0.5512343280090256,0.4380262274721719
High,High,0.7545207705035412,0.0045147846137494506,0.24096444488270938
High,High,0.9992960119255705,3.756451027391945e-06,0.0007002316234020094
Medium,Medium,0.012318795453412731,0.25559727235134144,0.7320839321952459
High,High,0.9997144678174852,2.655958989931522e-06,0.0002828762235248569
High,High,0.9755889623756377,0.00013823288049487307,0.024272804743867452
High,High,0.9923057824115815,2.5861298430814313e-05,0.007668356289987766
High,High,0.9955644335317334,3.023472388334312e-05,0.004405331744383321
High,High,0.9986361121396861,1.0467142052018824e-05,0.0013534207182620505
Medium,Medium,0.013647016049840845,0.120972000424424,0.8653809835257352
High,High,0.8414785183788382,0.0010813749311219527,0.15744010669003972
Medium,Medium,0.04055704070163699,0.23349792394699573,0.7259450353513672
Medium,Medium,0.11720373120345182,0.02772129047269984,0.8550749783238484
Medium,Medium,0.025017996740399846,0.13818415716070623,0.836797846098894
High,High,0.9726906342143672,0.00016556316545298096,0.027143802620179864
Medium,Medium,0.00823913116209942,0.4088768484918225,0.5828840203460782
Medium,Medium,0.11415337573922223,0.04535551183200726,0.8404911124287705
High,High,0.9995012449231443,1.0000258524787211e-06,0.0004977550510031954
Low,Medium,0.029317060143790544,0.1939229587964379,0.7767599810597716
Medium,High,0.659769757980724,0.003659443108303257,0.33657079891097264
Medium,Low,0.00467676119507494,0.5006629801695002,0.4946602586354249
Medium,Medium,0.018355293849078566,0.4694792894812859,0.5121654166696356
High,High,0.9706212722444895,0.00015656317416578948,0.0292221645813446
Low,Low,0.0001147402424576467,0.9901412350993198,0.009744024658222463
High,High,0.9999515640246209,8.51860455732016e-07,4.758411492331065e-05
Medium,Medium,0.034500996889123794,0.12668309008365422,0.8388159130272219
Medium,Medium,0.039544600966140146,0.23926006995589333,0.7211953290779666
High,High,0.9861083847836423,5.616543373662679e-05,0.013835449782621051
Low,Medium,0.006614939376317228,0.42269847184549153,0.5706865887781912
High,High,0.9945221412397333,3.651147987813389e-05,0.005441347280388478
High,High,0.9940194546644889,1.1870251627098086e-05,0.005968675083884017
High,High,0.9911327229290475,3.512824622626905e-05,0.00883214882472623
Low,Low,4.460483248833869e-06,0.9986874209132736,0.0013081186034776175
High,High,0.998733573757226,7.951119088892905e-06,0.0012584751236851114
High,High,0.9680748231807237,0.0001828253619858245,0.03174235145729058
High,High,0.9972814263234875,1.971702699426393e-05,0.0026988566495181987
Medium,Medium,0.005532721090770032,0.4161795446199098,0.5782877342893201
High,High,0.98479880734439,0.00017296497419755304,0.015028227681412425
High,High,0.9996087187296206,4.007056340784179e-06,0.00038727421403862494
High,High,0.9990219650034518,5.669702630348314e-06,0.0009723652939178247
High,High,0.9984997412736112,9.544198014042907e-06,0.0014907145283748068
Medium,High,0.834887249381997,0.0016305306931496727,0.16348221992485343
High,High,0.9982853557476714,1.9201672259603207e-05,0.0016954425800690626
Medium,Medium,0.05311444433741412,0.190504816809487,0.756380738853099
High,High,0.999688885890857,3.042492547921604e-06,0.0003080716165950282
High,High,0.9997222093780083,2.3971074768582903e-06,0.00027539351451483045
Medium,Low,0.006754290045019205,0.5164159034341671,0.4768298065208138
High,High,0.9972075555124628,7.275676647779188e-06,0.0027851688108894556
High,High,0.9951116112342977,5.336293864604046e-05,0.004835025827056337
High,High,0.9974965457616689,3.06418247824847e-05,0.0024728124135485756
High,High,0.9946107033484881,2.9703546726679852e-05,0.005359593104785247
High,High,0.9978938848144019,1.1519609538085808e-05,0.002094595576060058
Low,Low,0.005162638114306719,0.6859838377935619,0.30885352409213135
Medium,Medium,0.05117012354515772,0.1398496382232153,0.8089802382316269
Medium,Medium,0.13270816192655546,0.03843874271673638,0.8288530953567081
High,High,0.9999406514776156,1.190345499291269e-06,5.815817688516578e-05
High,High,0.999639684730212,2.960971049656027e-06,0.00035735429873821715
High,High,0.9531668624553957,0.00040554388989546126,0.04642759365470881
High,High,0.9974841330581603,2.3407169824940583e-05,0.002492459772014873
High,High,0.9985932958804343,2.1090842047234755e-05,0.0013856132775183782
Medium,Medium,0.08646146108082518,0.03257394574612321,0.8809645931730515
High,High,0.9979098223691816,2.4015939802748776e-05,0.0020661616910156336
Low,Low,0.0003148715598503696,0.9089824946396415,0.09070263380050801
Medium,Medium,0.1316343942962224,0.04915291443966263,0.819212691264115
High,High,0.9998293745185215,1.4809760938756596e-06,0.00016914450538480156
Low,Low,0.00012729840456737746,0.9733303164870478,0.02654238510838488
Low,Low,0.0016759922919630482,0.7707568082477775,0.2275671994602594
Medium,High,0.6180912185921041,0.004499085841026996,0.3774096955668689
High,High,0.9925872124361086,2.300558154464453e-05,0.007389781982346751
Low,Low,0.0004840254265536837,0.8770269435038518,0.12248903106959459
High,High,0.9998554995786135,1.8290774390590556e-06,0.00014267134394752557
High,High,0.9891750692197977,7.823263808825599e-05,0.010746698142113957
High,High,0.9993831750600404,4.816172116840423e-06,0.0006120087678426522
Medium,Medium,0.3008865147983185,0.014415370596577154,0.6846981146051044
High,High,0.9959756403348271,2.270793643805768e-05,0.004001651728734908
High,High,0.9997979064224755,1.2631352750129534e-06,0.00020083044224950531
Medium,Medium,0.023119497653500996,0.22299130766223083,0.7538891946842682
Medium,Medium,0.17680420398232605,0.01641432791938209,0.8067814680982919
High,High,0.9988342906237343,4.696507113330223e-06,0.0011610128691523492
High,High,0.9985268163410992,6.635045074157134e-06,0.0014665486138266718
High,High,0.9783829043798297,0.00013769051370958186,0.021479405106460712
High,High,0.995414704670161,2.361358126184111e-05,0.004561681748577136
Low,Low,0.0011287434320088005,0.7597057565257137,0.23916550004227752
High,Medium,0.12370000762602128,0.04088068423665448,0.8354193081373242
Medium,Medium,0.29019157381901717,0.03459457990962998,0.6752138462713528
Low,Medium,0.01509927172894238,0.3060568503780566,0.678843877893001
High,High,0.9947140062290801,2.260650505086661e-05,0.005263387265868997
Medium,Medium,0.07673574658139772,0.09509038901411168,0.8281738644044906
High,High,0.9952578742557457,3.4476270315299136e-05,0.004707649473938961
High,High,0.9998534590398092,8.900703496763786e-07,0.0001456508898410759
High,Medium,0.4090728170500648,0.0153410072926622,0.575586175657273
Low,Low,0.0007327145429385644,0.8966565641539856,0.10261072130307573
Low,Low,0.0023505664008993095,0.8461272050070895,0.1515222285920112
High,High,0.9933040806979004,2.5645563419504993e-05,0.006670273738680021
Medium,High,0.6708166991888098,0.002368595964573714,0.32681470484661657
High,High,0.9882023059304086,4.144191782195554e-05,0.01175625215176945
Medium,Medium,0.03158190580054586,0.06428620628647766,0.9041318879129766
High,High,0.9678350681572326,0.00022997509632659863,0.031934956746440604
High,High,0.9784380166652606,6.204762137050705e-05,0.021499935713368754
High,High,0.9960884895889206,9.420857279382224e-06,0.0039020895538000415
Medium,Medium,0.10188712750469922,0.0797337999666604,0.8183790725286405
High,High,0.9875604902441241,8.0109308964923e-05,0.01235940044691089
High,High,0.9976698736620935,1.3179183879294033e-05,0.0023169471540273163
Medium,Medium,0.2335807278741404,0.025051650546639444,0.7413676215792202
High,High,0.9946722189714848,1.1184026873390877e-05,0.005316597001641781
Medium,Medium,0.22071124155566046,0.014865642782991326,0.7644231156613481
Low,Low,0.0001513015083950712,0.9546599161106002,0.045188782381004704
High,High,0.9994424219918379,1.492925697553202e-06,0.0005560850824647003
High,High,0.9994368453164097,4.896570441664875e-06,0.0005582581131485007
High,High,0.9904719221555197,4.365864069501245e-05,0.009484419203785375
High,High,0.9985678789731459,9.70462889457173e-06,0.0014224163979595856
Low,Medium,0.03475742536872308,0.25214202229164556,0.7131005523396313
Low,Medium,0.010606183123165195,0.4117656066816481,0.5776282101951866
High,Medium,0.2220911801357616,0.06199493598880066,0.7159138838754378
High,High,0.9997181035883173,2.67591872998991e-06,0.0002792204929527202
High,High,0.9991784785595536,2.239069124096367e-06,0.0008192823713222802
High,Medium,0.25502169646305345,0.025246675035436757,0.7197316285015097
Low,Low,3.371927225559491e-06,0.9987409489700181,0.0012556791027563514
Low,Medium,0.013694744451444387,0.3153187214712098,0.6709865340773459
High,High,0.9983889511886619,9.021572820419679e-06,0.0016020272385176726
Medium,Medium,0.4507548795796441,0.012341226635538358,0.5369038937848175
High,High,0.9972658301486227,1.9601741530322264e-05,0.002714568109847052
High,High,0.4939693871232158,0.016863975010640783,0.48916663786614345
High,High,0.6131681321973902,0.003531572525991206,0.3833002952766186
High,High,0.9648427642359892,0.00042350302921023844,0.034733732734800404
Low,Low,2.5415222526067394e-06,0.9990140549792097,0.0009834034985375278
High,Medium,0.46644933058697524,0.006932354371945632,0.5266183150410791
Low,Medium,0.020570349132928586,0.2170259912477291,0.7624036596193423
High,High,0.9988480616833766,3.7085874050103295e-06,0.0011482297292185089
High,High,0.9364326626883569,0.00028490456540467083,0.06328243274623839
High,High,0.9968678467100597,1.8997292234824194e-05,0.0031131559977055166
High,High,0.9038954729507915,0.0017067338506103846,0.09439779319859826
Medium,Medium,0.04089943131801899,0.07850508790918366,0.8805954807727974
Medium,Medium,0.014610798574751756,0.43894748948175927,0.546441711943489
High,Medium,0.34264739774224007,0.012567117464969463,0.6447854847927905
Low,Low,0.00033363998369521095,0.9368953251775912,0.06277103483871341
High,High,0.5568780224319246,0.002893104563962809,0.4402288730041126
High,High,0.9960585413368153,1.9647040496149725e-05,0.003921811622688467
Low,Low,0.0001458246997934457,0.9887216766903233,0.011132498609883185
High,High,0.9984253273307553,1.0544121917435714e-05,0.0015641285473272546
High,High,0.9370298031918711,0.0005670999533872753,0.06240309685474157
High,High,0.9559454922111147,0.0002412191496135594,0.043813288639271634
High,High,0.9856002442056044,8.452155991949646e-05,0.014315234234476223
Medium,Medium,0.08234520451454758,0.062023550543715986,0.8556312449417365
Medium,Medium,0.019792898779045092,0.26794413068791956,0.7122629705330353
High,High,0.9939792206010457,2.162906291039505e-05,0.0059991503360440086
High,High,0.9988767294374836,9.98818074903812e-06,0.0011132823817671957
High,High,0.9998457561127154,1.5437042444456478e-06,0.0001527001830402061
High,High,0.9976532924463963,9.823388716244467e-06,0.0023368841648874848
High,High,0.9746616578946707,0.0001927476628902562,0.02514559444243898
High,High,0.9972993671560549,1.8828358344494303e-05,0.00268180448560052
Medium,Medium,0.06430128559813532,0.03576748273505108,0.8999312316668137
Low,Low,4.4573138338538814e-05,0.9895747080177721,0.010380718843889244
High,Medium,0.4029056074155997,0.009334033545778794,0.5877603590386214
High,High,0.9987811297309485,5.597365135610944e-06,0.0012132729039161314
High,Medium,0.21173608475965258,0.020016715955295628,0.7682471992850518
High,High,0.9239033464427109,0.0007435428380688498,0.07535311071922017
Medium,Medium,0.004586749122380347,0.44049472507145465,0.554918525806165
High,High,0.997831880166805,1.2703126748047301e-05,0.0021554167064469503
Medium,Medium,0.037015636348594554,0.13869464087205624,0.8242897227793491
High,High,0.9954551306928889,6.290335008112409e-05,0.004481965957029729
Medium,Medium,0.28086065546859224,0.01628008900506068,0.7028592555263471
High,High,0.9958184161502627,7.3980508651023575e-06,0.00417418579887204
Low,Low,0.005317975878274299,0.708497581573691,0.28618444254803477
Medium,High,0.599820291739155,0.007532349959921987,0.3926473583009229
Medium,Medium,0.10505679654554856,0.03546988692874171,0.8594733165257098
Medium,Medium,0.23579854404429737,0.028001783160114695,0.736199672795588
Low,Low,0.00011030816161210872,0.9721292377481227,0.027760454090265254
Low,Low,0.0001348295007833263,0.953131294635447,0.046733875863769675
Medium,Medium,0.420111421787744,0.009272310847635223,0.5706162673646207
High,High,0.9989695780237025,5.171831744612164e-06,0.0010252501445529557
Low,Low,0.0032887097246327743,0.5091438094453963,0.48756748082997087
High,Medium,0.05260561624410478,0.0521223412033855,0.8952720425525098
Medium,Medium,0.146151982359507,0.030980613457328107,0.8228674041831648
Medium,Medium,0.43492444012347337,0.0045901454625305515,0.5604854144139961
Low,Low,0.0020770263864523415,0.7265233433101507,0.2713996303033969
High,High,0.9996966918618635,3.0779601445004074e-06,0.0003002301779918509
Medium,Medium,0.4056505348656201,0.02213743312786851,0.5722120320065114
Low,Low,0.0011286507716057436,0.8281535910371656,0.1707177581912286
High,High,0.9964428816717282,4.46825531045191e-05,0.003512435775167344
Medium,Medium,0.46292366702483484,0.0053182064735459895,0.5317581265016192
High,High,0.9833812016561377,4.720367408299197e-05,0.016571594669779303
Low,Medium,0.018143561215343846,0.3590353053258597,0.6228211334587965
Medium,Medium,0.06964180588752193,0.055120953819504104,0.8752372402929739
Medium,Medium,0.24958900667527956,0.01793226954938392,0.7324787237753365
High,High,0.9026523362756771,0.0006948986081908417,0.09665276511613204
High,High,0.9975655662006291,1.5351331558475522e-05,0.0024190824678124246
High,High,0.881011132142515,0.0011085026843828366,0.11788036517310202
High,High,0.9196412528145601,0.0006690006515783959,0.07968974653386147
High,High,0.9730895568301456,0.0001948980260864512,0.026715545143767932
High,High,0.9981172499093263,7.294445581969695e-06,0.0018754556450918587
Low,Low,0.0005963439683567258,0.9344368967791922,0.06496675925245103
Medium,Medium,0.019535369863009428,0.3438504176966653,0.6366142124403253
High,High,0.999799338908202,2.207635471059525e-06,0.00019845345632699411
High,High,0.9866565998359484,8.049961504634841e-05,0.013262900549005188
Low,Low,6.120133466409063e-06,0.999338428324651,0.0006554515418825477
High,High,0.9660479811691219,0.0002723457042436222,0.03367967312663448
High,High,0.9868505656907781,5.658621726224057e-05,0.013092848091959462
High,High,0.8770567986511446,0.0010583989032091107,0.12188480244564626
Low,Low,0.00012536530372684676,0.9824936919501656,0.017380942746107634
Medium,High,0.8319509437002318,0.0003802818161153134,0.1676687744836528
Medium,Medium,0.11534323833742591,0.039855296217885805,0.8448014654446883
Medium,Medium,0.2709007406145125,0.0165301328899474,0.71256912649554
Low,Low,0.0012858822649596754,0.9388209950255856,0.05989312270945478
Medium,Medium,0.059726247211306135,0.08306610864354372,0.8572076441451502
Low,Low,1.6607142680532755e-05,0.9987122878380618,0.0012711050192576053
High,High,0.999816495784882,2.0952271207963503e-06,0.00018140898799726889
Medium,Medium,0.02586580476534369,0.1536734069790306,0.8204607882556257
Medium,Medium,0.07191276525873347,0.05926835312407246,0.8688188816171941
High,Medium,0.2014465551198149,0.01316640274639831,0.7853870421337867
High,High,0.9055560212125287,0.0005865298382511013,0.09385744894922035
Medium,Medium,0.11208747830147553,0.056185721379280414,0.8317268003192441
High,High,0.99974900376174,4.790794306154926e-06,0.00024620544395394326
Low,Low,0.001100081079075775,0.8908027721272065,0.10809714679371774
Medium,Medium,0.42568167188212586,0.008543245795767837,0.5657750823221063
High,High,0.9996775545826049,1.0584752443020806e-06,0.0003213869421509198
High,High,0.9334688538500497,0.0009183925035772469,0.06561275364637323
Medium,Medium,0.17398543111548095,0.12690624176006793,0.6991083271244511
Medium,High,0.8827779763909032,0.0008156614696099201,0.11640636213948694
High,Medium,0.07764485441579327,0.1284403340720612,0.7939148115121456
High,High,0.9978733038182261,6.1093819225148e-06,0.002120586799851269
High,High,0.8727207799605511,0.0021418227367546254,0.12513739730269433
High,High,0.9980824119825722,5.63355612401021e-06,0.001911954461303821
Medium,Medium,0.3276128407552322,0.019285204340479478,0.6531019549042882
High,High,0.981095456039558,0.00012565417036033424,0.018778889790081802
High,High,0.9934215884775374,5.8268817367019254e-05,0.0065201427050955146
Low,Low,0.003825868391707756,0.5862622468508172,0.409911884757475
Medium,Medium,0.010314178521297294,0.25873848719508385,0.7309473342836188
Medium,High,0.9786401362335534,0.00010874317195782057,0.02125112059448899
High,High,0.9972710537689939,3.222160678041359e-05,0.0026967246242255677
Medium,Medium,0.09831371401457582,0.019967972288223,0.8817183136972012
Medium,Medium,0.07167906547789887,0.034719366842603676,0.8936015676794975
High,High,0.9901121524264642,3.9834046037267394e-05,0.00984801352749851
Medium,Medium,0.22120768642024374,0.02320007711330029,0.755592236466456
High,High,0.8606354336652453,0.0018391522672859858,0.13752541406746857
High,High,0.8721064661091675,0.0008982092640194153,0.126995324626813
High,High,0.9457802551786731,0.0008587370368429364,0.053361007784483806
High,High,0.9685024158045829,0.00013968168494069613,0.031357902510476335
High,High,0.9978359557065646,1.0012678564601344e-05,0.002154031614870767
High,High,0.9973952987557003,1.3981520339772396e-05,0.0025907197239600365
Medium,Low,0.0003243462334243476,0.8846960498034592,0.11497960396311661
Medium,High,0.5426934239800594,0.0037610624980948123,0.45354551352184563
Medium,Medium,0.027932557270073006,0.12746033813032626,0.8446071045996008
High,High,0.9787643616510999,0.00013310546157198892,0.02110253288732825
Medium,Medium,0.17392679579584705,0.009969962593624173,0.8161032416105288
Medium,Medium,0.0976156988382784,0.025424303629919393,0.8769599975318023
Medium,Medium,0.008242056574202555,0.44802249207104405,0.5437354513547533
High,High,0.9986093019210257,2.2615670256237965e-05,0.001368082408718125
High,High,0.9521337796618704,0.00029714505468144423,0.047569075283448
High,High,0.9937543599360193,2.4703015888921106e-05,0.006220937048091678
Medium,Medium,0.48062040772829945,0.005106391737235515,0.5142732005344651
Low,Low,3.4456347914095123e-06,0.9987177595454444,0.0012787948197642686
High,High,0.9976685158595894,7.3546858623118824e-06,0.0023241294545485254
High,High,0.7027227161158023,0.0021859236588323812,0.29509136022536525
Medium,Low,0.0005637517748372164,0.8683627648120089,0.1310734834131538
High,High,0.99881594705814,5.367652859695574e-06,0.0011786852890003213
Low,Low,0.00020299364250364702,0.9589265828777706,0.040870423479725804
Medium,Medium,0.3888980141376032,0.016329141649333342,0.5947728442130634
High,High,0.9642955860183151,0.00044884166660291903,0.03525557231508202
High,High,0.8955344340153388,0.0007167060963979852,0.10374885988826302
High,High,0.9998902308495321,1.3438051926462772e-06,0.00010842534527533795
Low,Low,0.000817871901169526,0.8765565871532811,0.12262554094554937
Medium,Medium,0.004657646618847538,0.48325650365219347,0.5120858497289591
Low,Low,0.0007356377993905154,0.9103333840443575,0.08893097815625217
High,High,0.9999601973572526,3.452429414136961e-07,3.9457399806046564e-05
Medium,Medium,0.062303375142724424,0.13257876429303586,0.8051178605642397
Medium,Medium,0.40007118646748135,0.012842031986693592,0.5870867815458249
High,High,0.895938677705674,0.0005593814554793019,0.10350194083884674
High,High,0.7215053919059975,0.0029336534939840672,0.27556095460001845
Medium,Medium,0.025646008973756945,0.11305145971882584,0.8613025313074173
Low,Medium,0.014117960251100061,0.38671196661622287,0.599170073132677
Medium,Medium,0.02418601100036136,0.32387517045960523,0.6519388185400333
High,High,0.976741166676473,0.0005839133857521348,0.022674919937774842
Low,Low,0.00037675087681880574,0.9222966027820223,0.07732664634115892
Medium,High,0.6004522433503953,0.007099151782909164,0.3924486048666956
High,High,0.9986300854779894,7.0094448756266236e-06,0.0013629050771348553
High,High,0.8924738676947052,0.0012261549772947496,0.10629997732800013
High,High,0.9960398730341333,2.2125945071916615e-05,0.003938001020794876
Low,Low,3.624741176983421e-05,0.9858968901209324,0.01406686246729779
High,High,0.5154753518453412,0.006361295375082746,0.4781633527795761
High,High,0.8813942389628068,0.0005329551474020706,0.1180728058897913
Medium,Medium,0.008867870969000189,0.49025824493580306,0.5008738840951967
High,High,0.9556314868945494,0.00027239620560397124,0.04409611689984656
High,High,0.9999228508603455,4.6718271684925565e-07,7.668195693776649e-05
High,High,0.9684366261456616,0.00039852952837241055,0.03116484432596603
High,High,0.9993068967146705,4.9406862463584e-06,0.0006881625990830602
High,High,0.982806932496967,7.884425506574483e-05,0.017114223247967235
Medium,Medium,0.015031154246301212,0.28299641976762757,0.7019724259860712
High,High,0.8994912884531476,0.0007761277073142427,0.09973258383953831
Medium,Medium,0.07730087648308176,0.08488683569332686,0.8378122878235915
Medium,Medium,0.1093478958175152,0.04469606725727737,0.8459560369252075
Medium,Medium,0.4316263808517909,0.007527485863025523,0.5608461332851836
High,High,0.9918560948483995,3.8545666675822326e-05,0.008105359484924794
High,High,0.9965323095247179,3.065741410461029e-05,0.003437033061177578
Low,Low,0.004893788154616057,0.5941671996999784,0.40093901214540556
Medium,Medium,0.3097816168321802,0.008144662372133144,0.6820737207956867
Medium,Medium,0.3383768371994634,0.016211894327137502,0.6454112684733991
Medium,Medium,0.3428644156236848,0.0065267251468654735,0.6506088592294498
Medium,Medium,0.03244127216812956,0.2671438680337666,0.7004148597981038
High,High,0.9992103223562372,9.077581611080457e-06,0.0007806000621516866
High,High,0.9969994898012869,9.554457196814931e-06,0.0029909557415161428
High,High,0.9991894510906522,1.3517697398614084e-05,0.0007970312119492406
Low,Low,0.000249735426705298,0.9270445999324739,0.07270566464082089
Low,Low,4.826678415415147e-06,0.9975784275218362,0.0024167457997484585
Low,Low,0.003550441723961763,0.5675741752853082,0.4288753829907301
High,High,0.9958783650831141,1.1669993709538181e-05,0.0041099649231764864
High,High,0.9994473678391209,1.2506822485687396e-05,0.0005401253383932353
High,High,0.9993841922728545,3.5923254582304363e-06,0.0006122154016872692
High,High,0.9677277314849438,0.00014408373237912104,0.032128184782677
Medium,Medium,0.02484926540455729,0.17357183285996455,0.8015789017354781
High,High,0.8988679007329685,0.0003037194741604975,0.10082837979287092
Low,Low,0.00015508874579422705,0.934255496224862,0.06558941502934372
High,High,0.8357920118650737,0.0005721302227994096,0.1636358579121269
High,High,0.9684637052934293,0.00014866731474772753,0.03138762739182303
Low,Low,0.004449028280643985,0.5363922163178334,0.4591587554015227
High,High,0.9987955336186909,9.510370905739863e-06,0.001194956010403408
High,High,0.9998701107709104,1.0367316814957595e-06,0.00012885249740811206
Low,Medium,0.01341074543330848,0.4691701592872902,0.5174190952794013
High,High,0.9993101975137562,3.5148413664601347e-06,0.0006862876448774731
Medium,Low,0.003069562310358293,0.5318996619248038,0.46503077576483803
High,High,0.9998075921448655,1.7052155196670415e-06,0.00019070263961493144
High,High,0.978271892519506,0.00013738286888510817,0.021590724611608856
Medium,Medium,0.04953949665328042,0.05395807790754501,0.8965024254391747
Medium,High,0.6320333618720677,0.012204073051831339,0.35576256507610093
High,High,0.9933083469512513,6.168440629093026e-05,0.00662996864245771
Medium,Low,0.0017796747992752707,0.7051189489665585,0.2931013762341662
High,High,0.9809990238191465,0.00015545105621719735,0.018845525124636317
High,High,0.9979307496484903,2.1485209194843592e-05,0.0020477651423148465
Medium,Medium,0.1843305521001911,0.03387299058517217,0.7817964573146367
High,High,0.9992735577994029,7.422765177947318e-06,0.0007190194354190472
Medium,Medium,0.13791411815141114,0.06827199517502056,0.7938138866735683
High,High,0.9932686263746786,5.270801351715645e-05,0.006678665611804129
High,High,0.91988780236648,0.0003319419135180153,0.07978025572000191
High,Medium,0.37210475492722334,0.010719750591196604,0.61717549448158
High,High,0.9959638443477452,2.569202874112387e-05,0.004010463623513708
High,High,0.9987306108131347,2.8451613029739184e-06,0.0012665440255623436
High,Medium,0.47176566357601724,0.008313534480338525,0.5199208019436442
High,High,0.9975332982052645,1.0220588277887387e-05,0.002456481206457668
High,High,0.9999273820162196,3.2690337281156175e-07,7.229108040771838e-05
Medium,High,0.8616847648694246,0.002460977441967449,0.1358542576886079
Medium,High,0.5487044022985788,0.007489899311305503,0.44380569839011574
Medium,Medium,0.32842183443966977,0.010534152329525303,0.6610440132308049
Low,Low,0.0001613839269235293,0.9672444676508452,0.03259414842223145
High,High,0.9998475052810625,2.399367375121332e-06,0.00015009535156236664
High,High,0.9904739935819753,7.01398891600643e-05,0.00945586652886448
High,High,0.9993130906661558,4.188479491792029e-06,0.0006827208543524466
Medium,Medium,0.04150751416795576,0.18397831329700562,0.7745141725350386
High,High,0.999767756731821,1.1699131259612529e-06,0.0002310733550531228
High,High,0.9737782002029178,0.00010514266248610001,0.026116657134596013
High,High,0.9805782863794765,0.00010192435254734908,0.01931978926797614
High,High,0.9655664380278889,0.00013618128983762542,0.03429738068227335
High,High,0.9929043524821402,3.162238110167822e-05,0.007064025136758185
Medium,Medium,0.050982026676041625,0.1621155087686634,0.786902464555295
Medium,Medium,0.04949008728591628,0.21391883631354594,0.7365910764005378
High,High,0.999604086331346,5.300380043332807e-06,0.0003906132886105768
Low,Low,0.0004231681110986088,0.8926052784376183,0.1069715534512831
High,High,0.9994805197359059,3.1511064273610456e-06,0.0005163291576668358
High,High,0.9975943627462044,1.408948256588343e-05,0.002391547771229563
High,High,0.9998822977996904,1.1450322139718137e-06,0.00011655716809569699
Medium,Medium,0.28255796710522846,0.009663217737383017,0.7077788151573886
High,High,0.9939868428035309,2.139120154652766e-05,0.005991765994922498
High,High,0.8777595635581936,0.0016202116204548876,0.1206202248213514
Low,Low,0.0007410298109828813,0.8803076425974155,0.11895132759160167
Low,Low,0.0014051522461983835,0.6808306775266603,0.31776417022714126
Medium,Medium,0.06739127479880996,0.23262241805904493,0.6999863071421452
High,High,0.9814188086683548,5.39679609457757e-05,0.018527223370699418
High,High,0.8954445590683806,0.0019914855631349765,0.10256395536848448
Low,Low,1.0543385506881709e-05,0.9967969891823457,0.0031924674321474186
Low,Low,0.0015472968623327892,0.7296887845364353,0.26876391860123183
High,High,0.7912586208580173,0.002231176176585402,0.2065102029653973
Low,Low,0.0006412357383154203,0.9314876867975509,0.06787107746413368
High,High,0.9901927384291865,8.397413198638481e-05,0.009723287438826955
High,High,0.9914767781963638,3.8712432821519474e-05,0.008484509370814712
High,Medium,0.33540023796782953,0.0075748570688212525,0.6570249049633491
Medium,Medium,0.31040663662183343,0.012877962957264079,0.6767154004209025
Low,Low,4.0970791514175826e-06,0.9985386602538414,0.0014572426670073485
High,High,0.9999297349492077,1.3379631807337544e-06,6.892708761141466e-05
High,High,0.9675052830764838,9.390819292209887e-05,0.032400808730594075
High,High,0.8239251762628297,0.002767207722736785,0.17330761601443354
High,High,0.9651432969096081,0.0001598810684348436,0.034696822021957
Medium,High,0.7529677826901197,0.0016990960519756685,0.24533312125790463
Medium,Medium,0.08921652553669941,0.05142513089720428,0.8593583435660963
Low,Medium,0.006507049605002666,0.4610056868443434,0.5324872635506539
Medium,Medium,0.10115464547658826,0.05750790059414466,0.8413374539292671
High,High,0.9997804008690436,1.7009234384344606e-06,0.00021789820751803423
High,High,0.9960043221678041,1.041159420557972e-05,0.003985266237990423
Medium,Medium,0.4716259533236487,0.008681599740627358,0.5196924469357239
High,High,0.6545585186367499,0.0028850464730004258,0.3425564348902496
High,High,0.9856064451489068,4.756868546095463e-05,0.014345986165632176
High,High,0.9991106128202033,8.625455021823119e-06,0.0008807617247748015
Low,Low,0.0015315449079509934,0.7956420641476508,0.2028263909443981
High,High,0.7647519310752172,0.0012002917216071098,0.23404777720317563
High,High,0.9935335629392743,2.719189543435828e-05,0.0064392451652913124
High,High,0.9999210804760017,4.2909599587393247e-07,7.849042800236283e-05
High,High,0.9980383541626733,8.18180491021235e-06,0.0019534640324165454
Low,Low,0.001380695576553549,0.7996562378227978,0.19896306660064864
Low,Medium,0.011607265245060684,0.3059612866698813,0.682431448085058
Medium,High,0.8506512505907442,0.0014699727654549624,0.14787877664380086
Medium,Medium,0.014049989861579182,0.1710607586400943,0.8148892514983265
Medium,Medium,0.01966155482790732,0.1137526331922727,0.8665858119798199
Medium,Medium,0.008239637140778053,0.46999370535384466,0.5217666575053773
Medium,Low,0.003193562586740451,0.5800016695451325,0.416804767868127
High,High,0.9896983548985975,2.3212597643551043e-05,0.01027843250375896
High,High,0.9985701407142624,3.6589375108636747e-06,0.0014262003482266776
High,High,0.9652894773141842,0.00032032965671202943,0.03439019302910383
Medium,High,0.7817694390348146,0.0030615076494505764,0.21516905331573485
High,High,0.5731119057670195,0.0036538517050080164,0.4232342425279724
High,High,0.989664873000474,5.5588512315273955e-05,0.010279538487210643
High,High,0.9983207319510716,1.1359388577358306e-05,0.0016679086603508058
High,High,0.9778549827356504,9.435113778120653e-05,0.022050666126568426
Medium,Medium,0.1471715406579351,0.03517390991800067,0.8176545494240641
High,High,0.9980198500849125,7.815628840020856e-06,0.001972334286247613
High,Medium,0.1377152609395146,0.01708555080932934,0.8451991882511559
Medium,Medium,0.11431432116798433,0.08284208018392215,0.8028435986480934
High,High,0.9978257375945758,6.964441564645445e-06,0.002167297963859568
High,High,0.9476568209483989,0.00030592215025096784,0.05203725690135025
Medium,Medium,0.12034824406100751,0.05051813388998892,0.8291336220490035
Medium,Medium,0.046439315429141814,0.10760202614531734,0.8459586584255409
Low,Low,0.005771949242766182,0.6492458968630573,0.3449821538941765
Low,Low,0.0003310311270904541,0.9588798031486726,0.040789165724237
High,High,0.7992922440148964,0.0015734154962296436,0.1991343404888739
Low,Low,0.007431120679683473,0.5951913530422329,0.39737752627808365
High,High,0.9837975116609207,0.00017333956487943652,0.016029148774199864
High,High,0.9996218073973315,3.64758117448261e-06,0.00037454502149406705
High,High,0.9996115000515294,3.1458076215165436e-06,0.0003853541408490354
High,High,0.9667200741250083,0.0002503662045680418,0.033029559670423626
High,High,0.9910965875676867,4.000400197051083e-05,0.008863408430342707
High,High,0.9977578666867736,7.120489495362725e-06,0.0022350128237311447
Low,Low,0.00032030552525837147,0.9710923806555322,0.02858731381920948
Medium,Medium,0.01453846273631976,0.17108608468297617,0.8143754525807041
Low,Medium,0.006006241814636564,0.438337809688791,0.5556559484965725
High,High,0.7448618798741414,0.002047399273626471,0.2530907208522322
High,High,0.9997030565428232,1.834762384103277e-06,0.00029510869479278557
High,High,0.9941705110842748,2.5172352622034073e-05,0.005804316563103231
High,High,0.9507925323181889,0.0004084194980541544,0.04879904818375689
High,High,0.9997424112016174,2.288025976054255e-06,0.0002553007724064501
Medium,Medium,0.02383006853699006,0.1137174411233706,0.8624524903396392
Medium,Low,0.0038188416376820234,0.5678169837954594,0.4283641745668585
Low,Low,7.893023249541302e-05,0.9723398109013803,0.027581258866124284
High,High,0.9827574011803873,0.00018223747892823236,0.01706036134068443
High,High,0.9993023510370427,7.238017259180734e-06,0.0006904109456980754
High,High,0.7288018724579736,0.0024421150244599526,0.2687560125175665
High,High,0.9935045519786144,3.125690037591168e-05,0.006464191121009738
High,High,0.8631194210450771,0.0012369965237145003,0.1356435824312084
High,Medium,0.4567455083642823,0.011540795336758529,0.5317136962989593
Low,Low,0.0001537536298775719,0.9518419436340763,0.048004302736046243
High,High,0.9993398556492703,3.6935215472287177e-06,0.0006564508291824124
Medium,Medium,0.09680710987407767,0.09637770212257793,0.8068151880033444
High,High,0.9990798775784738,6.834751918430559e-06,0.0009132876696077145
High,High,0.9983041173392978,1.0223289215847377e-05,0.001685659371486405
High,High,0.5498431169884578,0.0062553686866032455,0.4439015143249391
High,High,0.9992876367725072,6.949960676446052e-06,0.0007054132668162875
Low,Low,0.0017209711428545933,0.6476219579473793,0.350657070909766
High,High,0.9952013701001801,3.100751443925899e-05,0.004767622385380879
Low,Low,0.0022017150207908776,0.6088382920133246,0.38895999296588457
High,High,0.9243439460802567,0.0008447534399872336,0.0748113004797561
Low,Low,2.8715506575447492e-05,0.9971620481511815,0.0028092363422428735
High,Medium,0.4047578451431124,0.010670107425808512,0.5845720474310789
High,High,0.999459575438337,3.151194864875834e-06,0.0005372733667982446
Medium,High,0.7716268763102264,0.0018855491597269908,0.22648757453004661
High,High,0.9935774937734181,1.9928466423121307e-05,0.006402577760158623
High,High,0.9980169620771798,1.17115083429385e-05,0.0019713264144772123
Medium,Medium,0.02252900232298532,0.2494692576915157,0.728001739985499
High,High,0.859822650805763,0.00139282484315435,0.13878452435108266
Low,Low,0.004813444700485073,0.734158718945391,0.26102783635412397
Medium,Low,0.0003900652141449021,0.9092867866061746,0.09032314817968044
High,High,0.9958391526258742,2.6686472448500736e-05,0.004134160901677219
Low,Low,0.00017320371066180954,0.9493303059824937,0.05049649030684449
High,High,0.9966178846014027,1.7656312432162236e-05,0.003364459086165295
Medium,Medium,0.015391435868112157,0.31960815604598,0.6650004080859078
Medium,Medium,0.02284892147631615,0.20349475927621777,0.773656319247466
High,High,0.8323123531195763,0.001233987774050981,0.16645365910637275
High,High,0.9975574463833665,1.4621771180156215e-05,0.0024279318454531584
Medium,Medium,0.08352946726066413,0.07224740527705081,0.844223127462285
High,High,0.9845019380733574,3.514110997939171e-05,0.015462920816663258
High,High,0.9994919823461593,3.5207579038103324e-06,0.000504496895936981
Low,Medium,0.005162496517842794,0.43865956194978595,0.5561779415323713
High,High,0.9805327621487151,8.739204762401941e-05,0.019379845803661012
Medium,Medium,0.013571429311922619,0.22339078232679552,0.7630377883612818
High,High,0.9989340013359882,9.560354805760362e-06,0.001056438309206105
High,High,0.9997751088252547,2.4366553024332194e-06,0.0002224545194429547
High,High,0.885497958830217,0.0010566843066862396,0.11344535686309688
High,High,0.9945500183990652,2.32598127962496e-05,0.0054267217881386574
High,High,0.9767441476404732,0.0001957078929560693,0.02306014446657066
High,Medium,0.43198415753163605,0.004358023004207183,0.5636578194641568
Medium,Medium,0.35482286089948994,0.008327696202558778,0.6368494428979513
Medium,Medium,0.17962545749567452,0.008012137660981187,0.8123624048433443
High,High,0.999934548338844,5.693833932263447e-07,6.488227776268759e-05
High,High,0.9888359030696949,7.104995111700715e-05,0.011093046979188089
High,High,0.9987429528267819,1.7360305128898974e-05,0.0012396868680891063
Medium,High,0.8976526354138515,0.0006156726648775391,0.10173169192127099
Medium,Medium,0.14094717180160804,0.024779625663627545,0.8342732025347643
High,High,0.9933277759454369,4.655375835544761e-05,0.006625670296207769
High,High,0.9999450455002996,1.4881394716339914e-06,5.346636022889233e-05
Low,Low,0.00013769294635733592,0.9666578180656337,0.03320448898800892
Medium,Medium,0.08521403810372467,0.0379688218042887,0.8768171400919867
Medium,High,0.8855156188356416,0.000813175183985948,0.11367120598037234
Medium,Medium,0.008880786612835178,0.3960838218406583,0.5950353915465064
Low,Low,8.796616812150687e-06,0.9970015172685834,0.002989686114604285
Low,Medium,0.03380790103730009,0.10803607066985592,0.858156028292844
High,High,0.9873512941353156,0.00018422660592515733,0.012464479258759192
Medium,Medium,0.10965452690745693,0.051529659578937716,0.8388158135136053
High,High,0.9918351898410134,3.432603881562651e-05,0.008130484120171196
High,High,0.9851721559648424,4.499224547384747e-05,0.014782851789683568
Medium,High,0.7021529151570254,0.004398119558602176,0.2934489652843726
Medium,Medium,0.022118342778591992,0.2294416768964781,0.74843998032493
High,High,0.5044420053136831,0.004784919819121549,0.4907730748671954
High,High,0.8135959388097209,0.0014414985571959437,0.18496256263308314
Low,Low,6.912910299885376e-05,0.9871157922614198,0.012815078635581241
Low,Low,0.00022353251168793603,0.9343566499154254,0.06541981757288653
Medium,Medium,0.1505590679765686,0.09199405503251666,0.7574468769909147
High,High,0.9989740721389453,5.0840319336187775e-06,0.001020843829120957
Medium,High,0.9122479094721825,0.00036658430094525373,0.08738550622687241
High,Medium,0.35092887491642155,0.022349850020224774,0.6267212750633537
Medium,Medium,0.03107805756695272,0.2560272033711562,0.7128947390618912
Low,Low,0.000334546578813212,0.9338259692200616,0.06583948420112522
High,High,0.9366208664212784,0.00033168884884420295,0.06304744472987753
Medium,Medium,0.10775964427753926,0.09542893732433733,0.7968114183981234
Medium,Medium,0.014053409445196289,0.22478438512830945,0.7611622054264943
High,High,0.9678345294852576,0.00020366940886916798,0.031961801105873225
High,High,0.9978728066255658,2.5773056324532395e-05,0.0021014203181096446
Medium,Medium,0.056598708756323085,0.13116357050586944,0.8122377207378075
Medium,Medium,0.28958289152010924,0.015510003130184769,0.694907105349706
Medium,Medium,0.1851665782019125,0.016206055126253442,0.798627366671834
Medium,Medium,0.03266129940229664,0.09677012543776664,0.8705685751599366
Low,Low,1.8011795733259362e-05,0.9958283771781571,0.004153611026109781
High,High,0.8169250091639055,0.0010789834437314903,0.18199600739236296
Medium,Medium,0.02517093292552418,0.22704717811830652,0.7477818889561694
High,High,0.9803779692753224,7.123547450528499e-05,0.01955079525017229
High,High,0.7504178454333652,0.002034889307503956,0.24754726525913096
High,High,0.9996935848438697,1.0397471461177197e-06,0.00030537540898405955
High,High,0.9976973092993591,1.3001761179231912e-05,0.002289688939461704
High,Medium,0.12420984564829378,0.04926288165409784,0.8265272726976084
High,High,0.9981737401445534,1.7289926113817917e-05,0.001808969929332654
Low,Low,6.366327475822888e-05,0.9726660043910855,0.027270332334156308
Medium,Medium,0.011151905996610647,0.2966855379879789,0.6921625560154105
Medium,Medium,0.01013349944381032,0.18166813418475097,0.8081983663714387
High,High,0.999220969829538,7.190410055713763e-06,0.000771839760406288
High,High,0.7950819414839005,0.00400519457801964,0.20091286393807992
High,High,0.6240974112486622,0.0030303369349579203,0.37287225181637984
High,High,0.984526397296658,5.7504967392153414e-05,0.015416097735949862
High,High,0.99960079625035,3.1496590703645525e-06,0.0003960540905795795
High,Medium,0.4494411024713379,0.008048173436827715,0.5425107240918343
High,High,0.9997586253422308,1.5647424505455812e-06,0.0002398099153185366
High,High,0.9837012663314637,9.378282816517328e-05,0.01620495084037116
Low,Low,1.0025297305498947e-05,0.9983399985583278,0.0016499761443666975
High,High,0.9966914589059692,3.084813407251527e-05,0.0032776929599583077
High,High,0.7853217920785851,0.0015792714560836465,0.21309893646533126
High,High,0.981946749626973,0.00014243527621466998,0.017910815096812242
High,High,0.9968129928627462,4.0290584599044306e-05,0.003146716552654728
Medium,Medium,0.12323479871847352,0.056365611730536024,0.8203995895509906
High,High,0.9976031203904819,2.432954624425744e-05,0.002372550063273887
High,High,0.8836698826590909,0.00042171994958578477,0.11590839739132344
Low,Low,0.0006172659177608585,0.8448440099238779,0.1545387241583612
High,High,0.9986008927987484,1.6738055911284267e-05,0.0013823691453401746
High,Medium,0.08908931521818726,0.03328464337205738,0.8776260414097553
High,High,0.9919165723112321,1.6619887572443823e-05,0.00806680780119534
Medium,Medium,0.385861757429895,0.00915188150259449,0.6049863610675106
High,High,0.9993964470277245,4.347360734569723e-06,0.000599205611540991
Medium,Low,0.000240478316308086,0.9353177538481237,0.06444176783556832
High,High,0.6640231873573157,0.001903585676365549,0.33407322696631875
High,High,0.9934469999921708,1.9097544176147554e-05,0.006533902463653107
Medium,Medium,0.0193836823144768,0.0883643685751474,0.8922519491103759
High,High,0.9993591218008036,3.4245707856368947e-06,0.0006374536284109026
Medium,Medium,0.010163343562331497,0.2342307621635654,0.7556058942741032
Medium,Medium,0.012717820403288067,0.46235557170104197,0.5249266078956699
High,High,0.9876944168004624,4.9068974656404255e-05,0.012256514224881155
High,Medium,0.2784628880691682,0.008967819560512515,0.7125692923703193
High,High,0.7891799849706407,0.002622560559425902,0.20819745446993335
High,Medium,0.3773249331402852,0.010983531652923874,0.611691535206791
High,High,0.9950270820998071,4.8336976666953156e-05,0.00492458092352609
High,High,0.9806109959185871,9.88855802649812e-05,0.019290118501147726
High,High,0.9812079724391128,8.535020620532225e-05,0.018706677354681855
High,High,0.9951477116138925,1.5588526700276672e-05,0.004836699859407172
High,High,0.9964301224580342,3.9602946995371e-05,0.003530274594970511
Medium,Medium,0.028902760939828232,0.2881967995071598,0.6829004395530119
High,High,0.5472606297444506,0.0032912080336558146,0.4494481622218937
High,High,0.998355711966012,1.3442055432569323e-05,0.0016308459785553831
High,High,0.9135495282339051,0.0007287987221122089,0.0857216730439827
High,High,0.9999044918231618,7.706398868572898e-07,9.47375369512717e-05
Low,Low,1.4143814577407837e-05,0.9934935635060165,0.006492292679406098
Low,Low,0.010518523085665758,0.49693506059347115,0.49254641632086316
Medium,Medium,0.01715619203242286,0.24943363605124524,0.733410171916332
Low,Medium,0.22287835052425506,0.0199166490126172,0.7572050004631277
High,High,0.9132324560005982,0.0007285186789262856,0.08603902532047554
Medium,High,0.6731248681902029,0.003695850141235695,0.3231792816685614
High,High,0.9996634305488687,3.364291318005598e-06,0.00033320515981312014
Medium,Low,0.005334893670312027,0.5633651194387482,0.4312999868909397
High,High,0.9908343723103631,0.00012137105833867528,0.009044256631298334
Low,Low,0.0023869522312315117,0.678450089390967,0.3191629583778014
High,High,0.9911643392044202,6.271351220223886e-05,0.00877294728337765
High,Medium,0.08521403013219433,0.03595262034197361,0.878833349525832
Medium,High,0.9000135110882763,0.0008415612187438975,0.09914492769297974
Medium,Medium,0.007938645971520117,0.45413685123616093,0.5379245027923188
Medium,High,0.5004519939558316,0.008817380945820547,0.4907306250983478
Medium,Medium,0.3305399540846999,0.009806672786256979,0.6596533731290433
High,High,0.9991489350650694,5.836201914718112e-06,0.0008452287330159881
High,High,0.9661043857566253,0.00048594305310283053,0.03340967119027181
Low,Low,0.0009684411566008283,0.8850829090157717,0.11394864982762754
High,High,0.9977941645364325,2.4587790357035827e-05,0.0021812476732104183
High,High,0.9797097182807983,0.00011845780516298542,0.02017182391403865
Medium,Medium,0.3829659008546938,0.00825035510889843,0.6087837440364078
Medium,Low,0.0017916898371722976,0.7118757122028218,0.28633259796000604
High,High,0.9884493745492487,4.447460875766479e-05,0.011506150841993712
Medium,High,0.5769986581351747,0.006366912642264994,0.41663442922256033
Medium,Medium,0.04043333613774103,0.13296018676199164,0.8266064771002674
High,High,0.99860169342904,7.929584283173769e-06,0.0013903769866768787
Medium,Medium,0.022767357901060374,0.09602664709479868,0.881205995004141
High,High,0.9087844776341814,0.0003842187230515842,0.09083130364276722
High,High,0.9034070387781975,0.0007189459689454868,0.09587401525285703
High,High,0.9977524597514835,4.337492075161376e-06,0.0022432027564411746
High,High,0.849528727873246,0.0011059979947530753,0.149365274132001
Low,Low,7.552385861080614e-05,0.9735006856785103,0.026423790462878977
Medium,Medium,0.045708933126039464,0.11576226460286088,0.8385288022710996
High,High,0.9660055506616095,0.00020146179967721274,0.033792987538713314
High,High,0.9952898074979625,9.036944022989779e-06,0.004701155558014525
High,High,0.8651027634489294,0.0009332485547512442,0.13396398799631926
Medium,Low,0.000551723306728844,0.9005681011703814,0.09888017552288977
High,High,0.8843692268872129,0.0006500748736741241,0.11498069823911314
Low,Low,5.894871612143862e-06,0.9983213325472691,0.0016727725811185906
Medium,Medium,0.021923910446333548,0.24156093490133396,0.7365151546523325
High,Medium,0.08151873399756948,0.04105354362744442,0.8774277223749861
Low,Low,0.0024734659553265047,0.6751569618719331,0.3223695721727403
High,High,0.9958351270516902,1.0938791283250831e-05,0.00415393415702662
High,High,0.9974530527452856,1.5021923664926256e-05,0.0025319253310495658
Low,Low,9.569602501658731e-07,0.9998979340847177,0.00010110895503208226
High,High,0.9839094944913804,8.535091032111101e-05,0.016005154598298408
High,High,0.9954745552618135,5.5005700177970636e-05,0.00447043903800858
High,High,0.9992747355778219,3.7350909957478366e-06,0.0007215293311823986
High,High,0.8335760335395297,0.0012156514319936512,0.16520831502847677
High,High,0.9975472625245013,1.5080805613317518e-05,0.0024376566698855566
Low,Low,0.007993817307534696,0.5846281599413764,0.40737802275108886
Medium,Medium,0.0462058400175512,0.03360212975868883,0.92019203022376
High,High,0.9999265900736014,7.466961689242602e-07,7.266323022963476e-05
High,High,0.9959177246457914,2.307971549554738e-05,0.004059195638712886
High,High,0.9936546654656027,7.82085792168845e-05,0.0062671259551804
High,High,0.9990666305531739,1.7819175493270638e-06,0.0009315875292768323
Medium,Medium,0.01787977684341628,0.0725128924504627,0.9096073307061209
High,Medium,0.40226335222399884,0.01349997193602086,0.5842366758399804
High,High,0.9990400686192782,4.835639035597439e-06,0.0009550957416861352
Medium,High,0.7321353963606538,0.0034779719613165514,0.26438663167802967
High,High,0.9985120641781239,2.5974940416080822e-05,0.0014619608814600816
High,High,0.9996315494262542,3.221618560596881e-06,0.00036522895518498633
High,High,0.9946575532833583,1.6336976187076873e-05,0.005326109740454622
High,High,0.9741490200150991,0.00010343925838748226,0.025747540726513477
High,High,0.9987318431001904,7.779680818308755e-06,0.0012603772189911581
Low,Low,0.0003502962438950984,0.8728994227262586,0.12675028102984617
Medium,Medium,0.11178147180743404,0.04322788296270892,0.844990645229857
Low,Medium,0.060047531221409746,0.19182901187287887,0.7481234569057115
Medium,Low,0.0007043609144768316,0.8501194102422467,0.14917622884327647
High,High,0.7169884894376429,0.0037744985721030913,0.27923701199025397
High,High,0.9698289864332036,9.572928611061857e-05,0.030075284280685823
High,High,0.9965020835724208,1.227926613508873e-05,0.0034856371614441343
Medium,Medium,0.0322572454820097,0.14876013926287995,0.8189826152551102
High,High,0.9991978465475421,2.76461890418251e-06,0.0007993888335537198
Medium,Medium,0.009745490218106901,0.2905561266996036,0.6996983830822895
High,High,0.9999171490881672,6.829933490349365e-07,8.21679184837828e-05
High,High,0.938494736302339,0.0009565379792714813,0.060548725718389575
High,Medium,0.3615016485737576,0.009758523175176179,0.6287398282510663
High,High,0.999736601479292,3.2815039110830047e-06,0.0002601170167968632
High,High,0.8867650590734463,0.0009452675928043734,0.1122896733337492
High,High,0.9842712246006908,0.00016552588417255044,0.015563249515136391
High,High,0.9850045245167198,0.00013733509705627752,0.014858140386223892
High,High,0.9856928630725356,3.822731029586324e-05,0.014268909617168533
Low,Low,0.0007745022385556035,0.83352969536261,0.16569580239883425
High,High,0.9912440808917166,5.4721941574474314e-05,0.008701197166708852
High,High,0.9893664137177072,3.675216327065546e-05,0.010596834119022127
High,High,0.9996288522889345,1.6120784749616507e-06,0.0003695356325904901
High,High,0.9864585253520478,5.274496869509462e-05,0.013488729679257034
High,Medium,0.4748177322058657,0.007306932229414781,0.5178753355647195
High,High,0.9698353714758562,0.00011275924689765257,0.030051869277246113
Low,Low,0.0002461161479998081,0.9336236658494437,0.06613021800255647
Low,Low,0.0001549106818087254,0.9499137863413233,0.04993130297686804
Low,Medium,0.006514359840195146,0.40813860267718416,0.5853470374826207
Medium,Medium,0.35790297124736986,0.008276540581522558,0.6338204881711075
Low,Low,0.0006135103839663797,0.9240966235082774,0.07528986610775625
High,High,0.8002133846348873,0.0016012849406068102,0.19818533042450587
High,High,0.9996487703750617,3.6771807052846436e-06,0.00034755244423315574
High,High,0.9994702049734652,2.851817239280392e-06,0.0005269432092957129
High,High,0.9847826404756522,9.473081821949167e-05,0.015122628706128242
Medium,Medium,0.007275707347317692,0.4520092260295266,0.5407150666231557
High,High,0.9784856399511891,0.0001262514785279995,0.021388108570283008
High,High,0.9291768906061406,0.0003467165647432873,0.07047639282911602
High,High,0.9996436908340347,2.6665770131083727e-06,0.00035364258895214984
Low,Low,0.0008404283154468063,0.8758117108239695,0.12334786086058368
Low,Medium,0.031875609962227214,0.15711476232314311,0.8110096277146297
High,High,0.5816620447484243,0.006254848110443405,0.4120831071411322
High,High,0.9701077848844453,0.00020909619716662423,0.02968311891838814
High,High,0.7608336797792582,0.0020879586984479726,0.23707836152229392
High,High,0.9990828926088635,4.735871480846671e-06,0.0009123715196554443
High,High,0.9982539645300939,1.4116061229413685e-05,0.0017319194086766918
Medium,Medium,0.05800795913829437,0.06318394329559174,0.8788080975661138
High,High,0.9993702344951301,3.4328112909267206e-06,0.0006263326935788055
Medium,Medium,0.18643258798851076,0.020296586715142093,0.7932708252963472
Medium,Medium,0.019229468992725703,0.1987959440136079,0.7819745869936663
Medium,Medium,0.019022716952756064,0.19427011688704493,0.786707166160199
Low,Low,0.0005688807347794964,0.8684076098488357,0.1310235094163849
High,High,0.8581701264094975,0.0017859488370244297,0.14004392475347807
High,High,0.9985940640680288,2.3269306343497092e-05,0.0013826666256278718
Low,Low,0.00016801503934194136,0.9808050789415972,0.01902690601906071
High,High,0.9949801701601787,9.579203353096089e-06,0.005010250636468095
Medium,High,0.966520079195778,0.00021080283701444309,0.03326911796720748
High,High,0.7754666363815318,0.0033172787509552727,0.22121608486751299
High,High,0.870282157314451,0.0008900275177534865,0.12882781516779565
Low,Low,0.00015863180606263686,0.9799302858339678,0.019911082359969523
High,High,0.9753887772839398,7.541203025631414e-05,0.024535810685803884
Low,Low,4.169836859838003e-06,0.9984505004890933,0.0015453296740466896
High,High,0.9729349899216784,9.459752040821566e-05,0.026970412557913506
High,High,0.8607350566200185,0.0007133851872769985,0.13855155819270462
Medium,High,0.5278115870057054,0.007899402245744926,0.4642890107485497
High,High,0.9313083467645669,0.000752935541850583,0.06793871769358248
Medium,Medium,0.055490128702092675,0.11014892228762425,0.8343609490102831
Medium,Medium,0.008016187113629974,0.39492242696573976,0.5970613859206303
High,High,0.9778125015521278,9.349161556717115e-05,0.022094006832304884
High,High,0.9991137321995686,2.7930847472510883e-06,0.0008834747156839447
Medium,Medium,0.2825285313731653,0.012606678749798341,0.7048647898770364
Low,Low,0.0004834612030464285,0.9181335254226402,0.08138301337431357
Low,Medium,0.01441155086503662,0.08226238379780522,0.9033260653371582
High,High,0.9970672275237423,1.3636516459013432e-05,0.0029191359597986926
Low,Low,0.001195641662827264,0.8662446456112483,0.1325597127259245
High,High,0.9983954508770098,9.904007275794049e-06,0.0015946451157145061
High,High,0.9936644849233065,3.453845126474263e-05,0.00630097662542875
High,High,0.9186848536634715,0.000255593440541898,0.08105955289598667
Low,Medium,0.020601858196405105,0.2877932618576004,0.6916048799459945
Low,Low,0.0004416853408957464,0.8912780355505765,0.1082802791085276
High,High,0.9998832980133712,5.123376619527596e-07,0.00011618964896679027
Low,Medium,0.009171723987116626,0.24177758456463735,0.7490506914482461
High,High,0.9991945312291831,1.747968224378298e-06,0.0008037208025922995
Medium,Medium,0.033007170605444225,0.1838587871215626,0.7831340422729931
High,High,0.9997566342588512,2.3013671256681656e-06,0.00024106437402322367
High,Medium,0.14044660997207428,0.02066425099981117,0.8388891390281145
High,High,0.9942481045744144,3.306220462958023e-05,0.0057188332209562424
Medium,Low,0.01141788646822293,0.5164519381298306,0.4721301754019465
Low,Medium,0.16378251241936798,0.029010708472753964,0.8072067791078781
Low,Low,0.0035365019465695906,0.6139868334146094,0.38247666463882113
High,High,0.9889060455397756,3.953685134466499e-05,0.011054417608879546
Low,Low,0.00043453692206797396,0.8931861437746124,0.10637931930331981
Medium,Low,0.003658205780726829,0.556889440563344,0.4394523536559292
High,High,0.9973264444369948,1.8955574408397285e-05,0.0026545999885969605
High,High,0.9964840273972778,1.0160788580546917e-05,0.003505811814141484
Low,Low,0.0038289077960979097,0.7867845781604476,0.20938651404345443
Medium,Medium,0.3343489994731915,0.012910254041783703,0.6527407464850247
High,High,0.9956821280638977,3.3872350198057134e-05,0.004283999585904144
High,High,0.8484044075949292,0.00127076009948028,0.15032483230559057
Medium,Medium,0.02251973014419178,0.29521531476303414,0.6822649550927742
High,High,0.9999407038240898,4.7512393937772384e-07,5.882105197083224e-05
High,High,0.9995719035835309,3.1540597814536638e-06,0.0004249423566876434
High,High,0.8596169695513772,0.002002531377797381,0.13838049907082545
Medium,Medium,0.23965378324933825,0.007712802425518237,0.7526334143251435
High,High,0.9990576321522258,7.066566146728055e-06,0.0009353012816274985
High,Medium,0.28740575417620723,0.033512056669274475,0.6790821891545183
High,High,0.9927554548685198,1.4484036761280484e-05,0.00723006109471878
High,High,0.9924717217143061,3.174042912058921e-05,0.007496537856573345
High,High,0.9571980149308887,0.00016719483759623153,0.04263479023151514
High,High,0.970896533378034,0.00020094652690523488,0.02890252009506063
Medium,Medium,0.10932212883234692,0.06295741131347807,0.827720459854175
High,High,0.9941988912611894,3.358817375017004e-05,0.005767520565060381
High,High,0.9626202102025871,0.00037821277287053195,0.037001577024542265
High,High,0.9997103001618922,9.560905304239283e-07,0.0002887437475772183
High,High,0.9986146770716217,1.3796324851384143e-05,0.0013715266035268263
High,High,0.998845866435933,3.470966692098387e-06,0.0011506625973750286
High,Medium,0.09654859356372764,0.08717383393761939,0.816277572498653
High,High,0.9985947280350685,9.935879420283896e-06,0.0013953360855112188
High,High,0.9933563452425057,4.288033667971612e-05,0.006600774420814506
Medium,Medium,0.2127246113767823,0.013348242879002103,0.7739271457442155
High,High,0.9825567544320717,7.971904087803411e-05,0.017363526527050064
High,Medium,0.11558653702664076,0.0731288105650434,0.8112846524083158
High,High,0.5945868994303988,0.00559459491159913,0.3998185056580021
Medium,Medium,0.16960995890042846,0.018108051419865805,0.8122819896797057
High,High,0.9913080198465669,7.167401623198512e-05,0.008620306137201172
Low,Low,0.00035978563857289356,0.966037009826146,0.03360320453528115
Medium,Medium,0.05472053707565658,0.1347600788028482,0.8105193841214953
High,High,0.9598380727017047,0.00010406136020650238,0.040057865938088896
High,High,0.8174867453691164,0.0009445702001640565,0.18156868443071955
High,High,0.9251589348851637,0.00043637190475527896,0.074404693210081
Low,Medium,0.010593276388095905,0.38937489255361185,0.6000318310582922
Low,Low,4.0111718454021254e-05,0.9845077284914707,0.015452159790075434
High,Medium,0.3582849549769858,0.013704777619262008,0.6280102674037522
High,Medium,0.36738422655954217,0.016807131524076344,0.6158086419163815
High,High,0.9940760486866741,4.102565660295032e-05,0.005882925656722758
High,High,0.9967556012906237,7.2166773089708956e-06,0.003237182032067424
Medium,Medium,0.44947041303504887,0.012747279745893972,0.5377823072190572
Low,Low,5.7232790258025e-05,0.9905174827830796,0.009425284426662297
High,High,0.9907489806021473,7.3647426101525e-05,0.009177371971751102
High,High,0.9831082067760507,0.00017256161147161073,0.01671923161247756
Low,Medium,0.007789573358685892,0.4332525873785651,0.5589578392627489
Medium,High,0.5984287683066423,0.0048173645099564245,0.3967538671834012
High,High,0.9999609713289888,9.664527479058289e-07,3.8062218263404274e-05
High,Medium,0.2894951674469721,0.012374338189260084,0.6981304943637678
High,High,0.9988725732101151,5.869946852930563e-06,0.0011215568430319597
Medium,Medium,0.041274036448371625,0.09904712735159751,0.8596788362000309
Low,Low,1.0546268606005184e-05,0.9979902622213798,0.0019991915100141208
Medium,High,0.5750566637745995,0.004375664036279479,0.42056767218912106
Low,Low,0.004420084832793201,0.7407388431713997,0.2548410719958071
High,High,0.9961973084340767,4.5259008027309864e-05,0.003757432557895993
High,Medium,0.41280584471884935,0.005543786868074951,0.5816503684130757
High,High,0.9958830655947732,4.634496157455458e-05,0.004070589443652149
High,High,0.9903552701155951,5.618138150078168e-05,0.009588548502904132
Medium,Medium,0.16954597165307794,0.02134465760089887,0.8091093707460232
High,High,0.9847549126773496,8.492058629231985e-05,0.01516016673635819
Medium,Medium,0.07133344062978914,0.09175616603497767,0.8369103933352333
High,High,0.9846396792013344,0.00018339499137570234,0.01517692580728976
